{"publisher": "BMJV", "tatbestand": "", "absaetze": [{"num": "1", "textProcessed": ["landgericht", "angeklagt", "versucht", "sexuell", "notig", "freiheitsstraf", "jahr", "verurteilt", "vollstreck", "bewahr", "ausgesetzt", "word", "vorwurf", "weit", "versucht", "vergewalt", "angeklagt", "tatsach", "grund", "freigesproch", "ungun", "angeklagt", "eingelegt", "sachrug", "gestutzt", "revision", "soweit", "schuldspruch", "richtet", "generalbundesanwalt", "vertret", "greift", "staatsanwaltschaft", "freispruch", "rugt", "schuldspruch", "dass", "strafkamm", "voraussetz", "qualifikationstatbestand", "abs", "nr", "stgb", "abs", "nr", "stgb", "verneint", "angeklagt", "tateinheit", "begang", "gefahr", "korperverletz", "gemass", "abs", "nr", "stgb", "verurteilt", "angeklagt", "wendet", "verletz", "materiell", "recht", "geltend", "machend", "rechtsmittel", "verurteil"], "text": "Das Landgericht hat den Angeklagten wegen versuchter sexueller N\u00f6tigung zu der Freiheitsstrafe von einem Jahr verurteilt, deren Vollstreckung zur Bew\u00e4hrung ausgesetzt worden ist. Vom Vorwurf einer weiteren versuchten Vergewaltigung hat es den Angeklagten aus tats\u00e4chlichen Gr\u00fcnden freigesprochen. Mit ihrer zu Ungunsten des Angeklagten eingelegten, auf die Sachr\u00fcge gest\u00fctzten Revision, die, soweit sie sich gegen den Schuldspruch richtet, vom Generalbundesanwalt vertreten wird, greift die Staatsanwaltschaft den Freispruch an und r\u00fcgt zum Schuldspruch, dass die Strafkammer die Voraussetzungen der Qualifikationstatbest\u00e4nde des \u00a7 177 Abs. 3 Nr. 2 StGB und \u00a7 177 Abs. 4 Nr. 1 StGB verneint und den Angeklagten nicht auch wegen tateinheitlich begangener gef\u00e4hrlicher K\u00f6rperverletzung gem\u00e4\u00df \u00a7 224 Abs. 1 Nr. 2 StGB verurteilt hat. Der Angeklagte wendet sich mit seinem die Verletzung materiellen Rechts geltend machenden Rechtsmittel gegen die Verurteilung."}, {"num": "2", "textProcessed": ["revision", "angeklagt", "voll", "umfang", "erfolg", "rechtsmittel", "staatsanwaltschaft", "insoweit", "begrundet", "verurteil", "grund", "liegend", "rechtlich", "wurdig", "landgericht", "richtet"], "text": "W\u00e4hrend die Revision des Angeklagten in vollem Umfang Erfolg hat, ist das Rechtsmittel der Staatsanwaltschaft nur insoweit begr\u00fcndet, als es sich gegen die der Verurteilung zu Grunde liegende rechtliche W\u00fcrdigung des Landgerichts richtet."}, {"num": "3", "textProcessed": ["schuldspruch", "getroff", "feststell", "sucht", "geschadigt", "sozialarbeiterin", "praktisch", "betreu", "epilept", "krampfanfall", "leidend", "leicht", "intelligenzminder", "aufweis", "angeklagt", "organisation", "alltag", "zustand", "april", "uhr", "angeklagt", "wohnung", "fruh", "besuch", "zumeist", "betreut", "begleitet", "word", "kam", "geschadigt", "allein", "wohnung", "angeklagt", "erwartet", "freundlich", "begrusst", "wurd", "verlauf", "anschliess", "gesprach", "stand", "angeklagt", "platz", "eckcouch", "geschadigt", "gegenub", "gesess", "griff", "flasch", "selt", "sitzplatz", "geschadigt", "stand", "trank", "schluck", "flasch", "geschadigt", "vorn", "beugt", "tasch", "such"], "text": "1. Nach den zum Schuldspruch getroffenen Feststellungen suchte die Gesch\u00e4digte, die als Sozialarbeiterin f\u00fcr die praktische Betreuung des - unter epileptischen Krampfanf\u00e4llen leidenden und eine leichte Intelligenzminderung aufweisenden - Angeklagten bei der Organisation seines Alltags zust\u00e4ndig war, am 23. April 2009 gegen 14.00 Uhr den Angeklagten in seiner Wohnung auf. Anders als bei fr\u00fcheren Besuchen, bei denen sie zumeist von einem anderen Betreuten begleitet worden war, kam die Gesch\u00e4digte allein in die Wohnung, wo sie vom Angeklagten erwartet und freundlich begr\u00fc\u00dft wurde. Im Verlaufe des sich anschlie\u00dfenden Gespr\u00e4chs stand der Angeklagte von seinem Platz auf der Eckcouch, auf der er der Gesch\u00e4digten gegen\u00fcber gesessen hatte, auf, griff nach einer Flasche Selters, die hinter dem Sitzplatz der Gesch\u00e4digten stand, und trank einen Schluck aus der Flasche, w\u00e4hrend die Gesch\u00e4digte sich nach vorne beugte, um etwas in ihrer Tasche zu suchen."}, {"num": "4", "textProcessed": ["spatest", "zeitpunkt", "fasst", "angeklagt", "plan", "anwes", "geschadigt", "sexuell", "erlebnis", "nutz", "wobei", "moglich", "widerstand", "vornherein", "unterbind", "zwing", "nah", "definiert", "sexuell", "wunsch", "fug", "hierzu", "langt", "ebenfall", "sitzplatz", "geschadigt", "stehend", "flasch", "haushaltsrein", "haut", "augenkontakt", "reizung", "entzund", "fuhr", "ubrig", "umwelt", "gesundheitsschad", "eingestuft", "seitlich", "geschadigt", "stehend", "gab", "angeklagt", "vorwarn", "spruhstoss", "reinigungsmittel", "spruhflasch", "richtung", "gesicht", "augenparti", "geschadigt", "ab", "weis", "vorubergeh", "blend", "moglich", "nehm", "wirksam", "beabsichtigt", "zugriff", "wehr", "setz", "tatsach", "traf", "spruhstoss", "recht", "gesichtshalft", "recht", "aug", "geschadigt", "weit", "beeintracht", "dadurch", "entgeh", "konnt", "dass", "gesicht", "reflexart", "seit", "dreht", "vollig", "uberrascht", "geschadigt", "verspurt", "brenn", "recht", "aug", "erschrak", "heftig", "angeklagt", "liess", "flasch", "fall", "griff", "hint", "geschadigt", "herum", "mund", "nas", "zuzuhalt", "beid", "arm", "druckt", "zud", "vorn", "gebeugt", "oberkorp", "zuruck", "sitz", "fordert", "wiederholt", "ruhig", "bleib", "geschadigt", "anschein", "erweckt", "wehr", "hielt", "angeklagt", "zeit", "gekomm", "richtung", "wand", "befind", "bett", "zieh", "fordert", "aufzusteh", "mitzukomm", "geschadigt", "bemerkt", "dass", "angeklagt", "wohnung", "werf", "richtung", "bett", "zerrt", "begann", "wehr", "angeklagt", "druck", "angeklagt", "fordert", "still", "druckt", "zuruck", "ruckenlehn", "couchgarnitur", "versucht", "widerstand", "unterbind", "insbesond", "schreien", "hind", "mund", "stuck", "stoff", "verstopf", "gegenwehr", "geschadigt", "scheitert", "weit", "verlauf", "auseinandersetz", "gelang", "geschadigt", "schliesslich", "trotz", "bemuh", "angeklagt", "bemacht", "wohnungstur", "offn", "mehrmal", "laut", "hilf", "ruf", "angeklagt", "erwartet", "dass", "hilferuf", "gehort", "beachtet", "sah", "plan", "oberhand", "geschadigt", "gewinn", "sexuell", "handlung", "notig", "gescheitert", "liess", "nunmehr", "geschadigt", "ab", "daraufhin", "wohnung", "verliess"], "text": "Sp\u00e4testens zu diesem Zeitpunkt fasste der Angeklagte den Plan, die Anwesenheit der Gesch\u00e4digten f\u00fcr ein sexuelles Erlebnis zu nutzen, wobei er ihren m\u00f6glichen Widerstand von vornherein unterbinden und sie zwingen wollte, sich seinen noch nicht n\u00e4her definierten sexuellen W\u00fcnschen zu f\u00fcgen. Hierzu langte er zu einer ebenfalls hinter dem Sitzplatz der Gesch\u00e4digten stehenden Flasche eines Haushaltsreinigers, der bei Haut- oder Augenkontakt zu Reizungen oder Entz\u00fcndungen f\u00fchren kann, im \u00dcbrigen aber nicht als umwelt- oder gesundheitssch\u00e4dlich eingestuft ist. Seitlich hinter der Gesch\u00e4digten stehend gab der Angeklagte ohne Vorwarnung einen Spr\u00fchsto\u00df des Reinigungsmittels aus der Spr\u00fchflasche in Richtung der Gesichts- und Augenpartie der Gesch\u00e4digten ab, um sie auf diese Weise vor\u00fcbergehend zu blenden und ihr die M\u00f6glichkeit zu nehmen, sich wirksam gegen seinen beabsichtigten Zugriff zur Wehr zu setzen. Tats\u00e4chlich traf der Spr\u00fchsto\u00df die rechte Gesichtsh\u00e4lfte und das rechte Auge der Gesch\u00e4digten, die einer weiteren Beeintr\u00e4chtigung dadurch entgehen konnte, dass sie ihr Gesicht reflexartig zur Seite drehte. Die v\u00f6llig \u00fcberraschte Gesch\u00e4digte versp\u00fcrte ein Brennen im rechten Auge und erschrak heftig. Der Angeklagte lie\u00df die Flasche fallen und griff von hinten um die Gesch\u00e4digte herum, um ihr Mund und Nase zuzuhalten. Mit beiden Armen dr\u00fcckte er zudem ihren nach vorne gebeugten Oberk\u00f6rper zur\u00fcck in den Sitz und forderte sie wiederholt auf, ruhig zu bleiben. Als die Gesch\u00e4digte den Anschein erweckte, sich nicht wehren zu wollen, hielt der Angeklagte die Zeit f\u00fcr gekommen, sie in Richtung des an der anderen Wand befindlichen Bettes zu ziehen. Er forderte sie auf, aufzustehen und mitzukommen. Als die Gesch\u00e4digte bemerkte, dass der Angeklagte sie nicht aus der Wohnung werfen wollte, sondern sie in Richtung seines Bettes zerrte, begann sie sich zu wehren und den Angeklagten von sich zu dr\u00fccken. Der Angeklagte forderte sie auf, still zu sein, dr\u00fcckte sie zur\u00fcck gegen die R\u00fcckenlehne der Couchgarnitur und versuchte, um ihren Widerstand zu unterbinden und sie insbesondere am Schreien zu hindern, ihren Mund mit einem St\u00fcck Stoff zu verstopfen, was an der Gegenwehr der Gesch\u00e4digten scheiterte. Im weiteren Verlauf der Auseinandersetzung gelang es der Gesch\u00e4digten schlie\u00dflich trotz der Bem\u00fchungen des Angeklagten, sich ihrer zu bem\u00e4chtigen, die Wohnungst\u00fcr zu \u00f6ffnen und mehrmals laut um Hilfe zu rufen. Der Angeklagte, der erwartete, dass die Hilferufe geh\u00f6rt und beachtet w\u00fcrden, sah seinen Plan, doch noch die Oberhand \u00fcber die Gesch\u00e4digte zu gewinnen und sie zu sexuellen Handlungen n\u00f6tigen zu k\u00f6nnen, als gescheitert an. Er lie\u00df nunmehr von der Gesch\u00e4digten ab, die daraufhin die Wohnung verlie\u00df."}, {"num": "5", "textProcessed": ["geschadigt", "erlitt", "hamatom", "oberarm", "prellung", "lendenwirbel", "vorubergeh", "reizung", "recht", "aug", "beeintracht", "sehkraft", "tat", "rief", "angeklagt", "spontan", "notrufnumm", "polizei", "teilt", "diensthab", "polizeibeamt", "dass", "soeb", "frau", "uberfall"], "text": "Die Gesch\u00e4digte erlitt H\u00e4matome an den Oberarmen, eine Prellung am Lendenwirbel und eine vor\u00fcbergehende Reizung des rechten Auges ohne Beeintr\u00e4chtigung der Sehkraft. Nach der Tat rief der Angeklagte spontan die Notrufnummer der Polizei an und teilte dem diensthabenden Polizeibeamten mit, dass er soeben \"eine Frau \u00fcberfallen\" habe."}, {"num": "6", "textProcessed": ["anklag", "staatsanwaltschaft", "magdeburg", "januar", "angeklagt", "weit", "last", "gelegt", "word", "marz", "versucht", "bekannt", "wohnung", "kaffeetrink", "aufgehalt", "gewaltsam", "geschlechtsverkehr", "zwing", "ausfuhr", "tatplan", "geschadigt", "begeb", "festgehalt", "geschadigt", "sei", "jedoch", "gelung", "wehr", "angeklagt", "wohnung", "werf", "anklagevorwurf", "strafkamm", "uberzeug", "vermocht", "geschadigt", "zeugin", "hauptverhandl", "polizei", "vernehm", "voneinand", "abweich", "angab", "geschehensablauf", "gemacht"], "text": "2. In der Anklage der Staatsanwaltschaft Magdeburg vom 28. Januar 2010 ist dem Angeklagten des Weiteren zur Last gelegt worden, am 27. M\u00e4rz 2008 versucht zu haben, eine Bekannte, in deren Wohnung er sich zum Kaffeetrinken aufgehalten habe, gewaltsam zum Geschlechtsverkehr zu zwingen, indem er sich in Ausf\u00fchrung seines Tatplans hinter die Gesch\u00e4digte begeben und sie festgehalten habe. Der Gesch\u00e4digten sei es jedoch gelungen, sich zu wehren und den Angeklagten aus der Wohnung zu werfen. Von diesem Anklagevorwurf hat sich die Strafkammer nicht zu \u00fcberzeugen vermocht, weil die Gesch\u00e4digte als Zeugin in der Hauptverhandlung und in ihrer polizeilichen Vernehmung voneinander abweichende Angaben zum Geschehensablauf gemacht hat."}, {"num": "7", "textProcessed": ["revision", "angeklagt"], "text": "\nRevision des Angeklagten\n"}, {"num": "8", "textProcessed": ["revision", "angeklagt", "fuhrt", "aufheb", "verurteil", "schuldspruch", "versucht", "sexuell", "notig", "halt", "rechtlich", "prufung", "stand", "feststell", "subjektiv", "tatseit", "tragfah", "begrundet"], "text": "Die Revision des Angeklagten f\u00fchrt zur Aufhebung der Verurteilung. Der Schuldspruch wegen versuchter sexueller N\u00f6tigung h\u00e4lt einer rechtlichen Pr\u00fcfung nicht stand, weil die Feststellungen zur subjektiven Tatseite nicht tragf\u00e4hig begr\u00fcndet sind."}, {"num": "9", "textProcessed": ["richt", "uberzeug", "erford", "person", "gewiss", "richt", "setzt", "objektiv", "grundlag", "voraus", "rational", "grund", "schluss", "erlaub", "dass", "festgestellt", "gescheh", "wirklich", "ubereinstimmt", "nachpruf", "revisionsgericht", "zugang", "deshalb", "urteilsgrund", "erkenn", "lass", "dass", "beweiswurd", "tragfah", "verstandesmass", "einsehbar", "tatsachengrundlag", "beruht", "gericht", "gezog", "schlussfolger", "etwa", "annahm", "bloss", "vermut", "erweist", "letztlich", "mehr", "verdacht", "begrund", "vermag", "bgh", "beschluss", "juni", "str", "nstz", "april", "str", "bghr", "stpo", "identifizier", "novemb", "str", "bghr", "stpo", "uberzeugungsbild", "vgl", "bverfg", "njw"], "text": "Die zur richterlichen \u00dcberzeugung erforderliche pers\u00f6nliche Gewissheit des Richters setzt objektive Grundlagen voraus, die aus rationalen Gr\u00fcnden den Schluss erlauben, dass das festgestellte Geschehen mit der Wirklichkeit \u00fcbereinstimmt. Das ist der Nachpr\u00fcfung durch das Revisionsgericht zug\u00e4nglich. Deshalb m\u00fcssen die Urteilsgr\u00fcnde erkennen lassen, dass die Beweisw\u00fcrdigung auf einer tragf\u00e4higen, verstandesm\u00e4\u00dfig einsehbaren Tatsachengrundlage beruht und die vom Gericht gezogene Schlussfolgerung nicht etwa nur eine Annahme ist oder sich als blo\u00dfe Vermutung erweist, die letztlich nicht mehr als einen Verdacht zu begr\u00fcnden vermag (BGH, Beschluss vom 24. Juni 1982 - 4 StR 183/82, NStZ 1982, 478; vom 6. April 1990 - 2 StR 627/89, BGHR StPO \u00a7 261 Identifizierung 6; vom 8. November 1996 - 2 StR 534/96, BGHR StPO \u00a7 261 \u00dcberzeugungsbildung 26; vgl. auch BVerfG, NJW 2008, 3346, 3347 f.)."}, {"num": "10", "textProcessed": ["anforder", "ausfuhr", "angefocht", "urteil", "subjektiv", "tatseit", "gerecht", "feststell", "erzwing", "sexuell", "handlung", "gerichtet", "notigungsvorsatz", "angeklagt", "stutzt", "strafkamm", "darauf", "dass", "geschadigt", "bekund", "hauptverhandl", "grund", "bemuh", "angeklagt", "richtung", "bett", "zerr", "sexuell", "motiv", "angenomm", "einzig", "moglich", "beweggrund", "angeklagt", "erachtet", "verweist", "landgericht", "telefonat", "polizei", "gemacht", "ausser", "angeklagt", "frau", "uberfall", "angeklagt", "sexuell", "absicht", "eingeraumt", "beid", "gesichtspunkt", "tragfah", "subjektiv", "eindruck", "tatopf", "grund", "vorgehensweis", "tat", "beweggrund", "gewonn", "beantwort", "frag", "tatsach", "handlungsleit", "motiv", "tat", "allenfall", "erganz", "genomm", "kaum", "aussagekraft", "beweisanzeich", "herangezog", "vermog", "eigenstand", "wurdig", "objektiv", "geschehensablauf", "tatricht", "ersetz", "bewert", "landgericht", "vorgenomm", "ausser", "angeklagt", "tat", "polizei", "gefuhrt", "telefonat", "ledig", "entnehm", "dass", "angeklagt", "frau", "uberrasch", "nah", "konkretisiert", "weis", "angegriff", "darub", "hinausgeh", "aussagegehalt", "kommt", "bemerk", "insbesond", "bleibt", "gerad", "off", "subjektiv", "zielricht", "angriff", "grund", "lag", "entgeg", "auffass", "landgericht", "dah", "ausser", "angeklagt", "frau", "uberfall", "bestimmt", "tatmotivation", "angeklagt", "geschloss"], "text": "Diesen Anforderungen werden die Ausf\u00fchrungen im angefochtenen Urteil zur subjektiven Tatseite nicht gerecht. Ihre Feststellungen zu einem auf die Erzwingung sexueller Handlungen gerichteten N\u00f6tigungsvorsatzes des Angeklagten st\u00fctzt die Strafkammer zum einen darauf, dass die Gesch\u00e4digte nach ihren Bekundungen in der Hauptverhandlung auf Grund der Bem\u00fchungen des Angeklagten, sie in Richtung des Bettes zu zerren, ein sexuelles Motiv angenommen und dieses als einzig m\u00f6glichen Beweggrund des Angeklagten erachtet habe. Zum anderen verweist das Landgericht auf die in dem Telefonat mit der Polizei gemachte \u00c4u\u00dferung des Angeklagten, \"eine Frau \u00fcberfallen\" zu haben, mit welcher der Angeklagte eine sexuelle Absicht einger\u00e4umt habe. Beide Gesichtspunkte sind nicht tragf\u00e4hig. Die subjektiven Eindr\u00fccke, die ein Tatopfer auf Grund der Vorgehensweise des T\u00e4ters von dessen Beweggr\u00fcnden gewonnen hat, k\u00f6nnen f\u00fcr die Beantwortung der Frage nach den tats\u00e4chlichen handlungsleitenden Motiven des T\u00e4ters allenfalls als erg\u00e4nzendes, f\u00fcr sich genommen kaum aussagekr\u00e4ftiges Beweisanzeichen herangezogen werden. Sie verm\u00f6gen aber eine eigenst\u00e4ndige W\u00fcrdigung des objektiven Geschehensablaufs durch den Tatrichter nicht zu ersetzen. Eine solche Bewertung hat das Landgericht nicht vorgenommen. Der \u00c4u\u00dferung des Angeklagten in dem nach der Tat mit der Polizei gef\u00fchrten Telefonat ist lediglich zu entnehmen, dass der Angeklagte eine Frau \u00fcberraschend in nicht n\u00e4her konkretisierter Weise angegriffen hat. Ein dar\u00fcber hinausgehender Aussagegehalt kommt dieser Bemerkung nicht zu. Insbesondere bleibt gerade offen, welche subjektive Zielrichtung dem Angriff zu Grunde lag. Entgegen der Auffassung des Landgerichts kann daher aus der \u00c4u\u00dferung des Angeklagten, eine Frau \u00fcberfallen zu haben, nicht auf eine bestimmte Tatmotivation des Angeklagten geschlossen werden."}, {"num": "11", "textProcessed": ["neu", "hauptverhandl", "pruf", "grundlag", "neu", "festzustell", "objektiv", "geschehensablauf", "tragfah", "feststell", "subjektiv", "tatseit", "getroff", "erzwing", "sexuell", "handlung", "gerichtet", "notigungsvorsatz", "angeklagt", "beleg"], "text": "In der neuerlichen Hauptverhandlung wird zu pr\u00fcfen sein, ob auf der Grundlage des neu festzustellenden objektiven Geschehensablaufs tragf\u00e4hige Feststellungen zur subjektiven Tatseite getroffen werden k\u00f6nnen, welche einen auf die Erzwingung sexueller Handlungen gerichteten N\u00f6tigungsvorsatz des Angeklagten belegen."}, {"num": "12", "textProcessed": ["revision", "staatsanwaltschaft"], "text": "\nRevision der Staatsanwaltschaft\n"}, {"num": "13", "textProcessed": ["schuldspruch", "angefocht", "urteil", "richtend", "revision", "beanstandet", "staatsanwaltschaft", "recht", "dass", "strafkamm", "anwend", "qualifikationsnorm", "abs", "nr", "stgb", "rechtlich", "unzutreff", "begrund", "verneint", "tatbestand", "voraussetz", "abs", "nr", "stgb", "sowi", "gefahr", "korperverletz", "gemass", "abs", "nr", "stgb", "erschopf", "gepruft"], "text": "1. Mit ihrer sich gegen den Schuldspruch des angefochtenen Urteils richtenden Revision beanstandet die Staatsanwaltschaft zu Recht, dass die Strafkammer die Anwendung der Qualifikationsnorm des \u00a7 177 Abs. 3 Nr. 2 StGB mit rechtlich unzutreffender Begr\u00fcndung verneint und die tatbestandlichen Voraussetzungen des \u00a7 177 Abs. 4 Nr. 1 StGB sowie einer gef\u00e4hrlichen K\u00f6rperverletzung gem\u00e4\u00df \u00a7 224 Abs. 1 Nr. 2 StGB nicht ersch\u00f6pfend gepr\u00fcft hat."}, {"num": "14", "textProcessed": ["qualifikationstatbestand", "abs", "nr", "stgb", "setzt", "voraus", "dass", "tat", "werkzeug", "mittel", "schon", "vornherein", "fuhrt", "tat", "verhinder", "uberwind", "widerstand", "opf", "einzusetz", "vielmehr", "ausreich", "dass", "tat", "tatmittel", "irgendein", "zeitpunkt", "tatbegeh", "einsatzbereit", "wofur", "genugt", "erst", "tatort", "ergreift", "vgl", "bgh", "urteil", "januar", "str", "nstz", "beschluss", "oktob", "str", "nstz", "urteil", "april", "str", "nstz", "rr", "fisch", "stgb", "aufl", "rn", "danach", "angeklagt", "sowohl", "spruhflasch", "haushaltsrein", "versuch", "knebel", "tatopf", "verwendet", "stuck", "stoff", "sinn", "abs", "nr", "stgb", "gefuhrt", "dass", "gegenstand", "gefasst", "verwendungsabsicht", "bereit", "wohnung", "vorhand", "dabei", "entgeg", "ansicht", "strafkamm", "belang"], "text": "a) Der Qualifikationstatbestand des \u00a7 177 Abs. 3 Nr. 2 StGB setzt nicht voraus, dass der T\u00e4ter das Werkzeug oder Mittel schon von vornherein bei sich f\u00fchrt, um es bei der Tat zur Verhinderung oder \u00dcberwindung des Widerstands des Opfers einzusetzen. Vielmehr ist es ausreichend, dass der T\u00e4ter das Tatmittel zu irgendeinem Zeitpunkt der Tatbegehung einsatzbereit bei sich hat, wof\u00fcr es auch gen\u00fcgt, wenn er es erst am Tatort ergreift (vgl. BGH, Urteil vom 21. Januar 1999 - 1 StR 654/98, NStZ 1999, 242; Beschluss vom 26. Oktober 2000 - 3 StR 433/00, NStZ 2001, 246; Urteil vom 10. April 2003 - 3 StR 420/02, NStZ-RR 2003, 202; Fischer, StGB, 58. Aufl., \u00a7 177 Rn. 81 m.w.N.). Danach hat der Angeklagte sowohl die Spr\u00fchflasche mit dem Haushaltsreiniger als auch das bei dem Versuch der Knebelung des Tatopfers verwendete St\u00fcck Stoff im Sinne des \u00a7 177 Abs. 3 Nr. 2 StGB bei sich gef\u00fchrt. Dass diese Gegenst\u00e4nde vor gefasster Verwendungsabsicht bereits in der Wohnung vorhanden waren, ist dabei entgegen der Ansicht der Strafkammer ohne Belang."}, {"num": "15", "textProcessed": ["gefahr", "werkzeug", "sinn", "abs", "nr", "stgb", "rechtsprech", "bundesgerichtshof", "benutzt", "tat", "generell", "gefahr", "tatmittel", "einsetzt", "objektiv", "gefahr", "eingesetzt", "gegenstand", "erst", "konkret", "art", "verwend", "ergibt", "geeignet", "erheb", "verletz", "herbeizufuhr", "vgl", "bgh", "beschluss", "dezemb", "str", "bghst", "urteil", "april", "str", "bghst", "april", "str", "aao", "beschluss", "septemb", "str", "nstz", "februar", "str", "stv", "gefahr", "tatmittel", "gerad", "daraus", "ergeb", "dass", "gegenstand", "bestimmungswidr", "gebraucht", "beurteil", "frag", "korperverletz", "gemass", "abs", "nr", "stgb", "mittel", "gefahr", "werkzeug", "begang", "word", "kommt", "massgeb", "darauf", "gebraucht", "gegenstand", "objektiv", "beschaff", "art", "benutz", "einzelfall", "geeignet", "erheb", "korperverletz", "zuzufug", "st", "rspr", "vgl", "bgh", "beschluss", "septemb", "str", "nstz", "fisch", "aao", "rn"], "text": "b) Ein gef\u00e4hrliches Werkzeug im Sinne des \u00a7 177 Abs. 4 Nr. 1 StGB wird nach der Rechtsprechung des Bundesgerichtshofs nicht nur dann benutzt, wenn der T\u00e4ter ein generell gef\u00e4hrliches Tatmittel einsetzt, sondern auch, wenn sich die objektive Gef\u00e4hrlichkeit des eingesetzten Gegenstandes erst aus der konkreten Art seiner Verwendung ergibt, die geeignet ist, erhebliche Verletzungen herbeizuf\u00fchren (vgl. BGH, Beschluss vom 12. Dezember 2000 - 4 StR 464/00, BGHSt 46, 225, 228; Urteil vom 4. April 2007 - 2 StR 34/07, BGHSt 51, 276, 278; vom 10. April 2003 - 3 StR 420/02 aaO; Beschluss vom 17. September 2003 - 2 StR 254/03, NStZ 2004, 261; vom 8. Februar 2006 - 2 StR 575/05, StV 2006, 416). Die Gef\u00e4hrlichkeit des Tatmittels kann sich gerade daraus ergeben, dass ein Gegenstand bestimmungswidrig gebraucht wird. Auch f\u00fcr die Beurteilung der Frage, ob eine K\u00f6rperverletzung gem\u00e4\u00df \u00a7 224 Abs. 1 Nr. 2 StGB mittels eines gef\u00e4hrlichen Werkzeugs begangen worden ist, kommt es ma\u00dfgeblich darauf an, ob der gebrauchte Gegenstand nach seiner objektiven Beschaffenheit und nach der Art seiner Benutzung im Einzelfall geeignet ist, erhebliche K\u00f6rperverletzungen zuzuf\u00fcgen (st. Rspr.; vgl. BGH, Beschluss vom 5. September 2006 - 4 StR 313/06, NStZ 2007, 95; Fischer, aaO, \u00a7 224 Rn. 9 m.w.N.)."}, {"num": "16", "textProcessed": ["werkzeug", "sinn", "vorschrift", "abs", "nr", "stgb", "abs", "nr", "stgb", "beweg", "gegenstand", "gleich", "weis", "korp", "opf", "eingewirkt", "angeklagt", "verwendet", "haushaltsrein", "beinhalt", "spruhflasch", "stellt", "ebenso", "reizgasspruhgerat", "bgh", "beschluss", "august", "str", "urteil", "oktob", "str", "nstz", "pfefferspray", "bgh", "beschluss", "marz", "str", "nzv", "werkzeug", "dar", "dass", "darauf", "ankommt", "reinigerfluss", "werkzeugbegriff", "unterfallt", "vgl", "stree", "sternberg", "lieb", "schonk", "schrod", "stgb", "aufl", "rn", "munchkommstgb", "hardtung", "rn", "olg", "dresd", "nstz", "rr", "prufung", "angeklagt", "spruhflasch", "tatbegeh", "gefahr", "werkzeug", "eingesetzt", "hatt", "strafkamm", "jedenfall", "fern", "liegend", "moglich", "auseinandersetz", "dass", "angeklagt", "verspruht", "haushaltsrein", "stofflich", "zusammensetz", "spruhstoss", "gesicht", "augenparti", "opf", "geeignet", "erheb", "verletz", "verursach", "hierzu", "nah", "gegebenenfall", "hinzuzieh", "sachverstand", "treffend", "feststell", "moglich", "wirkung", "reinig", "haut", "aug", "mensch", "erford"], "text": "Werkzeug im Sinne der Vorschriften der \u00a7 224 Abs. 1 Nr. 2 StGB und \u00a7 177 Abs. 4 Nr. 1 StGB ist jeder bewegliche Gegenstand, mit dem gleich auf welche Weise auf den K\u00f6rper des Opfers eingewirkt werden kann. Die vom Angeklagten verwendete, einen Haushaltsreiniger beinhaltende Spr\u00fchflasche stellt ebenso wie ein Reizgasspr\u00fchger\u00e4t (BGH, Beschluss vom 10. August 1995 \u2013 4 StR 452/95; Urteil vom 12. Oktober 1999 \u2013 1 StR 417/99, NStZ 2000, 87, 88) oder ein Pfeffersprayer (BGH, Beschluss vom 1. M\u00e4rz 2001 \u2013 4 StR 31/01, NZV 2001, 352, 353) ein solches Werkzeug dar, ohne dass es darauf ankommt, ob die Reinigerfl\u00fcssigkeit als solche dem Werkzeugbegriff unterf\u00e4llt (vgl. Stree/Sternberg-Lieben in Sch\u00f6nke/Schr\u00f6der, StGB, 28. Aufl., \u00a7 224 Rn. 6; M\u00fcnchKommStGB/Hardtung \u00a7 224 Rn. 14, 20; a.A. OLG Dresden NStZ-RR 2009, 337). Bei der Pr\u00fcfung, ob der Angeklagte die Spr\u00fchflasche bei der Tatbegehung als gef\u00e4hrliches Werkzeug eingesetzt hat, h\u00e4tte sich die Strafkammer mit der jedenfalls nicht fern liegenden M\u00f6glichkeit auseinandersetzen m\u00fcssen, dass der vom Angeklagten verspr\u00fchte Haushaltsreiniger seiner stofflichen Zusammensetzung nach bei einem Spr\u00fchsto\u00df gegen die Gesichts- und Augenpartie des Opfers geeignet war, erhebliche Verletzungen zu verursachen. Hierzu w\u00e4ren n\u00e4here \u2013 gegebenenfalls unter Hinzuziehung eines Sachverst\u00e4ndigen zu treffende \u2013 Feststellungen zu den m\u00f6glichen Wirkungen des Reinigers auf Haut und Augen eines Menschen erforderlich gewesen."}, {"num": "17", "textProcessed": ["hinsicht", "teilfreispruch", "erweist", "revision", "staatsanwaltschaft", "dageg", "unbegrundet", "freispruch", "angeklagt", "vorwurf", "versucht", "vergewalt", "nachteil", "weit", "geschadigt", "halt", "rechtlich", "prufung", "stand"], "text": "2. Hinsichtlich des Teilfreispruchs erweist sich die Revision der Staatsanwaltschaft dagegen als unbegr\u00fcndet. Der Freispruch des Angeklagten vom Vorwurf der versuchten Vergewaltigung zum Nachteil einer weiteren Gesch\u00e4digten h\u00e4lt rechtlicher Pr\u00fcfung stand."}, {"num": "18", "textProcessed": ["allerding", "landgericht", "versaumt", "anklagevorwurf", "getroff", "tatsach", "feststell", "urteilsgrund", "nah", "darzustell", "freispruch", "tatsach", "grund", "grundsatz", "mitteil", "anklagevorwurf", "urteil", "zunach", "diejen", "feststell", "geschloss", "darstell", "bezeichnet", "tatricht", "erwies", "halt", "bevor", "beweiswurd", "dartut", "grund", "schuldspruch", "notwend", "zusatz", "feststell", "treff", "konnt", "st", "rspr", "vgl", "bgh", "urteil", "juli", "str", "bghst", "juni", "str", "bghr", "stpo", "abs", "freispruch", "anforder", "selbstzweck", "revisionsgericht", "prufung", "ermog", "tatricht", "rechtsfehl", "unterlauf", "insbesond", "entscheidungsgegenstand", "bildend", "sachverhalt", "erschopf", "gewurdigt", "vgl", "mey", "gossn", "stpo", "aufl", "rn", "vorlieg", "fall", "revisionsgericht", "uberpruf", "freispruch", "tragend", "erwag", "urteilsausfuhr", "hinlang", "ermoglicht"], "text": "Allerdings hat es das Landgericht vers\u00e4umt, die von ihm zum Anklagevorwurf getroffenen tats\u00e4chlichen Feststellungen in den Urteilsgr\u00fcnden n\u00e4her darzustellen. Bei einem Freispruch aus tats\u00e4chlichen Gr\u00fcnden m\u00fcssen grunds\u00e4tzlich nach der Mitteilung des Anklagevorwurfs im Urteil zun\u00e4chst diejenigen Feststellungen in einer geschlossenen Darstellung bezeichnet werden, die der Tatrichter f\u00fcr erwiesen h\u00e4lt, bevor er in der Beweisw\u00fcrdigung dartut, aus welchen Gr\u00fcnden er die f\u00fcr einen Schuldspruch notwendigen zus\u00e4tzlichen Feststellungen nicht treffen konnte (st. Rspr.; vgl. BGH, Urteil vom 23. Juli 2008 - 2 StR 150/08, BGHSt 52, 314, 315; vom 9. Juni 2005 - 3 StR 269/04, BGHR StPO \u00a7 267 Abs. 5 Freispruch 14 m.w.N.). Diese Anforderungen sind kein Selbstzweck, sondern sollen dem Revisionsgericht die Pr\u00fcfung erm\u00f6glichen, ob dem Tatrichter Rechtsfehler unterlaufen sind, insbesondere ob der den Entscheidungsgegenstand bildende Sachverhalt ersch\u00f6pfend gew\u00fcrdigt ist (vgl. Meyer-Go\u00dfner, StPO, 53. Aufl., \u00a7 267 Rn. 33). Im vorliegenden Fall wird die revisionsgerichtliche \u00dcberpr\u00fcfung der den Freispruch tragenden Erw\u00e4gungen durch die Urteilsausf\u00fchrungen hinl\u00e4nglich erm\u00f6glicht."}, {"num": "19", "textProcessed": ["urteilsgrund", "geb", "widersprech", "angab", "geschadigt", "zeugin", "hauptverhandl", "sowi", "polizei", "vernehm", "mai", "tatvorwurf", "gemacht", "wesent", "inhalt", "darub", "hinaus", "teil", "dass", "geschadigt", "hauptverhandl", "vorhalt", "widerspruch", "aussag", "bekundet", "dass", "tatgescheh", "polizei", "geschildert", "zugetrag", "konn", "mehr", "genau", "erinn", "dass", "strafkamm", "grund", "widerspruch", "bekund", "geschadigt", "fehl", "sonstig", "angab", "geschadigt", "unabhang", "beweisanzeich", "auss", "stand", "geseh", "geschehensablauf", "uberzeug", "strafrecht", "relevant", "verhalt", "angeklagt", "belegt", "rechtsgrund", "beanstand"], "text": "Die Urteilsgr\u00fcnde geben die sich widersprechenden Angaben, welche die Gesch\u00e4digte als Zeugin in der Hauptverhandlung sowie in ihrer polizeilichen Vernehmung am 18. Mai 2009 zu dem Tatvorwurf gemacht hat, in ihrem wesentlichen Inhalt wieder. Dar\u00fcber hinaus teilen sie mit, dass die Gesch\u00e4digte in der Hauptverhandlung auf Vorhalt ihrer widerspr\u00fcchlichen Aussagen bekundet hat, dass sich das Tatgeschehen auch so wie bei der Polizei geschildert zugetragen haben k\u00f6nne, sie sich aber nicht mehr genau erinnere. Dass sich die Strafkammer auf Grund der Widerspr\u00fcchlichkeit der Bekundungen der Gesch\u00e4digten und des Fehlens sonstiger von den Angaben der Gesch\u00e4digten unabh\u00e4ngiger Beweisanzeichen au\u00dfer Stande gesehen hat, sich von einem Geschehensablauf zu \u00fcberzeugen, der ein strafrechtlich relevantes Verhalten des Angeklagten belegt, ist aus Rechtsgr\u00fcnden nicht zu beanstanden."}], "norm": ["\u00a7 177 Nr 2 StGB", "\u00a7 177 Nr 1 StGB", "\u00a7 224 Nr 2 StGB", "\u00a7 261 StPO"], "doktyp": "Urteil", "regionLong": "Bundesrepublik Deutschland", "sonstlt": "", "gruendeProcessed": ["landgericht", "angeklagt", "versucht", "sexuell", "notig", "freiheitsstraf", "jahr", "verurteilt", "vollstreck", "bewahr", "ausgesetzt", "word", "vorwurf", "weit", "versucht", "vergewalt", "angeklagt", "tatsach", "grund", "freigesproch", "ungun", "angeklagt", "eingelegt", "sachrug", "gestutzt", "revision", "soweit", "schuldspruch", "richtet", "generalbundesanwalt", "vertret", "greift", "staatsanwaltschaft", "freispruch", "rugt", "schuldspruch", "dass", "strafkamm", "voraussetz", "qualifikationstatbestand", "abs", "nr", "stgb", "abs", "nr", "stgb", "verneint", "angeklagt", "tateinheit", "begang", "gefahr", "korperverletz", "gemass", "abs", "nr", "stgb", "verurteilt", "angeklagt", "wendet", "verletz", "materiell", "recht", "geltend", "machend", "rechtsmittel", "verurteil", "revision", "angeklagt", "voll", "umfang", "erfolg", "rechtsmittel", "staatsanwaltschaft", "insoweit", "begrundet", "verurteil", "grund", "liegend", "rechtlich", "wurdig", "landgericht", "richtet", "schuldspruch", "getroff", "feststell", "sucht", "geschadigt", "sozialarbeiterin", "praktisch", "betreu", "epilept", "krampfanfall", "leidend", "leicht", "intelligenzminder", "aufweis", "angeklagt", "organisation", "alltag", "zustand", "april", "uhr", "angeklagt", "wohnung", "fruh", "besuch", "zumeist", "betreut", "begleitet", "word", "kam", "geschadigt", "allein", "wohnung", "angeklagt", "erwartet", "freundlich", "begrusst", "wurd", "verlauf", "anschliess", "gesprach", "stand", "angeklagt", "platz", "eckcouch", "geschadigt", "gegenub", "gesess", "griff", "flasch", "selt", "sitzplatz", "geschadigt", "stand", "trank", "schluck", "flasch", "geschadigt", "vorn", "beugt", "tasch", "such", "spatest", "zeitpunkt", "fasst", "angeklagt", "plan", "anwes", "geschadigt", "sexuell", "erlebnis", "nutz", "wobei", "moglich", "widerstand", "vornherein", "unterbind", "zwing", "nah", "definiert", "sexuell", "wunsch", "fug", "hierzu", "langt", "ebenfall", "sitzplatz", "geschadigt", "stehend", "flasch", "haushaltsrein", "haut", "augenkontakt", "reizung", "entzund", "fuhr", "ubrig", "umwelt", "gesundheitsschad", "eingestuft", "seitlich", "geschadigt", "stehend", "gab", "angeklagt", "vorwarn", "spruhstoss", "reinigungsmittel", "spruhflasch", "richtung", "gesicht", "augenparti", "geschadigt", "ab", "weis", "vorubergeh", "blend", "moglich", "nehm", "wirksam", "beabsichtigt", "zugriff", "wehr", "setz", "tatsach", "traf", "spruhstoss", "recht", "gesichtshalft", "recht", "aug", "geschadigt", "weit", "beeintracht", "dadurch", "entgeh", "konnt", "dass", "gesicht", "reflexart", "seit", "dreht", "vollig", "uberrascht", "geschadigt", "verspurt", "brenn", "recht", "aug", "erschrak", "heftig", "angeklagt", "liess", "flasch", "fall", "griff", "hint", "geschadigt", "herum", "mund", "nas", "zuzuhalt", "beid", "arm", "druckt", "zud", "vorn", "gebeugt", "oberkorp", "zuruck", "sitz", "fordert", "wiederholt", "ruhig", "bleib", "geschadigt", "anschein", "erweckt", "wehr", "hielt", "angeklagt", "zeit", "gekomm", "richtung", "wand", "befind", "bett", "zieh", "fordert", "aufzusteh", "mitzukomm", "geschadigt", "bemerkt", "dass", "angeklagt", "wohnung", "werf", "richtung", "bett", "zerrt", "begann", "wehr", "angeklagt", "druck", "angeklagt", "fordert", "still", "druckt", "zuruck", "ruckenlehn", "couchgarnitur", "versucht", "widerstand", "unterbind", "insbesond", "schreien", "hind", "mund", "stuck", "stoff", "verstopf", "gegenwehr", "geschadigt", "scheitert", "weit", "verlauf", "auseinandersetz", "gelang", "geschadigt", "schliesslich", "trotz", "bemuh", "angeklagt", "bemacht", "wohnungstur", "offn", "mehrmal", "laut", "hilf", "ruf", "angeklagt", "erwartet", "dass", "hilferuf", "gehort", "beachtet", "sah", "plan", "oberhand", "geschadigt", "gewinn", "sexuell", "handlung", "notig", "gescheitert", "liess", "nunmehr", "geschadigt", "ab", "daraufhin", "wohnung", "verliess", "geschadigt", "erlitt", "hamatom", "oberarm", "prellung", "lendenwirbel", "vorubergeh", "reizung", "recht", "aug", "beeintracht", "sehkraft", "tat", "rief", "angeklagt", "spontan", "notrufnumm", "polizei", "teilt", "diensthab", "polizeibeamt", "dass", "soeb", "frau", "uberfall", "anklag", "staatsanwaltschaft", "magdeburg", "januar", "angeklagt", "weit", "last", "gelegt", "word", "marz", "versucht", "bekannt", "wohnung", "kaffeetrink", "aufgehalt", "gewaltsam", "geschlechtsverkehr", "zwing", "ausfuhr", "tatplan", "geschadigt", "begeb", "festgehalt", "geschadigt", "sei", "jedoch", "gelung", "wehr", "angeklagt", "wohnung", "werf", "anklagevorwurf", "strafkamm", "uberzeug", "vermocht", "geschadigt", "zeugin", "hauptverhandl", "polizei", "vernehm", "voneinand", "abweich", "angab", "geschehensablauf", "gemacht", "ii", "revision", "angeklagt", "revision", "angeklagt", "fuhrt", "aufheb", "verurteil", "schuldspruch", "versucht", "sexuell", "notig", "halt", "rechtlich", "prufung", "stand", "feststell", "subjektiv", "tatseit", "tragfah", "begrundet", "richt", "uberzeug", "erford", "person", "gewiss", "richt", "setzt", "objektiv", "grundlag", "voraus", "rational", "grund", "schluss", "erlaub", "dass", "festgestellt", "gescheh", "wirklich", "ubereinstimmt", "nachpruf", "revisionsgericht", "zugang", "deshalb", "urteilsgrund", "erkenn", "lass", "dass", "beweiswurd", "tragfah", "verstandesmass", "einsehbar", "tatsachengrundlag", "beruht", "gericht", "gezog", "schlussfolger", "etwa", "annahm", "bloss", "vermut", "erweist", "letztlich", "mehr", "verdacht", "begrund", "vermag", "bgh", "beschluss", "juni", "str", "nstz", "april", "str", "bghr", "stpo", "identifizier", "novemb", "str", "bghr", "stpo", "uberzeugungsbild", "vgl", "bverfg", "njw", "anforder", "ausfuhr", "angefocht", "urteil", "subjektiv", "tatseit", "gerecht", "feststell", "erzwing", "sexuell", "handlung", "gerichtet", "notigungsvorsatz", "angeklagt", "stutzt", "strafkamm", "darauf", "dass", "geschadigt", "bekund", "hauptverhandl", "grund", "bemuh", "angeklagt", "richtung", "bett", "zerr", "sexuell", "motiv", "angenomm", "einzig", "moglich", "beweggrund", "angeklagt", "erachtet", "verweist", "landgericht", "telefonat", "polizei", "gemacht", "ausser", "angeklagt", "frau", "uberfall", "angeklagt", "sexuell", "absicht", "eingeraumt", "beid", "gesichtspunkt", "tragfah", "subjektiv", "eindruck", "tatopf", "grund", "vorgehensweis", "tat", "beweggrund", "gewonn", "beantwort", "frag", "tatsach", "handlungsleit", "motiv", "tat", "allenfall", "erganz", "genomm", "kaum", "aussagekraft", "beweisanzeich", "herangezog", "vermog", "eigenstand", "wurdig", "objektiv", "geschehensablauf", "tatricht", "ersetz", "bewert", "landgericht", "vorgenomm", "ausser", "angeklagt", "tat", "polizei", "gefuhrt", "telefonat", "ledig", "entnehm", "dass", "angeklagt", "frau", "uberrasch", "nah", "konkretisiert", "weis", "angegriff", "darub", "hinausgeh", "aussagegehalt", "kommt", "bemerk", "insbesond", "bleibt", "gerad", "off", "subjektiv", "zielricht", "angriff", "grund", "lag", "entgeg", "auffass", "landgericht", "dah", "ausser", "angeklagt", "frau", "uberfall", "bestimmt", "tatmotivation", "angeklagt", "geschloss", "neu", "hauptverhandl", "pruf", "grundlag", "neu", "festzustell", "objektiv", "geschehensablauf", "tragfah", "feststell", "subjektiv", "tatseit", "getroff", "erzwing", "sexuell", "handlung", "gerichtet", "notigungsvorsatz", "angeklagt", "beleg", "iii", "revision", "staatsanwaltschaft", "schuldspruch", "angefocht", "urteil", "richtend", "revision", "beanstandet", "staatsanwaltschaft", "recht", "dass", "strafkamm", "anwend", "qualifikationsnorm", "abs", "nr", "stgb", "rechtlich", "unzutreff", "begrund", "verneint", "tatbestand", "voraussetz", "abs", "nr", "stgb", "sowi", "gefahr", "korperverletz", "gemass", "abs", "nr", "stgb", "erschopf", "gepruft", "qualifikationstatbestand", "abs", "nr", "stgb", "setzt", "voraus", "dass", "tat", "werkzeug", "mittel", "schon", "vornherein", "fuhrt", "tat", "verhinder", "uberwind", "widerstand", "opf", "einzusetz", "vielmehr", "ausreich", "dass", "tat", "tatmittel", "irgendein", "zeitpunkt", "tatbegeh", "einsatzbereit", "wofur", "genugt", "erst", "tatort", "ergreift", "vgl", "bgh", "urteil", "januar", "str", "nstz", "beschluss", "oktob", "str", "nstz", "urteil", "april", "str", "nstz", "rr", "fisch", "stgb", "aufl", "rn", "danach", "angeklagt", "sowohl", "spruhflasch", "haushaltsrein", "versuch", "knebel", "tatopf", "verwendet", "stuck", "stoff", "sinn", "abs", "nr", "stgb", "gefuhrt", "dass", "gegenstand", "gefasst", "verwendungsabsicht", "bereit", "wohnung", "vorhand", "dabei", "entgeg", "ansicht", "strafkamm", "belang", "gefahr", "werkzeug", "sinn", "abs", "nr", "stgb", "rechtsprech", "bundesgerichtshof", "benutzt", "tat", "generell", "gefahr", "tatmittel", "einsetzt", "objektiv", "gefahr", "eingesetzt", "gegenstand", "erst", "konkret", "art", "verwend", "ergibt", "geeignet", "erheb", "verletz", "herbeizufuhr", "vgl", "bgh", "beschluss", "dezemb", "str", "bghst", "urteil", "april", "str", "bghst", "april", "str", "aao", "beschluss", "septemb", "str", "nstz", "februar", "str", "stv", "gefahr", "tatmittel", "gerad", "daraus", "ergeb", "dass", "gegenstand", "bestimmungswidr", "gebraucht", "beurteil", "frag", "korperverletz", "gemass", "abs", "nr", "stgb", "mittel", "gefahr", "werkzeug", "begang", "word", "kommt", "massgeb", "darauf", "gebraucht", "gegenstand", "objektiv", "beschaff", "art", "benutz", "einzelfall", "geeignet", "erheb", "korperverletz", "zuzufug", "st", "rspr", "vgl", "bgh", "beschluss", "septemb", "str", "nstz", "fisch", "aao", "rn", "werkzeug", "sinn", "vorschrift", "abs", "nr", "stgb", "abs", "nr", "stgb", "beweg", "gegenstand", "gleich", "weis", "korp", "opf", "eingewirkt", "angeklagt", "verwendet", "haushaltsrein", "beinhalt", "spruhflasch", "stellt", "ebenso", "reizgasspruhgerat", "bgh", "beschluss", "august", "str", "urteil", "oktob", "str", "nstz", "pfefferspray", "bgh", "beschluss", "marz", "str", "nzv", "werkzeug", "dar", "dass", "darauf", "ankommt", "reinigerfluss", "werkzeugbegriff", "unterfallt", "vgl", "stree", "sternberg", "lieb", "schonk", "schrod", "stgb", "aufl", "rn", "munchkommstgb", "hardtung", "rn", "olg", "dresd", "nstz", "rr", "prufung", "angeklagt", "spruhflasch", "tatbegeh", "gefahr", "werkzeug", "eingesetzt", "hatt", "strafkamm", "jedenfall", "fern", "liegend", "moglich", "auseinandersetz", "dass", "angeklagt", "verspruht", "haushaltsrein", "stofflich", "zusammensetz", "spruhstoss", "gesicht", "augenparti", "opf", "geeignet", "erheb", "verletz", "verursach", "hierzu", "nah", "gegebenenfall", "hinzuzieh", "sachverstand", "treffend", "feststell", "moglich", "wirkung", "reinig", "haut", "aug", "mensch", "erford", "hinsicht", "teilfreispruch", "erweist", "revision", "staatsanwaltschaft", "dageg", "unbegrundet", "freispruch", "angeklagt", "vorwurf", "versucht", "vergewalt", "nachteil", "weit", "geschadigt", "halt", "rechtlich", "prufung", "stand", "allerding", "landgericht", "versaumt", "anklagevorwurf", "getroff", "tatsach", "feststell", "urteilsgrund", "nah", "darzustell", "freispruch", "tatsach", "grund", "grundsatz", "mitteil", "anklagevorwurf", "urteil", "zunach", "diejen", "feststell", "geschloss", "darstell", "bezeichnet", "tatricht", "erwies", "halt", "bevor", "beweiswurd", "dartut", "grund", "schuldspruch", "notwend", "zusatz", "feststell", "treff", "konnt", "st", "rspr", "vgl", "bgh", "urteil", "juli", "str", "bghst", "juni", "str", "bghr", "stpo", "abs", "freispruch", "anforder", "selbstzweck", "revisionsgericht", "prufung", "ermog", "tatricht", "rechtsfehl", "unterlauf", "insbesond", "entscheidungsgegenstand", "bildend", "sachverhalt", "erschopf", "gewurdigt", "vgl", "mey", "gossn", "stpo", "aufl", "rn", "vorlieg", "fall", "revisionsgericht", "uberpruf", "freispruch", "tragend", "erwag", "urteilsausfuhr", "hinlang", "ermoglicht", "urteilsgrund", "geb", "widersprech", "angab", "geschadigt", "zeugin", "hauptverhandl", "sowi", "polizei", "vernehm", "mai", "tatvorwurf", "gemacht", "wesent", "inhalt", "darub", "hinaus", "teil", "dass", "geschadigt", "hauptverhandl", "vorhalt", "widerspruch", "aussag", "bekundet", "dass", "tatgescheh", "polizei", "geschildert", "zugetrag", "konn", "mehr", "genau", "erinn", "dass", "strafkamm", "grund", "widerspruch", "bekund", "geschadigt", "fehl", "sonstig", "angab", "geschadigt", "unabhang", "beweisanzeich", "auss", "stand", "geseh", "geschehensablauf", "uberzeug", "strafrecht", "relevant", "verhalt", "angeklagt", "belegt", "rechtsgrund", "beanstand", "ernemann", "solin", "stojanovi\u0107", "roggenbuck", "frank", "bend"], "mitwirkung": "", "aktenzeichen": "4 StR 487/10", "language": "deutsch", "gertyp": "BGH", "leitsatz": "", "gruende": "\n      <div>\n         <dl class=\"RspDL\">\n            <dt>\n               <a name=\"rd_1\">1</a>\n            </dt>\n            <dd>\n               <p>Das Landgericht hat den Angeklagten wegen versuchter sexueller N\u00f6tigung zu der Freiheitsstrafe von einem Jahr verurteilt, deren Vollstreckung zur Bew\u00e4hrung ausgesetzt worden ist. Vom Vorwurf einer weiteren versuchten Vergewaltigung hat es den Angeklagten aus tats\u00e4chlichen Gr\u00fcnden freigesprochen. Mit ihrer zu Ungunsten des Angeklagten eingelegten, auf die Sachr\u00fcge gest\u00fctzten Revision, die, soweit sie sich gegen den Schuldspruch richtet, vom Generalbundesanwalt vertreten wird, greift die Staatsanwaltschaft den Freispruch an und r\u00fcgt zum Schuldspruch, dass die Strafkammer die Voraussetzungen der Qualifikationstatbest\u00e4nde des \u00a7 177 Abs. 3 Nr. 2 StGB und \u00a7 177 Abs. 4 Nr. 1 StGB verneint und den Angeklagten nicht auch wegen tateinheitlich begangener gef\u00e4hrlicher K\u00f6rperverletzung gem\u00e4\u00df \u00a7 224 Abs. 1 Nr. 2 StGB verurteilt hat. Der Angeklagte wendet sich mit seinem die Verletzung materiellen Rechts geltend machenden Rechtsmittel gegen die Verurteilung.</p>\n            </dd>\n         </dl>\n         <dl class=\"RspDL\">\n            <dt/>\n            <dd>\n               <p/>\n            </dd>\n         </dl>\n         <dl class=\"RspDL\">\n            <dt>\n               <a name=\"rd_2\">2</a>\n            </dt>\n            <dd>\n               <p>W\u00e4hrend die Revision des Angeklagten in vollem Umfang Erfolg hat, ist das Rechtsmittel der Staatsanwaltschaft nur insoweit begr\u00fcndet, als es sich gegen die der Verurteilung zu Grunde liegende rechtliche W\u00fcrdigung des Landgerichts richtet.</p>\n            </dd>\n         </dl>\n         <dl class=\"RspDL\">\n            <dt/>\n            <dd>\n               <p/>\n            </dd>\n         </dl>\n         <dl class=\"RspDL\">\n            <dt/>\n            <dd>\n               <p>I.</p>\n            </dd>\n         </dl>\n         <dl class=\"RspDL\">\n            <dt/>\n            <dd>\n               <p/>\n            </dd>\n         </dl>\n         <dl class=\"RspDL\">\n            <dt>\n               <a name=\"rd_3\">3</a>\n            </dt>\n            <dd>\n               <p>1. Nach den zum Schuldspruch getroffenen Feststellungen suchte die Gesch\u00e4digte, die als Sozialarbeiterin f\u00fcr die praktische Betreuung des - unter epileptischen Krampfanf\u00e4llen leidenden und eine leichte Intelligenzminderung aufweisenden - Angeklagten bei der Organisation seines Alltags zust\u00e4ndig war, am 23. April 2009 gegen 14.00 Uhr den Angeklagten in seiner Wohnung auf. Anders als bei fr\u00fcheren Besuchen, bei denen sie zumeist von einem anderen Betreuten begleitet worden war, kam die Gesch\u00e4digte allein in die Wohnung, wo sie vom Angeklagten erwartet und freundlich begr\u00fc\u00dft wurde. Im Verlaufe des sich anschlie\u00dfenden Gespr\u00e4chs stand der Angeklagte von seinem Platz auf der Eckcouch, auf der er der Gesch\u00e4digten gegen\u00fcber gesessen hatte, auf, griff nach einer Flasche Selters, die hinter dem Sitzplatz der Gesch\u00e4digten stand, und trank einen Schluck aus der Flasche, w\u00e4hrend die Gesch\u00e4digte sich nach vorne beugte, um etwas in ihrer Tasche zu suchen.</p>\n            </dd>\n         </dl>\n         <dl class=\"RspDL\">\n            <dt/>\n            <dd>\n               <p/>\n            </dd>\n         </dl>\n         <dl class=\"RspDL\">\n            <dt>\n               <a name=\"rd_4\">4</a>\n            </dt>\n            <dd>\n               <p>Sp\u00e4testens zu diesem Zeitpunkt fasste der Angeklagte den Plan, die Anwesenheit der Gesch\u00e4digten f\u00fcr ein sexuelles Erlebnis zu nutzen, wobei er ihren m\u00f6glichen Widerstand von vornherein unterbinden und sie zwingen wollte, sich seinen noch nicht n\u00e4her definierten sexuellen W\u00fcnschen zu f\u00fcgen. Hierzu langte er zu einer ebenfalls hinter dem Sitzplatz der Gesch\u00e4digten stehenden Flasche eines Haushaltsreinigers, der bei Haut- oder Augenkontakt zu Reizungen oder Entz\u00fcndungen f\u00fchren kann, im \u00dcbrigen aber nicht als umwelt- oder gesundheitssch\u00e4dlich eingestuft ist. Seitlich hinter der Gesch\u00e4digten stehend gab der Angeklagte ohne Vorwarnung einen Spr\u00fchsto\u00df des Reinigungsmittels aus der Spr\u00fchflasche in Richtung der Gesichts- und Augenpartie der Gesch\u00e4digten ab, um sie auf diese Weise vor\u00fcbergehend zu blenden und ihr die M\u00f6glichkeit zu nehmen, sich wirksam gegen seinen beabsichtigten Zugriff zur Wehr zu setzen. Tats\u00e4chlich traf der Spr\u00fchsto\u00df die rechte Gesichtsh\u00e4lfte und das rechte Auge der Gesch\u00e4digten, die einer weiteren Beeintr\u00e4chtigung dadurch entgehen konnte, dass sie ihr Gesicht reflexartig zur Seite drehte. Die v\u00f6llig \u00fcberraschte Gesch\u00e4digte versp\u00fcrte ein Brennen im rechten Auge und erschrak heftig. Der Angeklagte lie\u00df die Flasche fallen und griff von hinten um die Gesch\u00e4digte herum, um ihr Mund und Nase zuzuhalten. Mit beiden Armen dr\u00fcckte er zudem ihren nach vorne gebeugten Oberk\u00f6rper zur\u00fcck in den Sitz und forderte sie wiederholt auf, ruhig zu bleiben. Als die Gesch\u00e4digte den Anschein erweckte, sich nicht wehren zu wollen, hielt der Angeklagte die Zeit f\u00fcr gekommen, sie in Richtung des an der anderen Wand befindlichen Bettes zu ziehen. Er forderte sie auf, aufzustehen und mitzukommen. Als die Gesch\u00e4digte bemerkte, dass der Angeklagte sie nicht aus der Wohnung werfen wollte, sondern sie in Richtung seines Bettes zerrte, begann sie sich zu wehren und den Angeklagten von sich zu dr\u00fccken. Der Angeklagte forderte sie auf, still zu sein, dr\u00fcckte sie zur\u00fcck gegen die R\u00fcckenlehne der Couchgarnitur und versuchte, um ihren Widerstand zu unterbinden und sie insbesondere am Schreien zu hindern, ihren Mund mit einem St\u00fcck Stoff zu verstopfen, was an der Gegenwehr der Gesch\u00e4digten scheiterte. Im weiteren Verlauf der Auseinandersetzung gelang es der Gesch\u00e4digten schlie\u00dflich trotz der Bem\u00fchungen des Angeklagten, sich ihrer zu bem\u00e4chtigen, die Wohnungst\u00fcr zu \u00f6ffnen und mehrmals laut um Hilfe zu rufen. Der Angeklagte, der erwartete, dass die Hilferufe geh\u00f6rt und beachtet w\u00fcrden, sah seinen Plan, doch noch die Oberhand \u00fcber die Gesch\u00e4digte zu gewinnen und sie zu sexuellen Handlungen n\u00f6tigen zu k\u00f6nnen, als gescheitert an. Er lie\u00df nunmehr von der Gesch\u00e4digten ab, die daraufhin die Wohnung verlie\u00df.</p>\n            </dd>\n         </dl>\n         <dl class=\"RspDL\">\n            <dt/>\n            <dd>\n               <p/>\n            </dd>\n         </dl>\n         <dl class=\"RspDL\">\n            <dt>\n               <a name=\"rd_5\">5</a>\n            </dt>\n            <dd>\n               <p>Die Gesch\u00e4digte erlitt H\u00e4matome an den Oberarmen, eine Prellung am Lendenwirbel und eine vor\u00fcbergehende Reizung des rechten Auges ohne Beeintr\u00e4chtigung der Sehkraft. Nach der Tat rief der Angeklagte spontan die Notrufnummer der Polizei an und teilte dem diensthabenden Polizeibeamten mit, dass er soeben \"eine Frau \u00fcberfallen\" habe.</p>\n            </dd>\n         </dl>\n         <dl class=\"RspDL\">\n            <dt/>\n            <dd>\n               <p/>\n            </dd>\n         </dl>\n         <dl class=\"RspDL\">\n            <dt>\n               <a name=\"rd_6\">6</a>\n            </dt>\n            <dd>\n               <p>2. In der Anklage der Staatsanwaltschaft Magdeburg vom 28. Januar 2010 ist dem Angeklagten des Weiteren zur Last gelegt worden, am 27. M\u00e4rz 2008 versucht zu haben, eine Bekannte, in deren Wohnung er sich zum Kaffeetrinken aufgehalten habe, gewaltsam zum Geschlechtsverkehr zu zwingen, indem er sich in Ausf\u00fchrung seines Tatplans hinter die Gesch\u00e4digte begeben und sie festgehalten habe. Der Gesch\u00e4digten sei es jedoch gelungen, sich zu wehren und den Angeklagten aus der Wohnung zu werfen. Von diesem Anklagevorwurf hat sich die Strafkammer nicht zu \u00fcberzeugen vermocht, weil die Gesch\u00e4digte als Zeugin in der Hauptverhandlung und in ihrer polizeilichen Vernehmung voneinander abweichende Angaben zum Geschehensablauf gemacht hat.</p>\n            </dd>\n         </dl>\n         <dl class=\"RspDL\">\n            <dt/>\n            <dd>\n               <p/>\n            </dd>\n         </dl>\n         <dl class=\"RspDL\">\n            <dt/>\n            <dd>\n               <p>II.</p>\n            </dd>\n         </dl>\n         <dl class=\"RspDL\">\n            <dt/>\n            <dd>\n               <p/>\n            </dd>\n         </dl>\n         <dl class=\"RspDL\">\n            <dt>\n               <a name=\"rd_7\">7</a>\n            </dt>\n            <dd>\n               <p>\n                  <span style=\"text-decoration:underline\">Revision des Angeklagten</span>\n               </p>\n            </dd>\n         </dl>\n         <dl class=\"RspDL\">\n            <dt/>\n            <dd>\n               <p/>\n            </dd>\n         </dl>\n         <dl class=\"RspDL\">\n            <dt>\n               <a name=\"rd_8\">8</a>\n            </dt>\n            <dd>\n               <p>Die Revision des Angeklagten f\u00fchrt zur Aufhebung der Verurteilung. Der Schuldspruch wegen versuchter sexueller N\u00f6tigung h\u00e4lt einer rechtlichen Pr\u00fcfung nicht stand, weil die Feststellungen zur subjektiven Tatseite nicht tragf\u00e4hig begr\u00fcndet sind.</p>\n            </dd>\n         </dl>\n         <dl class=\"RspDL\">\n            <dt/>\n            <dd>\n               <p/>\n            </dd>\n         </dl>\n         <dl class=\"RspDL\">\n            <dt>\n               <a name=\"rd_9\">9</a>\n            </dt>\n            <dd>\n               <p>Die zur richterlichen \u00dcberzeugung erforderliche pers\u00f6nliche Gewissheit des Richters setzt objektive Grundlagen voraus, die aus rationalen Gr\u00fcnden den Schluss erlauben, dass das festgestellte Geschehen mit der Wirklichkeit \u00fcbereinstimmt. Das ist der Nachpr\u00fcfung durch das Revisionsgericht zug\u00e4nglich. Deshalb m\u00fcssen die Urteilsgr\u00fcnde erkennen lassen, dass die Beweisw\u00fcrdigung auf einer tragf\u00e4higen, verstandesm\u00e4\u00dfig einsehbaren Tatsachengrundlage beruht und die vom Gericht gezogene Schlussfolgerung nicht etwa nur eine Annahme ist oder sich als blo\u00dfe Vermutung erweist, die letztlich nicht mehr als einen Verdacht zu begr\u00fcnden vermag (BGH, Beschluss vom 24. Juni 1982 - 4 StR 183/82, NStZ 1982, 478; vom 6. April 1990 - 2 StR 627/89, BGHR StPO \u00a7 261 Identifizierung 6; vom 8. November 1996 - 2 StR 534/96, BGHR StPO \u00a7 261 \u00dcberzeugungsbildung 26; vgl. auch BVerfG, NJW 2008, 3346, 3347 f.).</p>\n            </dd>\n         </dl>\n         <dl class=\"RspDL\">\n            <dt/>\n            <dd>\n               <p/>\n            </dd>\n         </dl>\n         <dl class=\"RspDL\">\n            <dt>\n               <a name=\"rd_10\">10</a>\n            </dt>\n            <dd>\n               <p>Diesen Anforderungen werden die Ausf\u00fchrungen im angefochtenen Urteil zur subjektiven Tatseite nicht gerecht. Ihre Feststellungen zu einem auf die Erzwingung sexueller Handlungen gerichteten N\u00f6tigungsvorsatzes des Angeklagten st\u00fctzt die Strafkammer zum einen darauf, dass die Gesch\u00e4digte nach ihren Bekundungen in der Hauptverhandlung auf Grund der Bem\u00fchungen des Angeklagten, sie in Richtung des Bettes zu zerren, ein sexuelles Motiv angenommen und dieses als einzig m\u00f6glichen Beweggrund des Angeklagten erachtet habe. Zum anderen verweist das Landgericht auf die in dem Telefonat mit der Polizei gemachte \u00c4u\u00dferung des Angeklagten, \"eine Frau \u00fcberfallen\" zu haben, mit welcher der Angeklagte eine sexuelle Absicht einger\u00e4umt habe. Beide Gesichtspunkte sind nicht tragf\u00e4hig. Die subjektiven Eindr\u00fccke, die ein Tatopfer auf Grund der Vorgehensweise des T\u00e4ters von dessen Beweggr\u00fcnden gewonnen hat, k\u00f6nnen f\u00fcr die Beantwortung der Frage nach den tats\u00e4chlichen handlungsleitenden Motiven des T\u00e4ters allenfalls als erg\u00e4nzendes, f\u00fcr sich genommen kaum aussagekr\u00e4ftiges Beweisanzeichen herangezogen werden. Sie verm\u00f6gen aber eine eigenst\u00e4ndige W\u00fcrdigung des objektiven Geschehensablaufs durch den Tatrichter nicht zu ersetzen. Eine solche Bewertung hat das Landgericht nicht vorgenommen. Der \u00c4u\u00dferung des Angeklagten in dem nach der Tat mit der Polizei gef\u00fchrten Telefonat ist lediglich zu entnehmen, dass der Angeklagte eine Frau \u00fcberraschend in nicht n\u00e4her konkretisierter Weise angegriffen hat. Ein dar\u00fcber hinausgehender Aussagegehalt kommt dieser Bemerkung nicht zu. Insbesondere bleibt gerade offen, welche subjektive Zielrichtung dem Angriff zu Grunde lag. Entgegen der Auffassung des Landgerichts kann daher aus der \u00c4u\u00dferung des Angeklagten, eine Frau \u00fcberfallen zu haben, nicht auf eine bestimmte Tatmotivation des Angeklagten geschlossen werden.</p>\n            </dd>\n         </dl>\n         <dl class=\"RspDL\">\n            <dt/>\n            <dd>\n               <p/>\n            </dd>\n         </dl>\n         <dl class=\"RspDL\">\n            <dt>\n               <a name=\"rd_11\">11</a>\n            </dt>\n            <dd>\n               <p>In der neuerlichen Hauptverhandlung wird zu pr\u00fcfen sein, ob auf der Grundlage des neu festzustellenden objektiven Geschehensablaufs tragf\u00e4hige Feststellungen zur subjektiven Tatseite getroffen werden k\u00f6nnen, welche einen auf die Erzwingung sexueller Handlungen gerichteten N\u00f6tigungsvorsatz des Angeklagten belegen.</p>\n            </dd>\n         </dl>\n         <dl class=\"RspDL\">\n            <dt/>\n            <dd>\n               <p/>\n            </dd>\n         </dl>\n         <dl class=\"RspDL\">\n            <dt/>\n            <dd>\n               <p>III.</p>\n            </dd>\n         </dl>\n         <dl class=\"RspDL\">\n            <dt/>\n            <dd>\n               <p/>\n            </dd>\n         </dl>\n         <dl class=\"RspDL\">\n            <dt>\n               <a name=\"rd_12\">12</a>\n            </dt>\n            <dd>\n               <p>\n                  <span style=\"text-decoration:underline\">Revision der Staatsanwaltschaft</span>\n               </p>\n            </dd>\n         </dl>\n         <dl class=\"RspDL\">\n            <dt/>\n            <dd>\n               <p/>\n            </dd>\n         </dl>\n         <dl class=\"RspDL\">\n            <dt>\n               <a name=\"rd_13\">13</a>\n            </dt>\n            <dd>\n               <p>1. Mit ihrer sich gegen den Schuldspruch des angefochtenen Urteils richtenden Revision beanstandet die Staatsanwaltschaft zu Recht, dass die Strafkammer die Anwendung der Qualifikationsnorm des \u00a7 177 Abs. 3 Nr. 2 StGB mit rechtlich unzutreffender Begr\u00fcndung verneint und die tatbestandlichen Voraussetzungen des \u00a7 177 Abs. 4 Nr. 1 StGB sowie einer gef\u00e4hrlichen K\u00f6rperverletzung gem\u00e4\u00df \u00a7 224 Abs. 1 Nr. 2 StGB nicht ersch\u00f6pfend gepr\u00fcft hat.</p>\n            </dd>\n         </dl>\n         <dl class=\"RspDL\">\n            <dt/>\n            <dd>\n               <p/>\n            </dd>\n         </dl>\n         <dl class=\"RspDL\">\n            <dt>\n               <a name=\"rd_14\">14</a>\n            </dt>\n            <dd>\n               <p>a) Der Qualifikationstatbestand des \u00a7 177 Abs. 3 Nr. 2 StGB setzt nicht voraus, dass der T\u00e4ter das Werkzeug oder Mittel schon von vornherein bei sich f\u00fchrt, um es bei der Tat zur Verhinderung oder \u00dcberwindung des Widerstands des Opfers einzusetzen. Vielmehr ist es ausreichend, dass der T\u00e4ter das Tatmittel zu irgendeinem Zeitpunkt der Tatbegehung einsatzbereit bei sich hat, wof\u00fcr es auch gen\u00fcgt, wenn er es erst am Tatort ergreift (vgl. BGH, Urteil vom 21. Januar 1999 - 1 StR 654/98, NStZ 1999, 242; Beschluss vom 26. Oktober 2000 - 3 StR 433/00, NStZ 2001, 246; Urteil vom 10. April 2003 - 3 StR 420/02, NStZ-RR 2003, 202; Fischer, StGB, 58. Aufl., \u00a7 177 Rn. 81 m.w.N.). Danach hat der Angeklagte sowohl die Spr\u00fchflasche mit dem Haushaltsreiniger als auch das bei dem Versuch der Knebelung des Tatopfers verwendete St\u00fcck Stoff im Sinne des \u00a7 177 Abs. 3 Nr. 2 StGB bei sich gef\u00fchrt. Dass diese Gegenst\u00e4nde vor gefasster Verwendungsabsicht bereits in der Wohnung vorhanden waren, ist dabei entgegen der Ansicht der Strafkammer ohne Belang.</p>\n            </dd>\n         </dl>\n         <dl class=\"RspDL\">\n            <dt/>\n            <dd>\n               <p/>\n            </dd>\n         </dl>\n         <dl class=\"RspDL\">\n            <dt>\n               <a name=\"rd_15\">15</a>\n            </dt>\n            <dd>\n               <p>b) Ein gef\u00e4hrliches Werkzeug im Sinne des \u00a7 177 Abs. 4 Nr. 1 StGB wird nach der Rechtsprechung des Bundesgerichtshofs nicht nur dann benutzt, wenn der T\u00e4ter ein generell gef\u00e4hrliches Tatmittel einsetzt, sondern auch, wenn sich die objektive Gef\u00e4hrlichkeit des eingesetzten Gegenstandes erst aus der konkreten Art seiner Verwendung ergibt, die geeignet ist, erhebliche Verletzungen herbeizuf\u00fchren (vgl. BGH, Beschluss vom 12. Dezember 2000 - 4 StR 464/00, BGHSt 46, 225, 228; Urteil vom 4. April 2007 - 2 StR 34/07, BGHSt 51, 276, 278; vom 10. April 2003 - 3 StR 420/02 aaO; Beschluss vom 17. September 2003 - 2 StR 254/03, NStZ 2004, 261; vom 8. Februar 2006 - 2 StR 575/05, StV 2006, 416). Die Gef\u00e4hrlichkeit des Tatmittels kann sich gerade daraus ergeben, dass ein Gegenstand bestimmungswidrig gebraucht wird. Auch f\u00fcr die Beurteilung der Frage, ob eine K\u00f6rperverletzung gem\u00e4\u00df \u00a7 224 Abs. 1 Nr. 2 StGB mittels eines gef\u00e4hrlichen Werkzeugs begangen worden ist, kommt es ma\u00dfgeblich darauf an, ob der gebrauchte Gegenstand nach seiner objektiven Beschaffenheit und nach der Art seiner Benutzung im Einzelfall geeignet ist, erhebliche K\u00f6rperverletzungen zuzuf\u00fcgen (st. Rspr.; vgl. BGH, Beschluss vom 5. September 2006 - 4 StR 313/06, NStZ 2007, 95; Fischer, aaO, \u00a7 224 Rn. 9 m.w.N.).</p>\n            </dd>\n         </dl>\n         <dl class=\"RspDL\">\n            <dt/>\n            <dd>\n               <p/>\n            </dd>\n         </dl>\n         <dl class=\"RspDL\">\n            <dt>\n               <a name=\"rd_16\">16</a>\n            </dt>\n            <dd>\n               <p>Werkzeug im Sinne der Vorschriften der \u00a7 224 Abs. 1 Nr. 2 StGB und \u00a7 177 Abs. 4 Nr. 1 StGB ist jeder bewegliche Gegenstand, mit dem gleich auf welche Weise auf den K\u00f6rper des Opfers eingewirkt werden kann. Die vom Angeklagten verwendete, einen Haushaltsreiniger beinhaltende Spr\u00fchflasche stellt ebenso wie ein Reizgasspr\u00fchger\u00e4t (BGH, Beschluss vom 10. August 1995 \u2013 4 StR 452/95; Urteil vom 12. Oktober 1999 \u2013 1 StR 417/99, NStZ 2000, 87, 88) oder ein Pfeffersprayer (BGH, Beschluss vom 1. M\u00e4rz 2001 \u2013 4 StR 31/01, NZV 2001, 352, 353) ein solches Werkzeug dar, ohne dass es darauf ankommt, ob die Reinigerfl\u00fcssigkeit als solche dem Werkzeugbegriff unterf\u00e4llt (vgl. Stree/Sternberg-Lieben in Sch\u00f6nke/Schr\u00f6der, StGB, 28. Aufl., \u00a7 224 Rn. 6; M\u00fcnchKommStGB/Hardtung \u00a7 224 Rn. 14, 20; a.A. OLG Dresden NStZ-RR 2009, 337). Bei der Pr\u00fcfung, ob der Angeklagte die Spr\u00fchflasche bei der Tatbegehung als gef\u00e4hrliches Werkzeug eingesetzt hat, h\u00e4tte sich die Strafkammer mit der jedenfalls nicht fern liegenden M\u00f6glichkeit auseinandersetzen m\u00fcssen, dass der vom Angeklagten verspr\u00fchte Haushaltsreiniger seiner stofflichen Zusammensetzung nach bei einem Spr\u00fchsto\u00df gegen die Gesichts- und Augenpartie des Opfers geeignet war, erhebliche Verletzungen zu verursachen. Hierzu w\u00e4ren n\u00e4here \u2013 gegebenenfalls unter Hinzuziehung eines Sachverst\u00e4ndigen zu treffende \u2013 Feststellungen zu den m\u00f6glichen Wirkungen des Reinigers auf Haut und Augen eines Menschen erforderlich gewesen.</p>\n            </dd>\n         </dl>\n         <dl class=\"RspDL\">\n            <dt/>\n            <dd>\n               <p/>\n            </dd>\n         </dl>\n         <dl class=\"RspDL\">\n            <dt>\n               <a name=\"rd_17\">17</a>\n            </dt>\n            <dd>\n               <p>2. Hinsichtlich des Teilfreispruchs erweist sich die Revision der Staatsanwaltschaft dagegen als unbegr\u00fcndet. Der Freispruch des Angeklagten vom Vorwurf der versuchten Vergewaltigung zum Nachteil einer weiteren Gesch\u00e4digten h\u00e4lt rechtlicher Pr\u00fcfung stand.</p>\n            </dd>\n         </dl>\n         <dl class=\"RspDL\">\n            <dt/>\n            <dd>\n               <p/>\n            </dd>\n         </dl>\n         <dl class=\"RspDL\">\n            <dt>\n               <a name=\"rd_18\">18</a>\n            </dt>\n            <dd>\n               <p>Allerdings hat es das Landgericht vers\u00e4umt, die von ihm zum Anklagevorwurf getroffenen tats\u00e4chlichen Feststellungen in den Urteilsgr\u00fcnden n\u00e4her darzustellen. Bei einem Freispruch aus tats\u00e4chlichen Gr\u00fcnden m\u00fcssen grunds\u00e4tzlich nach der Mitteilung des Anklagevorwurfs im Urteil zun\u00e4chst diejenigen Feststellungen in einer geschlossenen Darstellung bezeichnet werden, die der Tatrichter f\u00fcr erwiesen h\u00e4lt, bevor er in der Beweisw\u00fcrdigung dartut, aus welchen Gr\u00fcnden er die f\u00fcr einen Schuldspruch notwendigen zus\u00e4tzlichen Feststellungen nicht treffen konnte (st. Rspr.; vgl. BGH, Urteil vom 23. Juli 2008 - 2 StR 150/08, BGHSt 52, 314, 315; vom 9. Juni 2005 - 3 StR 269/04, BGHR StPO \u00a7 267 Abs. 5 Freispruch 14 m.w.N.). Diese Anforderungen sind kein Selbstzweck, sondern sollen dem Revisionsgericht die Pr\u00fcfung erm\u00f6glichen, ob dem Tatrichter Rechtsfehler unterlaufen sind, insbesondere ob der den Entscheidungsgegenstand bildende Sachverhalt ersch\u00f6pfend gew\u00fcrdigt ist (vgl. Meyer-Go\u00dfner, StPO, 53. Aufl., \u00a7 267 Rn. 33). Im vorliegenden Fall wird die revisionsgerichtliche \u00dcberpr\u00fcfung der den Freispruch tragenden Erw\u00e4gungen durch die Urteilsausf\u00fchrungen hinl\u00e4nglich erm\u00f6glicht.</p>\n            </dd>\n         </dl>\n         <dl class=\"RspDL\">\n            <dt/>\n            <dd>\n               <p/>\n            </dd>\n         </dl>\n         <dl class=\"RspDL\">\n            <dt>\n               <a name=\"rd_19\">19</a>\n            </dt>\n            <dd>\n               <p>Die Urteilsgr\u00fcnde geben die sich widersprechenden Angaben, welche die Gesch\u00e4digte als Zeugin in der Hauptverhandlung sowie in ihrer polizeilichen Vernehmung am 18. Mai 2009 zu dem Tatvorwurf gemacht hat, in ihrem wesentlichen Inhalt wieder. Dar\u00fcber hinaus teilen sie mit, dass die Gesch\u00e4digte in der Hauptverhandlung auf Vorhalt ihrer widerspr\u00fcchlichen Aussagen bekundet hat, dass sich das Tatgeschehen auch so wie bei der Polizei geschildert zugetragen haben k\u00f6nne, sie sich aber nicht mehr genau erinnere. Dass sich die Strafkammer auf Grund der Widerspr\u00fcchlichkeit der Bekundungen der Gesch\u00e4digten und des Fehlens sonstiger von den Angaben der Gesch\u00e4digten unabh\u00e4ngiger Beweisanzeichen au\u00dfer Stande gesehen hat, sich von einem Geschehensablauf zu \u00fcberzeugen, der ein strafrechtlich relevantes Verhalten des Angeklagten belegt, ist aus Rechtsgr\u00fcnden nicht zu beanstanden.</p>\n            </dd>\n         </dl>\n         <dl class=\"RspDL\">\n            <dt/>\n            <dd>\n               <p/>\n            </dd>\n         </dl>\n         <dl class=\"RspDL\">\n            <dt/>\n            <dd>\n               <p style=\"text-align:left\">Ernemann\u00a0\u00a0\u00a0\u00a0\u00a0\u00a0\u00a0\u00a0\u00a0\u00a0\u00a0\u00a0\u00a0\u00a0\u00a0\u00a0\u00a0\u00a0\u00a0\u00a0\u00a0\u00a0\u00a0\u00a0\u00a0\u00a0\u00a0\u00a0\u00a0\u00a0\u00a0\u00a0\u00a0\u00a0\u00a0\u00a0\u00a0\u00a0\u00a0\u00a0\u00a0\u00a0\u00a0Solin-Stojanovi\u0107\u00a0\u00a0\u00a0\u00a0\u00a0\u00a0\u00a0\u00a0\u00a0\u00a0\u00a0\u00a0\u00a0\u00a0\u00a0\u00a0\u00a0\u00a0\u00a0\u00a0\u00a0\u00a0\u00a0\u00a0\u00a0\u00a0\u00a0\u00a0\u00a0\u00a0\u00a0\u00a0\u00a0\u00a0\u00a0\u00a0\u00a0Roggenbuck</p>\n            </dd>\n         </dl>\n         <dl class=\"RspDL\">\n            <dt/>\n            <dd>\n               <p style=\"text-align:left\">\u00a0\u00a0\u00a0\u00a0\u00a0\u00a0\u00a0\u00a0\u00a0\u00a0\u00a0\u00a0\u00a0\u00a0\u00a0\u00a0\u00a0\u00a0\u00a0\u00a0\u00a0\u00a0\u00a0\u00a0\u00a0\u00a0\u00a0\u00a0\u00a0Franke\u00a0\u00a0\u00a0\u00a0\u00a0\u00a0\u00a0\u00a0\u00a0\u00a0\u00a0\u00a0\u00a0\u00a0\u00a0\u00a0\u00a0\u00a0\u00a0\u00a0\u00a0\u00a0\u00a0\u00a0\u00a0\u00a0\u00a0\u00a0\u00a0\u00a0\u00a0\u00a0\u00a0\u00a0\u00a0\u00a0\u00a0\u00a0\u00a0\u00a0\u00a0\u00a0\u00a0\u00a0\u00a0\u00a0\u00a0\u00a0\u00a0\u00a0\u00a0\u00a0\u00a0\u00a0\u00a0Bender</p>\n            </dd>\n         </dl>\n         <dl class=\"RspDL\">\n            <dt/>\n            <dd>\n               <p/>\n            </dd>\n         </dl>\n      </div>\n   ", "accessRights": "public", "gerort": "", "entschDatum": "20110127", "coverage": "Deutschland", "titel": "\n      <dl class=\"RspDL\">\n         <dt/>\n         <dd>\n            <p>Sexuelle N\u00f6tigung und gef\u00e4hrliche K\u00f6rperverletzung: Beweisw\u00fcrdigung aufgrund subjektiver Eindr\u00fccke des Tatopfers; Spr\u00fchflasche mit Haushaltsreiniger als gef\u00e4hrliches Werkzeug</p>\n         </dd>\n      </dl>\n   ", "ecli": "", "identifier": "http://www.rechtsprechung-im-internet.de/jportal/?quelle=jlink&docid=JURE110003226&psml=bsjrsprod.psml&max=true", "spruchkoerper": "4. Strafsenat", "vorinstanz": "vorgehend LG Magdeburg, 3. Mai 2010, Az: 25 KLs 526 Js 17842/09 (4/10), Urteil\n   ", "doknr": "JURE110003226", "abweichendeMeinung": "", "tenor": "\n      <div>\n         <dl class=\"RspDL\">\n            <dt/>\n            <dd>\n               <p>1. Auf die Revisionen des Angeklagten und der Staatsanwaltschaft wird das Urteil des Landgerichts Magdeburg vom 3. Mai 2010, soweit der Angeklagte verurteilt worden ist, mit den Feststellungen aufgehoben.</p>\n            </dd>\n         </dl>\n         <dl class=\"RspDL\">\n            <dt/>\n            <dd>\n               <p/>\n            </dd>\n         </dl>\n         <dl class=\"RspDL\">\n            <dt/>\n            <dd>\n               <p>2. Im Umfang der Aufhebung wird die Sache zu neuer Verhandlung und Entscheidung, auch \u00fcber die Kosten der Rechtsmittel, an eine andere Strafkammer des Landgerichts zur\u00fcckverwiesen.</p>\n            </dd>\n         </dl>\n         <dl class=\"RspDL\">\n            <dt/>\n            <dd>\n               <p/>\n            </dd>\n         </dl>\n         <dl class=\"RspDL\">\n            <dt/>\n            <dd>\n               <p>3. Die weiter gehende Revision der Staatsanwaltschaft wird verworfen.</p>\n            </dd>\n         </dl>\n         <dl class=\"RspDL\">\n            <dt/>\n            <dd>\n               <p/>\n            </dd>\n         </dl>\n         <dl class=\"RspDL\">\n            <dt/>\n            <dd>\n               <p>Von Rechts wegen</p>\n            </dd>\n         </dl>\n      </div>\n   ", "regionAbk": "DEU"}