{"publisher": "BMJV", "tatbestand": "", "absaetze": [{"num": "1", "textProcessed": ["landgericht", "angeklagt", "unerlaubt", "handeltreib", "betaubungsmitteln", "gering", "meng", "freiheitsstraf", "acht", "jahr", "sech", "monat", "verurteilt", "hiergeg", "gerichtet", "revision", "angeklagt", "verletz", "formell", "materiell", "recht", "beanstandet", "zwei", "verfahrensrug", "erfolg"], "text": "Das Landgericht hat den Angeklagten wegen unerlaubten Handeltreibens mit Bet\u00e4ubungsmitteln in nicht geringer Menge zu einer Freiheitsstrafe von acht Jahren und sechs Monaten verurteilt. Die hiergegen gerichtete Revision des Angeklagten, mit der er die Verletzung formellen und materiellen Rechts beanstandet, hat mit zwei Verfahrensr\u00fcgen Erfolg."}, {"num": "2", "textProcessed": ["feststell", "landgericht", "organisiert", "angeklagt", "transport", "etwa", "kg", "heroin", "lkw", "turkei", "deutschland", "rauschgift", "gewinnbring", "verkauf", "ankunft", "betaubungsmittel", "veranlasst", "mitangeklagt", "heroin", "abzuhol", "ubergab", "wurd", "fahr", "lkw", "festgenomm", "zeitgleich", "erfolgt", "festnahm", "bereich", "hauptbahnhof", "wartend", "angeklagt", "sowi", "mitangeklagt", "ab"], "text": "1. Nach den Feststellungen des Landgerichts organisierte der Angeklagte den Transport von etwa 10 kg Heroin in einem LKW aus der T\u00fcrkei nach Deutschland, um das Rauschgift gewinnbringend weiter zu verkaufen. Nach der Ankunft der Bet\u00e4ubungsmittel in K.\u00a0veranlasste er den Mitangeklagten A., das Heroin abzuholen. Nach der \u00dcbergabe wurden A.\u00a0und der Fahrer des LKW festgenommen. Zeitgleich erfolgte die Festnahme des im Bereich des K.'er Hauptbahnhofs wartenden Angeklagten sowie des Mitangeklagten Ab.\u00a0C."}, {"num": "3", "textProcessed": ["angeklagt", "dahin", "eingelass", "sei", "davon", "ausgegang", "dass", "ladung", "geschmuggelt", "antiquitat", "gehandelt", "erkrankt", "bekannt", "entgegennehm", "sei", "gegenstand", "telefonat", "verwandt", "turkei", "gefuhrt", "sei", "ausserd", "illegal", "grenzubertritt", "verwandt", "gegang", "landgericht", "einlass", "aufgrund", "fehlerfrei", "beweiswurd", "widerlegt", "gehalt", "dabei", "inhalt", "mehr", "telefonat", "angeklagt", "gesprachspartn", "turkei", "tatbegeh", "geschloss"], "text": "Der Angeklagte hat sich dahin eingelassen, er sei davon ausgegangen, dass es sich um eine Ladung geschmuggelter Antiquit\u00e4ten gehandelt habe, die er f\u00fcr einen erkrankten Bekannten habe entgegennehmen wollen. Dies sei auch Gegenstand der Telefonate gewesen, die er mit Verwandten in der T\u00fcrkei gef\u00fchrt habe; bei diesen sei es au\u00dferdem um illegale Grenz\u00fcbertritte eines Verwandten gegangen. Das Landgericht hat diese Einlassung - aufgrund einer f\u00fcr sich fehlerfreien Beweisw\u00fcrdigung - f\u00fcr widerlegt gehalten und dabei auch aus dem Inhalt mehrerer Telefonate des Angeklagten mit Gespr\u00e4chspartnern in der T\u00fcrkei auf seine Tatbegehung geschlossen."}, {"num": "4", "textProcessed": ["hintergrund", "beanstandet", "revision", "recht", "dass", "landgericht", "drei", "hauptverhandl", "gestellt", "beweisantrag", "rechtsfehlerhaft", "zuruckgewies"], "text": "2. Vor diesem Hintergrund beanstandet die Revision mit Recht, dass das Landgericht drei in der Hauptverhandlung gestellte Beweisantr\u00e4ge rechtsfehlerhaft zur\u00fcckgewiesen hat."}, {"num": "5", "textProcessed": ["verteid", "vernehm", "turkei", "befind", "neff", "angeklagt", "beweis", "dafur", "beantragt", "dass", "telefonat", "angeklagt", "entsprech", "einlass", "tatsach", "freundschaftsdien", "zusammenhang", "schmuggel", "antiquitat", "gegang", "sei", "antrag", "strafkamm", "gestutzt", "abs", "satz", "stpo", "weit", "begrund", "erwag", "abgelehnt", "erwies", "beweis", "gestellt", "tatsach", "sei", "direkt", "schluss", "darauf", "moglich", "angeklagt", "tat", "begang"], "text": "a) Die Verteidigung hatte die Vernehmung des in der T\u00fcrkei befindlichen Neffen des Angeklagten zum Beweis daf\u00fcr beantragt, dass es bei den Telefonaten mit dem Angeklagten entsprechend seiner Einlassung tats\u00e4chlich um einen Freundschaftsdienst im Zusammenhang mit dem Schmuggel von Antiquit\u00e4ten gegangen sei. Diesen Antrag hat die Strafkammer gest\u00fctzt auf \u00a7 244 Abs. 5 Satz 2 StPO ohne weitere Begr\u00fcndung mit der Erw\u00e4gung abgelehnt, auch bei Erwiesenheit der unter Beweis gestellten Tatsache sei kein direkter Schluss darauf m\u00f6glich, ob der Angeklagte die Tat begangen habe oder nicht."}, {"num": "6", "textProcessed": ["zwei", "weit", "antrag", "verteid", "vernehm", "zwei", "zeug", "turkei", "beweis", "dafur", "begehrt", "dass", "gesprachsinhalt", "verschied", "telefonat", "angeklagt", "heimlich", "transport", "nah", "verwandt", "turkei", "griechenland", "sei", "telefongesprach", "hatt", "somit", "angeklagt", "tat", "betroff", "antrag", "tatgericht", "ebenfall", "abs", "satz", "stpo", "abgelehnt", "ausgefuhrt", "beweis", "gestellt", "tatsach", "liess", "moglich", "zwingend", "schluss", "zwingend", "schluss", "liess", "zieh", "gesprachspartn", "tatsach", "davon", "ausgegang", "dass", "telefongesprach", "beweis", "gestellt", "inhalt", "fall", "moglich", "bestand", "dass", "unzutreff", "informiert", "word", "seien"], "text": "Mit zwei weiteren Antr\u00e4gen hatte die Verteidigung die Vernehmung von zwei Zeugen aus der T\u00fcrkei zum Beweis daf\u00fcr begehrt, dass Gespr\u00e4chsinhalt verschiedener Telefonate mit dem Angeklagten der heimliche Transport eines nahen Verwandten aus der T\u00fcrkei nach Griechenland gewesen sei; die Telefongespr\u00e4che h\u00e4tten somit nicht die angeklagte Tat betroffen. Diese Antr\u00e4ge hat das Tatgericht ebenfalls nach \u00a7 244 Abs. 5 Satz 2 StPO abgelehnt und ausgef\u00fchrt, die unter Beweis gestellten Tatsachen lie\u00dfen nur m\u00f6gliche, nicht aber zwingende Schl\u00fcsse zu. Ein zwingender Schluss lie\u00dfe sich auch dann nicht ziehen, wenn die Gespr\u00e4chspartner tats\u00e4chlich davon ausgegangen w\u00e4ren, dass die Telefongespr\u00e4che den unter Beweis gestellten Inhalt hatten, da auch in diesem Fall die M\u00f6glichkeit bestanden habe, dass sie unzutreffend informiert worden seien."}, {"num": "7", "textProcessed": ["begrund", "trag", "zuruckweis", "beweisantrag"], "text": "b) Diese Begr\u00fcndungen tragen die Zur\u00fcckweisung der Beweisantr\u00e4ge nicht."}, {"num": "8", "textProcessed": ["aa", "abs", "satz", "stpo", "beweisantrag", "vernehm", "zeug", "ladung", "ausland", "bewirk", "abgelehnt", "anhor", "pflichtgemass", "beurteil", "gericht", "erforsch", "wahrheit", "erford", "ladung", "vernehm", "auslandszeug", "gebot", "richtet", "somit", "aufklarungspflicht", "gericht", "sinn", "abs", "stpo", "prufung", "tatricht", "nament", "bedeut", "beweiswert", "aussag", "benannt", "zeug", "hintergrund", "bisher", "beweisergebnis", "wurdig", "rahm", "geltend", "verbot", "beweisantizipation", "befreit", "dah", "darf", "prognost", "berucksicht", "ergebnis", "beantragt", "beweisaufnahm", "erwart", "wurdig", "kommt", "dabei", "berucksicht", "sowohl", "vorbring", "begrund", "beweisantrag", "bisher", "beweisaufnahm", "angefall", "erkenntnis", "rechtsfehlerfrei", "begrund", "ergebnis", "dass", "zeug", "beweisbehaupt", "bestat", "dass", "einfluss", "aussag", "tatricht", "uberzeugungsbild", "ausgeschloss", "sei", "zeug", "wiss", "gestellt", "behaupt", "bestat", "ablehn", "beweisantrag", "regel", "beanstand", "st", "rspr", "bghr", "stpo", "abs", "satz", "auslandszeug", "bgh", "njw"], "text": "aa) Nach \u00a7 244 Abs. 5 Satz 2 StPO kann ein Beweisantrag auf Vernehmung eines Zeugen, dessen Ladung im Ausland zu bewirken w\u00e4re, abgelehnt werden, wenn dessen Anh\u00f6rung nach pflichtgem\u00e4\u00dfer Beurteilung des Gerichts zur Erforschung der Wahrheit nicht erforderlich ist. Ob die Ladung und Vernehmung eines Auslandszeugen geboten ist, richtet sich somit nach der Aufkl\u00e4rungspflicht des Gerichts im Sinne des \u00a7 244 Abs. 2 StPO. Bei deren Pr\u00fcfung hat der Tatrichter namentlich die Bedeutung und den Beweiswert der Aussage des benannten Zeugen vor dem Hintergrund des bisherigen Beweisergebnisses zu w\u00fcrdigen. In diesem Rahmen ist er von dem sonst geltenden Verbot der Beweisantizipation befreit. Daher darf er prognostisch ber\u00fccksichtigen, welche Ergebnisse von der beantragten Beweisaufnahme zu erwarten sind und wie diese zu w\u00fcrdigen w\u00e4ren. Kommt er dabei unter Ber\u00fccksichtigung sowohl des Vorbringens zur Begr\u00fcndung des Beweisantrags als auch der in der bisherigen Beweisaufnahme angefallenen Erkenntnisse mit rechtsfehlerfreier Begr\u00fcndung zu dem Ergebnis, dass der Zeuge die Beweisbehauptung nicht werde best\u00e4tigen k\u00f6nnen oder dass ein Einfluss der Aussage auf seine - des Tatrichters - \u00dcberzeugungsbildung auch dann sicher ausgeschlossen sei, wenn der Zeuge die in sein Wissen gestellte Behauptung best\u00e4tigen werde, ist die Ablehnung des Beweisantrags in aller Regel nicht zu beanstanden (st. Rspr.; s. nur BGHR StPO \u00a7 244 Abs. 5 Satz 2 Auslandszeuge 13; BGH NJW 2005, 2322, 2323 m. w. N.)."}, {"num": "9", "textProcessed": ["bb", "dementsprech", "ablehn", "beweisantrag", "bedarf", "gerichtsbeschluss", "abs", "stpo", "begrund", "begrund", "funktion", "antragstell", "davon", "unterricht", "gericht", "antrag", "bewertet", "lag", "verteid", "verfahrenslag", "einzustell", "ablehn", "entstand", "zugleich", "grund", "ablehnungsbeschluss", "revisionsgericht", "rechtlich", "uberpruf", "tatricht", "entscheid", "ermoglicht", "hieraus", "folgt", "dass", "tatgericht", "beschluss", "ablehn", "wesent", "gesichtspunkt", "einzel", "wesent", "kern", "nachvollziehbar", "darleg", "bghst"], "text": "bb) Eine dementsprechende Ablehnung eines solchen Beweisantrags bedarf eines Gerichtsbeschlusses (\u00a7 244 Abs. 6 StPO), der zu begr\u00fcnden ist. Diese Begr\u00fcndung hat die Funktion, den Antragsteller davon zu unterrichten, wie das Gericht den Antrag bewertet, damit er in der Lage ist, sich in seiner Verteidigung auf die Verfahrenslage einzustellen, die durch die Ablehnung entstanden ist. Zugleich soll durch die Gr\u00fcnde des Ablehnungsbeschlusses dem Revisionsgericht die rechtliche \u00dcberpr\u00fcfung der tatrichterlichen Entscheidung erm\u00f6glicht werden. Hieraus folgt, dass das Tatgericht in seinem Beschluss die f\u00fcr die Ablehnung wesentlichen Gesichtspunkte, wenn auch nicht in allen Einzelheiten, so doch in ihrem wesentlichen Kern nachvollziehbar darlegen muss (BGHSt 40, 60, 63)."}, {"num": "10", "textProcessed": ["anforder", "genannt", "beschluss", "gerecht", "enthalt", "ansatz", "antizipier", "wurdig", "erwart", "beweisergebnis", "hintergrund", "dahin", "erhob", "beweis", "liess", "antragstell", "einschatz", "strafkamm", "beweissituation", "insoweit", "besteh", "verfahrenssituation", "vollig", "ungewiss", "senat", "rechtlich", "nachpruf", "dahin", "verwehrt", "landgericht", "voraussetz", "abs", "satz", "stpo", "rechtsfehlerfrei", "angenomm", "rechtspruf", "senat", "beschrankt", "insbesond", "notwend", "vorweggenomm", "beweiswurd", "tatgericht", "eig", "bewert", "ersetz", "bgh", "njw"], "text": "Diesen Anforderungen werden die genannten Beschl\u00fcsse nicht gerecht. Sie enthalten noch nicht einmal im Ansatz eine antizipierende W\u00fcrdigung des zu erwartenden Beweisergebnisses vor dem Hintergrund der bis dahin erhobenen Beweise. Damit lie\u00dfen sie zum einen den Antragsteller \u00fcber die Einsch\u00e4tzung der Strafkammer \u00fcber die Beweissituation und die insoweit bestehende Verfahrenssituation v\u00f6llig im Ungewissen. Zum anderen ist dem Senat die rechtliche Nachpr\u00fcfung dahin verwehrt, ob das Landgericht die Voraussetzungen des \u00a7 244 Abs. 5 Satz 2 StPO rechtsfehlerfrei angenommen hat. Auf diese Rechtspr\u00fcfung ist der Senat beschr\u00e4nkt; er kann insbesondere die notwendige vorweggenommene Beweisw\u00fcrdigung des Tatgerichts nicht durch eine eigene Bewertung ersetzen (BGH NJW 2005, 2322, 2323)."}, {"num": "11", "textProcessed": ["bedarf", "nah", "betracht", "ausfuhr", "landgericht", "dahin", "versteh", "konnt", "trotz", "ausdruck", "hinweis", "abs", "satz", "stpo", "sach", "beweisantrag", "abs", "satz", "stpo", "tatsach", "grund", "bedeut", "ablehn", "beschluss", "genug", "insoweit", "begrund", "stellend", "anforder", "hierzu", "fisch", "kk", "aufl", "rdn"], "text": "c) Es bedarf keiner n\u00e4heren Betrachtung, ob die Ausf\u00fchrungen des Landgerichts dahin zu verstehen sein k\u00f6nnten, es habe trotz seines ausdr\u00fccklichen Hinweises auf \u00a7 244 Abs. 5 Satz 2 StPO in der Sache die Beweisantr\u00e4ge nach \u00a7 244 Abs. 3 Satz 2 StPO als aus tats\u00e4chlichen Gr\u00fcnden ohne Bedeutung ablehnen wollen; denn die Beschl\u00fcsse gen\u00fcgen auch insoweit den an ihre Begr\u00fcndung zu stellenden Anforderungen nicht (s. hierzu Fischer in KK 6. Aufl. \u00a7 244 Rdn. 145 m. w. N.)."}, {"num": "12", "textProcessed": ["urteil", "beruht", "dargelegt", "verfahrensfehl", "abs", "stpo", "senat", "ausschliess", "dass", "landgericht", "abweich", "beweiswurd", "gelangt", "benannt", "zeug", "vernomm", "hatt", "beweisbehaupt", "bestatigt", "hatt"], "text": "3. Das Urteil beruht auf dem dargelegten Verfahrensfehler (\u00a7 337 Abs. 1 StPO). Der Senat kann nicht ausschlie\u00dfen, dass das Landgericht zu einer abweichenden Beweisw\u00fcrdigung gelangt w\u00e4re, wenn es die benannten Zeugen vernommen h\u00e4tte und diese die Beweisbehauptungen best\u00e4tigt h\u00e4tten."}], "norm": ["\u00a7 244 StPO", "\u00a7 244 S 2 StPO", "\u00a7 244 StPO"], "doktyp": "Beschluss", "regionLong": "Bundesrepublik Deutschland", "sonstlt": "", "gruendeProcessed": ["landgericht", "angeklagt", "unerlaubt", "handeltreib", "betaubungsmitteln", "gering", "meng", "freiheitsstraf", "acht", "jahr", "sech", "monat", "verurteilt", "hiergeg", "gerichtet", "revision", "angeklagt", "verletz", "formell", "materiell", "recht", "beanstandet", "zwei", "verfahrensrug", "erfolg", "feststell", "landgericht", "organisiert", "angeklagt", "transport", "etwa", "kg", "heroin", "lkw", "turkei", "deutschland", "rauschgift", "gewinnbring", "verkauf", "ankunft", "betaubungsmittel", "veranlasst", "mitangeklagt", "heroin", "abzuhol", "ubergab", "wurd", "fahr", "lkw", "festgenomm", "zeitgleich", "erfolgt", "festnahm", "bereich", "hauptbahnhof", "wartend", "angeklagt", "sowi", "mitangeklagt", "ab", "angeklagt", "dahin", "eingelass", "sei", "davon", "ausgegang", "dass", "ladung", "geschmuggelt", "antiquitat", "gehandelt", "erkrankt", "bekannt", "entgegennehm", "sei", "gegenstand", "telefonat", "verwandt", "turkei", "gefuhrt", "sei", "ausserd", "illegal", "grenzubertritt", "verwandt", "gegang", "landgericht", "einlass", "aufgrund", "fehlerfrei", "beweiswurd", "widerlegt", "gehalt", "dabei", "inhalt", "mehr", "telefonat", "angeklagt", "gesprachspartn", "turkei", "tatbegeh", "geschloss", "hintergrund", "beanstandet", "revision", "recht", "dass", "landgericht", "drei", "hauptverhandl", "gestellt", "beweisantrag", "rechtsfehlerhaft", "zuruckgewies", "verteid", "vernehm", "turkei", "befind", "neff", "angeklagt", "beweis", "dafur", "beantragt", "dass", "telefonat", "angeklagt", "entsprech", "einlass", "tatsach", "freundschaftsdien", "zusammenhang", "schmuggel", "antiquitat", "gegang", "sei", "antrag", "strafkamm", "gestutzt", "abs", "satz", "stpo", "weit", "begrund", "erwag", "abgelehnt", "erwies", "beweis", "gestellt", "tatsach", "sei", "direkt", "schluss", "darauf", "moglich", "angeklagt", "tat", "begang", "zwei", "weit", "antrag", "verteid", "vernehm", "zwei", "zeug", "turkei", "beweis", "dafur", "begehrt", "dass", "gesprachsinhalt", "verschied", "telefonat", "angeklagt", "heimlich", "transport", "nah", "verwandt", "turkei", "griechenland", "sei", "telefongesprach", "hatt", "somit", "angeklagt", "tat", "betroff", "antrag", "tatgericht", "ebenfall", "abs", "satz", "stpo", "abgelehnt", "ausgefuhrt", "beweis", "gestellt", "tatsach", "liess", "moglich", "zwingend", "schluss", "zwingend", "schluss", "liess", "zieh", "gesprachspartn", "tatsach", "davon", "ausgegang", "dass", "telefongesprach", "beweis", "gestellt", "inhalt", "fall", "moglich", "bestand", "dass", "unzutreff", "informiert", "word", "seien", "begrund", "trag", "zuruckweis", "beweisantrag", "aa", "abs", "satz", "stpo", "beweisantrag", "vernehm", "zeug", "ladung", "ausland", "bewirk", "abgelehnt", "anhor", "pflichtgemass", "beurteil", "gericht", "erforsch", "wahrheit", "erford", "ladung", "vernehm", "auslandszeug", "gebot", "richtet", "somit", "aufklarungspflicht", "gericht", "sinn", "abs", "stpo", "prufung", "tatricht", "nament", "bedeut", "beweiswert", "aussag", "benannt", "zeug", "hintergrund", "bisher", "beweisergebnis", "wurdig", "rahm", "geltend", "verbot", "beweisantizipation", "befreit", "dah", "darf", "prognost", "berucksicht", "ergebnis", "beantragt", "beweisaufnahm", "erwart", "wurdig", "kommt", "dabei", "berucksicht", "sowohl", "vorbring", "begrund", "beweisantrag", "bisher", "beweisaufnahm", "angefall", "erkenntnis", "rechtsfehlerfrei", "begrund", "ergebnis", "dass", "zeug", "beweisbehaupt", "bestat", "dass", "einfluss", "aussag", "tatricht", "uberzeugungsbild", "ausgeschloss", "sei", "zeug", "wiss", "gestellt", "behaupt", "bestat", "ablehn", "beweisantrag", "regel", "beanstand", "st", "rspr", "bghr", "stpo", "abs", "satz", "auslandszeug", "bgh", "njw", "bb", "dementsprech", "ablehn", "beweisantrag", "bedarf", "gerichtsbeschluss", "abs", "stpo", "begrund", "begrund", "funktion", "antragstell", "davon", "unterricht", "gericht", "antrag", "bewertet", "lag", "verteid", "verfahrenslag", "einzustell", "ablehn", "entstand", "zugleich", "grund", "ablehnungsbeschluss", "revisionsgericht", "rechtlich", "uberpruf", "tatricht", "entscheid", "ermoglicht", "hieraus", "folgt", "dass", "tatgericht", "beschluss", "ablehn", "wesent", "gesichtspunkt", "einzel", "wesent", "kern", "nachvollziehbar", "darleg", "bghst", "anforder", "genannt", "beschluss", "gerecht", "enthalt", "ansatz", "antizipier", "wurdig", "erwart", "beweisergebnis", "hintergrund", "dahin", "erhob", "beweis", "liess", "antragstell", "einschatz", "strafkamm", "beweissituation", "insoweit", "besteh", "verfahrenssituation", "vollig", "ungewiss", "senat", "rechtlich", "nachpruf", "dahin", "verwehrt", "landgericht", "voraussetz", "abs", "satz", "stpo", "rechtsfehlerfrei", "angenomm", "rechtspruf", "senat", "beschrankt", "insbesond", "notwend", "vorweggenomm", "beweiswurd", "tatgericht", "eig", "bewert", "ersetz", "bgh", "njw", "bedarf", "nah", "betracht", "ausfuhr", "landgericht", "dahin", "versteh", "konnt", "trotz", "ausdruck", "hinweis", "abs", "satz", "stpo", "sach", "beweisantrag", "abs", "satz", "stpo", "tatsach", "grund", "bedeut", "ablehn", "beschluss", "genug", "insoweit", "begrund", "stellend", "anforder", "hierzu", "fisch", "kk", "aufl", "rdn", "urteil", "beruht", "dargelegt", "verfahrensfehl", "abs", "stpo", "senat", "ausschliess", "dass", "landgericht", "abweich", "beweiswurd", "gelangt", "benannt", "zeug", "vernomm", "hatt", "beweisbehaupt", "bestatigt", "hatt", "beck", "lien", "sost", "scheibl", "schaf", "may"], "mitwirkung": "", "aktenzeichen": "3 StR 451/09", "language": "deutsch", "gertyp": "BGH", "leitsatz": "", "gruende": "\n      <div>\n         <dl class=\"RspDL\">\n            <dt>\n               <a name=\"rd_1\">1</a>\n            </dt>\n            <dd>\n               <p>Das Landgericht hat den Angeklagten wegen unerlaubten Handeltreibens mit Bet\u00e4ubungsmitteln in nicht geringer Menge zu einer Freiheitsstrafe von acht Jahren und sechs Monaten verurteilt. Die hiergegen gerichtete Revision des Angeklagten, mit der er die Verletzung formellen und materiellen Rechts beanstandet, hat mit zwei Verfahrensr\u00fcgen Erfolg.</p>\n            </dd>\n         </dl>\n         <dl class=\"RspDL\">\n            <dt/>\n            <dd>\n               <p/>\n            </dd>\n         </dl>\n         <dl class=\"RspDL\">\n            <dt>\n               <a name=\"rd_2\">2</a>\n            </dt>\n            <dd>\n               <p>1. Nach den Feststellungen des Landgerichts organisierte der Angeklagte den Transport von etwa 10 kg Heroin in einem LKW aus der T\u00fcrkei nach Deutschland, um das Rauschgift gewinnbringend weiter zu verkaufen. Nach der Ankunft der Bet\u00e4ubungsmittel in K.\u00a0veranlasste er den Mitangeklagten A., das Heroin abzuholen. Nach der \u00dcbergabe wurden A.\u00a0und der Fahrer des LKW festgenommen. Zeitgleich erfolgte die Festnahme des im Bereich des K.'er Hauptbahnhofs wartenden Angeklagten sowie des Mitangeklagten Ab.\u00a0C.</p>\n            </dd>\n         </dl>\n         <dl class=\"RspDL\">\n            <dt/>\n            <dd>\n               <p/>\n            </dd>\n         </dl>\n         <dl class=\"RspDL\">\n            <dt>\n               <a name=\"rd_3\">3</a>\n            </dt>\n            <dd>\n               <p>Der Angeklagte hat sich dahin eingelassen, er sei davon ausgegangen, dass es sich um eine Ladung geschmuggelter Antiquit\u00e4ten gehandelt habe, die er f\u00fcr einen erkrankten Bekannten habe entgegennehmen wollen. Dies sei auch Gegenstand der Telefonate gewesen, die er mit Verwandten in der T\u00fcrkei gef\u00fchrt habe; bei diesen sei es au\u00dferdem um illegale Grenz\u00fcbertritte eines Verwandten gegangen. Das Landgericht hat diese Einlassung - aufgrund einer f\u00fcr sich fehlerfreien Beweisw\u00fcrdigung - f\u00fcr widerlegt gehalten und dabei auch aus dem Inhalt mehrerer Telefonate des Angeklagten mit Gespr\u00e4chspartnern in der T\u00fcrkei auf seine Tatbegehung geschlossen.</p>\n            </dd>\n         </dl>\n         <dl class=\"RspDL\">\n            <dt/>\n            <dd>\n               <p/>\n            </dd>\n         </dl>\n         <dl class=\"RspDL\">\n            <dt>\n               <a name=\"rd_4\">4</a>\n            </dt>\n            <dd>\n               <p>2. Vor diesem Hintergrund beanstandet die Revision mit Recht, dass das Landgericht drei in der Hauptverhandlung gestellte Beweisantr\u00e4ge rechtsfehlerhaft zur\u00fcckgewiesen hat.</p>\n            </dd>\n         </dl>\n         <dl class=\"RspDL\">\n            <dt/>\n            <dd>\n               <p/>\n            </dd>\n         </dl>\n         <dl class=\"RspDL\">\n            <dt>\n               <a name=\"rd_5\">5</a>\n            </dt>\n            <dd>\n               <p>a) Die Verteidigung hatte die Vernehmung des in der T\u00fcrkei befindlichen Neffen des Angeklagten zum Beweis daf\u00fcr beantragt, dass es bei den Telefonaten mit dem Angeklagten entsprechend seiner Einlassung tats\u00e4chlich um einen Freundschaftsdienst im Zusammenhang mit dem Schmuggel von Antiquit\u00e4ten gegangen sei. Diesen Antrag hat die Strafkammer gest\u00fctzt auf \u00a7 244 Abs. 5 Satz 2 StPO ohne weitere Begr\u00fcndung mit der Erw\u00e4gung abgelehnt, auch bei Erwiesenheit der unter Beweis gestellten Tatsache sei kein direkter Schluss darauf m\u00f6glich, ob der Angeklagte die Tat begangen habe oder nicht.</p>\n            </dd>\n         </dl>\n         <dl class=\"RspDL\">\n            <dt/>\n            <dd>\n               <p/>\n            </dd>\n         </dl>\n         <dl class=\"RspDL\">\n            <dt>\n               <a name=\"rd_6\">6</a>\n            </dt>\n            <dd>\n               <p>Mit zwei weiteren Antr\u00e4gen hatte die Verteidigung die Vernehmung von zwei Zeugen aus der T\u00fcrkei zum Beweis daf\u00fcr begehrt, dass Gespr\u00e4chsinhalt verschiedener Telefonate mit dem Angeklagten der heimliche Transport eines nahen Verwandten aus der T\u00fcrkei nach Griechenland gewesen sei; die Telefongespr\u00e4che h\u00e4tten somit nicht die angeklagte Tat betroffen. Diese Antr\u00e4ge hat das Tatgericht ebenfalls nach \u00a7 244 Abs. 5 Satz 2 StPO abgelehnt und ausgef\u00fchrt, die unter Beweis gestellten Tatsachen lie\u00dfen nur m\u00f6gliche, nicht aber zwingende Schl\u00fcsse zu. Ein zwingender Schluss lie\u00dfe sich auch dann nicht ziehen, wenn die Gespr\u00e4chspartner tats\u00e4chlich davon ausgegangen w\u00e4ren, dass die Telefongespr\u00e4che den unter Beweis gestellten Inhalt hatten, da auch in diesem Fall die M\u00f6glichkeit bestanden habe, dass sie unzutreffend informiert worden seien.</p>\n            </dd>\n         </dl>\n         <dl class=\"RspDL\">\n            <dt/>\n            <dd>\n               <p/>\n            </dd>\n         </dl>\n         <dl class=\"RspDL\">\n            <dt>\n               <a name=\"rd_7\">7</a>\n            </dt>\n            <dd>\n               <p>b) Diese Begr\u00fcndungen tragen die Zur\u00fcckweisung der Beweisantr\u00e4ge nicht.</p>\n            </dd>\n         </dl>\n         <dl class=\"RspDL\">\n            <dt/>\n            <dd>\n               <p/>\n            </dd>\n         </dl>\n         <dl class=\"RspDL\">\n            <dt>\n               <a name=\"rd_8\">8</a>\n            </dt>\n            <dd>\n               <p>aa) Nach \u00a7 244 Abs. 5 Satz 2 StPO kann ein Beweisantrag auf Vernehmung eines Zeugen, dessen Ladung im Ausland zu bewirken w\u00e4re, abgelehnt werden, wenn dessen Anh\u00f6rung nach pflichtgem\u00e4\u00dfer Beurteilung des Gerichts zur Erforschung der Wahrheit nicht erforderlich ist. Ob die Ladung und Vernehmung eines Auslandszeugen geboten ist, richtet sich somit nach der Aufkl\u00e4rungspflicht des Gerichts im Sinne des \u00a7 244 Abs. 2 StPO. Bei deren Pr\u00fcfung hat der Tatrichter namentlich die Bedeutung und den Beweiswert der Aussage des benannten Zeugen vor dem Hintergrund des bisherigen Beweisergebnisses zu w\u00fcrdigen. In diesem Rahmen ist er von dem sonst geltenden Verbot der Beweisantizipation befreit. Daher darf er prognostisch ber\u00fccksichtigen, welche Ergebnisse von der beantragten Beweisaufnahme zu erwarten sind und wie diese zu w\u00fcrdigen w\u00e4ren. Kommt er dabei unter Ber\u00fccksichtigung sowohl des Vorbringens zur Begr\u00fcndung des Beweisantrags als auch der in der bisherigen Beweisaufnahme angefallenen Erkenntnisse mit rechtsfehlerfreier Begr\u00fcndung zu dem Ergebnis, dass der Zeuge die Beweisbehauptung nicht werde best\u00e4tigen k\u00f6nnen oder dass ein Einfluss der Aussage auf seine - des Tatrichters - \u00dcberzeugungsbildung auch dann sicher ausgeschlossen sei, wenn der Zeuge die in sein Wissen gestellte Behauptung best\u00e4tigen werde, ist die Ablehnung des Beweisantrags in aller Regel nicht zu beanstanden (st. Rspr.; s. nur BGHR StPO \u00a7 244 Abs. 5 Satz 2 Auslandszeuge 13; BGH NJW 2005, 2322, 2323 m. w. N.).</p>\n            </dd>\n         </dl>\n         <dl class=\"RspDL\">\n            <dt/>\n            <dd>\n               <p/>\n            </dd>\n         </dl>\n         <dl class=\"RspDL\">\n            <dt>\n               <a name=\"rd_9\">9</a>\n            </dt>\n            <dd>\n               <p>bb) Eine dementsprechende Ablehnung eines solchen Beweisantrags bedarf eines Gerichtsbeschlusses (\u00a7 244 Abs. 6 StPO), der zu begr\u00fcnden ist. Diese Begr\u00fcndung hat die Funktion, den Antragsteller davon zu unterrichten, wie das Gericht den Antrag bewertet, damit er in der Lage ist, sich in seiner Verteidigung auf die Verfahrenslage einzustellen, die durch die Ablehnung entstanden ist. Zugleich soll durch die Gr\u00fcnde des Ablehnungsbeschlusses dem Revisionsgericht die rechtliche \u00dcberpr\u00fcfung der tatrichterlichen Entscheidung erm\u00f6glicht werden. Hieraus folgt, dass das Tatgericht in seinem Beschluss die f\u00fcr die Ablehnung wesentlichen Gesichtspunkte, wenn auch nicht in allen Einzelheiten, so doch in ihrem wesentlichen Kern nachvollziehbar darlegen muss (BGHSt 40, 60, 63).</p>\n            </dd>\n         </dl>\n         <dl class=\"RspDL\">\n            <dt/>\n            <dd>\n               <p/>\n            </dd>\n         </dl>\n         <dl class=\"RspDL\">\n            <dt>\n               <a name=\"rd_10\">10</a>\n            </dt>\n            <dd>\n               <p>Diesen Anforderungen werden die genannten Beschl\u00fcsse nicht gerecht. Sie enthalten noch nicht einmal im Ansatz eine antizipierende W\u00fcrdigung des zu erwartenden Beweisergebnisses vor dem Hintergrund der bis dahin erhobenen Beweise. Damit lie\u00dfen sie zum einen den Antragsteller \u00fcber die Einsch\u00e4tzung der Strafkammer \u00fcber die Beweissituation und die insoweit bestehende Verfahrenssituation v\u00f6llig im Ungewissen. Zum anderen ist dem Senat die rechtliche Nachpr\u00fcfung dahin verwehrt, ob das Landgericht die Voraussetzungen des \u00a7 244 Abs. 5 Satz 2 StPO rechtsfehlerfrei angenommen hat. Auf diese Rechtspr\u00fcfung ist der Senat beschr\u00e4nkt; er kann insbesondere die notwendige vorweggenommene Beweisw\u00fcrdigung des Tatgerichts nicht durch eine eigene Bewertung ersetzen (BGH NJW 2005, 2322, 2323).</p>\n            </dd>\n         </dl>\n         <dl class=\"RspDL\">\n            <dt/>\n            <dd>\n               <p/>\n            </dd>\n         </dl>\n         <dl class=\"RspDL\">\n            <dt>\n               <a name=\"rd_11\">11</a>\n            </dt>\n            <dd>\n               <p>c) Es bedarf keiner n\u00e4heren Betrachtung, ob die Ausf\u00fchrungen des Landgerichts dahin zu verstehen sein k\u00f6nnten, es habe trotz seines ausdr\u00fccklichen Hinweises auf \u00a7 244 Abs. 5 Satz 2 StPO in der Sache die Beweisantr\u00e4ge nach \u00a7 244 Abs. 3 Satz 2 StPO als aus tats\u00e4chlichen Gr\u00fcnden ohne Bedeutung ablehnen wollen; denn die Beschl\u00fcsse gen\u00fcgen auch insoweit den an ihre Begr\u00fcndung zu stellenden Anforderungen nicht (s. hierzu Fischer in KK 6. Aufl. \u00a7 244 Rdn. 145 m. w. N.).</p>\n            </dd>\n         </dl>\n         <dl class=\"RspDL\">\n            <dt/>\n            <dd>\n               <p/>\n            </dd>\n         </dl>\n         <dl class=\"RspDL\">\n            <dt>\n               <a name=\"rd_12\">12</a>\n            </dt>\n            <dd>\n               <p>3. Das Urteil beruht auf dem dargelegten Verfahrensfehler (\u00a7 337 Abs. 1 StPO). Der Senat kann nicht ausschlie\u00dfen, dass das Landgericht zu einer abweichenden Beweisw\u00fcrdigung gelangt w\u00e4re, wenn es die benannten Zeugen vernommen h\u00e4tte und diese die Beweisbehauptungen best\u00e4tigt h\u00e4tten.</p>\n            </dd>\n         </dl>\n         <dl class=\"RspDL\">\n            <dt/>\n            <dd>\n               <p/>\n            </dd>\n         </dl>\n         <dl class=\"RspDL\">\n            <dt/>\n            <dd>\n               <p>Becker\u00a0\u00a0\u00a0\u00a0\u00a0\u00a0\u00a0\u00a0\u00a0\u00a0\u00a0\u00a0\u00a0\u00a0\u00a0\u00a0\u00a0\u00a0\u00a0\u00a0\u00a0\u00a0\u00a0\u00a0\u00a0\u00a0\u00a0\u00a0\u00a0\u00a0\u00a0\u00a0\u00a0\u00a0\u00a0\u00a0\u00a0\u00a0\u00a0\u00a0\u00a0von Lienen\u00a0\u00a0\u00a0\u00a0\u00a0\u00a0\u00a0\u00a0\u00a0\u00a0\u00a0\u00a0\u00a0\u00a0\u00a0\u00a0\u00a0\u00a0\u00a0\u00a0\u00a0\u00a0\u00a0\u00a0\u00a0\u00a0\u00a0\u00a0\u00a0\u00a0\u00a0\u00a0\u00a0\u00a0\u00a0Sost-Scheible</p>\n            </dd>\n         </dl>\n         <dl class=\"RspDL\">\n            <dt/>\n            <dd>\n               <p>\u00a0\u00a0\u00a0\u00a0\u00a0\u00a0\u00a0\u00a0\u00a0\u00a0\u00a0\u00a0\u00a0\u00a0\u00a0\u00a0\u00a0\u00a0\u00a0\u00a0\u00a0\u00a0\u00a0\u00a0Sch\u00e4fer\u00a0\u00a0\u00a0\u00a0\u00a0\u00a0\u00a0\u00a0\u00a0\u00a0\u00a0\u00a0\u00a0\u00a0\u00a0\u00a0\u00a0\u00a0\u00a0\u00a0\u00a0\u00a0\u00a0\u00a0\u00a0\u00a0\u00a0\u00a0\u00a0\u00a0\u00a0\u00a0\u00a0\u00a0\u00a0\u00a0\u00a0\u00a0\u00a0\u00a0\u00a0\u00a0\u00a0\u00a0\u00a0\u00a0\u00a0Mayer</p>\n            </dd>\n         </dl>\n         <dl class=\"RspDL\">\n            <dt/>\n            <dd>\n               <p/>\n            </dd>\n         </dl>\n      </div>\n   ", "accessRights": "public", "gerort": "", "entschDatum": "20100119", "coverage": "Deutschland", "titel": "\n      <dl class=\"RspDL\">\n         <dt/>\n         <dd>\n            <p>Ablehnung eines Beweisantrags im Strafverfahren: Anforderungen an die Ablehnung des Antrags auf Vernehmung eines Auslandszeugen und an die Begr\u00fcndung des Ablehnungsbeschlusses</p>\n         </dd>\n      </dl>\n   ", "ecli": "", "identifier": "http://www.rechtsprechung-im-internet.de/jportal/?quelle=jlink&docid=JURE100057365&psml=bsjrsprod.psml&max=true", "spruchkoerper": "3. Strafsenat", "vorinstanz": "vorgehend LG Hannover, 18. Mai 2009, Az: 40 a 15/08 - 6031 Js 20480/08, Urteil\n   ", "doknr": "JURE100057365", "abweichendeMeinung": "", "tenor": "\n      <div>\n         <dl class=\"RspDL\">\n            <dt/>\n            <dd>\n               <p>Auf die Revision des Angeklagten T.\u00a0C.\u00a0wird das Urteil des Landgerichts Hannover vom 18. Mai 2009, soweit es ihn betrifft, mit den Feststellungen aufgehoben.</p>\n            </dd>\n         </dl>\n         <dl class=\"RspDL\">\n            <dt/>\n            <dd>\n               <p/>\n            </dd>\n         </dl>\n         <dl class=\"RspDL\">\n            <dt/>\n            <dd>\n               <p>Die Sache wird zu neuer Verhandlung und Entscheidung, auch \u00fcber die Kosten des Rechtsmittels, an eine andere Strafkammer des Landgerichts zur\u00fcckverwiesen.</p>\n            </dd>\n         </dl>\n         <dl class=\"RspDL\">\n            <dt/>\n            <dd>\n               <p/>\n            </dd>\n         </dl>\n      </div>\n   ", "regionAbk": "DEU"}