{"publisher": "BMJV", "tatbestand": "", "absaetze": [{"num": "1", "textProcessed": ["landgericht", "angeklagt", "schwer", "rauber", "erpress", "zwei", "fall", "gesamtfreiheitsstraf", "funf", "jahr", "sech", "monat", "verurteilt", "zusatz", "angeklagt", "zusamm", "mitangeklagt", "gesamtschuldn", "verurteilt", "schmerzensgeldbetrag", "euro", "zusamm", "mitangeklagt", "weit", "betrag", "euro", "adhasionsklagerin", "zahl", "darub", "hinaus", "verpflicht", "ausgesproch", "adhasionsklagerin", "jeglich", "weitergeh", "materiell", "immateriell", "schad", "entstand", "entsteht", "ersetz", "verletz", "materiell", "recht", "gestutzt", "revision", "angeklagt", "tenor", "ersicht", "erfolg", "ubrig", "offensicht", "unbegrundet"], "text": "Das Landgericht hat den Angeklagten S.\u00a0wegen schwerer r\u00e4uberischer Erpressung in zwei F\u00e4llen zu einer Gesamtfreiheitsstrafe von f\u00fcnf Jahren und sechs Monaten verurteilt. Zus\u00e4tzlich hat es den Angeklagten zusammen mit den Mitangeklagten L.\u00a0und T.\u00a0als Gesamtschuldner verurteilt, einen Schmerzensgeldbetrag von 2.000 Euro und zusammen mit dem Mitangeklagten L.\u00a0einen weiteren Betrag von 1.000 Euro an die Adh\u00e4sionskl\u00e4gerin zu zahlen. Dar\u00fcber hinaus hat es die Verpflichtung ausgesprochen, der Adh\u00e4sionskl\u00e4gerin jeglichen weitergehenden materiellen und immateriellen Schaden, der entstanden ist und noch entsteht, zu ersetzen. Die auf die Verletzung materiellen Rechts gest\u00fctzte Revision des Angeklagten hat den aus dem Tenor ersichtlichen Erfolg; im \u00dcbrigen ist sie offensichtlich unbegr\u00fcndet."}, {"num": "2", "textProcessed": ["landgericht", "adhasionsklagerin", "konkret", "beziffert", "schmerzensgeldbetrag", "hoh", "differenziert", "hinsicht", "tatbeteiligt", "zugesproch", "zugleich", "festgestellt", "dass", "jeglich", "weit", "materiell", "immateriell", "schad", "ersetz", "sei", "hoh", "schmerzensgeld", "bezugnahm", "gesetz", "vorschrift", "bgb", "stgb", "tatopf", "eingesetzt", "kriminell", "energi", "unrechtsgehalt", "tat", "sowi", "tat", "verursacht", "korp", "seelisch", "folg", "begrundet", "ua"], "text": "1. Das Landgericht hat der Adh\u00e4sionskl\u00e4gerin konkret bezifferte Schmerzensgeldbetr\u00e4ge, der H\u00f6he nach differenziert hinsichtlich der Tatbeteiligten, zugesprochen und zugleich festgestellt, dass jeglicher weiterer materieller und immaterieller Schaden zu ersetzen sei. Die H\u00f6he des Schmerzensgeldes hat es unter Bezugnahme auf gesetzliche Vorschriften aus dem BGB und dem StGB mit der gegen das Tatopfer eingesetzten kriminellen Energie, dem Unrechtsgehalt der Tat sowie den durch die Tat verursachten k\u00f6rperlichen und seelischen Folgen begr\u00fcndet (UA S. 45)."}, {"num": "3", "textProcessed": ["begrund", "tragt", "adhasionsausspruch", "zeigt", "ledig", "formelhaft", "allgemein", "gultig", "kriteri", "bemess", "schmerzensgeldbetrag", "hinblick", "konkret", "zugrund", "liegend", "tat", "ansatzweis", "deutlich", "warum", "ausgeurteilt", "betrag", "zud", "unterschied", "hinsicht", "einzeln", "tatbeteiligt", "fuhrt", "darub", "hinaus", "deutlich", "kamm", "dabei", "regelmass", "erford", "person", "wirtschaft", "verhaltnis", "tatbeteiligt", "berucksichtigt", "solch", "floskelhaft", "begrund", "adhasionsentscheid", "bestand"], "text": "Diese Begr\u00fcndung tr\u00e4gt den Adh\u00e4sionsausspruch nicht. Sie zeigt lediglich formelhaft allgemein g\u00fcltige Kriterien f\u00fcr die Bemessung von Schmerzensgeldbetr\u00e4gen auf, ohne im Hinblick auf die konkret zugrunde liegende Tat auch nur ansatzweise deutlich zu machen, warum dies zu den ausgeurteilten Betr\u00e4gen, zudem noch unterschiedlich hinsichtlich einzelner Tatbeteiligter, f\u00fchrt. Dar\u00fcber hinaus wird nicht deutlich, ob die Kammer dabei, wie regelm\u00e4\u00dfig erforderlich, die pers\u00f6nlichen und wirtschaftlichen Verh\u00e4ltnisse der Tatbeteiligten ber\u00fccksichtigt hat. Mit einer solch floskelhaften Begr\u00fcndung hat eine Adh\u00e4sionsentscheidung keinen Bestand."}, {"num": "4", "textProcessed": ["ausfuhr", "ausgesproch", "verpflicht", "erstatt", "weitergeh", "schad", "find", "urteilsgrund", "verletz", "nebenklagerin", "dau", "zukunftsschad", "wahrschein", "urteilsgrund", "entnehm", "sachlag", "deshalb", "erford", "darzutun", "warum", "ausspruch", "gleichwohl", "gerechtfertigt", "vgl", "bgh", "beschluss", "juli", "str"], "text": "Ausf\u00fchrungen zu der weiter ausgesprochenen Verpflichtung zur Erstattung eines weitergehenden Schadens finden sich in den Urteilsgr\u00fcnden nicht. Verletzungen der Nebenkl\u00e4gerin, die einen Dauer- oder Zukunftsschaden wahrscheinlich machen, sind den Urteilsgr\u00fcnden nicht zu entnehmen. Bei dieser Sachlage w\u00e4re es deshalb erforderlich gewesen darzutun, warum ein solcher Ausspruch gleichwohl gerechtfertigt ist (vgl. BGH, Beschluss vom 29. Juli 2003 - 4 StR 222/03)."}, {"num": "5", "textProcessed": ["zuruckverweis", "sach", "neu", "verhandl", "allein", "adhasionsanspruch", "kommt", "betracht", "vgl", "bgh", "nstz", "entscheid", "hierub", "deshalb", "abzuseh"], "text": "Eine Zur\u00fcckverweisung der Sache zur neuen Verhandlung allein \u00fcber den Adh\u00e4sionsanspruch kommt nicht in Betracht (vgl. BGH NStZ 1988, 237). Von einer Entscheidung hier\u00fcber war deshalb abzusehen."}, {"num": "6", "textProcessed": ["erstreck", "aufheb", "adhasionsausspruch", "nichtrevident", "kommt", "betracht", "liegt", "fall", "stpo", "aufheb", "gesetzesverletz", "anwend", "strafgesetz", "erfolgt", "vgl", "bgh", "stv", "bgh", "nstz", "amt", "prufend", "verfahrensvoraussetz", "geht"], "text": "2. Die Erstreckung der Aufhebung des Adh\u00e4sionsausspruchs auf den Nichtrevidenten L.\u00a0kommt nicht in Betracht. Es liegt kein Fall des \u00a7 357 StPO vor, weil die Aufhebung nicht wegen einer Gesetzesverletzung bei Anwendung eines Strafgesetzes erfolgt (vgl. BGH StV 2004, 61) und es nicht wie bei BGH NStZ 1988, 470 um eine von Amts wegen zu pr\u00fcfende Verfahrensvoraussetzung geht."}, {"num": "7", "textProcessed": ["kostenentscheid", "beruht", "abs", "satz", "abs", "stpo"], "text": "3. Die Kostenentscheidung beruht auf \u00a7 473 Abs. 1 Satz 1, \u00a7 472a Abs. 2 StPO."}], "norm": ["\u00a7 27 StGB", "\u00a7 250 Nr 1 Buchst b StGB", "\u00a7 255 StGB", "\u00a7 261 StPO", "\u00a7 267 StPO"], "doktyp": "Beschluss", "regionLong": "Bundesrepublik Deutschland", "sonstlt": "", "gruendeProcessed": ["landgericht", "angeklagt", "schwer", "rauber", "erpress", "zwei", "fall", "gesamtfreiheitsstraf", "funf", "jahr", "sech", "monat", "verurteilt", "zusatz", "angeklagt", "zusamm", "mitangeklagt", "gesamtschuldn", "verurteilt", "schmerzensgeldbetrag", "euro", "zusamm", "mitangeklagt", "weit", "betrag", "euro", "adhasionsklagerin", "zahl", "darub", "hinaus", "verpflicht", "ausgesproch", "adhasionsklagerin", "jeglich", "weitergeh", "materiell", "immateriell", "schad", "entstand", "entsteht", "ersetz", "verletz", "materiell", "recht", "gestutzt", "revision", "angeklagt", "tenor", "ersicht", "erfolg", "ubrig", "offensicht", "unbegrundet", "landgericht", "adhasionsklagerin", "konkret", "beziffert", "schmerzensgeldbetrag", "hoh", "differenziert", "hinsicht", "tatbeteiligt", "zugesproch", "zugleich", "festgestellt", "dass", "jeglich", "weit", "materiell", "immateriell", "schad", "ersetz", "sei", "hoh", "schmerzensgeld", "bezugnahm", "gesetz", "vorschrift", "bgb", "stgb", "tatopf", "eingesetzt", "kriminell", "energi", "unrechtsgehalt", "tat", "sowi", "tat", "verursacht", "korp", "seelisch", "folg", "begrundet", "ua", "begrund", "tragt", "adhasionsausspruch", "zeigt", "ledig", "formelhaft", "allgemein", "gultig", "kriteri", "bemess", "schmerzensgeldbetrag", "hinblick", "konkret", "zugrund", "liegend", "tat", "ansatzweis", "deutlich", "warum", "ausgeurteilt", "betrag", "zud", "unterschied", "hinsicht", "einzeln", "tatbeteiligt", "fuhrt", "darub", "hinaus", "deutlich", "kamm", "dabei", "regelmass", "erford", "person", "wirtschaft", "verhaltnis", "tatbeteiligt", "berucksichtigt", "solch", "floskelhaft", "begrund", "adhasionsentscheid", "bestand", "ausfuhr", "ausgesproch", "verpflicht", "erstatt", "weitergeh", "schad", "find", "urteilsgrund", "verletz", "nebenklagerin", "dau", "zukunftsschad", "wahrschein", "urteilsgrund", "entnehm", "sachlag", "deshalb", "erford", "darzutun", "warum", "ausspruch", "gleichwohl", "gerechtfertigt", "vgl", "bgh", "beschluss", "juli", "str", "zuruckverweis", "sach", "neu", "verhandl", "allein", "adhasionsanspruch", "kommt", "betracht", "vgl", "bgh", "nstz", "entscheid", "hierub", "deshalb", "abzuseh", "erstreck", "aufheb", "adhasionsausspruch", "nichtrevident", "kommt", "betracht", "liegt", "fall", "stpo", "aufheb", "gesetzesverletz", "anwend", "strafgesetz", "erfolgt", "vgl", "bgh", "stv", "bgh", "nstz", "amt", "prufend", "verfahrensvoraussetz", "geht", "kostenentscheid", "beruht", "abs", "satz", "abs", "stpo", "rissing", "van", "saan", "schmitt", "krehl", "eschelbach", "ott"], "mitwirkung": "", "aktenzeichen": "2 StR 100/10", "language": "deutsch", "gertyp": "BGH", "leitsatz": "", "gruende": "\n      <div>\n         <dl class=\"RspDL\">\n            <dt>\n               <a name=\"rd_1\">1</a>\n            </dt>\n            <dd>\n               <p>Das Landgericht hat den Angeklagten S.\u00a0wegen schwerer r\u00e4uberischer Erpressung in zwei F\u00e4llen zu einer Gesamtfreiheitsstrafe von f\u00fcnf Jahren und sechs Monaten verurteilt. Zus\u00e4tzlich hat es den Angeklagten zusammen mit den Mitangeklagten L.\u00a0und T.\u00a0als Gesamtschuldner verurteilt, einen Schmerzensgeldbetrag von 2.000 Euro und zusammen mit dem Mitangeklagten L.\u00a0einen weiteren Betrag von 1.000 Euro an die Adh\u00e4sionskl\u00e4gerin zu zahlen. Dar\u00fcber hinaus hat es die Verpflichtung ausgesprochen, der Adh\u00e4sionskl\u00e4gerin jeglichen weitergehenden materiellen und immateriellen Schaden, der entstanden ist und noch entsteht, zu ersetzen. Die auf die Verletzung materiellen Rechts gest\u00fctzte Revision des Angeklagten hat den aus dem Tenor ersichtlichen Erfolg; im \u00dcbrigen ist sie offensichtlich unbegr\u00fcndet.</p>\n            </dd>\n         </dl>\n         <dl class=\"RspDL\">\n            <dt/>\n            <dd>\n               <p/>\n            </dd>\n         </dl>\n         <dl class=\"RspDL\">\n            <dt>\n               <a name=\"rd_2\">2</a>\n            </dt>\n            <dd>\n               <p>1. Das Landgericht hat der Adh\u00e4sionskl\u00e4gerin konkret bezifferte Schmerzensgeldbetr\u00e4ge, der H\u00f6he nach differenziert hinsichtlich der Tatbeteiligten, zugesprochen und zugleich festgestellt, dass jeglicher weiterer materieller und immaterieller Schaden zu ersetzen sei. Die H\u00f6he des Schmerzensgeldes hat es unter Bezugnahme auf gesetzliche Vorschriften aus dem BGB und dem StGB mit der gegen das Tatopfer eingesetzten kriminellen Energie, dem Unrechtsgehalt der Tat sowie den durch die Tat verursachten k\u00f6rperlichen und seelischen Folgen begr\u00fcndet (UA S. 45).</p>\n            </dd>\n         </dl>\n         <dl class=\"RspDL\">\n            <dt/>\n            <dd>\n               <p/>\n            </dd>\n         </dl>\n         <dl class=\"RspDL\">\n            <dt>\n               <a name=\"rd_3\">3</a>\n            </dt>\n            <dd>\n               <p>Diese Begr\u00fcndung tr\u00e4gt den Adh\u00e4sionsausspruch nicht. Sie zeigt lediglich formelhaft allgemein g\u00fcltige Kriterien f\u00fcr die Bemessung von Schmerzensgeldbetr\u00e4gen auf, ohne im Hinblick auf die konkret zugrunde liegende Tat auch nur ansatzweise deutlich zu machen, warum dies zu den ausgeurteilten Betr\u00e4gen, zudem noch unterschiedlich hinsichtlich einzelner Tatbeteiligter, f\u00fchrt. Dar\u00fcber hinaus wird nicht deutlich, ob die Kammer dabei, wie regelm\u00e4\u00dfig erforderlich, die pers\u00f6nlichen und wirtschaftlichen Verh\u00e4ltnisse der Tatbeteiligten ber\u00fccksichtigt hat. Mit einer solch floskelhaften Begr\u00fcndung hat eine Adh\u00e4sionsentscheidung keinen Bestand.</p>\n            </dd>\n         </dl>\n         <dl class=\"RspDL\">\n            <dt/>\n            <dd>\n               <p/>\n            </dd>\n         </dl>\n         <dl class=\"RspDL\">\n            <dt>\n               <a name=\"rd_4\">4</a>\n            </dt>\n            <dd>\n               <p>Ausf\u00fchrungen zu der weiter ausgesprochenen Verpflichtung zur Erstattung eines weitergehenden Schadens finden sich in den Urteilsgr\u00fcnden nicht. Verletzungen der Nebenkl\u00e4gerin, die einen Dauer- oder Zukunftsschaden wahrscheinlich machen, sind den Urteilsgr\u00fcnden nicht zu entnehmen. Bei dieser Sachlage w\u00e4re es deshalb erforderlich gewesen darzutun, warum ein solcher Ausspruch gleichwohl gerechtfertigt ist (vgl. BGH, Beschluss vom 29. Juli 2003 - 4 StR 222/03).</p>\n            </dd>\n         </dl>\n         <dl class=\"RspDL\">\n            <dt/>\n            <dd>\n               <p/>\n            </dd>\n         </dl>\n         <dl class=\"RspDL\">\n            <dt>\n               <a name=\"rd_5\">5</a>\n            </dt>\n            <dd>\n               <p>Eine Zur\u00fcckverweisung der Sache zur neuen Verhandlung allein \u00fcber den Adh\u00e4sionsanspruch kommt nicht in Betracht (vgl. BGH NStZ 1988, 237). Von einer Entscheidung hier\u00fcber war deshalb abzusehen.</p>\n            </dd>\n         </dl>\n         <dl class=\"RspDL\">\n            <dt/>\n            <dd>\n               <p/>\n            </dd>\n         </dl>\n         <dl class=\"RspDL\">\n            <dt>\n               <a name=\"rd_6\">6</a>\n            </dt>\n            <dd>\n               <p>2. Die Erstreckung der Aufhebung des Adh\u00e4sionsausspruchs auf den Nichtrevidenten L.\u00a0kommt nicht in Betracht. Es liegt kein Fall des \u00a7 357 StPO vor, weil die Aufhebung nicht wegen einer Gesetzesverletzung bei Anwendung eines Strafgesetzes erfolgt (vgl. BGH StV 2004, 61) und es nicht wie bei BGH NStZ 1988, 470 um eine von Amts wegen zu pr\u00fcfende Verfahrensvoraussetzung geht.</p>\n            </dd>\n         </dl>\n         <dl class=\"RspDL\">\n            <dt/>\n            <dd>\n               <p/>\n            </dd>\n         </dl>\n         <dl class=\"RspDL\">\n            <dt>\n               <a name=\"rd_7\">7</a>\n            </dt>\n            <dd>\n               <p>3. Die Kostenentscheidung beruht auf \u00a7 473 Abs. 1 Satz 1, \u00a7 472a Abs. 2 StPO.</p>\n            </dd>\n         </dl>\n         <dl class=\"RspDL\">\n            <dt/>\n            <dd>\n               <p/>\n            </dd>\n         </dl>\n         <dl class=\"RspDL\">\n            <dt/>\n            <dd>\n               <p>Rissing-van Saan\u00a0\u00a0\u00a0\u00a0\u00a0\u00a0\u00a0\u00a0\u00a0\u00a0\u00a0\u00a0\u00a0\u00a0\u00a0\u00a0\u00a0\u00a0\u00a0\u00a0\u00a0\u00a0\u00a0\u00a0\u00a0\u00a0\u00a0\u00a0\u00a0\u00a0\u00a0\u00a0\u00a0\u00a0\u00a0\u00a0\u00a0\u00a0\u00a0\u00a0\u00a0\u00a0\u00a0\u00a0\u00a0\u00a0\u00a0\u00a0\u00a0\u00a0\u00a0\u00a0\u00a0\u00a0\u00a0\u00a0\u00a0\u00a0\u00a0\u00a0\u00a0Schmitt\u00a0\u00a0\u00a0\u00a0\u00a0\u00a0\u00a0\u00a0\u00a0\u00a0\u00a0\u00a0\u00a0\u00a0\u00a0\u00a0\u00a0\u00a0\u00a0\u00a0\u00a0\u00a0\u00a0\u00a0\u00a0\u00a0\u00a0\u00a0\u00a0\u00a0\u00a0\u00a0\u00a0\u00a0\u00a0\u00a0\u00a0\u00a0\u00a0\u00a0\u00a0\u00a0\u00a0\u00a0\u00a0\u00a0\u00a0\u00a0\u00a0\u00a0\u00a0\u00a0\u00a0\u00a0\u00a0\u00a0\u00a0\u00a0\u00a0\u00a0Krehl</p>\n            </dd>\n         </dl>\n         <dl class=\"RspDL\">\n            <dt/>\n            <dd>\n               <p>\u00a0\u00a0\u00a0\u00a0\u00a0\u00a0\u00a0\u00a0\u00a0\u00a0\u00a0\u00a0\u00a0\u00a0\u00a0\u00a0\u00a0\u00a0\u00a0\u00a0\u00a0\u00a0\u00a0\u00a0\u00a0\u00a0\u00a0\u00a0\u00a0\u00a0\u00a0\u00a0\u00a0\u00a0\u00a0\u00a0\u00a0\u00a0\u00a0\u00a0\u00a0\u00a0\u00a0Eschelbach\u00a0\u00a0\u00a0\u00a0\u00a0\u00a0\u00a0\u00a0\u00a0\u00a0\u00a0\u00a0\u00a0\u00a0\u00a0\u00a0\u00a0\u00a0\u00a0\u00a0\u00a0\u00a0\u00a0\u00a0\u00a0\u00a0\u00a0\u00a0\u00a0\u00a0\u00a0\u00a0\u00a0\u00a0\u00a0\u00a0\u00a0\u00a0\u00a0\u00a0\u00a0\u00a0\u00a0\u00a0\u00a0\u00a0\u00a0\u00a0\u00a0\u00a0\u00a0\u00a0\u00a0\u00a0\u00a0\u00a0\u00a0\u00a0\u00a0\u00a0\u00a0\u00a0\u00a0\u00a0\u00a0Ott</p>\n            </dd>\n         </dl>\n      </div>\n   ", "accessRights": "public", "gerort": "", "entschDatum": "20100707", "coverage": "Deutschland", "titel": "\n      <dl class=\"RspDL\">\n         <dt/>\n         <dd>\n            <p>Strafurteil: Erforderliche Feststellungen zum inneren Tatbestand der Beihilfe zu einer schweren r\u00e4uberischen Erpressung bei einem Raub\u00fcberfall mit Einsatz einer Gaspistole</p>\n         </dd>\n      </dl>\n   ", "ecli": "", "identifier": "http://www.rechtsprechung-im-internet.de/jportal/?quelle=jlink&docid=JURE100068627&psml=bsjrsprod.psml&max=true", "spruchkoerper": "2. Strafsenat", "vorinstanz": "vorgehend LG Bonn, 22. Oktober 2009, Az: 21 KLs 32/09 - 333 Js 278/09, Urteil\n   ", "doknr": "JURE100068627", "abweichendeMeinung": "", "tenor": "\n      <div>\n         <dl class=\"RspDL\">\n            <dt/>\n            <dd>\n               <p>1. Auf die Revision des Angeklagten S.\u00a0wird das Urteil des Landgerichts Bonn, soweit es ihn betrifft, im Adh\u00e4sionsausspruch (Ziff. II IV des Tenors) und im Kostenausspruch, soweit er zur Tragung der besonderen Kosten des Entsch\u00e4digungsverfahrens verurteilt ist, aufgehoben.</p>\n            </dd>\n         </dl>\n         <dl class=\"RspDL\">\n            <dt/>\n            <dd>\n               <p/>\n            </dd>\n         </dl>\n         <dl class=\"RspDL\">\n            <dt/>\n            <dd>\n               <p>Von einer Entscheidung \u00fcber den Entsch\u00e4digungsantrag der Adh\u00e4sionskl\u00e4gerin wird abgesehen.</p>\n            </dd>\n         </dl>\n         <dl class=\"RspDL\">\n            <dt/>\n            <dd>\n               <p/>\n            </dd>\n         </dl>\n         <dl class=\"RspDL\">\n            <dt/>\n            <dd>\n               <p>2. Die weitergehende Revision wird verworfen.</p>\n            </dd>\n         </dl>\n         <dl class=\"RspDL\">\n            <dt/>\n            <dd>\n               <p/>\n            </dd>\n         </dl>\n         <dl class=\"RspDL\">\n            <dt/>\n            <dd>\n               <p>3. Der Beschwerdef\u00fchrer hat die Kosten seines Rechtsmittels zu tragen. Die durch das Adh\u00e4sionsverfahren entstandenen gerichtlichen Auslagen werden der Staatskasse auferlegt. Die sonstigen durch dieses Verfahren erwachsenen Auslagen tr\u00e4gt jeder Beteiligte selbst.</p>\n            </dd>\n         </dl>\n      </div>\n   ", "regionAbk": "DEU"}