{"publisher": "BMJV", "tatbestand": "", "absaetze": [{"num": "1", "textProcessed": ["landgericht", "angeklagt", "steuerhinterzieh", "bestech", "jeweil", "fall", "angeklagt", "steuerhinterzieh", "tatein", "untreu", "fall", "bestech", "fall", "gesamtfreiheitsstraf", "drei", "bzw", "vier", "jahr", "verurteilt", "hiergeg", "richt", "revision", "angeklagt", "verletz", "formell", "materiell", "recht", "gerugt", "revision", "tenor", "ersicht", "geringfug", "teilerfolg", "ubrig", "unbegrundet", "sinn", "abs", "stpo"], "text": "Das Landgericht hat den Angeklagten P.\u00a0wegen Steuerhinterziehung und Bestechung in jeweils 148 F\u00e4llen und den Angeklagten L.\u00a0wegen Steuerhinterziehung in Tateinheit mit Untreue in 152 F\u00e4llen und wegen Bestechlichkeit in 148 F\u00e4llen zu Gesamtfreiheitsstrafen von drei bzw. vier Jahren verurteilt. Hiergegen richten sich die Revisionen der Angeklagten mit denen die Verletzung formellen und materiellen Rechts ger\u00fcgt wird. Die Revisionen haben den aus dem Tenor ersichtlichen geringf\u00fcgigen Teilerfolg. Im \u00dcbrigen sind sie unbegr\u00fcndet im Sinne von \u00a7 349 Abs. 2 StPO."}, {"num": "2", "textProcessed": ["feststell", "landgericht", "manipuliert", "angeklagt", "angeklagt", "finanzbeamt", "beim", "finanzamt", "tatig", "absicht", "wiederholt", "begeh", "entsprech", "tat", "unerheb", "einnahmequell", "umfang", "dau", "verschaff", "einkommensteuererklar", "mitglied", "angeklagt", "geleitet", "lohnsteuerhilfeverein", "ging", "dabei", "gemeinschaft", "handelnd", "dergestalt", "dass", "tatsach", "angefall", "aufwend", "steuermindernd", "geltend", "gemacht", "wurd", "steuerpflicht", "ungerechtfertigt", "steuererstatt", "verschaff", "vollzug", "tatplan", "erstellt", "angeklagt", "steuerpflicht", "insgesamt", "unricht", "einkommensteuererklar", "grundlag", "angeklagt", "hierfur", "jeweil", "betrag", "euro", "angeklagt", "erhielt", "jeweil", "steuerbescheid", "erliess", "gunst", "mitglied", "verein", "jeweil", "erstattungsbetrag", "unricht", "festsetzt", "insgesamt", "wurd", "dadurch", "einkommensteu", "hoh", "mehr", "euro", "verkurzt", "daneb", "fingiert", "angeklagt", "mitwirk", "angeklagt", "personali", "verstorb", "vat", "nachbarn", "steuerfall", "erliess", "vier", "steuerbescheid", "veranlagungszeitraum", "insgesamt", "steuererstatt", "hoh", "mehr", "euro", "unrecht", "festsetzt", "auszahl", "veranlasst"], "text": "Nach den Feststellungen des Landgerichts manipulierten der Angeklagte P.\u00a0und der Angeklagte L., der als Finanzbeamter beim Finanzamt G.\u00a0t\u00e4tig war, in der Absicht, sich durch die wiederholte Begehung entsprechender Taten eine nicht unerhebliche Einnahmequelle von einigem Umfang und einiger Dauer zu verschaffen, Einkommensteuererkl\u00e4rungen der Mitglieder eines vom Angeklagten P.\u00a0geleiteten Lohnsteuerhilfevereins. Sie gingen dabei gemeinschaftlich handelnd dergestalt vor, dass tats\u00e4chlich nicht angefallene Aufwendungen steuermindernd geltend gemacht wurden, um so den Steuerpflichtigen ungerechtfertigte Steuererstattungen zu verschaffen. In Vollzug des Tatplans erstellten die Angeklagten f\u00fcr 116 Steuerpflichtige insgesamt 147 unrichtige Einkommensteuererkl\u00e4rungen, auf deren Grundlage der Angeklagte L., der hierf\u00fcr jeweils einen Betrag zwischen 20,-- bis 300,-- Euro von dem Angeklagten P.\u00a0erhielt, jeweils Steuerbescheide erlie\u00df, in denen er zu Gunsten der Mitglieder des Vereins die jeweiligen Erstattungsbetr\u00e4ge unrichtig festsetzte. Insgesamt wurde dadurch Einkommensteuer in H\u00f6he von mehr als 178.000,-- Euro verk\u00fcrzt. Daneben fingierte der Angeklagte L.\u00a0ohne Mitwirkung des Angeklagten P.\u00a0mit den Personalien des verstorbenen Vaters seines Nachbarn einen Steuerfall und erlie\u00df vier Steuerbescheide f\u00fcr die Veranlagungszeitr\u00e4ume 2003 bis 2006, in denen er insgesamt Steuererstattungen in H\u00f6he von mehr als 18.000,-- Euro zu Unrecht festsetzte und deren Auszahlung veranlasste."}, {"num": "3", "textProcessed": ["feststell", "beleg", "entgeg", "zahlung", "landgericht", "beim", "angeklagt", "ledig", "fall", "steuerhinterzieh", "fall", "bestech", "sowi", "beim", "angeklagt", "ledig", "fall", "untreu", "tatein", "steuerhinterzieh", "fall", "bestech", "schuldspruch", "entsprech", "bericht", "wegfall", "insoweit", "verhangt", "einzelstraf", "fuhrt", "aufheb", "verhangt", "gesamtfreiheitsstraf", "senat", "ausschliess", "dass", "zahlfehl", "beruh", "annahm", "bzw", "einzeltat", "statt", "richtig", "bzw", "einzeltat", "insoweit", "irrtum", "euro", "hoch", "angenomm", "steuerschad", "strafzumess", "bildung", "gesamtstraf", "nachteil", "angeklagt", "ausgewirkt", "urteil", "beruht", "mithin", "darauf"], "text": "Die Feststellungen belegen entgegen der Z\u00e4hlung des Landgerichts beim Angeklagten P.\u00a0lediglich 147 F\u00e4lle der Steuerhinterziehung und 147 F\u00e4lle der Bestechung sowie beim Angeklagten L.\u00a0lediglich 151 F\u00e4lle der Untreue in Tateinheit mit Steuerhinterziehung und 147 F\u00e4lle der Bestechlichkeit. Der Schuldspruch ist entsprechend zu berichtigen. Der Wegfall der insoweit verh\u00e4ngten Einzelstrafen f\u00fchrt nicht zur Aufhebung der verh\u00e4ngten Gesamtfreiheitsstrafe. Der Senat kann ausschlie\u00dfen, dass sich die auf dem Z\u00e4hlfehler beruhende Annahme von 300 bzw. 296 Einzeltaten statt richtig von 298 bzw. 294 Einzeltaten und der insoweit irrt\u00fcmlich um 1.500,-- Euro zu hoch angenommene Steuerschaden auf die Strafzumessung und die Bildung der Gesamtstrafe zum Nachteil der Angeklagten ausgewirkt hat. Das Urteil beruht mithin darauf nicht."}, {"num": "4", "textProcessed": ["umstand", "dass", "angeklagt", "allein", "begang", "tat", "stellvertret", "vorsteherin", "finanzamt", "offenbart", "daraufhin", "bereit", "uberwies", "erstattungsbetrag", "zuruckgebucht", "konnt", "fuhrt", "dass", "angeklagt", "person", "strafaufhebungsgrund", "abs", "ao", "gut", "kommt", "hierzu", "kam", "erst", "nachd", "beamt", "innenrevision", "oberfinanzdirektion", "routinemass", "prufung", "finanzamt", "begonn", "verlauf", "auffall", "hinblick", "veranlagungstat", "angeklagt", "gekomm", "insoweit", "eintritt", "straffreiheit", "abs", "nr", "buch", "alt", "ao", "ausgeschloss", "fall", "vorlieg", "art", "finanzbeamt", "befugnis", "stellung", "begeh", "steuerhinterzieh", "missbraucht", "stellt", "uberpruf", "veranlagungsarbeit", "innerhalb", "finanzamt", "innenrevision", "oberfinanzdirektion", "steu", "prufung", "amtstrag", "finanzbehord", "sinn", "abs", "nr", "buch", "alt", "ao", "dar", "innenrevision", "bereit", "begonn", "amtstrag", "bereit", "erschi"], "text": "Der Umstand, dass der Angeklagte L.\u00a0die von ihm allein begangenen Taten der stellvertretenden Vorsteherin des Finanzamtes G.\u00a0offenbarte und daraufhin die bereits \u00fcberwiesenen Erstattungsbetr\u00e4ge zur\u00fcckgebucht werden konnten, f\u00fchrt nicht dazu, dass dem Angeklagten der pers\u00f6nliche Strafaufhebungsgrund des \u00a7 371 Abs. 1 AO zu Gute kommt. Denn hierzu kam es erst, nachdem Beamte der Innenrevision der Oberfinanzdirektion mit der routinem\u00e4\u00dfigen Pr\u00fcfung des Finanzamtes G.\u00a0begonnen hatten, in deren Verlauf es zu Auff\u00e4lligkeiten im Hinblick auf die Veranlagungst\u00e4tigkeit des Angeklagten gekommen war. Insoweit ist der Eintritt der Straffreiheit nach \u00a7 371 Abs. 2 Nr. 1 Buchst. a) Alt. 1 AO ausgeschlossen. In F\u00e4llen der vorliegenden Art, in denen ein Finanzbeamter seine Befugnisse und seine Stellung zur Begehung von Steuerhinterziehungen missbraucht, stellt die \u00dcberpr\u00fcfung der Veranlagungsarbeiten innerhalb eines Finanzamtes durch die Innenrevision der Oberfinanzdirektion eine steuerliche Pr\u00fcfung durch einen Amtstr\u00e4ger der Finanzbeh\u00f6rde im Sinne von \u00a7 371 Abs. 2 Nr. 1 Buchst. a) Alt. 1 AO dar. Zu dieser war, da die Innenrevision bereits begonnen hatte, der Amtstr\u00e4ger auch bereits erschienen."}, {"num": "5", "textProcessed": ["rechtsfehl", "darin", "erblick", "dass", "landgericht", "rahm", "strafzumess", "gepruft", "gunst", "angeklagt", "nr", "stgb", "anzuw", "strafrahmenverschieb", "grundlag", "nr", "stgb", "ganz", "besond", "gelagert", "ausnahmefall", "steuerstraftat", "betracht", "komm", "vgl", "jag", "klein", "ao", "aufl", "rdn", "besond", "gelagert", "ausnahmefall", "vorlieg", "ind", "gegeb", "angeklagt", "nachd", "tat", "bekannt", "geword", "mitglied", "gefuhrt", "lohnsteuerhilfeverein", "tat", "ungerechtfertigt", "steuererstatt", "erlangt", "intensiv", "gesprach", "veranlasst", "ungerechtfertigt", "steuererstatt", "zuruck", "zahl", "stpo", "erteilt", "auflag", "erfull", "dadurch", "angeklagt", "famili", "erheb", "vorwurf", "beschimpf", "jeweil", "steuerpflicht", "ausgesetzt", "ergebnis", "erfolgreich", "bemuh", "schadenswiedergutmach", "strafkamm", "rahm", "allgemein", "strafzumess", "gunst", "ganz", "massgeb", "berucksichtigt", "ind", "gewicht", "dass", "strafkamm", "desweg", "darub", "hinaus", "gehalt", "strafrahmenverschieb", "nr", "stgb", "erort"], "text": "Kein Rechtsfehler ist auch darin zu erblicken, dass das Landgericht im Rahmen der Strafzumessung nicht gepr\u00fcft hat, ob zu Gunsten des Angeklagten P.\u00a0\u00a7 46a Nr. 2 StGB anzuwenden ist. Eine Strafrahmenverschiebung auf der Grundlage von \u00a7 46a Nr. 2 StGB kann zwar, wenn auch nur in ganz besonders gelagerten Ausnahmef\u00e4llen, auch bei Steuerstraftaten in Betracht kommen (vgl. J\u00e4ger in Klein AO 10. Aufl. \u00a7 371 Rdn. 100, 102 m.w.N.). Ein solcher besonders gelagerter Ausnahmefall ist vorliegend indes nicht gegeben. Der Angeklagte hat zwar, nachdem seine Taten bekannt geworden waren, die Mitglieder des von ihm gef\u00fchrten Lohnsteuerhilfevereins, die durch seine Taten ungerechtfertigte Steuererstattungen erlangt hatten, \u201cdurch intensive Gespr\u00e4che\u201c dazu veranlasst, die ungerechtfertigten Steuererstattungen zur\u00fcck zu zahlen und nach \u00a7 153a StPO erteilte Auflagen zu erf\u00fcllen. Dadurch waren der Angeklagte P.\u00a0und seine Familie \u201eerheblichen Vorw\u00fcrfen und Beschimpfungen der jeweiligen Steuerpflichtigen ausgesetzt\u201c. Diese im Ergebnis erfolgreichen Bem\u00fchungen um Schadenswiedergutmachung, die die Strafkammer im Rahmen der allgemeinen Strafzumessung \u201ezu seinen Gunsten ganz ma\u00dfgeblich ber\u00fccksichtigt hat\u201c, sind indes nicht von solchem Gewicht, dass die Strafkammer deswegen dar\u00fcber hinaus gehalten gewesen w\u00e4re, eine Strafrahmenverschiebung nach \u00a7 46a Nr. 2 StGB zu er\u00f6rtern."}, {"num": "6", "textProcessed": ["nr", "stgb", "gericht", "straf", "abs", "stgb", "mild", "hoh", "straf", "freiheitsstraf", "jahr", "geldstraf", "dreihundertsechz", "tagessatz", "verwirkt", "straf", "abseh", "schadenswiedergutmach", "angeklagt", "erheb", "person", "leistung", "person", "verzicht", "erfordert", "schadenswiedergutmach", "friedensstift", "wirkung", "entfalt", "tat", "rein", "rechner", "kompensation", "hinausgeh", "beitrag", "erbring", "erfull", "schadensersatzanspruch", "allein", "genugt", "dafur", "vielmehr", "verhalt", "ausdruck", "ubernahm", "verantwort", "st", "rspr", "bghr", "stgb", "wiedergutmach", "bgh", "wistra", "wistra", "njw", "jew", "gesetzgeb", "insoweit", "erford", "dass", "tat", "opf", "ganz", "uberwieg", "teil", "entschadigt", "person", "leistung", "verzicht", "materiell", "entschad", "erst", "ermoglicht", "btdruck", "ind", "fall", "tat", "ledig", "mithaft", "gesamt", "schuldn", "zahlung", "veranlasst", "eig", "materiell", "leistung", "erbring", "uberwieg", "schadenswiedergutmach", "darstellt", "insoweit", "unterscheidet", "vorlieg", "fall", "revision", "schriftsatz", "januar", "zitiert", "bereit", "ansatz"], "text": "Nach \u00a7 46a Nr. 2 StGB kann das Gericht die Strafe nach \u00a7 49 Abs. 1 StGB mildern, oder, wenn keine h\u00f6here Strafe als Freiheitsstrafe bis zu einem Jahr oder Geldstrafe bis zu dreihundertsechzig Tagess\u00e4tzen verwirkt ist, von Strafe absehen, wenn die Schadenswiedergutmachung vom Angeklagten erhebliche pers\u00f6nliche Leistungen oder pers\u00f6nlichen Verzicht erfordert hat.Damit die Schadenswiedergutmachung ihre friedensstiftende Wirkung entfalten kann, hat der T\u00e4ter einen \u00fcber die rein rechnerische Kompensation hinausgehenden Beitrag zu erbringen. Die Erf\u00fcllung von Schadensersatzanspr\u00fcchen allein gen\u00fcgt daf\u00fcr nicht. Vielmehr muss sein Verhalten Ausdruck der \u00dcbernahme von Verantwortung sein (st. Rspr.; BGHR StGB \u00a7 46a Wiedergutmachung 1 und 5; BGH wistra 2000, 176; wistra 2000, 421; NJW 2001, 2557; jew. m.w.N.). Nach dem Willen des Gesetzgebers ist insoweit erforderlich, dass \u201eder T\u00e4ter das Opfer ganz oder zum \u00fcberwiegenden Teil entsch\u00e4digt\u201c und durch die pers\u00f6nlichen Leistungen oder den Verzicht die materielle Entsch\u00e4digung erst erm\u00f6glicht hat (BTDrucks. 12/6853 S. 22). Dies ist indes nicht der Fall, wenn der T\u00e4ter, lediglich mithaftende (Gesamt-)Schuldner zur Zahlung veranlasst, ohne eine eigene materielle Leistung zu erbringen, die eine \u00fcberwiegende Schadenswiedergutmachung darstellt. Insoweit unterscheidet sich der vorliegende Fall von dem, den die Revision mit Schriftsatz vom 20. Januar 2010 zitiert, bereits im Ansatz."}, {"num": "7", "textProcessed": ["gering", "teilerfolg", "revision", "gibt", "kostenentscheid", "veranlass", "abs", "stpo"], "text": "Der geringe Teilerfolg der Revision gibt zu einer anderen Kostenentscheidung keine Veranlassung (\u00a7 473 Abs. 4 StPO)."}], "norm": ["\u00a7 371 Nr 1 Buchst a Alt 1 AO", "\u00a7 46a Nr 2 StGB", "\u00a7 49 StGB"], "doktyp": "Beschluss", "regionLong": "Bundesrepublik Deutschland", "sonstlt": "", "gruendeProcessed": ["landgericht", "angeklagt", "steuerhinterzieh", "bestech", "jeweil", "fall", "angeklagt", "steuerhinterzieh", "tatein", "untreu", "fall", "bestech", "fall", "gesamtfreiheitsstraf", "drei", "bzw", "vier", "jahr", "verurteilt", "hiergeg", "richt", "revision", "angeklagt", "verletz", "formell", "materiell", "recht", "gerugt", "revision", "tenor", "ersicht", "geringfug", "teilerfolg", "ubrig", "unbegrundet", "sinn", "abs", "stpo", "feststell", "landgericht", "manipuliert", "angeklagt", "angeklagt", "finanzbeamt", "beim", "finanzamt", "tatig", "absicht", "wiederholt", "begeh", "entsprech", "tat", "unerheb", "einnahmequell", "umfang", "dau", "verschaff", "einkommensteuererklar", "mitglied", "angeklagt", "geleitet", "lohnsteuerhilfeverein", "ging", "dabei", "gemeinschaft", "handelnd", "dergestalt", "dass", "tatsach", "angefall", "aufwend", "steuermindernd", "geltend", "gemacht", "wurd", "steuerpflicht", "ungerechtfertigt", "steuererstatt", "verschaff", "vollzug", "tatplan", "erstellt", "angeklagt", "steuerpflicht", "insgesamt", "unricht", "einkommensteuererklar", "grundlag", "angeklagt", "hierfur", "jeweil", "betrag", "euro", "angeklagt", "erhielt", "jeweil", "steuerbescheid", "erliess", "gunst", "mitglied", "verein", "jeweil", "erstattungsbetrag", "unricht", "festsetzt", "insgesamt", "wurd", "dadurch", "einkommensteu", "hoh", "mehr", "euro", "verkurzt", "daneb", "fingiert", "angeklagt", "mitwirk", "angeklagt", "personali", "verstorb", "vat", "nachbarn", "steuerfall", "erliess", "vier", "steuerbescheid", "veranlagungszeitraum", "insgesamt", "steuererstatt", "hoh", "mehr", "euro", "unrecht", "festsetzt", "auszahl", "veranlasst", "feststell", "beleg", "entgeg", "zahlung", "landgericht", "beim", "angeklagt", "ledig", "fall", "steuerhinterzieh", "fall", "bestech", "sowi", "beim", "angeklagt", "ledig", "fall", "untreu", "tatein", "steuerhinterzieh", "fall", "bestech", "schuldspruch", "entsprech", "bericht", "wegfall", "insoweit", "verhangt", "einzelstraf", "fuhrt", "aufheb", "verhangt", "gesamtfreiheitsstraf", "senat", "ausschliess", "dass", "zahlfehl", "beruh", "annahm", "bzw", "einzeltat", "statt", "richtig", "bzw", "einzeltat", "insoweit", "irrtum", "euro", "hoch", "angenomm", "steuerschad", "strafzumess", "bildung", "gesamtstraf", "nachteil", "angeklagt", "ausgewirkt", "urteil", "beruht", "mithin", "darauf", "umstand", "dass", "angeklagt", "allein", "begang", "tat", "stellvertret", "vorsteherin", "finanzamt", "offenbart", "daraufhin", "bereit", "uberwies", "erstattungsbetrag", "zuruckgebucht", "konnt", "fuhrt", "dass", "angeklagt", "person", "strafaufhebungsgrund", "abs", "ao", "gut", "kommt", "hierzu", "kam", "erst", "nachd", "beamt", "innenrevision", "oberfinanzdirektion", "routinemass", "prufung", "finanzamt", "begonn", "verlauf", "auffall", "hinblick", "veranlagungstat", "angeklagt", "gekomm", "insoweit", "eintritt", "straffreiheit", "abs", "nr", "buch", "alt", "ao", "ausgeschloss", "fall", "vorlieg", "art", "finanzbeamt", "befugnis", "stellung", "begeh", "steuerhinterzieh", "missbraucht", "stellt", "uberpruf", "veranlagungsarbeit", "innerhalb", "finanzamt", "innenrevision", "oberfinanzdirektion", "steu", "prufung", "amtstrag", "finanzbehord", "sinn", "abs", "nr", "buch", "alt", "ao", "dar", "innenrevision", "bereit", "begonn", "amtstrag", "bereit", "erschi", "rechtsfehl", "darin", "erblick", "dass", "landgericht", "rahm", "strafzumess", "gepruft", "gunst", "angeklagt", "nr", "stgb", "anzuw", "strafrahmenverschieb", "grundlag", "nr", "stgb", "ganz", "besond", "gelagert", "ausnahmefall", "steuerstraftat", "betracht", "komm", "vgl", "jag", "klein", "ao", "aufl", "rdn", "besond", "gelagert", "ausnahmefall", "vorlieg", "ind", "gegeb", "angeklagt", "nachd", "tat", "bekannt", "geword", "mitglied", "gefuhrt", "lohnsteuerhilfeverein", "tat", "ungerechtfertigt", "steuererstatt", "erlangt", "intensiv", "gesprach", "veranlasst", "ungerechtfertigt", "steuererstatt", "zuruck", "zahl", "stpo", "erteilt", "auflag", "erfull", "dadurch", "angeklagt", "famili", "erheb", "vorwurf", "beschimpf", "jeweil", "steuerpflicht", "ausgesetzt", "ergebnis", "erfolgreich", "bemuh", "schadenswiedergutmach", "strafkamm", "rahm", "allgemein", "strafzumess", "gunst", "ganz", "massgeb", "berucksichtigt", "ind", "gewicht", "dass", "strafkamm", "desweg", "darub", "hinaus", "gehalt", "strafrahmenverschieb", "nr", "stgb", "erort", "nr", "stgb", "gericht", "straf", "abs", "stgb", "mild", "hoh", "straf", "freiheitsstraf", "jahr", "geldstraf", "dreihundertsechz", "tagessatz", "verwirkt", "straf", "abseh", "schadenswiedergutmach", "angeklagt", "erheb", "person", "leistung", "person", "verzicht", "erfordert", "schadenswiedergutmach", "friedensstift", "wirkung", "entfalt", "tat", "rein", "rechner", "kompensation", "hinausgeh", "beitrag", "erbring", "erfull", "schadensersatzanspruch", "allein", "genugt", "dafur", "vielmehr", "verhalt", "ausdruck", "ubernahm", "verantwort", "st", "rspr", "bghr", "stgb", "wiedergutmach", "bgh", "wistra", "wistra", "njw", "jew", "gesetzgeb", "insoweit", "erford", "dass", "tat", "opf", "ganz", "uberwieg", "teil", "entschadigt", "person", "leistung", "verzicht", "materiell", "entschad", "erst", "ermoglicht", "btdruck", "ind", "fall", "tat", "ledig", "mithaft", "gesamt", "schuldn", "zahlung", "veranlasst", "eig", "materiell", "leistung", "erbring", "uberwieg", "schadenswiedergutmach", "darstellt", "insoweit", "unterscheidet", "vorlieg", "fall", "revision", "schriftsatz", "januar", "zitiert", "bereit", "ansatz", "gering", "teilerfolg", "revision", "gibt", "kostenentscheid", "veranlass", "abs", "stpo", "nack", "wahl", "hebenstreit", "jag", "sand"], "mitwirkung": "", "aktenzeichen": "1 StR 634/09", "language": "deutsch", "gertyp": "BGH", "leitsatz": "", "gruende": "\n      <div>\n         <dl class=\"RspDL\">\n            <dt>\n               <a name=\"rd_1\">1</a>\n            </dt>\n            <dd>\n               <p>Das Landgericht hat den Angeklagten P.\u00a0wegen Steuerhinterziehung und Bestechung in jeweils 148 F\u00e4llen und den Angeklagten L.\u00a0wegen Steuerhinterziehung in Tateinheit mit Untreue in 152 F\u00e4llen und wegen Bestechlichkeit in 148 F\u00e4llen zu Gesamtfreiheitsstrafen von drei bzw. vier Jahren verurteilt. Hiergegen richten sich die Revisionen der Angeklagten mit denen die Verletzung formellen und materiellen Rechts ger\u00fcgt wird. Die Revisionen haben den aus dem Tenor ersichtlichen geringf\u00fcgigen Teilerfolg. Im \u00dcbrigen sind sie unbegr\u00fcndet im Sinne von \u00a7 349 Abs. 2 StPO.</p>\n            </dd>\n         </dl>\n         <dl class=\"RspDL\">\n            <dt/>\n            <dd>\n               <p/>\n            </dd>\n         </dl>\n         <dl class=\"RspDL\">\n            <dt>\n               <a name=\"rd_2\">2</a>\n            </dt>\n            <dd>\n               <p>Nach den Feststellungen des Landgerichts manipulierten der Angeklagte P.\u00a0und der Angeklagte L., der als Finanzbeamter beim Finanzamt G.\u00a0t\u00e4tig war, in der Absicht, sich durch die wiederholte Begehung entsprechender Taten eine nicht unerhebliche Einnahmequelle von einigem Umfang und einiger Dauer zu verschaffen, Einkommensteuererkl\u00e4rungen der Mitglieder eines vom Angeklagten P.\u00a0geleiteten Lohnsteuerhilfevereins. Sie gingen dabei gemeinschaftlich handelnd dergestalt vor, dass tats\u00e4chlich nicht angefallene Aufwendungen steuermindernd geltend gemacht wurden, um so den Steuerpflichtigen ungerechtfertigte Steuererstattungen zu verschaffen. In Vollzug des Tatplans erstellten die Angeklagten f\u00fcr 116 Steuerpflichtige insgesamt 147 unrichtige Einkommensteuererkl\u00e4rungen, auf deren Grundlage der Angeklagte L., der hierf\u00fcr jeweils einen Betrag zwischen 20,-- bis 300,-- Euro von dem Angeklagten P.\u00a0erhielt, jeweils Steuerbescheide erlie\u00df, in denen er zu Gunsten der Mitglieder des Vereins die jeweiligen Erstattungsbetr\u00e4ge unrichtig festsetzte. Insgesamt wurde dadurch Einkommensteuer in H\u00f6he von mehr als 178.000,-- Euro verk\u00fcrzt. Daneben fingierte der Angeklagte L.\u00a0ohne Mitwirkung des Angeklagten P.\u00a0mit den Personalien des verstorbenen Vaters seines Nachbarn einen Steuerfall und erlie\u00df vier Steuerbescheide f\u00fcr die Veranlagungszeitr\u00e4ume 2003 bis 2006, in denen er insgesamt Steuererstattungen in H\u00f6he von mehr als 18.000,-- Euro zu Unrecht festsetzte und deren Auszahlung veranlasste.</p>\n            </dd>\n         </dl>\n         <dl class=\"RspDL\">\n            <dt/>\n            <dd>\n               <p/>\n            </dd>\n         </dl>\n         <dl class=\"RspDL\">\n            <dt>\n               <a name=\"rd_3\">3</a>\n            </dt>\n            <dd>\n               <p>Die Feststellungen belegen entgegen der Z\u00e4hlung des Landgerichts beim Angeklagten P.\u00a0lediglich 147 F\u00e4lle der Steuerhinterziehung und 147 F\u00e4lle der Bestechung sowie beim Angeklagten L.\u00a0lediglich 151 F\u00e4lle der Untreue in Tateinheit mit Steuerhinterziehung und 147 F\u00e4lle der Bestechlichkeit. Der Schuldspruch ist entsprechend zu berichtigen. Der Wegfall der insoweit verh\u00e4ngten Einzelstrafen f\u00fchrt nicht zur Aufhebung der verh\u00e4ngten Gesamtfreiheitsstrafe. Der Senat kann ausschlie\u00dfen, dass sich die auf dem Z\u00e4hlfehler beruhende Annahme von 300 bzw. 296 Einzeltaten statt richtig von 298 bzw. 294 Einzeltaten und der insoweit irrt\u00fcmlich um 1.500,-- Euro zu hoch angenommene Steuerschaden auf die Strafzumessung und die Bildung der Gesamtstrafe zum Nachteil der Angeklagten ausgewirkt hat. Das Urteil beruht mithin darauf nicht.</p>\n            </dd>\n         </dl>\n         <dl class=\"RspDL\">\n            <dt/>\n            <dd>\n               <p/>\n            </dd>\n         </dl>\n         <dl class=\"RspDL\">\n            <dt>\n               <a name=\"rd_4\">4</a>\n            </dt>\n            <dd>\n               <p>Der Umstand, dass der Angeklagte L.\u00a0die von ihm allein begangenen Taten der stellvertretenden Vorsteherin des Finanzamtes G.\u00a0offenbarte und daraufhin die bereits \u00fcberwiesenen Erstattungsbetr\u00e4ge zur\u00fcckgebucht werden konnten, f\u00fchrt nicht dazu, dass dem Angeklagten der pers\u00f6nliche Strafaufhebungsgrund des \u00a7 371 Abs. 1 AO zu Gute kommt. Denn hierzu kam es erst, nachdem Beamte der Innenrevision der Oberfinanzdirektion mit der routinem\u00e4\u00dfigen Pr\u00fcfung des Finanzamtes G.\u00a0begonnen hatten, in deren Verlauf es zu Auff\u00e4lligkeiten im Hinblick auf die Veranlagungst\u00e4tigkeit des Angeklagten gekommen war. Insoweit ist der Eintritt der Straffreiheit nach \u00a7 371 Abs. 2 Nr. 1 Buchst. a) Alt. 1 AO ausgeschlossen. In F\u00e4llen der vorliegenden Art, in denen ein Finanzbeamter seine Befugnisse und seine Stellung zur Begehung von Steuerhinterziehungen missbraucht, stellt die \u00dcberpr\u00fcfung der Veranlagungsarbeiten innerhalb eines Finanzamtes durch die Innenrevision der Oberfinanzdirektion eine steuerliche Pr\u00fcfung durch einen Amtstr\u00e4ger der Finanzbeh\u00f6rde im Sinne von \u00a7 371 Abs. 2 Nr. 1 Buchst. a) Alt. 1 AO dar. Zu dieser war, da die Innenrevision bereits begonnen hatte, der Amtstr\u00e4ger auch bereits erschienen.</p>\n            </dd>\n         </dl>\n         <dl class=\"RspDL\">\n            <dt/>\n            <dd>\n               <p/>\n            </dd>\n         </dl>\n         <dl class=\"RspDL\">\n            <dt>\n               <a name=\"rd_5\">5</a>\n            </dt>\n            <dd>\n               <p>Kein Rechtsfehler ist auch darin zu erblicken, dass das Landgericht im Rahmen der Strafzumessung nicht gepr\u00fcft hat, ob zu Gunsten des Angeklagten P.\u00a0\u00a7 46a Nr. 2 StGB anzuwenden ist. Eine Strafrahmenverschiebung auf der Grundlage von \u00a7 46a Nr. 2 StGB kann zwar, wenn auch nur in ganz besonders gelagerten Ausnahmef\u00e4llen, auch bei Steuerstraftaten in Betracht kommen (vgl. J\u00e4ger in Klein AO 10. Aufl. \u00a7 371 Rdn. 100, 102 m.w.N.). Ein solcher besonders gelagerter Ausnahmefall ist vorliegend indes nicht gegeben. Der Angeklagte hat zwar, nachdem seine Taten bekannt geworden waren, die Mitglieder des von ihm gef\u00fchrten Lohnsteuerhilfevereins, die durch seine Taten ungerechtfertigte Steuererstattungen erlangt hatten, \u201cdurch intensive Gespr\u00e4che\u201c dazu veranlasst, die ungerechtfertigten Steuererstattungen zur\u00fcck zu zahlen und nach \u00a7 153a StPO erteilte Auflagen zu erf\u00fcllen. Dadurch waren der Angeklagte P.\u00a0und seine Familie \u201eerheblichen Vorw\u00fcrfen und Beschimpfungen der jeweiligen Steuerpflichtigen ausgesetzt\u201c. Diese im Ergebnis erfolgreichen Bem\u00fchungen um Schadenswiedergutmachung, die die Strafkammer im Rahmen der allgemeinen Strafzumessung \u201ezu seinen Gunsten ganz ma\u00dfgeblich ber\u00fccksichtigt hat\u201c, sind indes nicht von solchem Gewicht, dass die Strafkammer deswegen dar\u00fcber hinaus gehalten gewesen w\u00e4re, eine Strafrahmenverschiebung nach \u00a7 46a Nr. 2 StGB zu er\u00f6rtern.</p>\n            </dd>\n         </dl>\n         <dl class=\"RspDL\">\n            <dt/>\n            <dd>\n               <p/>\n            </dd>\n         </dl>\n         <dl class=\"RspDL\">\n            <dt>\n               <a name=\"rd_6\">6</a>\n            </dt>\n            <dd>\n               <p>Nach \u00a7 46a Nr. 2 StGB kann das Gericht die Strafe nach \u00a7 49 Abs. 1 StGB mildern, oder, wenn keine h\u00f6here Strafe als Freiheitsstrafe bis zu einem Jahr oder Geldstrafe bis zu dreihundertsechzig Tagess\u00e4tzen verwirkt ist, von Strafe absehen, wenn die Schadenswiedergutmachung vom Angeklagten erhebliche pers\u00f6nliche Leistungen oder pers\u00f6nlichen Verzicht erfordert hat.Damit die Schadenswiedergutmachung ihre friedensstiftende Wirkung entfalten kann, hat der T\u00e4ter einen \u00fcber die rein rechnerische Kompensation hinausgehenden Beitrag zu erbringen. Die Erf\u00fcllung von Schadensersatzanspr\u00fcchen allein gen\u00fcgt daf\u00fcr nicht. Vielmehr muss sein Verhalten Ausdruck der \u00dcbernahme von Verantwortung sein (st. Rspr.; BGHR StGB \u00a7 46a Wiedergutmachung 1 und 5; BGH wistra 2000, 176; wistra 2000, 421; NJW 2001, 2557; jew. m.w.N.). Nach dem Willen des Gesetzgebers ist insoweit erforderlich, dass \u201eder T\u00e4ter das Opfer ganz oder zum \u00fcberwiegenden Teil entsch\u00e4digt\u201c und durch die pers\u00f6nlichen Leistungen oder den Verzicht die materielle Entsch\u00e4digung erst erm\u00f6glicht hat (BTDrucks. 12/6853 S. 22). Dies ist indes nicht der Fall, wenn der T\u00e4ter, lediglich mithaftende (Gesamt-)Schuldner zur Zahlung veranlasst, ohne eine eigene materielle Leistung zu erbringen, die eine \u00fcberwiegende Schadenswiedergutmachung darstellt. Insoweit unterscheidet sich der vorliegende Fall von dem, den die Revision mit Schriftsatz vom 20. Januar 2010 zitiert, bereits im Ansatz.</p>\n            </dd>\n         </dl>\n         <dl class=\"RspDL\">\n            <dt/>\n            <dd>\n               <p/>\n            </dd>\n         </dl>\n         <dl class=\"RspDL\">\n            <dt>\n               <a name=\"rd_7\">7</a>\n            </dt>\n            <dd>\n               <p>Der geringe Teilerfolg der Revision gibt zu einer anderen Kostenentscheidung keine Veranlassung (\u00a7 473 Abs. 4 StPO).</p>\n            </dd>\n         </dl>\n         <dl class=\"RspDL\">\n            <dt/>\n            <dd>\n               <p/>\n            </dd>\n         </dl>\n         <dl class=\"RspDL\">\n            <dt/>\n            <dd>\n               <p>Nack\u00a0\u00a0\u00a0\u00a0\u00a0\u00a0\u00a0\u00a0\u00a0\u00a0\u00a0\u00a0\u00a0\u00a0\u00a0\u00a0\u00a0\u00a0\u00a0\u00a0\u00a0\u00a0\u00a0\u00a0\u00a0\u00a0\u00a0\u00a0\u00a0\u00a0\u00a0\u00a0\u00a0\u00a0\u00a0\u00a0\u00a0\u00a0\u00a0Wahl\u00a0\u00a0\u00a0\u00a0\u00a0\u00a0\u00a0\u00a0\u00a0\u00a0\u00a0\u00a0\u00a0\u00a0\u00a0\u00a0\u00a0\u00a0\u00a0\u00a0\u00a0\u00a0\u00a0\u00a0\u00a0\u00a0\u00a0\u00a0\u00a0\u00a0\u00a0\u00a0\u00a0\u00a0\u00a0\u00a0\u00a0Hebenstreit</p>\n            </dd>\n         </dl>\n         <dl class=\"RspDL\">\n            <dt/>\n            <dd>\n               <p>\u00a0\u00a0\u00a0\u00a0\u00a0\u00a0\u00a0\u00a0\u00a0\u00a0\u00a0\u00a0\u00a0\u00a0\u00a0\u00a0\u00a0\u00a0\u00a0\u00a0\u00a0J\u00e4ger\u00a0\u00a0\u00a0\u00a0\u00a0\u00a0\u00a0\u00a0\u00a0\u00a0\u00a0\u00a0\u00a0\u00a0\u00a0\u00a0\u00a0\u00a0\u00a0\u00a0\u00a0\u00a0\u00a0\u00a0\u00a0\u00a0\u00a0\u00a0\u00a0\u00a0\u00a0\u00a0\u00a0\u00a0\u00a0\u00a0\u00a0\u00a0\u00a0\u00a0\u00a0Sander</p>\n            </dd>\n         </dl>\n         <dl class=\"RspDL\">\n            <dt/>\n            <dd>\n               <p/>\n            </dd>\n         </dl>\n      </div>\n   ", "accessRights": "public", "gerort": "", "entschDatum": "20100120", "coverage": "Deutschland", "titel": "\n      <dl class=\"RspDL\">\n         <dt/>\n         <dd>\n            <p>Steuerhinterziehung: Strafbefreiende Selbstanzeige eines Finanzbeamten bei Beginn der Innenrevision; Schadenswiedergutmachung bei Veranlassung der Schadensersatzzahlung von mithaftenden Gesamtschuldnern</p>\n         </dd>\n      </dl>\n   ", "ecli": "", "identifier": "http://www.rechtsprechung-im-internet.de/jportal/?quelle=jlink&docid=JURE100057305&psml=bsjrsprod.psml&max=true", "spruchkoerper": "1. Strafsenat", "vorinstanz": "vorgehend LG Essen, 12. August 2009, Az: 21 KLs 9/09 - 302 Js 137/07, Urteil\n   ", "doknr": "JURE100057305", "abweichendeMeinung": "", "tenor": "\n      <div>\n         <dl class=\"RspDL\">\n            <dt/>\n            <dd>\n               <p>Die Revisionen der Angeklagten gegen das Urteil des Landgerichts Essen vom 12. August 2009 werden mit der Ma\u00dfgabe verworfen, dass der Angeklagte P.\u00a0der Steuerhinterziehung und der Bestechung in jeweils 147 F\u00e4llen und der Angeklagte L.\u00a0der Untreue in Tateinheit mit Steuerhinterziehung in 151 F\u00e4llen sowie der Bestechlichkeit in 147 F\u00e4llen schuldig sind.</p>\n            </dd>\n         </dl>\n         <dl class=\"RspDL\">\n            <dt/>\n            <dd>\n               <p/>\n            </dd>\n         </dl>\n         <dl class=\"RspDL\">\n            <dt/>\n            <dd>\n               <p>Jeder Beschwerdef\u00fchrer hat die Kosten seines Rechtsmittels zu tragen.</p>\n            </dd>\n         </dl>\n         <dl class=\"RspDL\">\n            <dt/>\n            <dd>\n               <p/>\n            </dd>\n         </dl>\n      </div>\n   ", "regionAbk": "DEU"}