{"publisher": "BMJV", "tatbestand": "", "absaetze": [{"num": "1", "textProcessed": ["landgericht", "angeklagt", "vorwurf", "mord", "tatsach", "grund", "freigesproch", "hiergeg", "richtet", "revision", "staatsanwaltschaft", "zuruckweis", "beweisantrag", "beanstandet", "rug", "verletz", "materiell", "recht", "beweiswurd", "landgericht", "angreift", "generalbundesanwalt", "vertret", "rechtsmittel", "verfahrensrug", "erfolg"], "text": "Das Landgericht hat den Angeklagten vom Vorwurf des Mordes aus tats\u00e4chlichen Gr\u00fcnden freigesprochen. Hiergegen richtet sich die Revision der Staatsanwaltschaft, die die Zur\u00fcckweisung eines Beweisantrags beanstandet und mit der R\u00fcge der Verletzung materiellen Rechts die Beweisw\u00fcrdigung des Landgerichts angreift. Das vom Generalbundesanwalt vertretene Rechtsmittel hat mit der Verfahrensr\u00fcge Erfolg."}, {"num": "2", "textProcessed": ["feststell", "wertung", "landgericht", "lernt", "spat", "opf", "zeitpunkt", "tat", "august", "jahr", "alt", "schulerin", "angeklagt", "etwa", "end", "jahr", "kenn", "beid", "ubt", "mehrfach", "geschlechtsverkehr", "gegensatz", "spat", "opf", "angeklagt", "dauerhaft", "bezieh", "interessiert", "vielmehr", "intim", "verhaltnis", "damal", "freundin", "begonn", "fortsetz", "abend", "august", "besucht", "diskothek", "be", "uhr", "traf", "angeklagt", "entfernt", "uhr", "diskothek", "schulerin", "verliess", "lokal", "feststellbar", "zeitpunkt", "zeugin", "bemerkt", "uhr", "dass", "pkw", "angeklagt", "mehr", "befand", "zuvor", "abgestellt", "uhr", "nahert", "angeklagt", "fahrzeug", "erklart", "zeugin", "opf", "wag", "unterhalt", "zeugin", "angeklagt", "fuhr", "sodann", "haus"], "text": "Nach den Feststellungen und Wertungen des Landgerichts lernte das sp\u00e4tere Opfer, die zum Zeitpunkt der Tat im August 1987 16 Jahre alte Sch\u00fclerin\u00a0A., den Angeklagten etwa Ende des Jahres 1986 kennen. Die beiden \u00fcbten mehrfach den Geschlechtsverkehr aus. Im Gegensatz zu dem sp\u00e4teren Opfer war der Angeklagte nicht an einer dauerhaften Beziehung interessiert; er hatte vielmehr ein intimes Verh\u00e4ltnis mit seiner damaligen Freundin\u00a0B. begonnen und wollte dieses fortsetzen. Am Abend des 22. August 1987 besuchte\u00a0A. eine Diskothek in Be. Gegen 22:30 Uhr traf sie dort den Angeklagten. Dieser entfernte sich gegen 23:40 Uhr aus der Diskothek; auch die Sch\u00fclerin verlie\u00df das Lokal zu einem nicht sicher feststellbaren Zeitpunkt. Die Zeugin B. bemerkte gegen 0:20 Uhr, dass der PKW des Angeklagten sich nicht mehr dort befand, wo dieser ihn zuvor abgestellt hatte. Gegen 1:45 Uhr n\u00e4herte sich der Angeklagte mit seinem Fahrzeug und erkl\u00e4rte der Zeugin, er habe sich mit dem Opfer in seinem Wagen unterhalten. Die Zeugin und der Angeklagte fuhren sodann nach Hause."}, {"num": "3", "textProcessed": ["morg", "wurd", "unbekleidet", "leich", "schulerin", "feldweg", "gefund", "hand", "ruck", "hanfseil", "gefesselt", "sodann", "unterschenkel", "gefuhrt", "verknotet", "zeitpunkt", "fessel", "opf", "gelebt", "leich", "wies", "mehr", "stich", "schnittverletz", "kleidungsstuck", "unmittelbar", "umgeb", "verstreut", "etwa", "viereinhalb", "met", "leich", "entfernt", "lag", "sock", "opf", "gehort", "entfern", "etwa", "met", "befand", "weit", "gegenstand", "darunt", "damenbind"], "text": "Am n\u00e4chsten Morgen wurde die unbekleidete Leiche der Sch\u00fclerin auf einem Feldweg gefunden. Die H\u00e4nde waren am R\u00fccken mit einem Hanfseil gefesselt, das sodann um die Unterschenkel gef\u00fchrt und verknotet war. Zum Zeitpunkt der Fesselung hatte das Opfer noch gelebt. Die Leiche wies mehr als 60 Stich- und Schnittverletzungen auf. Die Kleidungsst\u00fccke waren in der unmittelbaren Umgebung verstreut. Etwa viereinhalb Meter von der Leiche entfernt lag eine Socke, die nicht dem Opfer geh\u00f6rte; in einer Entfernung von etwa 1,5 bis 3,2 Metern befanden sich weitere Gegenst\u00e4nde, darunter eine Damenbinde."}, {"num": "4", "textProcessed": ["jahr", "konnt", "sock", "blut", "speichelgem", "merkmal", "blutformel", "opf", "festgestellt", "jahr", "wurd", "sock", "dna", "merkmal", "angeklagt", "sowi", "vollstand", "dys", "merkmalsmust", "nachgewies", "jahr", "gelang", "fesselungsmaterial", "bereich", "hand", "fussfesseln", "bestimm", "dna", "merkmal", "angeklagt", "sowi", "vollstand", "dys", "must", "must", "wurd", "spermatozoenkopf", "nachgewies", "abstrich", "scheid", "enddarm", "opf", "befand", "slipeinlag", "hinweis", "sperma", "bzw", "zell", "mannlich", "herkunft", "festzustell"], "text": "Noch im Jahre 1987 konnte an der Socke ein Blut-Speichelgemisch mit Merkmalen der Blutformel des Opfers festgestellt werden. Im Jahre 1999 wurden an der Socke DNA-Merkmale des Angeklagten sowie sein vollst\u00e4ndiges DYS-Merkmalsmuster nachgewiesen. Im Jahre 2008 gelang an dem Fesselungsmaterial im Bereich der Hand- und Fu\u00dffesseln die Bestimmung von DNA-Merkmalen des Angeklagten sowie seines vollst\u00e4ndigen DYS-Musters. Dieses Muster wurde auch bei Spermatozoenk\u00f6pfen nachgewiesen, die sich in Abstrichen aus Scheide und Enddarm des Opfers befanden. An der Slipeinlage waren keine Hinweise auf Sperma bzw. Zellen m\u00e4nnlicher Herkunft festzustellen."}, {"num": "5", "textProcessed": ["angeklagt", "jahr", "polizei", "angegeb", "spat", "opf", "gemeinsam", "diskothek", "verlass", "auto", "einverstand", "geschlechtsverkehr", "samenerguss", "scheid", "ausgefuhrt", "danach", "sechzehnjahr", "fahrzeug", "verlass", "schlecht", "gefuhlt", "freundin", "betrog", "deshalb", "sei", "wag", "herumgefahr", "spat", "sei", "diskothek", "zuruckgekehrt", "freundin", "haus", "gefahr"], "text": "Der Angeklagte hat im Jahre 1987 bei der Polizei angegeben, er habe mit dem sp\u00e4teren Opfer gemeinsam die Diskothek verlassen und in seinem Auto einverst\u00e4ndlich den Geschlechtsverkehr bis zum Samenerguss in die Scheide ausgef\u00fchrt. Danach habe die Sechzehnj\u00e4hrige das Fahrzeug verlassen. Er habe sich schlecht gef\u00fchlt, weil er seine Freundin betrogen habe. Deshalb sei er mit dem Wagen herumgefahren. Sp\u00e4ter sei er zur Diskothek zur\u00fcckgekehrt und mit seiner Freundin nach Hause gefahren."}, {"num": "6", "textProcessed": ["landgericht", "davon", "uberzeug", "vermocht", "dass", "angeklagt", "hauptverhandl", "eingelass", "opf", "getotet", "begrund", "wesent", "darauf", "abgestellt", "dna", "material", "angeklagt", "konn", "sekundarubertrag", "fesselungsmaterial", "sock", "gelangt", "mehr", "zeug", "hatt", "bekundet", "opf", "fraglich", "nacht", "uhr", "geseh", "angab", "angeklagt", "einvernehm", "geschlechtsverkehr", "opf", "seien", "widerleg", "gelt", "betracht", "zieh", "dass", "wed", "nah", "leich", "gefund", "slipeinlag", "sichergestellt", "slip", "sperma", "sonstig", "zell", "mannlich", "herkunft", "nachgewies", "konnt", "sei", "erwart", "slip", "slipeinlag", "einvernehm", "geschlechtsverkehr", "getrag", "word", "feststell", "hierzu", "hatt", "ind", "getroff", "sei", "auszuschliess", "dass", "opf", "slipeinlag", "geschlechtsverkehr", "gewechselt"], "text": "Das Landgericht hat sich nicht davon zu \u00fcberzeugen vermocht, dass der Angeklagte, der sich in der Hauptverhandlung nicht eingelassen hat, das Opfer get\u00f6tet hat. Zur Begr\u00fcndung hat es im Wesentlichen darauf abgestellt, das DNA-Material des Angeklagten k\u00f6nne durch eine Sekund\u00e4r\u00fcbertragung an das Fesselungsmaterial und die Socke gelangt sein. Mehrere Zeugen h\u00e4tten bekundet, das Opfer in der fraglichen Nacht nach 1:45 Uhr gesehen zu haben. Die Angaben des Angeklagten zu einem einvernehmlichen Geschlechtsverkehr mit dem Opfer seien nicht zu widerlegen. Dies gelte auch, wenn man in Betracht ziehe, dass weder an der in der N\u00e4he der Leiche gefundenen Slipeinlage noch an dem sichergestellten Slip Sperma oder sonstige Zellen m\u00e4nnlicher Herkunft nachgewiesen werden konnten. Dies sei zwar zu erwarten gewesen, wenn der Slip oder die Slipeinlage nach dem einvernehmlichen Geschlechtsverkehr getragen worden w\u00e4re. Feststellungen hierzu h\u00e4tten indes nicht getroffen werden k\u00f6nnen. Es sei nicht auszuschlie\u00dfen, dass das Opfer die Slipeinlage nach dem Geschlechtsverkehr gewechselt habe."}, {"num": "7", "textProcessed": ["revision", "dringt", "entgeg", "auffass", "verteid", "wahrung", "abs", "satz", "stpo", "ergeb", "anforder", "zulass", "weis", "erhob", "rug", "verletz", "abs", "satz", "stpo", "landgericht", "beweisantrag", "staatsanwaltschaft", "rechtsfehlerhaft", "zuruckgewies"], "text": "I. Die Revision dringt mit der - entgegen der Auffassung der Verteidigung unter Wahrung der sich aus \u00a7 344 Abs. 2 Satz 2 StPO ergebenden Anforderungen in zul\u00e4ssiger Weise erhobenen - R\u00fcge der Verletzung des \u00a7 244 Abs. 3 Satz 2 StPO durch; denn das Landgericht hat einen Beweisantrag der Staatsanwaltschaft rechtsfehlerhaft zur\u00fcckgewiesen."}, {"num": "8", "textProcessed": ["beanstand", "liegt", "folgend", "verfahrensgescheh", "zugrund"], "text": "1. Der Beanstandung liegt folgendes Verfahrensgeschehen zugrunde:"}, {"num": "9", "textProcessed": ["staatsanwaltschaft", "vernehm", "mehr", "polizeibeamt", "beweis", "inhalt", "einlass", "angeklagt", "polizei", "vernehm", "juli", "beantragt", "landgericht", "antrag", "begrund", "zuruckgewies", "beweiserheb", "sei", "rechtlich", "grund", "bedeut", "besteh", "beweisverwertungsverbot", "angeklagt", "aussagefrei", "fehlerhaft", "belehrt", "word", "sei", "zeug", "gehort", "vernehmungsbeamt", "bestatigt", "angeklagt", "angab", "vernehmungsprotokoll", "entsprech", "folgt", "belehrt", "schon", "vorgesprach", "belehr", "formell", "teil", "dass", "mord", "begang", "beschuldigt", "weis", "darauf", "dass", "beschuldigt", "polizei", "angab", "brauch", "jederzeit", "rechtsanwalt", "wahrnehm", "interess", "beauftrag", "belehr", "leg", "schluss", "nah", "dass", "beschuldigt", "polizei", "angab", "stell", "staatsanwaltschaft", "gericht", "strafkamm", "vermog", "auszuschliess", "dass", "entschluss", "beschuldigt", "polizei", "angab", "erwag", "beeinflusst", "sei", "dass", "letztlich", "eben", "angab"], "text": "Die Staatsanwaltschaft hat die Vernehmung mehrerer Polizeibeamten zum Beweis f\u00fcr den Inhalt der Einlassung des Angeklagten bei seiner polizeilichen Vernehmung am 6. Juli 2008 beantragt. Das Landgericht hat diesen Antrag mit der Begr\u00fcndung zur\u00fcckgewiesen, die Beweiserhebung sei \"aus rechtlichen Gr\u00fcnden ohne Bedeutung\". Es bestehe ein Beweisverwertungsverbot, weil der Angeklagte \u00fcber seine Aussagefreiheit fehlerhaft belehrt worden sei. Der als Zeuge geh\u00f6rte Vernehmungsbeamte S.\u00a0habe best\u00e4tigt, den Angeklagten den Angaben in dem Vernehmungsprotokoll entsprechend wie folgt belehrt zu haben: \"Wie auch schon vor dem Vorgespr\u00e4ch, belehre ich dich hier noch einmal formell. Ich teile dir mit, dass du hier des Mordes an der A. , begangen am 23.08.1987, beschuldigt wirst. Ich weise dich darauf hin, dass du hier als Beschuldigter vor der Polizei keine Angaben machen brauchst und jederzeit einen Rechtsanwalt mit der Wahrnehmung deiner Interessen beauftragen kannst.\" Diese Belehrung lege den Schluss nahe, dass der Beschuldigte zwar vor der Polizei keine Angaben machen m\u00fcsse, vor einer anderen Stelle, wie der Staatsanwaltschaft oder dem Gericht aber doch. Die Strafkammer verm\u00f6ge nicht auszuschlie\u00dfen, dass der Entschluss des Beschuldigten, bei der Polizei Angaben zu machen, von der Erw\u00e4gung beeinflusst gewesen sei, dass er letztlich eben doch Angaben machen m\u00fcsse."}, {"num": "10", "textProcessed": ["rechtsfehlerhaft", "bereit", "annahm", "landgericht", "beweisverwertungsverbot", "fuhr", "dass", "begehrt", "beweiserheb", "rechtlich", "grund", "bedeut", "deshalb", "ablehnungsgrund", "abs", "satz", "alt", "stpo", "gegeb", "sei", "tatsach", "rechtsgrund", "zunach", "bedeut", "wed", "allein", "verbind", "weit", "tatsach", "geeignet", "unmittelbar", "tatbestandsmerkmal", "angeklagt", "vorgeworf", "delikt", "auszufull", "rechtsfolgenausspruch", "direkt", "relevanz", "gewinn", "fisch", "kk", "aufl", "rdn", "darub", "hinaus", "verurteil", "schon", "bereit", "erwies", "grund", "moglich", "etwa", "vorlieg", "prozesshindernis", "strafausschliess", "strafaufhebungsgrund", "mey", "gossn", "stpo", "aufl", "rdn", "fall", "liegt", "beweisverwertungsverbot", "fuhrt", "vielmehr", "unzulass", "beantragt", "beweiserheb", "zwingend", "ablehnungsgrund", "abs", "satz", "stpo"], "text": "2. Rechtsfehlerhaft ist bereits die Annahme des Landgerichts, ein Beweisverwertungsverbot f\u00fchre dazu, dass die begehrte Beweiserhebung aus rechtlichen Gr\u00fcnden ohne Bedeutung und deshalb der Ablehnungsgrund nach \u00a7 244 Abs. 3 Satz 2 2. Alt. StPO gegeben sei. Eine Tatsache ist aus Rechtsgr\u00fcnden zun\u00e4chst dann ohne Bedeutung, wenn sie weder allein noch in Verbindung mit weiteren Tatsachen geeignet ist, unmittelbar ein Tatbestandsmerkmal des dem Angeklagten vorgeworfenen Delikts auszuf\u00fcllen oder f\u00fcr den Rechtsfolgenausspruch direkt Relevanz zu gewinnen (Fischer in KK 6. Aufl. \u00a7 244 Rdn. 142), oder dar\u00fcber hinaus eine Verurteilung schon aus anderen - bereits erwiesenen - Gr\u00fcnden nicht m\u00f6glich ist, etwa wegen Vorliegens von Prozesshindernissen, Strafausschlie\u00dfungs- oder Strafaufhebungsgr\u00fcnden (Meyer-Go\u00dfner, StPO 52. Aufl. \u00a7 244 Rdn. 55). Ein solcher Fall liegt hier nicht vor. Ein Beweisverwertungsverbot f\u00fchrt vielmehr zur Unzul\u00e4ssigkeit der beantragten Beweiserhebung und damit zu dem zwingenden Ablehnungsgrund des \u00a7 244 Abs. 3 Satz 1 StPO."}, {"num": "11", "textProcessed": ["staatsanwaltschaft", "begehrt", "beweiserheb", "unzulass", "beweisverwertungsverbot", "bestand", "begrundet", "unterblieb", "beschuldigtenbelehr", "grundsatz", "verwertungsverbot", "ausser", "beschuldigt", "belehr", "durchgefuhrt", "vernehm", "gemacht", "bghst", "ff", "fehlerhaft", "belehr", "je", "gestalt", "einzelfall", "fuhr", "dass", "einlass", "unverwertbar", "jedoch", "wurd", "angeklagt", "polizei", "aussag", "ordnungsgemass", "aussagefrei", "belehrt"], "text": "3. Die von der Staatsanwaltschaft begehrte Beweiserhebung war hier nicht unzul\u00e4ssig; denn ein Beweisverwertungsverbot bestand nicht. Zwar begr\u00fcndet eine unterbliebene Beschuldigtenbelehrung grunds\u00e4tzlich ein Verwertungsverbot f\u00fcr \u00c4u\u00dferungen, die der Beschuldigte in der ohne Belehrung durchgef\u00fchrten Vernehmung gemacht hat (BGHSt 38, 214, 218 ff.); auch fehlerhafte Belehrungen k\u00f6nnen je nach Gestaltung des Einzelfalls dazu f\u00fchren, dass die Einlassung unverwertbar ist. Jedoch wurde der Angeklagte hier vor seiner polizeilichen Aussage ordnungsgem\u00e4\u00df \u00fcber seine Aussagefreiheit belehrt."}, {"num": "12", "textProcessed": ["anforder", "polizei", "vernehm", "beschuldigt", "abs", "satz", "stpo", "oblieg", "belehr", "aussagefrei", "entsprech", "denjen", "richt", "vernehm", "abs", "satz", "stpo", "deshalb", "gilt"], "text": "a) Die Anforderungen an die der Polizei bei der Vernehmung des Beschuldigten nach \u00a7 163 a Abs. 4 Satz 2 StPO obliegende Belehrung \u00fcber seine Aussagefreiheit entsprechen denjenigen an eine richterlichen Vernehmung nach \u00a7 136 Abs. 1 Satz 2 StPO. Deshalb gilt:"}, {"num": "13", "textProcessed": ["belehr", "aussagefrei", "gegenub", "beschuldigt", "eindeut", "klargestellt", "dass", "freisteht", "auszusag", "obwohl", "richt", "staatsanwalt", "polizeibeamt", "amtlich", "eigenschaft", "befragt", "belehrungsgebot", "sicherstell", "dass", "beschuldigt", "irrtum", "annahm", "aussagepflicht", "bewahrt", "moglicherweis", "gerad", "konfrontation", "amtlich", "auskunftsverlang", "veranlasst", "bghst", "regelfall", "empfiehlt", "belehr", "wort", "abs", "satz", "stpo", "erteil", "zwingend", "ind", "stellt", "vielmehr", "weit", "verfahrensfehl", "dar", "wort", "gesetz", "benutzt", "massgeb", "dass", "belehr", "beschuldigt", "klarheit", "aussagefrei", "verschafft", "diesbezug", "etwaig", "fehlvorstell", "ausschliesst", "bgh", "njw", "belehr", "abs", "satz", "stpo", "af", "mey", "gossn", "stpo", "aufl", "rdn", "rogall", "sk", "stpo", "rdn"], "text": "Durch die Belehrung \u00fcber seine Aussagefreiheit soll gegen\u00fcber dem Beschuldigten eindeutig klargestellt werden, dass es ihm freisteht, nicht auszusagen, obwohl ihn ein Richter, Staatsanwalt oder Polizeibeamter in amtlicher Eigenschaft befragt. Das Belehrungsgebot will sicherstellen, dass der Beschuldigte vor der irrt\u00fcmlichen Annahme einer Aussagepflicht bewahrt wird, zu der er m\u00f6glicherweise gerade durch die Konfrontation mit dem amtlichen Auskunftsverlangen veranlasst werden k\u00f6nnte (BGHSt 42, 139, 147). F\u00fcr den Regelfall empfiehlt es sich zwar, die Belehrung in den Worten des \u00a7 136 Abs. 1 Satz 2 StPO zu erteilen. Zwingend ist dies indes nicht. Es stellt vielmehr nicht ohne Weiteres einen Verfahrensfehler dar, wenn die Worte des Gesetzes nicht benutzt werden. Ma\u00dfgebend ist, dass die Belehrung dem Beschuldigten Klarheit \u00fcber seine Aussagefreiheit verschafft und eine diesbez\u00fcgliche etwaige Fehlvorstellung ausschlie\u00dft (BGH NJW 1966, 1718, 1719 zur Belehrung nach \u00a7 243 Abs. 4 Satz 1 StPO aF; Meyer-Go\u00dfner, StPO 52. Aufl. \u00a7 136 Rdn. 8; Rogall in SK-StPO \u00a7 136 Rdn. 33)."}, {"num": "14", "textProcessed": ["anforder", "genug", "getan", "ausleg", "polizeibeamt", "verwendet", "belehrungsformel", "ergibt", "dass", "unklar", "darub", "dass", "angeklagt", "freistand", "anschliess", "polizei", "vernehm", "angab", "unterlass", "auftret", "konnt", "wortlaut", "insoweit", "eindeut", "entgeg", "stehend", "umstand", "ersicht", "annahm", "landgericht", "gesetzeswortlaut", "hinausgeh", "wendung", "beschuldigt", "polizei", "sei", "moglich", "auszuschliess", "angeklagt", "dahin", "missversteh", "spat", "vernehm", "staatsanwalt", "richt", "aussag", "verpflichtet", "grund", "bereit", "polizei", "angab", "gemacht", "besteh", "grundlag", "festgestellt", "sachverhalt", "zureich", "tatsach", "anhaltspunkt", "wortlaut", "belehr", "tragt", "schlussfolger", "weit", "tatsach", "umstand", "derart", "gehalt", "erteilt", "belehr", "hindeut", "konnt", "strafkamm", "aufgezeigt", "anson", "ersicht", "umstand", "erweist", "erwag", "strafkamm", "rein", "spekulation", "vielmehr", "davon", "auszugeh", "dass", "angeklagt", "art", "weis", "belehrt", "word", "zweifel", "missverstandnis", "bedeut", "umfang", "aussagefrei", "aufkomm", "liess"], "text": "b) Diesen Anforderungen ist hier Gen\u00fcge getan. Die Auslegung der von dem Polizeibeamten verwendeten Belehrungsformel ergibt, dass Unklarheiten dar\u00fcber, dass es dem Angeklagten freistand, in der anschlie\u00dfenden polizeilichen Vernehmung Angaben zu machen oder dies zu unterlassen, nicht auftreten konnten. Der Wortlaut ist insoweit eindeutig; dem entgegen stehende Umst\u00e4nde sind nicht ersichtlich. F\u00fcr die Annahme des Landgerichts, wegen der - \u00fcber den Gesetzeswortlaut hinausgehenden - Wendung \"hier als Beschuldigter vor der Polizei\" sei die M\u00f6glichkeit nicht auszuschlie\u00dfen, der Angeklagte habe dies dahin missverstehen k\u00f6nnen, in einer sp\u00e4teren Vernehmung durch einen Staatsanwalt oder Richter doch zur Aussage verpflichtet zu sein und aus diesem Grund bereits bei der Polizei Angaben gemacht, bestehen auf der Grundlage des festgestellten Sachverhalts keine zureichenden tats\u00e4chlichen Anhaltspunkte. Der Wortlaut der Belehrung tr\u00e4gt diese Schlussfolgerung nicht. Weitere tats\u00e4chliche Umst\u00e4nde, die auf einen derartigen Gehalt der erteilten Belehrung hindeuten k\u00f6nnten, werden von der Strafkammer nicht aufgezeigt; sie sind auch ansonsten nicht ersichtlich. Unter diesen Umst\u00e4nden erweist sich die Erw\u00e4gung der Strafkammer als reine Spekulation. Es ist vielmehr davon auszugehen, dass der Angeklagte in einer Art und Weise belehrt worden ist, die bei ihm einen Zweifel oder ein Missverst\u00e4ndnis \u00fcber Bedeutung und Umfang seiner Aussagefreiheit nicht aufkommen lie\u00df."}, {"num": "15", "textProcessed": ["urteil", "beruht", "aufgezeigt", "verfahrensfehl", "stpo", "ausweis", "beweisantrag", "angefuhrt", "protokoll", "angeklagt", "vernehm", "juli", "frag", "getotet", "geantwortet", "nein", "vorstell", "vorstell", "glaub", "frag", "sei", "genuss", "alkohol", "lsd", "herr", "sinn", "angeklagt", "angegeb", "ahnung", "frag", "konn", "dass", "opf", "ermordet", "drogenkonsum", "daran", "erinn", "folgt", "beantwortet", "ausschliess", "passt", "zeitlich", "reihenfolg", "danach", "ausgeschloss", "dass", "landgericht", "davon", "uberzeugt", "hatt", "angeklagt", "opf", "getotet", "angab", "beweisaufnahm", "bestatigt", "hatt", "strafkamm", "beweiswurd", "einbezog", "hatt"], "text": "4. Das Urteil beruht auf dem aufgezeigten Verfahrensfehler (\u00a7 337 StPO). Ausweislich des in dem Beweisantrag angef\u00fchrten Protokolls hat der Angeklagte in der Vernehmung vom 6. Juli 2008 unter anderem auf die Fragen, ob er\u00a0A. get\u00f6tet habe, geantwortet \"Nein. Ich kann es mir nicht vorstellen.\" und \"Ich kann mir das nicht vorstellen und ich glaube es auch nicht.\" Auf die Frage, ob er sicher sei, nach dem Genuss von Alkohol und LSD noch Herr seiner Sinne gewesen zu sein, hat der Angeklagte angegeben \"Keine Ahnung.\" Die Frage, ob es sein k\u00f6nne, dass er das Opfer ermordet habe und sich wegen des Drogenkonsums jetzt nicht daran erinnere, hat er unter anderem wie folgt beantwortet \"Es k\u00f6nnte sein, ich kann es nicht ausschlie\u00dfen, es passt nicht in meine zeitliche Reihenfolge.\" Danach ist es nicht ausgeschlossen, dass das Landgericht sich davon \u00fcberzeugt h\u00e4tte, der Angeklagte habe das Opfer get\u00f6tet, wenn sich diese Angaben in der Beweisaufnahme best\u00e4tigt h\u00e4tten und die Strafkammer sie in ihre Beweisw\u00fcrdigung einbezogen h\u00e4tte."}, {"num": "16", "textProcessed": ["ii", "danach", "kommt", "begrundet", "sachrug", "mehr", "senat", "deshalb", "entscheid", "beweiswurd", "landgericht", "massstab", "revisionsgericht", "uberpruf", "bgh", "njw", "durchgreif", "rechtsfehl", "enthalt", "weist", "jedoch", "darauf", "dass", "beweiswurd", "angefocht", "urteil", "folgend", "rechtlich", "bedenk", "unterliegt"], "text": "II. Danach kommt es auf die Begr\u00fcndetheit der Sachr\u00fcge nicht mehr an. Der Senat muss deshalb nicht entscheiden, ob die Beweisw\u00fcrdigung des Landgerichts nach den Ma\u00dfst\u00e4ben revisionsgerichtlicher \u00dcberpr\u00fcfung (BGH NJW 2005, 2322, 2326) durchgreifende Rechtsfehler enth\u00e4lt. Er weist jedoch darauf hin, dass die Beweisw\u00fcrdigung in dem angefochtenen Urteil folgenden rechtlichen Bedenken unterliegt:"}, {"num": "17", "textProcessed": ["landgericht", "schwerwieg", "verdachtsmoment", "auseinandergesetzt", "dass", "spermatozoenkopf", "angeklagt", "bereich", "scheid", "enddarm", "opf", "gefund", "wurd", "obwohl", "angeklagt", "jahr", "polizei", "vernehm", "angegeb", "spat", "opf", "ledig", "vaginal", "anal", "geschlechtsverkehr", "ausgefuhrt"], "text": "1. Das Landgericht hat sich mit dem schwerwiegenden Verdachtsmoment nicht auseinandergesetzt, dass Spermatozoenk\u00f6pfe des Angeklagten nicht nur im Bereich der Scheide, sondern auch des Enddarms des Opfers gefunden wurden, obwohl der Angeklagte im Jahre 1987 bei seiner polizeilichen Vernehmung angegeben hat, mit dem sp\u00e4teren Opfer lediglich den vaginalen, nicht aber den analen Geschlechtsverkehr ausgef\u00fchrt zu haben."}, {"num": "18", "textProcessed": ["strafkamm", "erortert", "dass", "untersuch", "fahrzeuginn", "mittel", "uv", "licht", "sichtbar", "anhaft", "sperma", "gefund", "wurd", "obwohl", "angeklagt", "polizei", "angab", "beifahrersitz", "liegend", "spat", "opf", "ungeschutzt", "geschlechtsverkehr", "samenerguss", "ausgefuhrt", "reinig", "fahrzeug", "tatnacht", "sprechend", "anzeich", "festgestellt", "wurd"], "text": "2. Die Strafkammer hat nicht er\u00f6rtert, dass bei einer Untersuchung des Fahrzeuginneren mittels UV-Licht keine sichtbaren Anhaftungen von Sperma gefunden wurden, obwohl der Angeklagte nach seinen polizeilichen Angaben mit dem auf dem Beifahrersitz liegenden sp\u00e4teren Opfer ungesch\u00fctzt den Geschlechtsverkehr bis zum Samenerguss ausgef\u00fchrt haben will und f\u00fcr eine Reinigung des Fahrzeugs nach der Tatnacht sprechende Anzeichen nicht festgestellt wurden."}, {"num": "19", "textProcessed": ["tatgericht", "beweiswurd", "eingestellt", "dass", "angeklagt", "opf", "intim", "bekannt", "zwei", "weit", "fruh", "freundinn", "einvernehm", "hand", "fesselt", "bevor", "sexuell", "verkehrt", "opf", "lebend", "gefesselt", "wurd", "dass", "abwehrspur", "festzustell"], "text": "3. Das Tatgericht hat nicht in die Beweisw\u00fcrdigung eingestellt, dass der Angeklagte mit dem Opfer intim bekannt war, zwei weiteren fr\u00fcheren Freundinnen einvernehmlich die H\u00e4nde fesselte, bevor er mit ihnen sexuell verkehrte, und das Opfer lebend gefesselt wurde, ohne dass Abwehrspuren festzustellen waren."}, {"num": "20", "textProcessed": ["erwag", "moglich", "sekundarubertrag", "dna", "material", "angeklagt", "insbesond", "viereinhalb", "met", "leich", "entfernt", "aufgefund", "sock", "obwohl", "feststell", "gerichtsmedizin", "untersuch", "obduzent", "beruhrt", "wurd", "landgericht", "gunst", "angeklagt", "ausreich", "tatsach", "anhaltspunkt", "theoret", "denkbar", "lebensnah", "sachverhalt", "unterstellt", "mey", "gossn", "aao", "rdn"], "text": "4. Bei seinen Erw\u00e4gungen zur M\u00f6glichkeit der Sekund\u00e4r\u00fcbertragung von DNA-Material des Angeklagten - insbesondere auf die viereinhalb Meter von der Leiche entfernt aufgefundene Socke, obwohl diese nach den Feststellungen bei der gerichtsmedizinischen Untersuchung von dem Obduzenten nicht ber\u00fchrt wurde - hat das Landgericht zu Gunsten des Angeklagten ohne ausreichende tats\u00e4chliche Anhaltspunkte einen zwar theoretisch denkbaren, aber nicht lebensnahen Sachverhalt unterstellt (Meyer-Go\u00dfner aaO \u00a7 261 Rdn. 16, 38)."}, {"num": "21", "textProcessed": ["mehrdeut", "erwag", "landgericht", "sei", "auszuschliess", "dass", "opf", "slipeinlag", "geschlechtsverkehr", "gewechselt", "entbehrt", "bisher", "feststell", "tragfah", "grundlag", "landgericht", "gemeint", "aufgefund", "slipeinlag", "sei", "opf", "erst", "geschlechtsverkehr", "getrag", "word", "hatt", "ausfuhr", "sachverstand", "strafkamm", "folgt", "spermaspur", "angeklagt", "vorhand", "sollt", "ausfuhr", "landgericht", "dahin", "versteh", "dass", "opf", "aufgefund", "slipeinlag", "geschlechtsverkehr", "angeklagt", "trug", "hatt", "strafkamm", "erwag", "einbezieh", "dass", "fundort", "leich", "slipeinlag", "befand", "opf", "unterstellt", "wechsel", "verwendet", "aufgefund", "slip", "ebenfall", "spermaspur", "gefund", "wurd"], "text": "5. Die mehrdeutige Erw\u00e4gung des Landgerichts, es sei nicht auszuschlie\u00dfen, dass das Opfer die Slipeinlage nach dem Geschlechtsverkehr gewechselt habe, entbehrt nach den bisherigen Feststellungen einer tragf\u00e4higen Grundlage. Sollte das Landgericht gemeint haben, die aufgefundene Slipeinlage sei von dem Opfer erst nach dem Geschlechtsverkehr getragen worden, h\u00e4tten nach den Ausf\u00fchrungen des Sachverst\u00e4ndigen, denen die Strafkammer folgt, an dieser Spermaspuren des Angeklagten vorhanden sein m\u00fcssen. Sollten die Ausf\u00fchrungen des Landgerichts dahin zu verstehen sein, dass das Opfer die aufgefundene Slipeinlage vor dem Geschlechtsverkehr mit dem Angeklagten trug, h\u00e4tte die Strafkammer in ihre Erw\u00e4gungen einbeziehen m\u00fcssen, dass sich an dem Fundort der Leiche nur diese Slipeinlage, nicht aber jene befand, welche das Opfer nach dem unterstellten Wechsel verwendete, und an dem aufgefundenen Slip ebenfalls keine Spermaspuren gefunden wurden."}, {"num": "22", "textProcessed": ["schliesslich", "landgericht", "gesamtwurd", "relevant", "umstand", "vorgenomm", "darauf", "beschrankt", "einzeln", "beweistatsach", "jeweil", "gesondert", "erort", "jeweil", "beweiswert", "pruf", "obwohl", "zahlreich", "gewicht", "taterschaft", "angeklagt", "sprechend", "beweisanzeich", "vorlag", "bghr", "stpo", "beweiswurd", "unzureich", "bgh", "nstz", "mey", "gossn", "aao", "rdn"], "text": "6. Schlie\u00dflich hat das Landgericht keine Gesamtw\u00fcrdigung aller relevanten Umst\u00e4nde vorgenommen, sondern sich darauf beschr\u00e4nkt, die einzelnen Beweistatsachen jeweils gesondert zu er\u00f6rtern und auf ihren jeweiligen Beweiswert zu pr\u00fcfen, obwohl zahlreiche gewichtige, f\u00fcr und gegen die T\u00e4terschaft des Angeklagten sprechende Beweisanzeichen vorlagen (BGHR StPO \u00a7 261 Beweisw\u00fcrdigung, unzureichende 1; BGH NStZ 2002, 48; Meyer-Go\u00dfner aaO \u00a7 267 Rdn. 33)."}, {"num": "23", "textProcessed": ["iii", "senat", "macht", "moglich", "abs", "satz", "alt", "stpo", "gebrauch", "verweist", "sach", "landgericht", "verd", "zuruck"], "text": "III.Der Senat macht von der M\u00f6glichkeit des \u00a7 354 Abs. 2 Satz 1 2. Alt. StPO Gebrauch und verweist die Sache an das Landgericht Verden zur\u00fcck."}], "norm": ["\u00a7 136 S 2 StPO", "\u00a7 163a S 2 StPO", "\u00a7 244 S 1 StPO", "\u00a7 244 S 2 Alt 2 StPO"], "doktyp": "Urteil", "regionLong": "Bundesrepublik Deutschland", "sonstlt": "", "gruendeProcessed": ["landgericht", "angeklagt", "vorwurf", "mord", "tatsach", "grund", "freigesproch", "hiergeg", "richtet", "revision", "staatsanwaltschaft", "zuruckweis", "beweisantrag", "beanstandet", "rug", "verletz", "materiell", "recht", "beweiswurd", "landgericht", "angreift", "generalbundesanwalt", "vertret", "rechtsmittel", "verfahrensrug", "erfolg", "feststell", "wertung", "landgericht", "lernt", "spat", "opf", "zeitpunkt", "tat", "august", "jahr", "alt", "schulerin", "angeklagt", "etwa", "end", "jahr", "kenn", "beid", "ubt", "mehrfach", "geschlechtsverkehr", "gegensatz", "spat", "opf", "angeklagt", "dauerhaft", "bezieh", "interessiert", "vielmehr", "intim", "verhaltnis", "damal", "freundin", "begonn", "fortsetz", "abend", "august", "besucht", "diskothek", "be", "uhr", "traf", "angeklagt", "entfernt", "uhr", "diskothek", "schulerin", "verliess", "lokal", "feststellbar", "zeitpunkt", "zeugin", "bemerkt", "uhr", "dass", "pkw", "angeklagt", "mehr", "befand", "zuvor", "abgestellt", "uhr", "nahert", "angeklagt", "fahrzeug", "erklart", "zeugin", "opf", "wag", "unterhalt", "zeugin", "angeklagt", "fuhr", "sodann", "haus", "morg", "wurd", "unbekleidet", "leich", "schulerin", "feldweg", "gefund", "hand", "ruck", "hanfseil", "gefesselt", "sodann", "unterschenkel", "gefuhrt", "verknotet", "zeitpunkt", "fessel", "opf", "gelebt", "leich", "wies", "mehr", "stich", "schnittverletz", "kleidungsstuck", "unmittelbar", "umgeb", "verstreut", "etwa", "viereinhalb", "met", "leich", "entfernt", "lag", "sock", "opf", "gehort", "entfern", "etwa", "met", "befand", "weit", "gegenstand", "darunt", "damenbind", "jahr", "konnt", "sock", "blut", "speichelgem", "merkmal", "blutformel", "opf", "festgestellt", "jahr", "wurd", "sock", "dna", "merkmal", "angeklagt", "sowi", "vollstand", "dys", "merkmalsmust", "nachgewies", "jahr", "gelang", "fesselungsmaterial", "bereich", "hand", "fussfesseln", "bestimm", "dna", "merkmal", "angeklagt", "sowi", "vollstand", "dys", "must", "must", "wurd", "spermatozoenkopf", "nachgewies", "abstrich", "scheid", "enddarm", "opf", "befand", "slipeinlag", "hinweis", "sperma", "bzw", "zell", "mannlich", "herkunft", "festzustell", "angeklagt", "jahr", "polizei", "angegeb", "spat", "opf", "gemeinsam", "diskothek", "verlass", "auto", "einverstand", "geschlechtsverkehr", "samenerguss", "scheid", "ausgefuhrt", "danach", "sechzehnjahr", "fahrzeug", "verlass", "schlecht", "gefuhlt", "freundin", "betrog", "deshalb", "sei", "wag", "herumgefahr", "spat", "sei", "diskothek", "zuruckgekehrt", "freundin", "haus", "gefahr", "landgericht", "davon", "uberzeug", "vermocht", "dass", "angeklagt", "hauptverhandl", "eingelass", "opf", "getotet", "begrund", "wesent", "darauf", "abgestellt", "dna", "material", "angeklagt", "konn", "sekundarubertrag", "fesselungsmaterial", "sock", "gelangt", "mehr", "zeug", "hatt", "bekundet", "opf", "fraglich", "nacht", "uhr", "geseh", "angab", "angeklagt", "einvernehm", "geschlechtsverkehr", "opf", "seien", "widerleg", "gelt", "betracht", "zieh", "dass", "wed", "nah", "leich", "gefund", "slipeinlag", "sichergestellt", "slip", "sperma", "sonstig", "zell", "mannlich", "herkunft", "nachgewies", "konnt", "sei", "erwart", "slip", "slipeinlag", "einvernehm", "geschlechtsverkehr", "getrag", "word", "feststell", "hierzu", "hatt", "ind", "getroff", "sei", "auszuschliess", "dass", "opf", "slipeinlag", "geschlechtsverkehr", "gewechselt", "revision", "dringt", "entgeg", "auffass", "verteid", "wahrung", "abs", "satz", "stpo", "ergeb", "anforder", "zulass", "weis", "erhob", "rug", "verletz", "abs", "satz", "stpo", "landgericht", "beweisantrag", "staatsanwaltschaft", "rechtsfehlerhaft", "zuruckgewies", "beanstand", "liegt", "folgend", "verfahrensgescheh", "zugrund", "staatsanwaltschaft", "vernehm", "mehr", "polizeibeamt", "beweis", "inhalt", "einlass", "angeklagt", "polizei", "vernehm", "juli", "beantragt", "landgericht", "antrag", "begrund", "zuruckgewies", "beweiserheb", "sei", "rechtlich", "grund", "bedeut", "besteh", "beweisverwertungsverbot", "angeklagt", "aussagefrei", "fehlerhaft", "belehrt", "word", "sei", "zeug", "gehort", "vernehmungsbeamt", "bestatigt", "angeklagt", "angab", "vernehmungsprotokoll", "entsprech", "folgt", "belehrt", "schon", "vorgesprach", "belehr", "formell", "teil", "dass", "mord", "begang", "beschuldigt", "weis", "darauf", "dass", "beschuldigt", "polizei", "angab", "brauch", "jederzeit", "rechtsanwalt", "wahrnehm", "interess", "beauftrag", "belehr", "leg", "schluss", "nah", "dass", "beschuldigt", "polizei", "angab", "stell", "staatsanwaltschaft", "gericht", "strafkamm", "vermog", "auszuschliess", "dass", "entschluss", "beschuldigt", "polizei", "angab", "erwag", "beeinflusst", "sei", "dass", "letztlich", "eben", "angab", "rechtsfehlerhaft", "bereit", "annahm", "landgericht", "beweisverwertungsverbot", "fuhr", "dass", "begehrt", "beweiserheb", "rechtlich", "grund", "bedeut", "deshalb", "ablehnungsgrund", "abs", "satz", "alt", "stpo", "gegeb", "sei", "tatsach", "rechtsgrund", "zunach", "bedeut", "wed", "allein", "verbind", "weit", "tatsach", "geeignet", "unmittelbar", "tatbestandsmerkmal", "angeklagt", "vorgeworf", "delikt", "auszufull", "rechtsfolgenausspruch", "direkt", "relevanz", "gewinn", "fisch", "kk", "aufl", "rdn", "darub", "hinaus", "verurteil", "schon", "bereit", "erwies", "grund", "moglich", "etwa", "vorlieg", "prozesshindernis", "strafausschliess", "strafaufhebungsgrund", "mey", "gossn", "stpo", "aufl", "rdn", "fall", "liegt", "beweisverwertungsverbot", "fuhrt", "vielmehr", "unzulass", "beantragt", "beweiserheb", "zwingend", "ablehnungsgrund", "abs", "satz", "stpo", "staatsanwaltschaft", "begehrt", "beweiserheb", "unzulass", "beweisverwertungsverbot", "bestand", "begrundet", "unterblieb", "beschuldigtenbelehr", "grundsatz", "verwertungsverbot", "ausser", "beschuldigt", "belehr", "durchgefuhrt", "vernehm", "gemacht", "bghst", "ff", "fehlerhaft", "belehr", "je", "gestalt", "einzelfall", "fuhr", "dass", "einlass", "unverwertbar", "jedoch", "wurd", "angeklagt", "polizei", "aussag", "ordnungsgemass", "aussagefrei", "belehrt", "anforder", "polizei", "vernehm", "beschuldigt", "abs", "satz", "stpo", "oblieg", "belehr", "aussagefrei", "entsprech", "denjen", "richt", "vernehm", "abs", "satz", "stpo", "deshalb", "gilt", "belehr", "aussagefrei", "gegenub", "beschuldigt", "eindeut", "klargestellt", "dass", "freisteht", "auszusag", "obwohl", "richt", "staatsanwalt", "polizeibeamt", "amtlich", "eigenschaft", "befragt", "belehrungsgebot", "sicherstell", "dass", "beschuldigt", "irrtum", "annahm", "aussagepflicht", "bewahrt", "moglicherweis", "gerad", "konfrontation", "amtlich", "auskunftsverlang", "veranlasst", "bghst", "regelfall", "empfiehlt", "belehr", "wort", "abs", "satz", "stpo", "erteil", "zwingend", "ind", "stellt", "vielmehr", "weit", "verfahrensfehl", "dar", "wort", "gesetz", "benutzt", "massgeb", "dass", "belehr", "beschuldigt", "klarheit", "aussagefrei", "verschafft", "diesbezug", "etwaig", "fehlvorstell", "ausschliesst", "bgh", "njw", "belehr", "abs", "satz", "stpo", "af", "mey", "gossn", "stpo", "aufl", "rdn", "rogall", "sk", "stpo", "rdn", "anforder", "genug", "getan", "ausleg", "polizeibeamt", "verwendet", "belehrungsformel", "ergibt", "dass", "unklar", "darub", "dass", "angeklagt", "freistand", "anschliess", "polizei", "vernehm", "angab", "unterlass", "auftret", "konnt", "wortlaut", "insoweit", "eindeut", "entgeg", "stehend", "umstand", "ersicht", "annahm", "landgericht", "gesetzeswortlaut", "hinausgeh", "wendung", "beschuldigt", "polizei", "sei", "moglich", "auszuschliess", "angeklagt", "dahin", "missversteh", "spat", "vernehm", "staatsanwalt", "richt", "aussag", "verpflichtet", "grund", "bereit", "polizei", "angab", "gemacht", "besteh", "grundlag", "festgestellt", "sachverhalt", "zureich", "tatsach", "anhaltspunkt", "wortlaut", "belehr", "tragt", "schlussfolger", "weit", "tatsach", "umstand", "derart", "gehalt", "erteilt", "belehr", "hindeut", "konnt", "strafkamm", "aufgezeigt", "anson", "ersicht", "umstand", "erweist", "erwag", "strafkamm", "rein", "spekulation", "vielmehr", "davon", "auszugeh", "dass", "angeklagt", "art", "weis", "belehrt", "word", "zweifel", "missverstandnis", "bedeut", "umfang", "aussagefrei", "aufkomm", "liess", "urteil", "beruht", "aufgezeigt", "verfahrensfehl", "stpo", "ausweis", "beweisantrag", "angefuhrt", "protokoll", "angeklagt", "vernehm", "juli", "frag", "getotet", "geantwortet", "nein", "vorstell", "vorstell", "glaub", "frag", "sei", "genuss", "alkohol", "lsd", "herr", "sinn", "angeklagt", "angegeb", "ahnung", "frag", "konn", "dass", "opf", "ermordet", "drogenkonsum", "daran", "erinn", "folgt", "beantwortet", "ausschliess", "passt", "zeitlich", "reihenfolg", "danach", "ausgeschloss", "dass", "landgericht", "davon", "uberzeugt", "hatt", "angeklagt", "opf", "getotet", "angab", "beweisaufnahm", "bestatigt", "hatt", "strafkamm", "beweiswurd", "einbezog", "hatt", "ii", "danach", "kommt", "begrundet", "sachrug", "mehr", "senat", "deshalb", "entscheid", "beweiswurd", "landgericht", "massstab", "revisionsgericht", "uberpruf", "bgh", "njw", "durchgreif", "rechtsfehl", "enthalt", "weist", "jedoch", "darauf", "dass", "beweiswurd", "angefocht", "urteil", "folgend", "rechtlich", "bedenk", "unterliegt", "landgericht", "schwerwieg", "verdachtsmoment", "auseinandergesetzt", "dass", "spermatozoenkopf", "angeklagt", "bereich", "scheid", "enddarm", "opf", "gefund", "wurd", "obwohl", "angeklagt", "jahr", "polizei", "vernehm", "angegeb", "spat", "opf", "ledig", "vaginal", "anal", "geschlechtsverkehr", "ausgefuhrt", "strafkamm", "erortert", "dass", "untersuch", "fahrzeuginn", "mittel", "uv", "licht", "sichtbar", "anhaft", "sperma", "gefund", "wurd", "obwohl", "angeklagt", "polizei", "angab", "beifahrersitz", "liegend", "spat", "opf", "ungeschutzt", "geschlechtsverkehr", "samenerguss", "ausgefuhrt", "reinig", "fahrzeug", "tatnacht", "sprechend", "anzeich", "festgestellt", "wurd", "tatgericht", "beweiswurd", "eingestellt", "dass", "angeklagt", "opf", "intim", "bekannt", "zwei", "weit", "fruh", "freundinn", "einvernehm", "hand", "fesselt", "bevor", "sexuell", "verkehrt", "opf", "lebend", "gefesselt", "wurd", "dass", "abwehrspur", "festzustell", "erwag", "moglich", "sekundarubertrag", "dna", "material", "angeklagt", "insbesond", "viereinhalb", "met", "leich", "entfernt", "aufgefund", "sock", "obwohl", "feststell", "gerichtsmedizin", "untersuch", "obduzent", "beruhrt", "wurd", "landgericht", "gunst", "angeklagt", "ausreich", "tatsach", "anhaltspunkt", "theoret", "denkbar", "lebensnah", "sachverhalt", "unterstellt", "mey", "gossn", "aao", "rdn", "mehrdeut", "erwag", "landgericht", "sei", "auszuschliess", "dass", "opf", "slipeinlag", "geschlechtsverkehr", "gewechselt", "entbehrt", "bisher", "feststell", "tragfah", "grundlag", "landgericht", "gemeint", "aufgefund", "slipeinlag", "sei", "opf", "erst", "geschlechtsverkehr", "getrag", "word", "hatt", "ausfuhr", "sachverstand", "strafkamm", "folgt", "spermaspur", "angeklagt", "vorhand", "sollt", "ausfuhr", "landgericht", "dahin", "versteh", "dass", "opf", "aufgefund", "slipeinlag", "geschlechtsverkehr", "angeklagt", "trug", "hatt", "strafkamm", "erwag", "einbezieh", "dass", "fundort", "leich", "slipeinlag", "befand", "opf", "unterstellt", "wechsel", "verwendet", "aufgefund", "slip", "ebenfall", "spermaspur", "gefund", "wurd", "schliesslich", "landgericht", "gesamtwurd", "relevant", "umstand", "vorgenomm", "darauf", "beschrankt", "einzeln", "beweistatsach", "jeweil", "gesondert", "erort", "jeweil", "beweiswert", "pruf", "obwohl", "zahlreich", "gewicht", "taterschaft", "angeklagt", "sprechend", "beweisanzeich", "vorlag", "bghr", "stpo", "beweiswurd", "unzureich", "bgh", "nstz", "mey", "gossn", "aao", "rdn", "iii", "senat", "macht", "moglich", "abs", "satz", "alt", "stpo", "gebrauch", "verweist", "sach", "landgericht", "verd", "zuruck", "beck", "pfist", "lien", "hubert", "schaf"], "mitwirkung": "", "aktenzeichen": "3 StR 63/10", "language": "deutsch", "gertyp": "BGH", "leitsatz": "", "gruende": "\n      <div>\n         <dl class=\"RspDL\">\n            <dt>\n               <a name=\"rd_1\">1</a>\n            </dt>\n            <dd>\n               <p>Das Landgericht hat den Angeklagten vom Vorwurf des Mordes aus tats\u00e4chlichen Gr\u00fcnden freigesprochen. Hiergegen richtet sich die Revision der Staatsanwaltschaft, die die Zur\u00fcckweisung eines Beweisantrags beanstandet und mit der R\u00fcge der Verletzung materiellen Rechts die Beweisw\u00fcrdigung des Landgerichts angreift. Das vom Generalbundesanwalt vertretene Rechtsmittel hat mit der Verfahrensr\u00fcge Erfolg.</p>\n            </dd>\n         </dl>\n         <dl class=\"RspDL\">\n            <dt>\n               <a name=\"rd_2\">2</a>\n            </dt>\n            <dd>\n               <p>Nach den Feststellungen und Wertungen des Landgerichts lernte das sp\u00e4tere Opfer, die zum Zeitpunkt der Tat im August 1987 16 Jahre alte Sch\u00fclerin\u00a0A., den Angeklagten etwa Ende des Jahres 1986 kennen. Die beiden \u00fcbten mehrfach den Geschlechtsverkehr aus. Im Gegensatz zu dem sp\u00e4teren Opfer war der Angeklagte nicht an einer dauerhaften Beziehung interessiert; er hatte vielmehr ein intimes Verh\u00e4ltnis mit seiner damaligen Freundin\u00a0B. begonnen und wollte dieses fortsetzen. Am Abend des 22. August 1987 besuchte\u00a0A. eine Diskothek in Be. Gegen 22:30 Uhr traf sie dort den Angeklagten. Dieser entfernte sich gegen 23:40 Uhr aus der Diskothek; auch die Sch\u00fclerin verlie\u00df das Lokal zu einem nicht sicher feststellbaren Zeitpunkt. Die Zeugin B. bemerkte gegen 0:20 Uhr, dass der PKW des Angeklagten sich nicht mehr dort befand, wo dieser ihn zuvor abgestellt hatte. Gegen 1:45 Uhr n\u00e4herte sich der Angeklagte mit seinem Fahrzeug und erkl\u00e4rte der Zeugin, er habe sich mit dem Opfer in seinem Wagen unterhalten. Die Zeugin und der Angeklagte fuhren sodann nach Hause.</p>\n            </dd>\n         </dl>\n         <dl class=\"RspDL\">\n            <dt>\n               <a name=\"rd_3\">3</a>\n            </dt>\n            <dd>\n               <p>Am n\u00e4chsten Morgen wurde die unbekleidete Leiche der Sch\u00fclerin auf einem Feldweg gefunden. Die H\u00e4nde waren am R\u00fccken mit einem Hanfseil gefesselt, das sodann um die Unterschenkel gef\u00fchrt und verknotet war. Zum Zeitpunkt der Fesselung hatte das Opfer noch gelebt. Die Leiche wies mehr als 60 Stich- und Schnittverletzungen auf. Die Kleidungsst\u00fccke waren in der unmittelbaren Umgebung verstreut. Etwa viereinhalb Meter von der Leiche entfernt lag eine Socke, die nicht dem Opfer geh\u00f6rte; in einer Entfernung von etwa 1,5 bis 3,2 Metern befanden sich weitere Gegenst\u00e4nde, darunter eine Damenbinde.</p>\n            </dd>\n         </dl>\n         <dl class=\"RspDL\">\n            <dt>\n               <a name=\"rd_4\">4</a>\n            </dt>\n            <dd>\n               <p>Noch im Jahre 1987 konnte an der Socke ein Blut-Speichelgemisch mit Merkmalen der Blutformel des Opfers festgestellt werden. Im Jahre 1999 wurden an der Socke DNA-Merkmale des Angeklagten sowie sein vollst\u00e4ndiges DYS-Merkmalsmuster nachgewiesen. Im Jahre 2008 gelang an dem Fesselungsmaterial im Bereich der Hand- und Fu\u00dffesseln die Bestimmung von DNA-Merkmalen des Angeklagten sowie seines vollst\u00e4ndigen DYS-Musters. Dieses Muster wurde auch bei Spermatozoenk\u00f6pfen nachgewiesen, die sich in Abstrichen aus Scheide und Enddarm des Opfers befanden. An der Slipeinlage waren keine Hinweise auf Sperma bzw. Zellen m\u00e4nnlicher Herkunft festzustellen.</p>\n            </dd>\n         </dl>\n         <dl class=\"RspDL\">\n            <dt>\n               <a name=\"rd_5\">5</a>\n            </dt>\n            <dd>\n               <p>Der Angeklagte hat im Jahre 1987 bei der Polizei angegeben, er habe mit dem sp\u00e4teren Opfer gemeinsam die Diskothek verlassen und in seinem Auto einverst\u00e4ndlich den Geschlechtsverkehr bis zum Samenerguss in die Scheide ausgef\u00fchrt. Danach habe die Sechzehnj\u00e4hrige das Fahrzeug verlassen. Er habe sich schlecht gef\u00fchlt, weil er seine Freundin betrogen habe. Deshalb sei er mit dem Wagen herumgefahren. Sp\u00e4ter sei er zur Diskothek zur\u00fcckgekehrt und mit seiner Freundin nach Hause gefahren.</p>\n            </dd>\n         </dl>\n         <dl class=\"RspDL\">\n            <dt>\n               <a name=\"rd_6\">6</a>\n            </dt>\n            <dd>\n               <p>Das Landgericht hat sich nicht davon zu \u00fcberzeugen vermocht, dass der Angeklagte, der sich in der Hauptverhandlung nicht eingelassen hat, das Opfer get\u00f6tet hat. Zur Begr\u00fcndung hat es im Wesentlichen darauf abgestellt, das DNA-Material des Angeklagten k\u00f6nne durch eine Sekund\u00e4r\u00fcbertragung an das Fesselungsmaterial und die Socke gelangt sein. Mehrere Zeugen h\u00e4tten bekundet, das Opfer in der fraglichen Nacht nach 1:45 Uhr gesehen zu haben. Die Angaben des Angeklagten zu einem einvernehmlichen Geschlechtsverkehr mit dem Opfer seien nicht zu widerlegen. Dies gelte auch, wenn man in Betracht ziehe, dass weder an der in der N\u00e4he der Leiche gefundenen Slipeinlage noch an dem sichergestellten Slip Sperma oder sonstige Zellen m\u00e4nnlicher Herkunft nachgewiesen werden konnten. Dies sei zwar zu erwarten gewesen, wenn der Slip oder die Slipeinlage nach dem einvernehmlichen Geschlechtsverkehr getragen worden w\u00e4re. Feststellungen hierzu h\u00e4tten indes nicht getroffen werden k\u00f6nnen. Es sei nicht auszuschlie\u00dfen, dass das Opfer die Slipeinlage nach dem Geschlechtsverkehr gewechselt habe.</p>\n            </dd>\n         </dl>\n         <dl class=\"RspDL\">\n            <dt>\n               <a name=\"rd_7\">7</a>\n            </dt>\n            <dd>\n               <p>I. Die Revision dringt mit der - entgegen der Auffassung der Verteidigung unter Wahrung der sich aus \u00a7 344 Abs. 2 Satz 2 StPO ergebenden Anforderungen in zul\u00e4ssiger Weise erhobenen - R\u00fcge der Verletzung des \u00a7 244 Abs. 3 Satz 2 StPO durch; denn das Landgericht hat einen Beweisantrag der Staatsanwaltschaft rechtsfehlerhaft zur\u00fcckgewiesen.</p>\n            </dd>\n         </dl>\n         <dl class=\"RspDL\">\n            <dt>\n               <a name=\"rd_8\">8</a>\n            </dt>\n            <dd>\n               <p>1. Der Beanstandung liegt folgendes Verfahrensgeschehen zugrunde:</p>\n            </dd>\n         </dl>\n         <dl class=\"RspDL\">\n            <dt>\n               <a name=\"rd_9\">9</a>\n            </dt>\n            <dd>\n               <p>Die Staatsanwaltschaft hat die Vernehmung mehrerer Polizeibeamten zum Beweis f\u00fcr den Inhalt der Einlassung des Angeklagten bei seiner polizeilichen Vernehmung am 6. Juli 2008 beantragt. Das Landgericht hat diesen Antrag mit der Begr\u00fcndung zur\u00fcckgewiesen, die Beweiserhebung sei \"aus rechtlichen Gr\u00fcnden ohne Bedeutung\". Es bestehe ein Beweisverwertungsverbot, weil der Angeklagte \u00fcber seine Aussagefreiheit fehlerhaft belehrt worden sei. Der als Zeuge geh\u00f6rte Vernehmungsbeamte S.\u00a0habe best\u00e4tigt, den Angeklagten den Angaben in dem Vernehmungsprotokoll entsprechend wie folgt belehrt zu haben: \"Wie auch schon vor dem Vorgespr\u00e4ch, belehre ich dich hier noch einmal formell. Ich teile dir mit, dass du hier des Mordes an der A. , begangen am 23.08.1987, beschuldigt wirst. Ich weise dich darauf hin, dass du hier als Beschuldigter vor der Polizei keine Angaben machen brauchst und jederzeit einen Rechtsanwalt mit der Wahrnehmung deiner Interessen beauftragen kannst.\" Diese Belehrung lege den Schluss nahe, dass der Beschuldigte zwar vor der Polizei keine Angaben machen m\u00fcsse, vor einer anderen Stelle, wie der Staatsanwaltschaft oder dem Gericht aber doch. Die Strafkammer verm\u00f6ge nicht auszuschlie\u00dfen, dass der Entschluss des Beschuldigten, bei der Polizei Angaben zu machen, von der Erw\u00e4gung beeinflusst gewesen sei, dass er letztlich eben doch Angaben machen m\u00fcsse.</p>\n            </dd>\n         </dl>\n         <dl class=\"RspDL\">\n            <dt>\n               <a name=\"rd_10\">10</a>\n            </dt>\n            <dd>\n               <p>2. Rechtsfehlerhaft ist bereits die Annahme des Landgerichts, ein Beweisverwertungsverbot f\u00fchre dazu, dass die begehrte Beweiserhebung aus rechtlichen Gr\u00fcnden ohne Bedeutung und deshalb der Ablehnungsgrund nach \u00a7 244 Abs. 3 Satz 2 2. Alt. StPO gegeben sei. Eine Tatsache ist aus Rechtsgr\u00fcnden zun\u00e4chst dann ohne Bedeutung, wenn sie weder allein noch in Verbindung mit weiteren Tatsachen geeignet ist, unmittelbar ein Tatbestandsmerkmal des dem Angeklagten vorgeworfenen Delikts auszuf\u00fcllen oder f\u00fcr den Rechtsfolgenausspruch direkt Relevanz zu gewinnen (Fischer in KK 6. Aufl. \u00a7 244 Rdn. 142), oder dar\u00fcber hinaus eine Verurteilung schon aus anderen - bereits erwiesenen - Gr\u00fcnden nicht m\u00f6glich ist, etwa wegen Vorliegens von Prozesshindernissen, Strafausschlie\u00dfungs- oder Strafaufhebungsgr\u00fcnden (Meyer-Go\u00dfner, StPO 52. Aufl. \u00a7 244 Rdn. 55). Ein solcher Fall liegt hier nicht vor. Ein Beweisverwertungsverbot f\u00fchrt vielmehr zur Unzul\u00e4ssigkeit der beantragten Beweiserhebung und damit zu dem zwingenden Ablehnungsgrund des \u00a7 244 Abs. 3 Satz 1 StPO.</p>\n            </dd>\n         </dl>\n         <dl class=\"RspDL\">\n            <dt>\n               <a name=\"rd_11\">11</a>\n            </dt>\n            <dd>\n               <p>3. Die von der Staatsanwaltschaft begehrte Beweiserhebung war hier nicht unzul\u00e4ssig; denn ein Beweisverwertungsverbot bestand nicht. Zwar begr\u00fcndet eine unterbliebene Beschuldigtenbelehrung grunds\u00e4tzlich ein Verwertungsverbot f\u00fcr \u00c4u\u00dferungen, die der Beschuldigte in der ohne Belehrung durchgef\u00fchrten Vernehmung gemacht hat (BGHSt 38, 214, 218 ff.); auch fehlerhafte Belehrungen k\u00f6nnen je nach Gestaltung des Einzelfalls dazu f\u00fchren, dass die Einlassung unverwertbar ist. Jedoch wurde der Angeklagte hier vor seiner polizeilichen Aussage ordnungsgem\u00e4\u00df \u00fcber seine Aussagefreiheit belehrt.</p>\n            </dd>\n         </dl>\n         <dl class=\"RspDL\">\n            <dt>\n               <a name=\"rd_12\">12</a>\n            </dt>\n            <dd>\n               <p>a) Die Anforderungen an die der Polizei bei der Vernehmung des Beschuldigten nach \u00a7 163 a Abs. 4 Satz 2 StPO obliegende Belehrung \u00fcber seine Aussagefreiheit entsprechen denjenigen an eine richterlichen Vernehmung nach \u00a7 136 Abs. 1 Satz 2 StPO. Deshalb gilt:</p>\n            </dd>\n         </dl>\n         <dl class=\"RspDL\">\n            <dt>\n               <a name=\"rd_13\">13</a>\n            </dt>\n            <dd>\n               <p>Durch die Belehrung \u00fcber seine Aussagefreiheit soll gegen\u00fcber dem Beschuldigten eindeutig klargestellt werden, dass es ihm freisteht, nicht auszusagen, obwohl ihn ein Richter, Staatsanwalt oder Polizeibeamter in amtlicher Eigenschaft befragt. Das Belehrungsgebot will sicherstellen, dass der Beschuldigte vor der irrt\u00fcmlichen Annahme einer Aussagepflicht bewahrt wird, zu der er m\u00f6glicherweise gerade durch die Konfrontation mit dem amtlichen Auskunftsverlangen veranlasst werden k\u00f6nnte (BGHSt 42, 139, 147). F\u00fcr den Regelfall empfiehlt es sich zwar, die Belehrung in den Worten des \u00a7 136 Abs. 1 Satz 2 StPO zu erteilen. Zwingend ist dies indes nicht. Es stellt vielmehr nicht ohne Weiteres einen Verfahrensfehler dar, wenn die Worte des Gesetzes nicht benutzt werden. Ma\u00dfgebend ist, dass die Belehrung dem Beschuldigten Klarheit \u00fcber seine Aussagefreiheit verschafft und eine diesbez\u00fcgliche etwaige Fehlvorstellung ausschlie\u00dft (BGH NJW 1966, 1718, 1719 zur Belehrung nach \u00a7 243 Abs. 4 Satz 1 StPO aF; Meyer-Go\u00dfner, StPO 52. Aufl. \u00a7 136 Rdn. 8; Rogall in SK-StPO \u00a7 136 Rdn. 33).</p>\n            </dd>\n         </dl>\n         <dl class=\"RspDL\">\n            <dt>\n               <a name=\"rd_14\">14</a>\n            </dt>\n            <dd>\n               <p>b) Diesen Anforderungen ist hier Gen\u00fcge getan. Die Auslegung der von dem Polizeibeamten verwendeten Belehrungsformel ergibt, dass Unklarheiten dar\u00fcber, dass es dem Angeklagten freistand, in der anschlie\u00dfenden polizeilichen Vernehmung Angaben zu machen oder dies zu unterlassen, nicht auftreten konnten. Der Wortlaut ist insoweit eindeutig; dem entgegen stehende Umst\u00e4nde sind nicht ersichtlich. F\u00fcr die Annahme des Landgerichts, wegen der - \u00fcber den Gesetzeswortlaut hinausgehenden - Wendung \"hier als Beschuldigter vor der Polizei\" sei die M\u00f6glichkeit nicht auszuschlie\u00dfen, der Angeklagte habe dies dahin missverstehen k\u00f6nnen, in einer sp\u00e4teren Vernehmung durch einen Staatsanwalt oder Richter doch zur Aussage verpflichtet zu sein und aus diesem Grund bereits bei der Polizei Angaben gemacht, bestehen auf der Grundlage des festgestellten Sachverhalts keine zureichenden tats\u00e4chlichen Anhaltspunkte. Der Wortlaut der Belehrung tr\u00e4gt diese Schlussfolgerung nicht. Weitere tats\u00e4chliche Umst\u00e4nde, die auf einen derartigen Gehalt der erteilten Belehrung hindeuten k\u00f6nnten, werden von der Strafkammer nicht aufgezeigt; sie sind auch ansonsten nicht ersichtlich. Unter diesen Umst\u00e4nden erweist sich die Erw\u00e4gung der Strafkammer als reine Spekulation. Es ist vielmehr davon auszugehen, dass der Angeklagte in einer Art und Weise belehrt worden ist, die bei ihm einen Zweifel oder ein Missverst\u00e4ndnis \u00fcber Bedeutung und Umfang seiner Aussagefreiheit nicht aufkommen lie\u00df.</p>\n            </dd>\n         </dl>\n         <dl class=\"RspDL\">\n            <dt>\n               <a name=\"rd_15\">15</a>\n            </dt>\n            <dd>\n               <p>4. Das Urteil beruht auf dem aufgezeigten Verfahrensfehler (\u00a7 337 StPO). Ausweislich des in dem Beweisantrag angef\u00fchrten Protokolls hat der Angeklagte in der Vernehmung vom 6. Juli 2008 unter anderem auf die Fragen, ob er\u00a0A. get\u00f6tet habe, geantwortet \"Nein. Ich kann es mir nicht vorstellen.\" und \"Ich kann mir das nicht vorstellen und ich glaube es auch nicht.\" Auf die Frage, ob er sicher sei, nach dem Genuss von Alkohol und LSD noch Herr seiner Sinne gewesen zu sein, hat der Angeklagte angegeben \"Keine Ahnung.\" Die Frage, ob es sein k\u00f6nne, dass er das Opfer ermordet habe und sich wegen des Drogenkonsums jetzt nicht daran erinnere, hat er unter anderem wie folgt beantwortet \"Es k\u00f6nnte sein, ich kann es nicht ausschlie\u00dfen, es passt nicht in meine zeitliche Reihenfolge.\" Danach ist es nicht ausgeschlossen, dass das Landgericht sich davon \u00fcberzeugt h\u00e4tte, der Angeklagte habe das Opfer get\u00f6tet, wenn sich diese Angaben in der Beweisaufnahme best\u00e4tigt h\u00e4tten und die Strafkammer sie in ihre Beweisw\u00fcrdigung einbezogen h\u00e4tte.</p>\n            </dd>\n         </dl>\n         <dl class=\"RspDL\">\n            <dt>\n               <a name=\"rd_16\">16</a>\n            </dt>\n            <dd>\n               <p>II. Danach kommt es auf die Begr\u00fcndetheit der Sachr\u00fcge nicht mehr an. Der Senat muss deshalb nicht entscheiden, ob die Beweisw\u00fcrdigung des Landgerichts nach den Ma\u00dfst\u00e4ben revisionsgerichtlicher \u00dcberpr\u00fcfung (BGH NJW 2005, 2322, 2326) durchgreifende Rechtsfehler enth\u00e4lt. Er weist jedoch darauf hin, dass die Beweisw\u00fcrdigung in dem angefochtenen Urteil folgenden rechtlichen Bedenken unterliegt:</p>\n            </dd>\n         </dl>\n         <dl class=\"RspDL\">\n            <dt>\n               <a name=\"rd_17\">17</a>\n            </dt>\n            <dd>\n               <p>1. Das Landgericht hat sich mit dem schwerwiegenden Verdachtsmoment nicht auseinandergesetzt, dass Spermatozoenk\u00f6pfe des Angeklagten nicht nur im Bereich der Scheide, sondern auch des Enddarms des Opfers gefunden wurden, obwohl der Angeklagte im Jahre 1987 bei seiner polizeilichen Vernehmung angegeben hat, mit dem sp\u00e4teren Opfer lediglich den vaginalen, nicht aber den analen Geschlechtsverkehr ausgef\u00fchrt zu haben.</p>\n            </dd>\n         </dl>\n         <dl class=\"RspDL\">\n            <dt>\n               <a name=\"rd_18\">18</a>\n            </dt>\n            <dd>\n               <p>2. Die Strafkammer hat nicht er\u00f6rtert, dass bei einer Untersuchung des Fahrzeuginneren mittels UV-Licht keine sichtbaren Anhaftungen von Sperma gefunden wurden, obwohl der Angeklagte nach seinen polizeilichen Angaben mit dem auf dem Beifahrersitz liegenden sp\u00e4teren Opfer ungesch\u00fctzt den Geschlechtsverkehr bis zum Samenerguss ausgef\u00fchrt haben will und f\u00fcr eine Reinigung des Fahrzeugs nach der Tatnacht sprechende Anzeichen nicht festgestellt wurden.</p>\n            </dd>\n         </dl>\n         <dl class=\"RspDL\">\n            <dt>\n               <a name=\"rd_19\">19</a>\n            </dt>\n            <dd>\n               <p>3. Das Tatgericht hat nicht in die Beweisw\u00fcrdigung eingestellt, dass der Angeklagte mit dem Opfer intim bekannt war, zwei weiteren fr\u00fcheren Freundinnen einvernehmlich die H\u00e4nde fesselte, bevor er mit ihnen sexuell verkehrte, und das Opfer lebend gefesselt wurde, ohne dass Abwehrspuren festzustellen waren.</p>\n            </dd>\n         </dl>\n         <dl class=\"RspDL\">\n            <dt>\n               <a name=\"rd_20\">20</a>\n            </dt>\n            <dd>\n               <p>4. Bei seinen Erw\u00e4gungen zur M\u00f6glichkeit der Sekund\u00e4r\u00fcbertragung von DNA-Material des Angeklagten - insbesondere auf die viereinhalb Meter von der Leiche entfernt aufgefundene Socke, obwohl diese nach den Feststellungen bei der gerichtsmedizinischen Untersuchung von dem Obduzenten nicht ber\u00fchrt wurde - hat das Landgericht zu Gunsten des Angeklagten ohne ausreichende tats\u00e4chliche Anhaltspunkte einen zwar theoretisch denkbaren, aber nicht lebensnahen Sachverhalt unterstellt (Meyer-Go\u00dfner aaO \u00a7 261 Rdn. 16, 38).</p>\n            </dd>\n         </dl>\n         <dl class=\"RspDL\">\n            <dt>\n               <a name=\"rd_21\">21</a>\n            </dt>\n            <dd>\n               <p>5. Die mehrdeutige Erw\u00e4gung des Landgerichts, es sei nicht auszuschlie\u00dfen, dass das Opfer die Slipeinlage nach dem Geschlechtsverkehr gewechselt habe, entbehrt nach den bisherigen Feststellungen einer tragf\u00e4higen Grundlage. Sollte das Landgericht gemeint haben, die aufgefundene Slipeinlage sei von dem Opfer erst nach dem Geschlechtsverkehr getragen worden, h\u00e4tten nach den Ausf\u00fchrungen des Sachverst\u00e4ndigen, denen die Strafkammer folgt, an dieser Spermaspuren des Angeklagten vorhanden sein m\u00fcssen. Sollten die Ausf\u00fchrungen des Landgerichts dahin zu verstehen sein, dass das Opfer die aufgefundene Slipeinlage vor dem Geschlechtsverkehr mit dem Angeklagten trug, h\u00e4tte die Strafkammer in ihre Erw\u00e4gungen einbeziehen m\u00fcssen, dass sich an dem Fundort der Leiche nur diese Slipeinlage, nicht aber jene befand, welche das Opfer nach dem unterstellten Wechsel verwendete, und an dem aufgefundenen Slip ebenfalls keine Spermaspuren gefunden wurden.</p>\n            </dd>\n         </dl>\n         <dl class=\"RspDL\">\n            <dt>\n               <a name=\"rd_22\">22</a>\n            </dt>\n            <dd>\n               <p>6. Schlie\u00dflich hat das Landgericht keine Gesamtw\u00fcrdigung aller relevanten Umst\u00e4nde vorgenommen, sondern sich darauf beschr\u00e4nkt, die einzelnen Beweistatsachen jeweils gesondert zu er\u00f6rtern und auf ihren jeweiligen Beweiswert zu pr\u00fcfen, obwohl zahlreiche gewichtige, f\u00fcr und gegen die T\u00e4terschaft des Angeklagten sprechende Beweisanzeichen vorlagen (BGHR StPO \u00a7 261 Beweisw\u00fcrdigung, unzureichende 1; BGH NStZ 2002, 48; Meyer-Go\u00dfner aaO \u00a7 267 Rdn. 33).</p>\n            </dd>\n         </dl>\n         <dl class=\"RspDL\">\n            <dt>\n               <a name=\"rd_23\">23</a>\n            </dt>\n            <dd>\n               <p>III.Der Senat macht von der M\u00f6glichkeit des \u00a7 354 Abs. 2 Satz 1 2. Alt. StPO Gebrauch und verweist die Sache an das Landgericht Verden zur\u00fcck.</p>\n            </dd>\n         </dl>\n         <dl class=\"RspDL\">\n            <dt/>\n            <dd>\n               <p/>\n            </dd>\n         </dl>\n         <dl class=\"RspDL\">\n            <dt/>\n            <dd>\n               <p style=\"text-align:left\">Becker\u00a0\u00a0\u00a0\u00a0\u00a0\u00a0\u00a0\u00a0\u00a0\u00a0\u00a0\u00a0\u00a0\u00a0\u00a0\u00a0\u00a0\u00a0\u00a0\u00a0\u00a0\u00a0\u00a0\u00a0\u00a0\u00a0\u00a0\u00a0\u00a0\u00a0Pfister\u00a0\u00a0\u00a0\u00a0\u00a0\u00a0\u00a0\u00a0\u00a0\u00a0\u00a0\u00a0\u00a0\u00a0\u00a0\u00a0\u00a0\u00a0\u00a0\u00a0\u00a0\u00a0\u00a0\u00a0\u00a0\u00a0\u00a0\u00a0\u00a0\u00a0von Lienen</p>\n            </dd>\n         </dl>\n         <dl class=\"RspDL\">\n            <dt/>\n            <dd>\n               <p style=\"text-align:left\">\u00a0\u00a0\u00a0\u00a0\u00a0\u00a0\u00a0\u00a0\u00a0\u00a0\u00a0\u00a0\u00a0\u00a0\u00a0\u00a0\u00a0\u00a0\u00a0\u00a0Hubert\u00a0\u00a0\u00a0\u00a0\u00a0\u00a0\u00a0\u00a0\u00a0\u00a0\u00a0\u00a0\u00a0\u00a0\u00a0\u00a0\u00a0\u00a0\u00a0\u00a0\u00a0\u00a0\u00a0\u00a0\u00a0\u00a0\u00a0\u00a0Sch\u00e4fer</p>\n            </dd>\n         </dl>\n         <dl class=\"RspDL\">\n            <dt/>\n            <dd>\n               <p/>\n            </dd>\n         </dl>\n      </div>\n   ", "accessRights": "public", "gerort": "", "entschDatum": "20100429", "coverage": "Deutschland", "titel": "\n      <dl class=\"RspDL\">\n         <dt/>\n         <dd>\n            <p>Vernehmung des Beschuldigten: Anforderungen an die Belehrung \u00fcber die Aussagefreiheit bei der polizeilichen Vernehmung und Unzul\u00e4ssigkeit der Beweiserhebung bei Vorliegen eines Beweisverwertungsverbots</p>\n         </dd>\n      </dl>\n   ", "ecli": "", "identifier": "http://www.rechtsprechung-im-internet.de/jportal/?quelle=jlink&docid=JURE100064655&psml=bsjrsprod.psml&max=true", "spruchkoerper": "3. Strafsenat", "vorinstanz": "vorgehend LG Stade, 7. August 2009, Az: 10c KLs 20/08 - 124 Js 12866/08, Urteil\n   ", "doknr": "JURE100064655", "abweichendeMeinung": "", "tenor": "\n      <div>\n         <dl class=\"RspDL\">\n            <dt/>\n            <dd>\n               <p>Auf die Revision der Staatsanwaltschaft wird das Urteil des Landgerichts Stade vom 7. August 2009 mit den Feststellungen aufgehoben.</p>\n            </dd>\n         </dl>\n         <dl class=\"RspDL\">\n            <dt/>\n            <dd>\n               <p>Die Sache wird zu neuer Verhandlung und Entscheidung, auch \u00fcber die Kosten des Rechtsmittels, an eine Strafkammer des Landgerichts Verden zur\u00fcckverwiesen.</p>\n            </dd>\n         </dl>\n         <dl class=\"RspDL\">\n            <dt/>\n            <dd>\n               <p/>\n            </dd>\n         </dl>\n         <dl class=\"RspDL\">\n            <dt/>\n            <dd>\n               <p style=\"margin-left:36pt\">Von Rechts wegen</p>\n            </dd>\n         </dl>\n         <dl class=\"RspDL\">\n            <dt/>\n            <dd>\n               <p/>\n            </dd>\n         </dl>\n      </div>\n   ", "regionAbk": "DEU"}