{"publisher": "BMJV", "tatbestand": "", "absaetze": [{"num": "1", "textProcessed": ["landgericht", "angeklagt", "gefahr", "korperverletz", "freiheitsstraf", "jahr", "verurteilt", "unterbring", "psychiatr", "krankenhaus", "angeordnet", "verletz", "sachlich", "recht", "gestutzt", "revision", "angeklagt", "massregelausspruch", "erfolg", "ubrig", "unbegrundet", "sinn", "abs", "stpo"], "text": "Das Landgericht hat den Angeklagten wegen gef\u00e4hrlicher K\u00f6rperverletzung zu der Freiheitsstrafe von einem Jahr verurteilt und seine Unterbringung in einem psychiatrischen Krankenhaus angeordnet. Die auf die Verletzung sachlichen Rechts gest\u00fctzte Revision des Angeklagten hat zum Ma\u00dfregelausspruch Erfolg; im \u00dcbrigen ist sie unbegr\u00fcndet im Sinne von \u00a7 349 Abs. 2 StPO."}, {"num": "2", "textProcessed": ["anordn", "unterbring", "psychiatr", "krankenhaus", "halt", "rechtlich", "prufung", "stand", "landgericht", "rechtsfehlerfrei", "davon", "ausgegang", "dass", "angeklagt", "anlasstat", "zustand", "erheb", "vermindert", "schuldfah", "sinn", "stgb", "begang", "weit", "anordnungsvoraussetz", "lang", "dauernd", "zustand", "sinn", "stgb", "gegeb", "ind", "massregelausspruch", "bestand", "strafkamm", "unterbring", "psychiatr", "krankenhaus", "vorausgesetzt", "gefahrlichkeitsprognos", "ausreich", "begrundet"], "text": "Die Anordnung der Unterbringung in einem psychiatrischen Krankenhaus h\u00e4lt der rechtlichen Pr\u00fcfung nicht stand. Zwar ist das Landgericht rechtsfehlerfrei davon ausgegangen, dass der Angeklagte die Anlasstat im Zustand (erheblich) verminderter Schuldf\u00e4higkeit im Sinne von \u00a7 21 StGB begangen hat und bei ihm auch die weitere Anordnungsvoraussetzung eines l\u00e4nger dauernden Zustands im Sinne von \u00a7 63 StGB gegeben ist. Indes hat der Ma\u00dfregelausspruch keinen Bestand, weil die Strafkammer die f\u00fcr eine Unterbringung in einem psychiatrischen Krankenhaus vorausgesetzte Gef\u00e4hrlichkeitsprognose nicht ausreichend begr\u00fcndet hat."}, {"num": "3", "textProcessed": ["unterbring", "psychiatr", "krankenhaus", "ausserordent", "beschwer", "massnahm", "darstellt", "darf", "angeordnet", "wahrschein", "hoh", "grad", "besteht", "dass", "tat", "infolg", "fortdauernd", "zustand", "zukunft", "erheb", "rechtswidr", "tat", "begeh", "deshalb", "allgemein", "gefahr", "st", "rspr", "vgl", "bgh", "beschluss", "februar", "str", "nstz", "rr", "mwn", "fisch", "stgb", "aufl", "rn", "voraussetz", "sachverstand", "berat", "landgericht", "bejaht", "angefocht", "urteil", "genugt", "anforder", "begrund", "bewert", "stell"], "text": "Die Unterbringung in einem psychiatrischen Krankenhaus, die eine au\u00dferordentlich beschwerende Ma\u00dfnahme darstellt, darf nur angeordnet werden, wenn eine Wahrscheinlichkeit h\u00f6heren Grades besteht, dass der T\u00e4ter infolge seines fortdauernden Zustandes in Zukunft erhebliche rechtswidrige Taten begehen wird und er deshalb f\u00fcr die Allgemeinheit gef\u00e4hrlich ist (st. Rspr.; vgl. nur BGH, Beschluss vom 17. Februar 2009 - 3 StR 27/09, NStZ-RR 2009, 169 mwN; Fischer, StGB, 57. Aufl., \u00a7 63 Rn. 14 f.). Diese Voraussetzungen hat das sachverst\u00e4ndig beratene Landgericht zwar bejaht. Das angefochtene Urteil gen\u00fcgt aber den Anforderungen nicht, die an die Begr\u00fcndung dieser Bewertung zu stellen sind."}, {"num": "4", "textProcessed": ["soweit", "landgericht", "hoh", "risiko", "begeh", "weit", "ahnlich", "delikt", "fruh", "tat", "angeklagt", "ausgeht", "bleibt", "off", "strafbar", "handlung", "angeklagt", "vergang", "annahm", "bezieht", "vortat", "landgericht", "symptomwert", "prognos", "beimisst", "gesamtzusammenhang", "urteilsgrund", "entnomm", "zahlreich", "voreintrag", "angeklagt", "bundeszentralregist", "weis", "niedrig", "geldstraf", "ganz", "unterschied", "vergeh", "ersicht", "aggressionsdelikt", "zugrund", "lieg", "wenig", "fall", "angeklagt", "tat", "bestraft", "word", "aggressiv", "verhalt", "gegenstand", "konnt", "sachbeschad", "raub", "bedroh", "ind", "schon", "deshalb", "zuverlass", "beurteilt", "urteil", "betracht", "kommend", "vorverurteil", "grund", "liegend", "sachverhalt", "fall", "mitteilt", "korperverletz", "angeklagt", "bish", "vorbestraft", "deshalb", "annahm", "landgericht", "hinreich", "belegt", "besteh", "hoh", "risiko", "weit", "delikt", "anlasstat", "ahnlich", "aggressiv", "impulshandl", "seien", "angeklagt", "krankheitsbedingt", "zukunft", "erwart", "hinzu", "kommt", "dass", "gegenstand", "tat", "rahm", "person", "bezieh", "geschadigt", "angeklagt", "gescheh", "eifersucht", "fruh", "partn", "geschadigt", "begang", "wurd", "landgericht", "beurteil", "zukunft", "gefahr", "angeklagt", "erkennbar", "auseinandergesetzt", "vgl", "munchkommstgb", "van", "gemm", "rn"], "text": "Soweit das Landgericht von einem hohen Risiko der Begehung weiterer \u00e4hnlicher Delikte wie den fr\u00fcheren Taten des Angeklagten ausgeht, bleibt offen, auf welche strafbare Handlungen des Angeklagten in der Vergangenheit sich diese Annahme bezieht und welchen Vortaten das Landgericht einen Symptomwert f\u00fcr seine Prognose beimisst. Dies kann auch dem Gesamtzusammenhang der Urteilsgr\u00fcnde nicht entnommen werden. Zahlreiche Voreintragungen des Angeklagten im Bundeszentralregister weisen nur niedrige Geldstrafen aus, denen ganz unterschiedliche Vergehen und ersichtlich keine Aggressionsdelikte zugrunde liegen. Nur in wenigen F\u00e4llen ist der Angeklagte f\u00fcr Taten bestraft worden, die (auch) aggressives Verhalten zum Gegenstand haben k\u00f6nnten (z. B. Sachbesch\u00e4digung, Raub, Bedrohung). Dies kann indes schon deshalb nicht zuverl\u00e4ssig beurteilt werden, weil das Urteil die den in Betracht kommenden Vorverurteilungen zu Grunde liegenden Sachverhalte in keinem Fall mitteilt. Wegen K\u00f6rperverletzung ist der Angeklagte bisher nicht vorbestraft. Deshalb ist auch die Annahme des Landgerichts nicht hinreichend belegt, es bestehe ein hohes Risiko weiterer Delikte wie der Anlasstat und \u00e4hnliche aggressive Impulshandlungen seien bei dem Angeklagten krankheitsbedingt auch in Zukunft zu erwarten. Hinzu kommt, dass die gegenst\u00e4ndliche Tat im Rahmen einer pers\u00f6nlichen Beziehung der Gesch\u00e4digten mit dem Angeklagten geschehen ist und von diesem aus Eifersucht auf einen fr\u00fcheren Partner der Gesch\u00e4digten begangen wurde. Auch damit hat sich das Landgericht bei der Beurteilung der zuk\u00fcnftigen Gef\u00e4hrlichkeit des Angeklagten nicht erkennbar auseinandergesetzt (vgl. M\u00fcnchKommStGB/van Gemmeren, \u00a7 63 Rn. 43)."}, {"num": "5", "textProcessed": ["senat", "ausschliess", "dass", "landgericht", "dargestellt", "rechtsfehl", "massregelausspruch", "ergebnis", "gelangt", "sach", "bedarf", "dah", "frag", "unterbring", "angeklagt", "psychiatr", "krankenhaus", "neu", "verhandl", "entscheid", "schuld", "strafausspruch", "angefocht", "urteil", "bleib", "aufgezeigt", "rechtlich", "mangeln", "unberuhrt", "deshalb", "besteh", "bleib"], "text": "Der Senat kann nicht ausschlie\u00dfen, dass das Landgericht ohne die dargestellten Rechtsfehler zum Ma\u00dfregelausspruch zu einem anderen Ergebnis gelangt w\u00e4re. Die Sache bedarf daher zur Frage der Unterbringung des Angeklagten in einem psychiatrischen Krankenhaus neuer Verhandlung und Entscheidung. Schuld- und Strafausspruch des angefochtenen Urteils bleiben von den aufgezeigten rechtlichen M\u00e4ngeln unber\u00fchrt und k\u00f6nnen deshalb bestehen bleiben."}, {"num": "6", "textProcessed": ["neu", "tatricht", "darauf", "hingewies", "dass", "erwart", "autodestruktiv", "handlung", "bisher", "feststell", "beim", "angeklagt", "besteht", "beurteil", "gefahr", "allgemein", "roll", "spiel"], "text": "Der neue Tatrichter wird darauf hingewiesen, dass die Erwartung autodestruktiver Handlungen, wie sie nach den bisherigen Feststellungen beim Angeklagten besteht, bei der Beurteilung seiner Gef\u00e4hrlichkeit f\u00fcr die Allgemeinheit keine Rolle spielen kann."}], "norm": ["\u00a7 63 StGB"], "doktyp": "Beschluss", "regionLong": "Bundesrepublik Deutschland", "sonstlt": "", "gruendeProcessed": ["landgericht", "angeklagt", "gefahr", "korperverletz", "freiheitsstraf", "jahr", "verurteilt", "unterbring", "psychiatr", "krankenhaus", "angeordnet", "verletz", "sachlich", "recht", "gestutzt", "revision", "angeklagt", "massregelausspruch", "erfolg", "ubrig", "unbegrundet", "sinn", "abs", "stpo", "anordn", "unterbring", "psychiatr", "krankenhaus", "halt", "rechtlich", "prufung", "stand", "landgericht", "rechtsfehlerfrei", "davon", "ausgegang", "dass", "angeklagt", "anlasstat", "zustand", "erheb", "vermindert", "schuldfah", "sinn", "stgb", "begang", "weit", "anordnungsvoraussetz", "lang", "dauernd", "zustand", "sinn", "stgb", "gegeb", "ind", "massregelausspruch", "bestand", "strafkamm", "unterbring", "psychiatr", "krankenhaus", "vorausgesetzt", "gefahrlichkeitsprognos", "ausreich", "begrundet", "unterbring", "psychiatr", "krankenhaus", "ausserordent", "beschwer", "massnahm", "darstellt", "darf", "angeordnet", "wahrschein", "hoh", "grad", "besteht", "dass", "tat", "infolg", "fortdauernd", "zustand", "zukunft", "erheb", "rechtswidr", "tat", "begeh", "deshalb", "allgemein", "gefahr", "st", "rspr", "vgl", "bgh", "beschluss", "februar", "str", "nstz", "rr", "mwn", "fisch", "stgb", "aufl", "rn", "voraussetz", "sachverstand", "berat", "landgericht", "bejaht", "angefocht", "urteil", "genugt", "anforder", "begrund", "bewert", "stell", "soweit", "landgericht", "hoh", "risiko", "begeh", "weit", "ahnlich", "delikt", "fruh", "tat", "angeklagt", "ausgeht", "bleibt", "off", "strafbar", "handlung", "angeklagt", "vergang", "annahm", "bezieht", "vortat", "landgericht", "symptomwert", "prognos", "beimisst", "gesamtzusammenhang", "urteilsgrund", "entnomm", "zahlreich", "voreintrag", "angeklagt", "bundeszentralregist", "weis", "niedrig", "geldstraf", "ganz", "unterschied", "vergeh", "ersicht", "aggressionsdelikt", "zugrund", "lieg", "wenig", "fall", "angeklagt", "tat", "bestraft", "word", "aggressiv", "verhalt", "gegenstand", "konnt", "sachbeschad", "raub", "bedroh", "ind", "schon", "deshalb", "zuverlass", "beurteilt", "urteil", "betracht", "kommend", "vorverurteil", "grund", "liegend", "sachverhalt", "fall", "mitteilt", "korperverletz", "angeklagt", "bish", "vorbestraft", "deshalb", "annahm", "landgericht", "hinreich", "belegt", "besteh", "hoh", "risiko", "weit", "delikt", "anlasstat", "ahnlich", "aggressiv", "impulshandl", "seien", "angeklagt", "krankheitsbedingt", "zukunft", "erwart", "hinzu", "kommt", "dass", "gegenstand", "tat", "rahm", "person", "bezieh", "geschadigt", "angeklagt", "gescheh", "eifersucht", "fruh", "partn", "geschadigt", "begang", "wurd", "landgericht", "beurteil", "zukunft", "gefahr", "angeklagt", "erkennbar", "auseinandergesetzt", "vgl", "munchkommstgb", "van", "gemm", "rn", "senat", "ausschliess", "dass", "landgericht", "dargestellt", "rechtsfehl", "massregelausspruch", "ergebnis", "gelangt", "sach", "bedarf", "dah", "frag", "unterbring", "angeklagt", "psychiatr", "krankenhaus", "neu", "verhandl", "entscheid", "schuld", "strafausspruch", "angefocht", "urteil", "bleib", "aufgezeigt", "rechtlich", "mangeln", "unberuhrt", "deshalb", "besteh", "bleib", "neu", "tatricht", "darauf", "hingewies", "dass", "erwart", "autodestruktiv", "handlung", "bisher", "feststell", "beim", "angeklagt", "besteht", "beurteil", "gefahr", "allgemein", "roll", "spiel", "beck", "pfist", "sost", "scheibl", "hubert", "may"], "mitwirkung": "", "aktenzeichen": "3 StR 385/10", "language": "deutsch", "gertyp": "BGH", "leitsatz": "", "gruende": "\n      <div>\n         <dl class=\"RspDL\">\n            <dt>\n               <a name=\"rd_1\">1</a>\n            </dt>\n            <dd>\n               <p>Das Landgericht hat den Angeklagten wegen gef\u00e4hrlicher K\u00f6rperverletzung zu der Freiheitsstrafe von einem Jahr verurteilt und seine Unterbringung in einem psychiatrischen Krankenhaus angeordnet. Die auf die Verletzung sachlichen Rechts gest\u00fctzte Revision des Angeklagten hat zum Ma\u00dfregelausspruch Erfolg; im \u00dcbrigen ist sie unbegr\u00fcndet im Sinne von \u00a7 349 Abs. 2 StPO.</p>\n            </dd>\n         </dl>\n         <dl class=\"RspDL\">\n            <dt/>\n            <dd>\n               <p/>\n            </dd>\n         </dl>\n         <dl class=\"RspDL\">\n            <dt>\n               <a name=\"rd_2\">2</a>\n            </dt>\n            <dd>\n               <p>Die Anordnung der Unterbringung in einem psychiatrischen Krankenhaus h\u00e4lt der rechtlichen Pr\u00fcfung nicht stand. Zwar ist das Landgericht rechtsfehlerfrei davon ausgegangen, dass der Angeklagte die Anlasstat im Zustand (erheblich) verminderter Schuldf\u00e4higkeit im Sinne von \u00a7 21 StGB begangen hat und bei ihm auch die weitere Anordnungsvoraussetzung eines l\u00e4nger dauernden Zustands im Sinne von \u00a7 63 StGB gegeben ist. Indes hat der Ma\u00dfregelausspruch keinen Bestand, weil die Strafkammer die f\u00fcr eine Unterbringung in einem psychiatrischen Krankenhaus vorausgesetzte Gef\u00e4hrlichkeitsprognose nicht ausreichend begr\u00fcndet hat.</p>\n            </dd>\n         </dl>\n         <dl class=\"RspDL\">\n            <dt/>\n            <dd>\n               <p/>\n            </dd>\n         </dl>\n         <dl class=\"RspDL\">\n            <dt>\n               <a name=\"rd_3\">3</a>\n            </dt>\n            <dd>\n               <p>Die Unterbringung in einem psychiatrischen Krankenhaus, die eine au\u00dferordentlich beschwerende Ma\u00dfnahme darstellt, darf nur angeordnet werden, wenn eine Wahrscheinlichkeit h\u00f6heren Grades besteht, dass der T\u00e4ter infolge seines fortdauernden Zustandes in Zukunft erhebliche rechtswidrige Taten begehen wird und er deshalb f\u00fcr die Allgemeinheit gef\u00e4hrlich ist (st. Rspr.; vgl. nur BGH, Beschluss vom 17. Februar 2009 - 3 StR 27/09, NStZ-RR 2009, 169 mwN; Fischer, StGB, 57. Aufl., \u00a7 63 Rn. 14 f.). Diese Voraussetzungen hat das sachverst\u00e4ndig beratene Landgericht zwar bejaht. Das angefochtene Urteil gen\u00fcgt aber den Anforderungen nicht, die an die Begr\u00fcndung dieser Bewertung zu stellen sind.</p>\n            </dd>\n         </dl>\n         <dl class=\"RspDL\">\n            <dt/>\n            <dd>\n               <p/>\n            </dd>\n         </dl>\n         <dl class=\"RspDL\">\n            <dt>\n               <a name=\"rd_4\">4</a>\n            </dt>\n            <dd>\n               <p>Soweit das Landgericht von einem hohen Risiko der Begehung weiterer \u00e4hnlicher Delikte wie den fr\u00fcheren Taten des Angeklagten ausgeht, bleibt offen, auf welche strafbare Handlungen des Angeklagten in der Vergangenheit sich diese Annahme bezieht und welchen Vortaten das Landgericht einen Symptomwert f\u00fcr seine Prognose beimisst. Dies kann auch dem Gesamtzusammenhang der Urteilsgr\u00fcnde nicht entnommen werden. Zahlreiche Voreintragungen des Angeklagten im Bundeszentralregister weisen nur niedrige Geldstrafen aus, denen ganz unterschiedliche Vergehen und ersichtlich keine Aggressionsdelikte zugrunde liegen. Nur in wenigen F\u00e4llen ist der Angeklagte f\u00fcr Taten bestraft worden, die (auch) aggressives Verhalten zum Gegenstand haben k\u00f6nnten (z. B. Sachbesch\u00e4digung, Raub, Bedrohung). Dies kann indes schon deshalb nicht zuverl\u00e4ssig beurteilt werden, weil das Urteil die den in Betracht kommenden Vorverurteilungen zu Grunde liegenden Sachverhalte in keinem Fall mitteilt. Wegen K\u00f6rperverletzung ist der Angeklagte bisher nicht vorbestraft. Deshalb ist auch die Annahme des Landgerichts nicht hinreichend belegt, es bestehe ein hohes Risiko weiterer Delikte wie der Anlasstat und \u00e4hnliche aggressive Impulshandlungen seien bei dem Angeklagten krankheitsbedingt auch in Zukunft zu erwarten. Hinzu kommt, dass die gegenst\u00e4ndliche Tat im Rahmen einer pers\u00f6nlichen Beziehung der Gesch\u00e4digten mit dem Angeklagten geschehen ist und von diesem aus Eifersucht auf einen fr\u00fcheren Partner der Gesch\u00e4digten begangen wurde. Auch damit hat sich das Landgericht bei der Beurteilung der zuk\u00fcnftigen Gef\u00e4hrlichkeit des Angeklagten nicht erkennbar auseinandergesetzt (vgl. M\u00fcnchKommStGB/van Gemmeren, \u00a7 63 Rn. 43).</p>\n            </dd>\n         </dl>\n         <dl class=\"RspDL\">\n            <dt/>\n            <dd>\n               <p/>\n            </dd>\n         </dl>\n         <dl class=\"RspDL\">\n            <dt>\n               <a name=\"rd_5\">5</a>\n            </dt>\n            <dd>\n               <p>Der Senat kann nicht ausschlie\u00dfen, dass das Landgericht ohne die dargestellten Rechtsfehler zum Ma\u00dfregelausspruch zu einem anderen Ergebnis gelangt w\u00e4re. Die Sache bedarf daher zur Frage der Unterbringung des Angeklagten in einem psychiatrischen Krankenhaus neuer Verhandlung und Entscheidung. Schuld- und Strafausspruch des angefochtenen Urteils bleiben von den aufgezeigten rechtlichen M\u00e4ngeln unber\u00fchrt und k\u00f6nnen deshalb bestehen bleiben.</p>\n            </dd>\n         </dl>\n         <dl class=\"RspDL\">\n            <dt/>\n            <dd>\n               <p/>\n            </dd>\n         </dl>\n         <dl class=\"RspDL\">\n            <dt>\n               <a name=\"rd_6\">6</a>\n            </dt>\n            <dd>\n               <p>Der neue Tatrichter wird darauf hingewiesen, dass die Erwartung autodestruktiver Handlungen, wie sie nach den bisherigen Feststellungen beim Angeklagten besteht, bei der Beurteilung seiner Gef\u00e4hrlichkeit f\u00fcr die Allgemeinheit keine Rolle spielen kann.</p>\n            </dd>\n         </dl>\n         <dl class=\"RspDL\">\n            <dt/>\n            <dd>\n               <p/>\n            </dd>\n         </dl>\n         <dl class=\"RspDL\">\n            <dt/>\n            <dd>\n               <p>Becker\u00a0\u00a0\u00a0\u00a0\u00a0\u00a0\u00a0\u00a0\u00a0\u00a0\u00a0\u00a0\u00a0\u00a0\u00a0\u00a0\u00a0\u00a0\u00a0\u00a0\u00a0\u00a0\u00a0\u00a0\u00a0\u00a0\u00a0\u00a0\u00a0\u00a0\u00a0\u00a0\u00a0\u00a0\u00a0\u00a0\u00a0\u00a0\u00a0\u00a0\u00a0\u00a0\u00a0\u00a0\u00a0\u00a0\u00a0Pfister\u00a0\u00a0\u00a0\u00a0\u00a0\u00a0\u00a0\u00a0\u00a0\u00a0\u00a0\u00a0\u00a0\u00a0\u00a0\u00a0\u00a0\u00a0\u00a0\u00a0\u00a0\u00a0\u00a0\u00a0\u00a0\u00a0\u00a0\u00a0\u00a0\u00a0\u00a0\u00a0\u00a0\u00a0\u00a0\u00a0\u00a0\u00a0\u00a0\u00a0\u00a0\u00a0\u00a0\u00a0\u00a0\u00a0\u00a0Sost-Scheible</p>\n            </dd>\n         </dl>\n         <dl class=\"RspDL\">\n            <dt/>\n            <dd>\n               <p>\u00a0\u00a0\u00a0\u00a0\u00a0\u00a0\u00a0\u00a0\u00a0\u00a0\u00a0\u00a0\u00a0\u00a0\u00a0\u00a0\u00a0\u00a0\u00a0\u00a0\u00a0\u00a0\u00a0\u00a0\u00a0\u00a0\u00a0\u00a0\u00a0\u00a0\u00a0Hubert\u00a0\u00a0\u00a0\u00a0\u00a0\u00a0\u00a0\u00a0\u00a0\u00a0\u00a0\u00a0\u00a0\u00a0\u00a0\u00a0\u00a0\u00a0\u00a0\u00a0\u00a0\u00a0\u00a0\u00a0\u00a0\u00a0\u00a0\u00a0\u00a0\u00a0\u00a0\u00a0\u00a0\u00a0\u00a0\u00a0\u00a0\u00a0\u00a0\u00a0\u00a0\u00a0\u00a0\u00a0\u00a0Mayer</p>\n            </dd>\n         </dl>\n         <dl class=\"RspDL\">\n            <dt/>\n            <dd>\n               <p/>\n            </dd>\n         </dl>\n      </div>\n   ", "accessRights": "public", "gerort": "", "entschDatum": "20101123", "coverage": "Deutschland", "titel": "\n      <dl class=\"RspDL\">\n         <dt/>\n         <dd>\n            <p>Unterbringung in einem psychiatrischen Krankenhaus: Feststellung der Allgemeingef\u00e4hrdung durch den Angeklagten</p>\n         </dd>\n      </dl>\n   ", "ecli": "", "identifier": "http://www.rechtsprechung-im-internet.de/jportal/?quelle=jlink&docid=JURE110002786&psml=bsjrsprod.psml&max=true", "spruchkoerper": "3. Strafsenat", "vorinstanz": "vorgehend LG B\u00fcckeburg, 11. Juni 2010, Az: 4 KLs 5/10, Urteil\n   ", "doknr": "JURE110002786", "abweichendeMeinung": "", "tenor": "\n      <div>\n         <dl class=\"RspDL\">\n            <dt/>\n            <dd>\n               <p>1. Auf die Revision des Angeklagten wird das Urteil des Landgerichts B\u00fcckeburg vom 11. Juni 2010 im Ma\u00dfregelausspruch mit den zugeh\u00f6rigen Feststellungen aufgehoben.</p>\n            </dd>\n         </dl>\n         <dl class=\"RspDL\">\n            <dt/>\n            <dd>\n               <p/>\n            </dd>\n         </dl>\n         <dl class=\"RspDL\">\n            <dt/>\n            <dd>\n               <p>Im Umfang der Aufhebung wird die Sache zu neuer Verhandlung und Entscheidung, auch \u00fcber die Kosten des Rechtsmittels, an eine andere Strafkammer des Landgerichts zur\u00fcckverwiesen.</p>\n            </dd>\n         </dl>\n         <dl class=\"RspDL\">\n            <dt/>\n            <dd>\n               <p/>\n            </dd>\n         </dl>\n         <dl class=\"RspDL\">\n            <dt/>\n            <dd>\n               <p>2. Die weitergehende Revision wird verworfen.</p>\n            </dd>\n         </dl>\n      </div>\n   ", "regionAbk": "DEU"}