{"publisher": "BMJV", "tatbestand": "", "absaetze": [{"num": "1", "textProcessed": ["senat", "revision", "verurteilt", "urteil", "landgericht", "dortmund", "juni", "beschluss", "februar", "gemass", "abs", "stpo", "unbegrundet", "verworf", "marz", "verurteilt", "beschluss", "protokoll", "geschaftsstell", "gemass", "stpo", "anhorungsrug", "erhob"], "text": "1. Der Senat hat die Revision des Verurteilten gegen das Urteil des Landgerichts Dortmund vom 30. Juni 2008 mit Beschluss vom 2. Februar 2010 gem\u00e4\u00df \u00a7 349 Abs. 2 StPO als unbegr\u00fcndet verworfen. Am 5. M\u00e4rz 2010 hat der Verurteilte gegen den Beschluss zu Protokoll der Gesch\u00e4ftsstelle gem\u00e4\u00df \u00a7 356a StPO die Anh\u00f6rungsr\u00fcge erhoben."}, {"num": "2", "textProcessed": ["anhorungsrug", "jedenfall", "unbegrundet", "liegt", "verletz", "rechtlich", "gehor", "senat", "revisionsentscheid", "nachteil", "verurteilt", "wed", "tatsach", "beweisergebnis", "verwertet", "gehort", "word", "wurd", "wed", "berucksicht", "vorbring", "ubergang", "sonstig", "weis", "anspruch", "verurteilt", "rechtlich", "gehor", "verletzt", "umstand", "dass", "senat", "ansicht", "verurteilt", "gefolgt", "begrundet", "gehorsverletz"], "text": "2. Die Anh\u00f6rungsr\u00fcge ist jedenfalls unbegr\u00fcndet, denn es liegt keine Verletzung rechtlichen Geh\u00f6rs vor. Der Senat hat bei seiner Revisionsentscheidung zum Nachteil des Verurteilten weder Tatsachen noch Beweisergebnisse verwertet, zu denen dieser nicht geh\u00f6rt worden w\u00e4re. Auch wurde weder zu ber\u00fccksichtigendes Vorbringen \u00fcbergangen noch in sonstiger Weise der Anspruch des Verurteilten auf rechtliches Geh\u00f6r verletzt. Der Umstand, dass der Senat den Ansichten des Verurteilten nicht gefolgt ist, begr\u00fcndet keine Geh\u00f6rsverletzung."}, {"num": "3", "textProcessed": ["soweit", "verurteilt", "geltend", "macht", "senat", "bescheid", "wiedereinsetzungsantrag", "unrecht", "verschuldet", "fristversaum", "angenomm", "zeigt", "verletz", "anspruch", "rechtlich", "gehor", "anhorungsrug", "angesproch", "schriftsatz", "juli", "enthielt", "neb", "ausreich", "begrund", "erhob", "rug", "verletz", "formell", "recht", "ledig", "sachrug", "konkretisier", "angriff", "beweiswurd", "landgericht", "uberwieg", "urteilsfremd", "tatsach", "gesichtspunkt", "wurd", "senat", "fristgerecht", "erhob", "sachrug", "berucksichtigt", "dass", "insoweit", "wiedereinsetz", "bedurft", "hatt", "soweit", "zusammenhang", "verfahrensrug", "wiedereinsetz", "vorig", "stand", "versagt", "wurd", "senat", "ungeachtet", "frag", "wiedereinsetzungsantrag", "zulass", "erhob", "word", "begrundet", "antrag", "auseinandergesetzt", "verneint"], "text": "Auch soweit der Verurteilte geltend macht, der Senat habe bei Bescheidung seines Wiedereinsetzungsantrages zu Unrecht eine verschuldete Fristvers\u00e4umung angenommen, zeigt er keine Verletzung seines Anspruchs auf rechtliches Geh\u00f6r auf. Der von ihm in der Anh\u00f6rungsr\u00fcge angesprochene Schriftsatz vom 25. Juli 2009 enthielt - neben der ohne ausreichende Begr\u00fcndung erhobenen R\u00fcge der Verletzung formellen Rechts - lediglich die Sachr\u00fcge konkretisierende Angriffe gegen die Beweisw\u00fcrdigung des Landgerichts mit \u00fcberwiegend urteilsfremden Tatsachen. Diese Gesichtspunkte wurden vom Senat auf die fristgerecht erhobene Sachr\u00fcge hin ber\u00fccksichtigt, ohne dass es insoweit der Wiedereinsetzung bedurft h\u00e4tte. Soweit im Zusammenhang mit Verfahrensr\u00fcgen die Wiedereinsetzung in den vorigen Stand versagt wurde, hat sich der Senat ungeachtet der Frage, ob der Wiedereinsetzungsantrag zul\u00e4ssig erhoben worden war, auch mit der Begr\u00fcndetheit des Antrags auseinandergesetzt; er hat diese verneint."}, {"num": "4", "textProcessed": ["vorbring", "verurteilt", "anhorungsrug", "angesproch", "schriftsatz", "januar", "senat", "revisionsentscheid", "ubergang", "schriftsatz", "handelt", "gegenerklar", "abs", "satz", "stpo", "antragsschrift", "generalbundesanwalt", "verurteilt", "schreib", "januar", "mitgeteilt", "tag", "zugegang", "soweit", "verurteilt", "meint", "formulier", "beanstandet", "beschluss", "entnehm", "vorbring", "fraglich", "schriftsatz", "sei", "uberschreit", "revisionsbegrundungsfrist", "berucksichtigt", "word", "irrt", "frist", "gegenerklar", "gemass", "abs", "satz", "stpo", "ausschlussfrist", "handelt", "vgl", "mey", "gossn", "stpo", "aufl", "rdn", "senat", "ausfuhr", "verurteilt", "gegenerklar", "ordnungsgemass", "erhob", "sachrug", "konkretisiert", "ebenfall", "berucksichtigt", "vgl", "verurteilt", "beanstandet", "formulier", "mey", "gossn", "aao", "recht", "gegenerklar", "abs", "stpo", "ermoglicht", "ind", "weit", "verfahrensrug", "erheb", "nachtrag", "formgerecht", "begrund", "mey", "gossn", "aao"], "text": "Auch das Vorbringen des Verurteilten in den vom ihm in der Anh\u00f6rungsr\u00fcge angesprochenen Schrifts\u00e4tzen vom 13., 25. und 26. Januar 2010 hat der Senat bei der Revisionsentscheidung nicht \u00fcbergangen. Bei diesen Schrifts\u00e4tzen handelte es sich um Gegenerkl\u00e4rungen i.S.v. \u00a7 349 Abs. 3 Satz 2 StPO zur Antragsschrift des Generalbundesanwalts, die dem Verurteilten - wie er mit Schreiben vom 13. Januar 2010 selbst mitgeteilt hat - an diesem Tag zugegangen war. Soweit der Verurteilte meint, aus Formulierungen in dem beanstandeten Beschluss entnehmen zu k\u00f6nnen, sein Vorbringen in den fraglichen Schrifts\u00e4tzen sei wegen \u00dcberschreitung der Revisionsbegr\u00fcndungsfrist nicht ber\u00fccksichtigt worden, irrt er. Da es sich bei der Frist zur Gegenerkl\u00e4rung gem\u00e4\u00df \u00a7 349 Abs. 3 Satz 2 StPO nicht um eine Ausschlussfrist handelt (vgl. Meyer-Go\u00dfner, StPO 52. Aufl. \u00a7 349 Rdn. 17), hat der Senat die Ausf\u00fchrungen des Verurteilten in den Gegenerkl\u00e4rungen, welche die ordnungsgem\u00e4\u00df erhobene Sachr\u00fcge konkretisierten, ebenfalls ber\u00fccksichtigt (vgl. zu der vom Verurteilten beanstandeten Formulierung auch Meyer-Go\u00dfner aaO). Das Recht zur Gegenerkl\u00e4rung i.S.v. \u00a7 349 Abs. 3 StPO erm\u00f6glicht indes nicht, weitere Verfahrensr\u00fcgen zu erheben oder nachtr\u00e4glich formgerecht zu begr\u00fcnden (Meyer-Go\u00dfner aaO)."}, {"num": "5", "textProcessed": ["senat", "abschliess", "beschlussfass", "anhorungsrug", "verurteilt", "dadurch", "gehindert", "dass", "vorsitz", "antrag", "verurteilt", "neu", "pflichtverteid", "beizuordn", "abgelehnt", "entscheid", "zutreff", "verurteilt", "bereit", "strafverfahr", "rechtsanwalt", "beigeordnet", "word", "pflichtverteidigerbestell", "wirkt", "verfahr", "stpo", "fort", "vgl", "bghr", "stpo", "verteid", "neb", "bereit", "bestellt", "verteid", "verurteilt", "weit", "verteid", "bestell", "gebot", "ergibt", "daraus", "dass", "rechtsanwalt", "verurteilt", "rechtsauffass", "mitgeteilt", "dass", "eracht", "anhorungsrug", "erfolg", "bring", "prufung", "erfolgsaussicht", "rug", "gehort", "gerad", "aufgab", "pflichtverteid"], "text": "3. Der Senat ist an einer abschlie\u00dfenden Beschlussfassung \u00fcber die Anh\u00f6rungsr\u00fcge des Verurteilten nicht dadurch gehindert, dass der Vorsitzende den Antrag, dem Verurteilten einen neuen Pflichtverteidiger beizuordnen, abgelehnt hat. Diese Entscheidung war zutreffend. Dem Verurteilten war bereits im Strafverfahren Rechtsanwalt M.\u00a0beigeordnet worden. Diese Pflichtverteidigerbestellung wirkte im Verfahren nach \u00a7 356a StPO fort (vgl. BGHR StPO \u00a7 356a Verteidiger 1). Neben dem bereits bestellten Verteidiger dem Verurteilten einen weiteren Verteidiger zu bestellen, war hier nicht geboten. Etwas anderes ergibt sich auch nicht daraus, dass Rechtsanwalt M.\u00a0dem Verurteilten seine Rechtsauffassung mitgeteilt hatte, dass seines Erachtens eine Anh\u00f6rungsr\u00fcge keinen Erfolg bringe. Denn die Pr\u00fcfung der Erfolgsaussichten einer solchen R\u00fcge geh\u00f6rt gerade zu den Aufgaben eines Pflichtverteidigers."}, {"num": "6", "textProcessed": ["schriftsatz", "verurteilt", "mai", "senat", "vorgeleg"], "text": "Der Schriftsatz des Verurteilten vom 3. Mai 2010 hat dem Senat vorgelegen."}], "norm": ["\u00a7 349 StPO", "\u00a7 356a StPO"], "doktyp": "Beschluss", "regionLong": "Bundesrepublik Deutschland", "sonstlt": "", "gruendeProcessed": ["senat", "revision", "verurteilt", "urteil", "landgericht", "dortmund", "juni", "beschluss", "februar", "gemass", "abs", "stpo", "unbegrundet", "verworf", "marz", "verurteilt", "beschluss", "protokoll", "geschaftsstell", "gemass", "stpo", "anhorungsrug", "erhob", "anhorungsrug", "jedenfall", "unbegrundet", "liegt", "verletz", "rechtlich", "gehor", "senat", "revisionsentscheid", "nachteil", "verurteilt", "wed", "tatsach", "beweisergebnis", "verwertet", "gehort", "word", "wurd", "wed", "berucksicht", "vorbring", "ubergang", "sonstig", "weis", "anspruch", "verurteilt", "rechtlich", "gehor", "verletzt", "umstand", "dass", "senat", "ansicht", "verurteilt", "gefolgt", "begrundet", "gehorsverletz", "soweit", "verurteilt", "geltend", "macht", "senat", "bescheid", "wiedereinsetzungsantrag", "unrecht", "verschuldet", "fristversaum", "angenomm", "zeigt", "verletz", "anspruch", "rechtlich", "gehor", "anhorungsrug", "angesproch", "schriftsatz", "juli", "enthielt", "neb", "ausreich", "begrund", "erhob", "rug", "verletz", "formell", "recht", "ledig", "sachrug", "konkretisier", "angriff", "beweiswurd", "landgericht", "uberwieg", "urteilsfremd", "tatsach", "gesichtspunkt", "wurd", "senat", "fristgerecht", "erhob", "sachrug", "berucksichtigt", "dass", "insoweit", "wiedereinsetz", "bedurft", "hatt", "soweit", "zusammenhang", "verfahrensrug", "wiedereinsetz", "vorig", "stand", "versagt", "wurd", "senat", "ungeachtet", "frag", "wiedereinsetzungsantrag", "zulass", "erhob", "word", "begrundet", "antrag", "auseinandergesetzt", "verneint", "vorbring", "verurteilt", "anhorungsrug", "angesproch", "schriftsatz", "januar", "senat", "revisionsentscheid", "ubergang", "schriftsatz", "handelt", "gegenerklar", "abs", "satz", "stpo", "antragsschrift", "generalbundesanwalt", "verurteilt", "schreib", "januar", "mitgeteilt", "tag", "zugegang", "soweit", "verurteilt", "meint", "formulier", "beanstandet", "beschluss", "entnehm", "vorbring", "fraglich", "schriftsatz", "sei", "uberschreit", "revisionsbegrundungsfrist", "berucksichtigt", "word", "irrt", "frist", "gegenerklar", "gemass", "abs", "satz", "stpo", "ausschlussfrist", "handelt", "vgl", "mey", "gossn", "stpo", "aufl", "rdn", "senat", "ausfuhr", "verurteilt", "gegenerklar", "ordnungsgemass", "erhob", "sachrug", "konkretisiert", "ebenfall", "berucksichtigt", "vgl", "verurteilt", "beanstandet", "formulier", "mey", "gossn", "aao", "recht", "gegenerklar", "abs", "stpo", "ermoglicht", "ind", "weit", "verfahrensrug", "erheb", "nachtrag", "formgerecht", "begrund", "mey", "gossn", "aao", "senat", "abschliess", "beschlussfass", "anhorungsrug", "verurteilt", "dadurch", "gehindert", "dass", "vorsitz", "antrag", "verurteilt", "neu", "pflichtverteid", "beizuordn", "abgelehnt", "entscheid", "zutreff", "verurteilt", "bereit", "strafverfahr", "rechtsanwalt", "beigeordnet", "word", "pflichtverteidigerbestell", "wirkt", "verfahr", "stpo", "fort", "vgl", "bghr", "stpo", "verteid", "neb", "bereit", "bestellt", "verteid", "verurteilt", "weit", "verteid", "bestell", "gebot", "ergibt", "daraus", "dass", "rechtsanwalt", "verurteilt", "rechtsauffass", "mitgeteilt", "dass", "eracht", "anhorungsrug", "erfolg", "bring", "prufung", "erfolgsaussicht", "rug", "gehort", "gerad", "aufgab", "pflichtverteid", "schriftsatz", "verurteilt", "mai", "senat", "vorgeleg", "nack", "wahl", "hebenstreit", "jag", "sand"], "mitwirkung": "", "aktenzeichen": "1 StR 530/09", "language": "deutsch", "gertyp": "BGH", "leitsatz": "", "gruende": "\n      <div>\n         <dl class=\"RspDL\">\n            <dt>\n               <a name=\"rd_1\">1</a>\n            </dt>\n            <dd>\n               <p>1. Der Senat hat die Revision des Verurteilten gegen das Urteil des Landgerichts Dortmund vom 30. Juni 2008 mit Beschluss vom 2. Februar 2010 gem\u00e4\u00df \u00a7 349 Abs. 2 StPO als unbegr\u00fcndet verworfen. Am 5. M\u00e4rz 2010 hat der Verurteilte gegen den Beschluss zu Protokoll der Gesch\u00e4ftsstelle gem\u00e4\u00df \u00a7 356a StPO die Anh\u00f6rungsr\u00fcge erhoben.</p>\n            </dd>\n         </dl>\n         <dl class=\"RspDL\">\n            <dt/>\n            <dd>\n               <p/>\n            </dd>\n         </dl>\n         <dl class=\"RspDL\">\n            <dt>\n               <a name=\"rd_2\">2</a>\n            </dt>\n            <dd>\n               <p>2. Die Anh\u00f6rungsr\u00fcge ist jedenfalls unbegr\u00fcndet, denn es liegt keine Verletzung rechtlichen Geh\u00f6rs vor. Der Senat hat bei seiner Revisionsentscheidung zum Nachteil des Verurteilten weder Tatsachen noch Beweisergebnisse verwertet, zu denen dieser nicht geh\u00f6rt worden w\u00e4re. Auch wurde weder zu ber\u00fccksichtigendes Vorbringen \u00fcbergangen noch in sonstiger Weise der Anspruch des Verurteilten auf rechtliches Geh\u00f6r verletzt. Der Umstand, dass der Senat den Ansichten des Verurteilten nicht gefolgt ist, begr\u00fcndet keine Geh\u00f6rsverletzung.</p>\n            </dd>\n         </dl>\n         <dl class=\"RspDL\">\n            <dt/>\n            <dd>\n               <p/>\n            </dd>\n         </dl>\n         <dl class=\"RspDL\">\n            <dt>\n               <a name=\"rd_3\">3</a>\n            </dt>\n            <dd>\n               <p>Auch soweit der Verurteilte geltend macht, der Senat habe bei Bescheidung seines Wiedereinsetzungsantrages zu Unrecht eine verschuldete Fristvers\u00e4umung angenommen, zeigt er keine Verletzung seines Anspruchs auf rechtliches Geh\u00f6r auf. Der von ihm in der Anh\u00f6rungsr\u00fcge angesprochene Schriftsatz vom 25. Juli 2009 enthielt - neben der ohne ausreichende Begr\u00fcndung erhobenen R\u00fcge der Verletzung formellen Rechts - lediglich die Sachr\u00fcge konkretisierende Angriffe gegen die Beweisw\u00fcrdigung des Landgerichts mit \u00fcberwiegend urteilsfremden Tatsachen. Diese Gesichtspunkte wurden vom Senat auf die fristgerecht erhobene Sachr\u00fcge hin ber\u00fccksichtigt, ohne dass es insoweit der Wiedereinsetzung bedurft h\u00e4tte. Soweit im Zusammenhang mit Verfahrensr\u00fcgen die Wiedereinsetzung in den vorigen Stand versagt wurde, hat sich der Senat ungeachtet der Frage, ob der Wiedereinsetzungsantrag zul\u00e4ssig erhoben worden war, auch mit der Begr\u00fcndetheit des Antrags auseinandergesetzt; er hat diese verneint.</p>\n            </dd>\n         </dl>\n         <dl class=\"RspDL\">\n            <dt/>\n            <dd>\n               <p/>\n            </dd>\n         </dl>\n         <dl class=\"RspDL\">\n            <dt>\n               <a name=\"rd_4\">4</a>\n            </dt>\n            <dd>\n               <p>Auch das Vorbringen des Verurteilten in den vom ihm in der Anh\u00f6rungsr\u00fcge angesprochenen Schrifts\u00e4tzen vom 13., 25. und 26. Januar 2010 hat der Senat bei der Revisionsentscheidung nicht \u00fcbergangen. Bei diesen Schrifts\u00e4tzen handelte es sich um Gegenerkl\u00e4rungen i.S.v. \u00a7 349 Abs. 3 Satz 2 StPO zur Antragsschrift des Generalbundesanwalts, die dem Verurteilten - wie er mit Schreiben vom 13. Januar 2010 selbst mitgeteilt hat - an diesem Tag zugegangen war. Soweit der Verurteilte meint, aus Formulierungen in dem beanstandeten Beschluss entnehmen zu k\u00f6nnen, sein Vorbringen in den fraglichen Schrifts\u00e4tzen sei wegen \u00dcberschreitung der Revisionsbegr\u00fcndungsfrist nicht ber\u00fccksichtigt worden, irrt er. Da es sich bei der Frist zur Gegenerkl\u00e4rung gem\u00e4\u00df \u00a7 349 Abs. 3 Satz 2 StPO nicht um eine Ausschlussfrist handelt (vgl. Meyer-Go\u00dfner, StPO 52. Aufl. \u00a7 349 Rdn. 17), hat der Senat die Ausf\u00fchrungen des Verurteilten in den Gegenerkl\u00e4rungen, welche die ordnungsgem\u00e4\u00df erhobene Sachr\u00fcge konkretisierten, ebenfalls ber\u00fccksichtigt (vgl. zu der vom Verurteilten beanstandeten Formulierung auch Meyer-Go\u00dfner aaO). Das Recht zur Gegenerkl\u00e4rung i.S.v. \u00a7 349 Abs. 3 StPO erm\u00f6glicht indes nicht, weitere Verfahrensr\u00fcgen zu erheben oder nachtr\u00e4glich formgerecht zu begr\u00fcnden (Meyer-Go\u00dfner aaO).</p>\n            </dd>\n         </dl>\n         <dl class=\"RspDL\">\n            <dt/>\n            <dd>\n               <p/>\n            </dd>\n         </dl>\n         <dl class=\"RspDL\">\n            <dt>\n               <a name=\"rd_5\">5</a>\n            </dt>\n            <dd>\n               <p>3. Der Senat ist an einer abschlie\u00dfenden Beschlussfassung \u00fcber die Anh\u00f6rungsr\u00fcge des Verurteilten nicht dadurch gehindert, dass der Vorsitzende den Antrag, dem Verurteilten einen neuen Pflichtverteidiger beizuordnen, abgelehnt hat. Diese Entscheidung war zutreffend. Dem Verurteilten war bereits im Strafverfahren Rechtsanwalt M.\u00a0beigeordnet worden. Diese Pflichtverteidigerbestellung wirkte im Verfahren nach \u00a7 356a StPO fort (vgl. BGHR StPO \u00a7 356a Verteidiger 1). Neben dem bereits bestellten Verteidiger dem Verurteilten einen weiteren Verteidiger zu bestellen, war hier nicht geboten. Etwas anderes ergibt sich auch nicht daraus, dass Rechtsanwalt M.\u00a0dem Verurteilten seine Rechtsauffassung mitgeteilt hatte, dass seines Erachtens eine Anh\u00f6rungsr\u00fcge keinen Erfolg bringe. Denn die Pr\u00fcfung der Erfolgsaussichten einer solchen R\u00fcge geh\u00f6rt gerade zu den Aufgaben eines Pflichtverteidigers.</p>\n            </dd>\n         </dl>\n         <dl class=\"RspDL\">\n            <dt/>\n            <dd>\n               <p/>\n            </dd>\n         </dl>\n         <dl class=\"RspDL\">\n            <dt>\n               <a name=\"rd_6\">6</a>\n            </dt>\n            <dd>\n               <p>Der Schriftsatz des Verurteilten vom 3. Mai 2010 hat dem Senat vorgelegen.</p>\n            </dd>\n         </dl>\n         <dl class=\"RspDL\">\n            <dt/>\n            <dd>\n               <p/>\n            </dd>\n         </dl>\n         <dl class=\"RspDL\">\n            <dt/>\n            <dd>\n               <p>Nack\u00a0\u00a0\u00a0\u00a0\u00a0\u00a0\u00a0\u00a0\u00a0\u00a0\u00a0\u00a0\u00a0\u00a0\u00a0\u00a0\u00a0\u00a0\u00a0\u00a0\u00a0\u00a0\u00a0\u00a0\u00a0\u00a0\u00a0\u00a0\u00a0Wahl\u00a0\u00a0\u00a0\u00a0\u00a0\u00a0\u00a0\u00a0\u00a0\u00a0\u00a0\u00a0\u00a0\u00a0\u00a0\u00a0\u00a0\u00a0\u00a0\u00a0\u00a0\u00a0\u00a0\u00a0\u00a0\u00a0\u00a0\u00a0\u00a0\u00a0\u00a0\u00a0\u00a0\u00a0Hebenstreit</p>\n            </dd>\n         </dl>\n         <dl class=\"RspDL\">\n            <dt/>\n            <dd>\n               <p>\u00a0\u00a0\u00a0\u00a0\u00a0\u00a0\u00a0\u00a0\u00a0\u00a0\u00a0\u00a0\u00a0\u00a0\u00a0\u00a0\u00a0J\u00e4ger\u00a0\u00a0\u00a0\u00a0\u00a0\u00a0\u00a0\u00a0\u00a0\u00a0\u00a0\u00a0\u00a0\u00a0\u00a0\u00a0\u00a0\u00a0\u00a0\u00a0\u00a0\u00a0\u00a0\u00a0\u00a0\u00a0\u00a0\u00a0\u00a0\u00a0\u00a0Sander</p>\n            </dd>\n         </dl>\n         <dl class=\"RspDL\">\n            <dt/>\n            <dd>\n               <p/>\n            </dd>\n         </dl>\n      </div>\n   ", "accessRights": "public", "gerort": "", "entschDatum": "20100512", "coverage": "Deutschland", "titel": "\n      <dl class=\"RspDL\">\n         <dt/>\n         <dd>\n            <p>Verwerfung der Revision ohne Hauptverhandlung: Umfang des Rechts des Angeklagten zur Gegenerkl\u00e4rung</p>\n         </dd>\n      </dl>\n   ", "ecli": "", "identifier": "http://www.rechtsprechung-im-internet.de/jportal/?quelle=jlink&docid=JURE100062893&psml=bsjrsprod.psml&max=true", "spruchkoerper": "1. Strafsenat", "vorinstanz": "vorgehend BGH, 2. Februar 2010, Az: 1 StR 530/09, Beschlussvorgehend LG Dortmund, 30. Juni 2008, Az: 44 KLs 1/07 - 35 Js 57/01, Urteil\n   ", "doknr": "JURE100062893", "abweichendeMeinung": "", "tenor": "\n      <div>\n         <dl class=\"RspDL\">\n            <dt/>\n            <dd>\n               <p>Die Anh\u00f6rungsr\u00fcge des Verurteilten vom 5. M\u00e4rz 2010 gegen den Senatsbeschluss vom 2. Februar 2010 wird auf seine Kosten zur\u00fcckgewiesen.</p>\n            </dd>\n         </dl>\n         <dl class=\"RspDL\">\n            <dt/>\n            <dd>\n               <p/>\n            </dd>\n         </dl>\n      </div>\n   ", "regionAbk": "DEU"}