{"publisher": "BMJV", "tatbestand": "", "absaetze": [{"num": "1", "textProcessed": ["landgericht", "angeklagt", "fahrlass", "korperverletz", "tatein", "fuhr", "butterflymess", "strafaussetz", "bewahr", "freiheitsstraf", "zwei", "jahr", "verurteilt", "darub", "hinaus", "gunst", "nebenklag", "adhasionsgrundentscheid", "getroff", "hiergeg", "gerichtet", "sachrug", "gestutzt", "revision", "angeklagt", "beschlussformel", "ersicht", "umfang", "erfolg", "ubrig", "unbegrundet", "abs", "stpo"], "text": "Das Landgericht hat den Angeklagten wegen fahrl\u00e4ssiger K\u00f6rperverletzung in Tateinheit mit F\u00fchren eines Butterflymessers unter Strafaussetzung zur Bew\u00e4hrung zu einer Freiheitsstrafe von zwei Jahren verurteilt. Dar\u00fcber hinaus hat es zu Gunsten des Nebenkl\u00e4gers eine Adh\u00e4sionsgrundentscheidung getroffen. Die hiergegen gerichtete, auf die Sachr\u00fcge gest\u00fctzte Revision des Angeklagten hat in dem aus der Beschlussformel ersichtlichen Umfang Erfolg; im \u00dcbrigen ist sie unbegr\u00fcndet (\u00a7 349 Abs. 2 StPO)."}, {"num": "2", "textProcessed": ["feststell", "landgericht", "jahrig", "sohn", "angeklagt", "gleichaltr", "wiederholt", "streitig", "handgreif", "gekomm", "zuletzt", "droht", "gross", "brud", "nebenklag", "einzuschalt", "polizei", "intensivtat", "gefuhrt", "insbesond", "aufgrund", "gewaltbereitschaft", "zweifelhaft", "ruf", "jugend", "angst", "schon", "mal", "streit", "angezettelt", "geohrfeigt", "ua"], "text": "1. Nach den Feststellungen des Landgerichts war es zwischen dem 16j\u00e4hrigen Sohn M.\u00a0des Angeklagten, und dem gleichaltrigen A.\u00a0wiederholt zu Streitigkeiten und Handgreiflichkeiten gekommen; zuletzt drohte A.\u00a0damit, seinen gro\u00dfen Bruder, den Nebenkl\u00e4ger H., einzuschalten. Der polizeilich als \"Intensivt\u00e4ter\" gef\u00fchrte H.\u00a0hatte in L.\u00a0insbesondere aufgrund seiner Gewaltbereitschaft einen zweifelhaften Ruf; viele Jugendliche hatten Angst vor ihm. H.\u00a0hatte auch mit M.\u00a0schon einige Male Streit angezettelt und ihn einmal geohrfeigt (UA S. 8)."}, {"num": "3", "textProcessed": ["abend", "marz", "rief", "fordert", "nam", "brud", "komm", "verstand", "zutreff", "ankund", "schlag", "erzahlt", "vat", "davon", "angst", "bat", "angeklagt", "begleit", "angeklagt", "erzahl", "sohn", "gewalttat", "leicht", "reizbar", "bekannt", "ua", "erklart", "bereit", "sach", "klar", "einlenk", "bring", "geling", "hielt", "korp", "auseinandersetz", "moglich", "ua", "fuhr", "zwei", "freund", "jahr", "alt", "angeklagt", "oft", "butterflymess", "tasch", "jugend", "baseballschlag", "eingepackt", "angeklagt", "allerding", "erst", "unterweg", "bemerkt"], "text": "Am Abend des 22. M\u00e4rz 2008 rief A.\u00a0M.\u00a0an, und forderte ihn im Namen seines Bruders H.\u00a0auf, jetzt nach\u00a0...-O.\u00a0zu kommen. M.\u00a0verstand dies zutreffend als Ank\u00fcndigung von Schl\u00e4gen und erz\u00e4hlte seinem Vater davon. Da er Angst vor H.\u00a0hatte, bat er den Angeklagten, ihn nach O.\u00a0zu begleiten. Der Angeklagte, dem H.\u00a0aus Erz\u00e4hlungen seines Sohnes als gewaltt\u00e4tig und leicht reizbar bekannt war (UA S. 66), erkl\u00e4rte sich dazu bereit, weil er die Sache \"kl\u00e4ren\" und H.\u00a0zum Einlenken bringen wollte. Sollte dies nicht gelingen, hielt er auch eine k\u00f6rperliche Auseinandersetzung f\u00fcr m\u00f6glich (UA S. 9 f.). Mit nach O.\u00a0fuhren zwei Freunde M.'s (14 und 15 Jahre alt). Der Angeklagte hatte - wie des \u00d6fteren - ein Butterflymesser in seiner Tasche. Einer der Jugendlichen hatte einen Baseballschl\u00e4ger eingepackt, was der Angeklagte allerdings erst unterwegs bemerkte."}, {"num": "4", "textProcessed": ["angekomm", "fordert", "angeklagt", "tursteh", "gaststatt", "aufhielt", "aufgebracht", "hinauszuschick", "jahrig", "freund", "stellt", "wenig", "met", "abseit", "jahrig", "freund", "entfernt", "met", "erschi", "auseinandersetz", "erwartet", "schwer", "holzknuppel", "begleit", "mindest", "acht", "teilweis", "erwachs", "person", "ebenfall", "schlagwerkzeug", "fuhrt", "sogleich", "angeklagt", "umstellt", "kurz", "heftig", "wortwechsel", "schlug", "holzknuppel", "wuchtig", "link", "arm", "angeklagt", "zweit", "mal", "ausholt", "richtung", "oberkorp", "kopfbereich", "zielt", "ging", "angeklagt", "butterflymess", "hand", "wehrt", "schlag", "link", "arm", "ab", "stach", "gleichzeit", "recht", "herum", "hint", "oberkorp", "ua", "beid", "fiel", "bod", "packt", "angeklagt", "krag", "schlug", "angeklagt", "seinerseit", "versetzt", "weit", "erheb", "stich", "stich", "oberkorp", "traf", "lung", "akut", "lebensgefahr"], "text": "In O.\u00a0angekommen, forderte der Angeklagte den T\u00fcrsteher einer Gastst\u00e4tte, in der sich H.\u00a0aufhielt, sehr aufgebracht auf, diesen hinauszuschicken. M.\u00a0und sein 14j\u00e4hriger Freund stellten sich wenige Meter abseits; sein 15j\u00e4hriger Freund entfernte sich noch einige Meter weiter. Nach einer Weile erschien H., der eine Auseinandersetzung erwartete, mit einem schweren Holzkn\u00fcppel und in Begleitung von mindestens acht teilweise erwachsenen Personen, von denen einige ebenfalls Schlagwerkzeuge mit sich f\u00fchrten und die sogleich den Angeklagten umstellten. Nach einem kurzen heftigen Wortwechsel schlug H.\u00a0mit dem Holzkn\u00fcppel wuchtig gegen den linken Arm des Angeklagten. Als er zum zweiten Mal ausholte und in Richtung Oberk\u00f6rper-/ Kopfbereich zielte, ging der Angeklagte mit seinem Butterflymesser in der Hand auf ihn zu, wehrte den Schlag mit dem linken Arm ab und stach gleichzeitig rechts um H.\u00a0herum von hinten in dessen Oberk\u00f6rper (UA S. 13 f.). Beide fielen zu Boden, H.\u00a0packte den Angeklagten am Kragen und schlug weiter zu; der Angeklagte seinerseits versetzte ihm weitere, nicht erhebliche Stiche. Der Stich in den Oberk\u00f6rper H.'s traf dessen Lunge und war akut lebensgef\u00e4hrlich."}, {"num": "5", "textProcessed": ["landgericht", "bedingt", "totungsvorsatz", "gefuhrt", "messerstich", "oberkorp", "nebenklag", "folgend", "stich", "notwehr", "gerechtfertigt", "gewertet", "angenomm", "angeklagt", "besteh", "notwehrlag", "sozialeth", "missbill", "weis", "vorwerfbar", "verursacht", "obwohl", "sohn", "brud", "schlagerei", "eingelad", "word", "sei", "nebenklag", "begleit", "mehr", "jugend", "red", "stell", "mess", "gefuhrt", "kontakt", "gewaltbereit", "leicht", "reizbar", "verbal", "aggressiv", "hergestellt", "tursteh", "aufgebracht", "tonfall", "nebenklag", "gefragt", "sehend", "aug", "gefahrenlag", "begeb", "aufgrund", "art", "weis", "auftret", "erschein", "vermeint", "uberzahl", "person", "einlad", "schlagerei", "aufgebracht", "tonfall", "sei", "objektiv", "beobacht", "klar", "dass", "vermittelnd", "gesprach", "ging", "fall", "beeindruck", "liess", "schlagerei", "ua"], "text": "2. Das Landgericht hat den mit bedingtem T\u00f6tungsvorsatz gef\u00fchrten Messerstich gegen den Oberk\u00f6rper des Nebenkl\u00e4gers H.\u00a0wie auch die folgenden Stiche als durch Notwehr gerechtfertigt gewertet. Es hat angenommen, der Angeklagte habe die bestehende Notwehrlage in sozialethisch zu missbilligender Weise und vorwerfbar verursacht. Obwohl sein Sohn von den H.-Br\u00fcdern zu einer Schl\u00e4gerei \"eingeladen\" worden sei, habe er den Nebenkl\u00e4ger H.\u00a0in Begleitung mehrerer Jugendlicher zur Rede stellen wollen. Er habe ein Messer bei sich gef\u00fchrt und den Kontakt zu dem gewaltbereiten und leicht reizbaren H.\u00a0verbal aggressiv hergestellt, da er den T\u00fcrsteher in aufgebrachtem Tonfall nach dem Nebenkl\u00e4ger gefragt habe. Er habe sich damit nicht nur \"sehenden Auges\" in eine Gefahrenlage begeben. Aufgrund der Art und Weise seines Auftretens - Erscheinen mit einer vermeintlichen \u00dcberzahl von Personen nach \"Einladung\" zu einer Schl\u00e4gerei und aufgebrachter Tonfall - sei f\u00fcr einen objektiven Beobachter klar gewesen, dass es ihm nicht um ein vermittelndes Gespr\u00e4ch ging, sondern - falls sich H.\u00a0nicht beeindrucken lie\u00dfe - um eine Schl\u00e4gerei (UA S. 66 f.)."}, {"num": "6", "textProcessed": ["trotz", "daraus", "folgend", "einschrank", "notwehrbefugnis", "sei", "handeln", "gerechtfertigt", "aufgrund", "gefahr", "angriff", "nebenklag", "einkessel", "begleit", "eig", "standposition", "unmittelbar", "nebenklag", "sei", "angeklagt", "wed", "ausweich", "erfolgversprech", "abwehr", "mild", "gegenwehr", "moglich", "ua"], "text": "Trotz der daraus folgenden Einschr\u00e4nkung seiner Notwehrbefugnisse sei sein Handeln gerechtfertigt gewesen. Aufgrund der Gef\u00e4hrlichkeit des Angriffs des Nebenkl\u00e4gers, der Einkesselung durch dessen Begleiter und seiner eigenen Standposition unmittelbar vor dem Nebenkl\u00e4ger sei dem Angeklagten weder ein Ausweichen noch eine erfolgversprechende Abwehr oder eine andere mildere Gegenwehr m\u00f6glich gewesen (UA S. 67)."}, {"num": "7", "textProcessed": ["angeklagt", "fahrlass", "korperverletz", "strafbar", "gemacht", "insoweit", "sei", "vorverhalt", "anzuknupf", "notwehrlag", "sozialeth", "missbill", "vorwerfbar", "weis", "verursacht", "ua", "objektiv", "subjektiv", "sorgfaltswidr", "vorhersehbar", "situation", "entsteh", "lass", "eintritt", "tatbestand", "erfolg", "gefuhrt", "pflichtwidr", "rahm", "fahrlass", "sei", "gleichsam", "spiegelbild", "verhalt", "rahm", "notwehr", "einschrank", "notwehrbefugnis", "fuhr", "ua"], "text": "Der Angeklagte habe sich aber der fahrl\u00e4ssigen K\u00f6rperverletzung strafbar gemacht. Insoweit sei an sein Vorverhalten anzukn\u00fcpfen, durch das er \"die Notwehrlage auf sozialethisch zu missbilligende, vorwerfbare Weise verursacht\" habe (UA S. 69). Er habe objektiv und subjektiv sorgfaltswidrig und f\u00fcr ihn vorhersehbar eine Situation entstehen lassen, die zum Eintritt des tatbestandlichen Erfolges gef\u00fchrt habe. Die Pflichtwidrigkeit im Rahmen der Fahrl\u00e4ssigkeit sei gleichsam \"ein Spiegelbild des Verhaltens, das im Rahmen der Notwehr zur Einschr\u00e4nkung der Notwehrbefugnisse\" f\u00fchre (UA S. 70)."}, {"num": "8", "textProcessed": ["bewert", "halt", "rechtlich", "nachpruf", "stand", "grundlag", "getroff", "feststell", "annahm", "angeklagt", "vorwerfbar", "provokation", "notwehrlag", "einhergeh", "fahrlassigkeitsvorwurf", "begrund", "pflichtwidr", "rechtsfehlerhaft"], "text": "3. Diese Bewertung h\u00e4lt rechtlicher Nachpr\u00fcfung nicht stand. Auf Grundlage der getroffenen Feststellungen ist die Annahme einer dem Angeklagten vorwerfbaren Provokation der Notwehrlage und einer damit einhergehenden, den Fahrl\u00e4ssigkeitsvorwurf begr\u00fcndenden Pflichtwidrigkeit rechtsfehlerhaft."}, {"num": "9", "textProcessed": ["rechtsprech", "bundesgerichtshof", "erfahrt", "notwehrrecht", "gesichtspunkt", "gebot", "verteid", "einschrank", "verteid", "gegenub", "angreif", "pflichtwidr", "vorverhalt", "tag", "gelegt", "vernunft", "wurdig", "umstand", "einzelfall", "folgend", "angriff", "adaquat", "voraussehbar", "folg", "pflichtverletz", "angegriff", "erschein", "lasst", "fall", "verteid", "angriff", "umstand", "auszuweich", "such", "darf", "lebensgefahr", "trutzwehr", "ubergeh", "abwehrmog", "erschopft", "aussichtslos", "bghst", "bgh", "urteil", "februar", "str", "darub", "hinaus", "vermag", "bereit", "sozialeth", "missbill", "vorverhalt", "notwehrrecht", "einzuschrank", "vorverhalt", "rechtswidr", "angriff", "eng", "zeitlich", "raumlich", "ursachenzusammenhang", "besteht", "kenntnis", "tat", "geeignet", "angriff", "provozi", "vgl", "bgh", "nstz", "bghst", "demgegenub", "rechtlich", "gebot", "erlaubt", "tun", "allein", "deshalb", "einschrank", "notwehr", "fuhr", "tat", "wusst", "wiss", "konnt", "dass", "verhalt", "rechtswidr", "angriff", "veranlasst", "konnt", "vgl", "bgh", "njw"], "text": "a) Nach der Rechtsprechung des Bundesgerichtshofs erf\u00e4hrt das Notwehrrecht unter dem Gesichtspunkt der Gebotenheit der Verteidigung unter anderem dann eine Einschr\u00e4nkung, wenn der Verteidiger gegen\u00fcber dem Angreifer ein pflichtwidriges Vorverhalten an den Tag gelegt hat, das bei vern\u00fcnftiger W\u00fcrdigung aller Umst\u00e4nde des Einzelfalles den folgenden Angriff als eine ad\u00e4quate und voraussehbare Folge der Pflichtverletzung des Angegriffenen erscheinen l\u00e4sst. In einem solchen Fall muss der Verteidiger dem Angriff unter Umst\u00e4nden auszuweichen suchen und darf zur lebensgef\u00e4hrlichen Trutzwehr nur \u00fcbergehen, wenn andere Abwehrm\u00f6glichkeiten ersch\u00f6pft oder mit Sicherheit aussichtslos sind (BGHSt 26, 143, 145; BGH, Urteil vom 7. Februar 1991 - 4 StR 526/90). Dar\u00fcber hinaus vermag auch bereits ein sozialethisch zu missbilligendes Vorverhalten das Notwehrrecht einzuschr\u00e4nken, wenn zwischen diesem Vorverhalten und dem rechtswidrigen Angriff ein enger zeitlicher und r\u00e4umlicher Ursachenzusammenhang besteht und es nach Kenntnis des T\u00e4ter auch geeignet ist, einen Angriff zu provozieren (vgl. BGH, NStZ 2006, 332, 333; BGHSt 42, 97, 100). Demgegen\u00fcber kann ein rechtlich gebotenes oder erlaubtes Tun nicht allein deshalb zu Einschr\u00e4nkungen der Notwehr f\u00fchren, wenn der T\u00e4ter wusste oder wissen konnte, dass andere durch dieses Verhalten zu einem rechtswidrigen Angriff veranlasst werden k\u00f6nnten (vgl. BGH NJW 2003, 1955, 1959)."}, {"num": "10", "textProcessed": ["feststell", "landgericht", "beleg", "dass", "angeklagt", "notwehrlag", "rechtswidr", "sozialeth", "missbill", "weis", "vorwerfbar", "provoziert", "hatt"], "text": "b) Die Feststellungen des Landgerichts belegen nicht, dass der Angeklagte die Notwehrlage in rechtswidriger oder sonst sozialethisch zu missbilligender Weise vorwerfbar provoziert h\u00e4tte."}, {"num": "11", "textProcessed": ["angeklagt", "jahrig", "sohn", "begleitet", "alt", "kamm", "festgestellt", "gewalttat", "leicht", "reizbar", "bekannt", "polizei", "intensivtat", "gefuhrt", "jung", "mann", "schlagerei", "eingelad", "word", "nebenklag", "schon", "zuvor", "streit", "sohn", "gesucht", "weshalb", "grund", "angst", "hintergrund", "angeklagt", "zufall", "uberlass", "wann", "nebenklag", "sohn", "treff", "durft", "red", "stell", "auftret", "angeklagt", "sozialeth", "missbill", "vorwerfbar", "provokation", "gewertet", "allein", "umstand", "dass", "tursteh", "aufgebracht", "tonfall", "auffordert", "nebenklag", "herauszuschick", "gibt", "hierfur", "anlass", "zumal", "brud", "zuvor", "sohn", "angeklagt", "schlag", "angekundigt", "auftret", "angeklagt", "berucksicht", "umstand", "dass", "sohn", "freund", "begleitet", "wurd", "vorwerfbar", "provokation", "wert", "jugend", "stand", "abseit", "angeklagt", "jedenfall", "erkennbar", "bewaffnet"], "text": "Der Angeklagte hat seinen 16j\u00e4hrigen Sohn begleitet, der von einem \u00e4lteren und, wie die Kammer festgestellt hat, als gewaltt\u00e4tig und leicht reizbar bekannten, von der Polizei als Intensivt\u00e4ter gef\u00fchrten jungen Mann zu einer Schl\u00e4gerei \"eingeladen\" worden war. Der Nebenkl\u00e4ger hatte schon zuvor den Streit mit dem Sohn gesucht, weshalb dieser nicht ohne Grund Angst vor ihm hatte. Vor diesem Hintergrund musste es der Angeklagte nicht dem Zufall \u00fcberlassen, ob und wann der Nebenkl\u00e4ger wieder auf seinen Sohn treffen w\u00fcrde, und durfte diesen zur Rede stellen. Auch das Auftreten des Angeklagten als solches kann nicht als sozialethisch zu missbilligende, vorwerfbare Provokation gewertet werden. Allein der Umstand, dass er den T\u00fcrsteher in aufgebrachtem Tonfall aufforderte, den Nebenkl\u00e4ger herauszuschicken, gibt hierf\u00fcr keinen Anlass, zumal es die H.-Br\u00fcder waren, die zuvor dem Sohn des Angeklagten Schl\u00e4ge angek\u00fcndigt hatten. Das Auftreten des Angeklagten ist auch unter Ber\u00fccksichtigung des Umstands, dass er von seinem Sohn und dessen Freunden begleitet wurde, nicht als vorwerfbare Provokation zu werten, denn die Jugendlichen standen abseits und waren - wie der Angeklagte - jedenfalls nicht erkennbar bewaffnet."}, {"num": "12", "textProcessed": ["verhalt", "angeklagt", "mocht", "gewiss", "mass", "gebot", "vorsicht", "lebensklug", "zuwiderlauf", "vorwerfbar", "provokation", "rechtswidr", "angriff", "einschrank", "notwehrbefugnis", "fuhrt", "darin", "ebenso", "wenig", "seh", "fahrlassigkeitsvorwurf", "begrund", "pflichtverletz"], "text": "Das Verhalten des Angeklagten mochte im gewissen Ma\u00dfe den Geboten der Vorsicht und der Lebensklugheit zuwiderlaufen; eine vorwerfbare Provokation eines rechtswidrigen Angriffs, die zu einer Einschr\u00e4nkung der Notwehrbefugnisse f\u00fchrte, ist darin aber ebenso wenig zu sehen wie eine einen Fahrl\u00e4ssigkeitsvorwurf begr\u00fcndende Pflichtverletzung."}, {"num": "13", "textProcessed": ["angeklagt", "handelt", "bezug", "verletzungserfolg", "deshalb", "pflichtwidr", "tat", "verwendet", "butterflymess", "fuhrt", "obgleich", "sohn", "schlag", "angekundigt", "word", "angeklagt", "reizbar", "gewalttat", "nebenklag", "wusst", "verpflichtet", "nebenklag", "geh", "schutzlos", "begegn", "hinblick", "moglich", "rechtswidr", "angriff", "nebenklag", "angeklagt", "vorwurf", "daraus", "dass", "mess", "getrennt", "moglich", "aggression", "nebenklag", "schutzlos", "ausliefert", "vgl", "bgh", "njw"], "text": "c) Der Angeklagte handelte in Bezug auf den Verletzungserfolg auch nicht deshalb pflichtwidrig, weil er das zur Tat verwendete Butterflymesser mit sich f\u00fchrte. Obgleich seinem Sohn Schl\u00e4ge angek\u00fcndigt worden waren und der Angeklagte um die Reizbarkeit und Gewaltt\u00e4tigkeit des Nebenkl\u00e4gers wusste, war er nicht verpflichtet, dem Nebenkl\u00e4ger aus dem Weg zu gehen oder diesem nur schutzlos zu begegnen. Auch im Hinblick auf die M\u00f6glichkeit eines rechtswidrigen Angriffs des Nebenkl\u00e4gers ist dem Angeklagten kein Vorwurf daraus zu machen, dass er sich nicht von seinem Messer getrennt und sich einer m\u00f6glichen Aggression des Nebenkl\u00e4gers nicht schutzlos ausliefert hat (vgl. BGH NJW 1980, 2263)."}, {"num": "14", "textProcessed": ["umstand", "dass", "angeklagt", "mess", "vorlieg", "verstoss", "abs", "nr", "waffg", "unberechtigt", "fuhrt", "rechtfertigt", "bewert", "angegriff", "waff", "unberechtigt", "fuhrt", "einsatz", "verwehrt", "abwehr", "angriff", "geeignet", "mittel", "verfug", "steht", "vgl", "bgh", "nstz", "mwn", "notwehr", "dah", "gefahr", "korperverletz", "versucht", "totungsdelikt", "gerechtfertigt", "fuhr", "butterflymess", "soweit", "verletzungshandl", "unmittelbar", "zusammenfiel", "vgl", "bgh", "stv"], "text": "Der Umstand, dass der Angeklagte das Messer vorliegend unter Versto\u00df gegen \u00a7 52 Abs. 3 Nr. 1 WaffG unberechtigt mit sich f\u00fchrte, rechtfertigt keine andere Bewertung. Auch wenn ein Angegriffener eine Waffe unberechtigt f\u00fchrt, ist ihm deren Einsatz nicht verwehrt, wenn ihm kein anderes zur Abwehr des Angriffs geeignetes Mittel zur Verf\u00fcgung steht (vgl. BGH, NStZ 1986, 357 mwN). Durch Notwehr waren daher nicht nur die gef\u00e4hrliche K\u00f6rperverletzung und das versuchte T\u00f6tungsdelikt gerechtfertigt, sondern auch das F\u00fchren des Butterflymessers, soweit dies mit den Verletzungshandlungen unmittelbar zusammenfiel (vgl. BGH, StV 1991, 63, 64)."}, {"num": "15", "textProcessed": ["ruckgriff", "verbot", "fuhr", "butterflymess", "zurechn", "verletzungserfolg", "gesichtspunkt", "fahrlass", "handeln", "zulass", "widerspruch", "rechtsordn", "befugnis", "erteilt", "notwehrrecht", "auszuub", "gerad", "fall", "bestraf", "aufgrund", "delikt", "androht", "tatbestand", "voraussetz", "ausub", "befugnis", "erfullt", "erb", "munchkomm", "stgb", "rn", "roxin", "zstw", "gilt", "jedenfall", "fall", "entscheid", "strafsenat", "bundesgerichtshof", "zugrund", "lag", "njw", "abl", "anm", "roxin", "jz", "fahrlassigkeitserfolg", "vorwerfbar", "provokation", "notwehrlag", "angeknupft"], "text": "Auch ein R\u00fcckgriff auf das verbotene F\u00fchren des Butterflymessers zur Zurechnung des Verletzungserfolgs unter dem Gesichtspunkt fahrl\u00e4ssigen Handelns ist nicht zul\u00e4ssig. Es w\u00e4re ein Widerspruch, wenn die Rechtsordnung zum einen die Befugnis erteilte, das Notwehrrecht auszu\u00fcben, zum anderen aber gerade f\u00fcr diesen Fall die Bestrafung aufgrund eines Delikts androhte, dessen tatbestandliche Voraussetzungen mit der Aus\u00fcbung dieser Befugnis erf\u00fcllt werden (Erb in M\u00fcnchKomm - StGB, \u00a7 32 Rn. 203; Roxin, ZStW 93 (1981), S. 68, 92). Dies gilt jedenfalls dann, wenn - anders in dem Fall, der der Entscheidung des 3. Strafsenats des Bundesgerichtshofs zugrunde lag (NJW 2001, 1075 f. mit abl. Anm. Roxin JZ 2001, 667 f.) - f\u00fcr den Fahrl\u00e4ssigkeitserfolg nicht an eine vorwerfbare Provokation der Notwehrlage angekn\u00fcpft werden kann."}, {"num": "16", "textProcessed": ["feststell", "landgericht", "biet", "dah", "grundlag", "verurteil", "fahrlass", "korperverletz", "dass", "schuldspruch", "entfallt", "bleibt", "allein", "verstoss", "waffengesetz", "unerlaubt", "fuhr", "butterflymess", "eintritt", "notwehrlag", "strafbar", "verhalt"], "text": "Die Feststellungen des Landgerichts bieten daher keine Grundlage f\u00fcr die Verurteilung wegen fahrl\u00e4ssiger K\u00f6rperverletzung, so dass dieser Schuldspruch entf\u00e4llt. Es bleibt allein ein Versto\u00df gegen das Waffengesetz wegen des unerlaubten F\u00fchrens des Butterflymessers bis zum Eintritt der Notwehrlage als strafbares Verhalten."}, {"num": "17", "textProcessed": ["senat", "schuldspruch", "entsprech", "abs", "stpo", "geandert", "erganz", "feststell", "erwart", "schuldspruch", "bedingt", "aufheb", "freiheitsstraf", "ganz"], "text": "4. Der Senat hat den Schuldspruch entsprechend \u00a7 354 Abs. 1 StPO selbst ge\u00e4ndert. Erg\u00e4nzende Feststellungen sind nicht zu erwarten. Die \u00c4nderung des Schuldspruchs bedingt die Aufhebung der Freiheitsstrafe im Ganzen."}, {"num": "18", "textProcessed": ["abs", "satz", "stpo", "adhasionsantrag", "stattgeb", "grundentscheid", "aufzuheb", "wegfall", "verurteil", "fahrlass", "korperverletz", "grundlag", "entzog", "wurd"], "text": "Nach \u00a7 406a Abs. 3 Satz 1 StPO ist auch die dem Adh\u00e4sionsantrag stattgebende Grundentscheidung aufzuheben, da ihr durch den Wegfall der Verurteilung wegen fahrl\u00e4ssiger K\u00f6rperverletzung die Grundlage entzogen wurde."}, {"num": "19", "textProcessed": ["senat", "verweist", "sach", "allgemein", "strafkamm", "landgericht", "zuruck", "zustand", "schwurgerichtskamm", "mehr", "begrundet"], "text": "5. Der Senat verweist die Sache an eine allgemeine Strafkammer des Landgerichts zur\u00fcck, da eine Zust\u00e4ndigkeit der Schwurgerichtskammer nicht mehr begr\u00fcndet ist."}], "norm": ["\u00a7 32 StGB", "\u00a7 52 Nr 1 WaffG"], "doktyp": "Beschluss", "regionLong": "Bundesrepublik Deutschland", "sonstlt": "", "gruendeProcessed": ["landgericht", "angeklagt", "fahrlass", "korperverletz", "tatein", "fuhr", "butterflymess", "strafaussetz", "bewahr", "freiheitsstraf", "zwei", "jahr", "verurteilt", "darub", "hinaus", "gunst", "nebenklag", "adhasionsgrundentscheid", "getroff", "hiergeg", "gerichtet", "sachrug", "gestutzt", "revision", "angeklagt", "beschlussformel", "ersicht", "umfang", "erfolg", "ubrig", "unbegrundet", "abs", "stpo", "feststell", "landgericht", "jahrig", "sohn", "angeklagt", "gleichaltr", "wiederholt", "streitig", "handgreif", "gekomm", "zuletzt", "droht", "gross", "brud", "nebenklag", "einzuschalt", "polizei", "intensivtat", "gefuhrt", "insbesond", "aufgrund", "gewaltbereitschaft", "zweifelhaft", "ruf", "jugend", "angst", "schon", "mal", "streit", "angezettelt", "geohrfeigt", "ua", "abend", "marz", "rief", "fordert", "nam", "brud", "komm", "verstand", "zutreff", "ankund", "schlag", "erzahlt", "vat", "davon", "angst", "bat", "angeklagt", "begleit", "angeklagt", "erzahl", "sohn", "gewalttat", "leicht", "reizbar", "bekannt", "ua", "erklart", "bereit", "sach", "klar", "einlenk", "bring", "geling", "hielt", "korp", "auseinandersetz", "moglich", "ua", "fuhr", "zwei", "freund", "jahr", "alt", "angeklagt", "oft", "butterflymess", "tasch", "jugend", "baseballschlag", "eingepackt", "angeklagt", "allerding", "erst", "unterweg", "bemerkt", "angekomm", "fordert", "angeklagt", "tursteh", "gaststatt", "aufhielt", "aufgebracht", "hinauszuschick", "jahrig", "freund", "stellt", "wenig", "met", "abseit", "jahrig", "freund", "entfernt", "met", "erschi", "auseinandersetz", "erwartet", "schwer", "holzknuppel", "begleit", "mindest", "acht", "teilweis", "erwachs", "person", "ebenfall", "schlagwerkzeug", "fuhrt", "sogleich", "angeklagt", "umstellt", "kurz", "heftig", "wortwechsel", "schlug", "holzknuppel", "wuchtig", "link", "arm", "angeklagt", "zweit", "mal", "ausholt", "richtung", "oberkorp", "kopfbereich", "zielt", "ging", "angeklagt", "butterflymess", "hand", "wehrt", "schlag", "link", "arm", "ab", "stach", "gleichzeit", "recht", "herum", "hint", "oberkorp", "ua", "beid", "fiel", "bod", "packt", "angeklagt", "krag", "schlug", "angeklagt", "seinerseit", "versetzt", "weit", "erheb", "stich", "stich", "oberkorp", "traf", "lung", "akut", "lebensgefahr", "landgericht", "bedingt", "totungsvorsatz", "gefuhrt", "messerstich", "oberkorp", "nebenklag", "folgend", "stich", "notwehr", "gerechtfertigt", "gewertet", "angenomm", "angeklagt", "besteh", "notwehrlag", "sozialeth", "missbill", "weis", "vorwerfbar", "verursacht", "obwohl", "sohn", "brud", "schlagerei", "eingelad", "word", "sei", "nebenklag", "begleit", "mehr", "jugend", "red", "stell", "mess", "gefuhrt", "kontakt", "gewaltbereit", "leicht", "reizbar", "verbal", "aggressiv", "hergestellt", "tursteh", "aufgebracht", "tonfall", "nebenklag", "gefragt", "sehend", "aug", "gefahrenlag", "begeb", "aufgrund", "art", "weis", "auftret", "erschein", "vermeint", "uberzahl", "person", "einlad", "schlagerei", "aufgebracht", "tonfall", "sei", "objektiv", "beobacht", "klar", "dass", "vermittelnd", "gesprach", "ging", "fall", "beeindruck", "liess", "schlagerei", "ua", "trotz", "daraus", "folgend", "einschrank", "notwehrbefugnis", "sei", "handeln", "gerechtfertigt", "aufgrund", "gefahr", "angriff", "nebenklag", "einkessel", "begleit", "eig", "standposition", "unmittelbar", "nebenklag", "sei", "angeklagt", "wed", "ausweich", "erfolgversprech", "abwehr", "mild", "gegenwehr", "moglich", "ua", "angeklagt", "fahrlass", "korperverletz", "strafbar", "gemacht", "insoweit", "sei", "vorverhalt", "anzuknupf", "notwehrlag", "sozialeth", "missbill", "vorwerfbar", "weis", "verursacht", "ua", "objektiv", "subjektiv", "sorgfaltswidr", "vorhersehbar", "situation", "entsteh", "lass", "eintritt", "tatbestand", "erfolg", "gefuhrt", "pflichtwidr", "rahm", "fahrlass", "sei", "gleichsam", "spiegelbild", "verhalt", "rahm", "notwehr", "einschrank", "notwehrbefugnis", "fuhr", "ua", "bewert", "halt", "rechtlich", "nachpruf", "stand", "grundlag", "getroff", "feststell", "annahm", "angeklagt", "vorwerfbar", "provokation", "notwehrlag", "einhergeh", "fahrlassigkeitsvorwurf", "begrund", "pflichtwidr", "rechtsfehlerhaft", "rechtsprech", "bundesgerichtshof", "erfahrt", "notwehrrecht", "gesichtspunkt", "gebot", "verteid", "einschrank", "verteid", "gegenub", "angreif", "pflichtwidr", "vorverhalt", "tag", "gelegt", "vernunft", "wurdig", "umstand", "einzelfall", "folgend", "angriff", "adaquat", "voraussehbar", "folg", "pflichtverletz", "angegriff", "erschein", "lasst", "fall", "verteid", "angriff", "umstand", "auszuweich", "such", "darf", "lebensgefahr", "trutzwehr", "ubergeh", "abwehrmog", "erschopft", "aussichtslos", "bghst", "bgh", "urteil", "februar", "str", "darub", "hinaus", "vermag", "bereit", "sozialeth", "missbill", "vorverhalt", "notwehrrecht", "einzuschrank", "vorverhalt", "rechtswidr", "angriff", "eng", "zeitlich", "raumlich", "ursachenzusammenhang", "besteht", "kenntnis", "tat", "geeignet", "angriff", "provozi", "vgl", "bgh", "nstz", "bghst", "demgegenub", "rechtlich", "gebot", "erlaubt", "tun", "allein", "deshalb", "einschrank", "notwehr", "fuhr", "tat", "wusst", "wiss", "konnt", "dass", "verhalt", "rechtswidr", "angriff", "veranlasst", "konnt", "vgl", "bgh", "njw", "feststell", "landgericht", "beleg", "dass", "angeklagt", "notwehrlag", "rechtswidr", "sozialeth", "missbill", "weis", "vorwerfbar", "provoziert", "hatt", "angeklagt", "jahrig", "sohn", "begleitet", "alt", "kamm", "festgestellt", "gewalttat", "leicht", "reizbar", "bekannt", "polizei", "intensivtat", "gefuhrt", "jung", "mann", "schlagerei", "eingelad", "word", "nebenklag", "schon", "zuvor", "streit", "sohn", "gesucht", "weshalb", "grund", "angst", "hintergrund", "angeklagt", "zufall", "uberlass", "wann", "nebenklag", "sohn", "treff", "durft", "red", "stell", "auftret", "angeklagt", "sozialeth", "missbill", "vorwerfbar", "provokation", "gewertet", "allein", "umstand", "dass", "tursteh", "aufgebracht", "tonfall", "auffordert", "nebenklag", "herauszuschick", "gibt", "hierfur", "anlass", "zumal", "brud", "zuvor", "sohn", "angeklagt", "schlag", "angekundigt", "auftret", "angeklagt", "berucksicht", "umstand", "dass", "sohn", "freund", "begleitet", "wurd", "vorwerfbar", "provokation", "wert", "jugend", "stand", "abseit", "angeklagt", "jedenfall", "erkennbar", "bewaffnet", "verhalt", "angeklagt", "mocht", "gewiss", "mass", "gebot", "vorsicht", "lebensklug", "zuwiderlauf", "vorwerfbar", "provokation", "rechtswidr", "angriff", "einschrank", "notwehrbefugnis", "fuhrt", "darin", "ebenso", "wenig", "seh", "fahrlassigkeitsvorwurf", "begrund", "pflichtverletz", "angeklagt", "handelt", "bezug", "verletzungserfolg", "deshalb", "pflichtwidr", "tat", "verwendet", "butterflymess", "fuhrt", "obgleich", "sohn", "schlag", "angekundigt", "word", "angeklagt", "reizbar", "gewalttat", "nebenklag", "wusst", "verpflichtet", "nebenklag", "geh", "schutzlos", "begegn", "hinblick", "moglich", "rechtswidr", "angriff", "nebenklag", "angeklagt", "vorwurf", "daraus", "dass", "mess", "getrennt", "moglich", "aggression", "nebenklag", "schutzlos", "ausliefert", "vgl", "bgh", "njw", "umstand", "dass", "angeklagt", "mess", "vorlieg", "verstoss", "abs", "nr", "waffg", "unberechtigt", "fuhrt", "rechtfertigt", "bewert", "angegriff", "waff", "unberechtigt", "fuhrt", "einsatz", "verwehrt", "abwehr", "angriff", "geeignet", "mittel", "verfug", "steht", "vgl", "bgh", "nstz", "mwn", "notwehr", "dah", "gefahr", "korperverletz", "versucht", "totungsdelikt", "gerechtfertigt", "fuhr", "butterflymess", "soweit", "verletzungshandl", "unmittelbar", "zusammenfiel", "vgl", "bgh", "stv", "ruckgriff", "verbot", "fuhr", "butterflymess", "zurechn", "verletzungserfolg", "gesichtspunkt", "fahrlass", "handeln", "zulass", "widerspruch", "rechtsordn", "befugnis", "erteilt", "notwehrrecht", "auszuub", "gerad", "fall", "bestraf", "aufgrund", "delikt", "androht", "tatbestand", "voraussetz", "ausub", "befugnis", "erfullt", "erb", "munchkomm", "stgb", "rn", "roxin", "zstw", "gilt", "jedenfall", "fall", "entscheid", "strafsenat", "bundesgerichtshof", "zugrund", "lag", "njw", "abl", "anm", "roxin", "jz", "fahrlassigkeitserfolg", "vorwerfbar", "provokation", "notwehrlag", "angeknupft", "feststell", "landgericht", "biet", "dah", "grundlag", "verurteil", "fahrlass", "korperverletz", "dass", "schuldspruch", "entfallt", "bleibt", "allein", "verstoss", "waffengesetz", "unerlaubt", "fuhr", "butterflymess", "eintritt", "notwehrlag", "strafbar", "verhalt", "senat", "schuldspruch", "entsprech", "abs", "stpo", "geandert", "erganz", "feststell", "erwart", "schuldspruch", "bedingt", "aufheb", "freiheitsstraf", "ganz", "abs", "satz", "stpo", "adhasionsantrag", "stattgeb", "grundentscheid", "aufzuheb", "wegfall", "verurteil", "fahrlass", "korperverletz", "grundlag", "entzog", "wurd", "senat", "verweist", "sach", "allgemein", "strafkamm", "landgericht", "zuruck", "zustand", "schwurgerichtskamm", "mehr", "begrundet", "rissing", "van", "saan", "fisch", "schmitt", "eschelbach", "ott"], "mitwirkung": "", "aktenzeichen": "2 StR 118/10", "language": "deutsch", "gertyp": "BGH", "leitsatz": "", "gruende": "\n      <div>\n         <dl class=\"RspDL\">\n            <dt>\n               <a name=\"rd_1\">1</a>\n            </dt>\n            <dd>\n               <p>Das Landgericht hat den Angeklagten wegen fahrl\u00e4ssiger K\u00f6rperverletzung in Tateinheit mit F\u00fchren eines Butterflymessers unter Strafaussetzung zur Bew\u00e4hrung zu einer Freiheitsstrafe von zwei Jahren verurteilt. Dar\u00fcber hinaus hat es zu Gunsten des Nebenkl\u00e4gers eine Adh\u00e4sionsgrundentscheidung getroffen. Die hiergegen gerichtete, auf die Sachr\u00fcge gest\u00fctzte Revision des Angeklagten hat in dem aus der Beschlussformel ersichtlichen Umfang Erfolg; im \u00dcbrigen ist sie unbegr\u00fcndet (\u00a7 349 Abs. 2 StPO).</p>\n            </dd>\n         </dl>\n         <dl class=\"RspDL\">\n            <dt/>\n            <dd>\n               <p/>\n            </dd>\n         </dl>\n         <dl class=\"RspDL\">\n            <dt>\n               <a name=\"rd_2\">2</a>\n            </dt>\n            <dd>\n               <p>1. Nach den Feststellungen des Landgerichts war es zwischen dem 16j\u00e4hrigen Sohn M.\u00a0des Angeklagten, und dem gleichaltrigen A.\u00a0wiederholt zu Streitigkeiten und Handgreiflichkeiten gekommen; zuletzt drohte A.\u00a0damit, seinen gro\u00dfen Bruder, den Nebenkl\u00e4ger H., einzuschalten. Der polizeilich als \"Intensivt\u00e4ter\" gef\u00fchrte H.\u00a0hatte in L.\u00a0insbesondere aufgrund seiner Gewaltbereitschaft einen zweifelhaften Ruf; viele Jugendliche hatten Angst vor ihm. H.\u00a0hatte auch mit M.\u00a0schon einige Male Streit angezettelt und ihn einmal geohrfeigt (UA S. 8).</p>\n            </dd>\n         </dl>\n         <dl class=\"RspDL\">\n            <dt/>\n            <dd>\n               <p/>\n            </dd>\n         </dl>\n         <dl class=\"RspDL\">\n            <dt>\n               <a name=\"rd_3\">3</a>\n            </dt>\n            <dd>\n               <p>Am Abend des 22. M\u00e4rz 2008 rief A.\u00a0M.\u00a0an, und forderte ihn im Namen seines Bruders H.\u00a0auf, jetzt nach\u00a0...-O.\u00a0zu kommen. M.\u00a0verstand dies zutreffend als Ank\u00fcndigung von Schl\u00e4gen und erz\u00e4hlte seinem Vater davon. Da er Angst vor H.\u00a0hatte, bat er den Angeklagten, ihn nach O.\u00a0zu begleiten. Der Angeklagte, dem H.\u00a0aus Erz\u00e4hlungen seines Sohnes als gewaltt\u00e4tig und leicht reizbar bekannt war (UA S. 66), erkl\u00e4rte sich dazu bereit, weil er die Sache \"kl\u00e4ren\" und H.\u00a0zum Einlenken bringen wollte. Sollte dies nicht gelingen, hielt er auch eine k\u00f6rperliche Auseinandersetzung f\u00fcr m\u00f6glich (UA S. 9 f.). Mit nach O.\u00a0fuhren zwei Freunde M.'s (14 und 15 Jahre alt). Der Angeklagte hatte - wie des \u00d6fteren - ein Butterflymesser in seiner Tasche. Einer der Jugendlichen hatte einen Baseballschl\u00e4ger eingepackt, was der Angeklagte allerdings erst unterwegs bemerkte.</p>\n            </dd>\n         </dl>\n         <dl class=\"RspDL\">\n            <dt/>\n            <dd>\n               <p/>\n            </dd>\n         </dl>\n         <dl class=\"RspDL\">\n            <dt>\n               <a name=\"rd_4\">4</a>\n            </dt>\n            <dd>\n               <p>In O.\u00a0angekommen, forderte der Angeklagte den T\u00fcrsteher einer Gastst\u00e4tte, in der sich H.\u00a0aufhielt, sehr aufgebracht auf, diesen hinauszuschicken. M.\u00a0und sein 14j\u00e4hriger Freund stellten sich wenige Meter abseits; sein 15j\u00e4hriger Freund entfernte sich noch einige Meter weiter. Nach einer Weile erschien H., der eine Auseinandersetzung erwartete, mit einem schweren Holzkn\u00fcppel und in Begleitung von mindestens acht teilweise erwachsenen Personen, von denen einige ebenfalls Schlagwerkzeuge mit sich f\u00fchrten und die sogleich den Angeklagten umstellten. Nach einem kurzen heftigen Wortwechsel schlug H.\u00a0mit dem Holzkn\u00fcppel wuchtig gegen den linken Arm des Angeklagten. Als er zum zweiten Mal ausholte und in Richtung Oberk\u00f6rper-/ Kopfbereich zielte, ging der Angeklagte mit seinem Butterflymesser in der Hand auf ihn zu, wehrte den Schlag mit dem linken Arm ab und stach gleichzeitig rechts um H.\u00a0herum von hinten in dessen Oberk\u00f6rper (UA S. 13 f.). Beide fielen zu Boden, H.\u00a0packte den Angeklagten am Kragen und schlug weiter zu; der Angeklagte seinerseits versetzte ihm weitere, nicht erhebliche Stiche. Der Stich in den Oberk\u00f6rper H.'s traf dessen Lunge und war akut lebensgef\u00e4hrlich.</p>\n            </dd>\n         </dl>\n         <dl class=\"RspDL\">\n            <dt/>\n            <dd>\n               <p/>\n            </dd>\n         </dl>\n         <dl class=\"RspDL\">\n            <dt>\n               <a name=\"rd_5\">5</a>\n            </dt>\n            <dd>\n               <p>2. Das Landgericht hat den mit bedingtem T\u00f6tungsvorsatz gef\u00fchrten Messerstich gegen den Oberk\u00f6rper des Nebenkl\u00e4gers H.\u00a0wie auch die folgenden Stiche als durch Notwehr gerechtfertigt gewertet. Es hat angenommen, der Angeklagte habe die bestehende Notwehrlage in sozialethisch zu missbilligender Weise und vorwerfbar verursacht. Obwohl sein Sohn von den H.-Br\u00fcdern zu einer Schl\u00e4gerei \"eingeladen\" worden sei, habe er den Nebenkl\u00e4ger H.\u00a0in Begleitung mehrerer Jugendlicher zur Rede stellen wollen. Er habe ein Messer bei sich gef\u00fchrt und den Kontakt zu dem gewaltbereiten und leicht reizbaren H.\u00a0verbal aggressiv hergestellt, da er den T\u00fcrsteher in aufgebrachtem Tonfall nach dem Nebenkl\u00e4ger gefragt habe. Er habe sich damit nicht nur \"sehenden Auges\" in eine Gefahrenlage begeben. Aufgrund der Art und Weise seines Auftretens - Erscheinen mit einer vermeintlichen \u00dcberzahl von Personen nach \"Einladung\" zu einer Schl\u00e4gerei und aufgebrachter Tonfall - sei f\u00fcr einen objektiven Beobachter klar gewesen, dass es ihm nicht um ein vermittelndes Gespr\u00e4ch ging, sondern - falls sich H.\u00a0nicht beeindrucken lie\u00dfe - um eine Schl\u00e4gerei (UA S. 66 f.).</p>\n            </dd>\n         </dl>\n         <dl class=\"RspDL\">\n            <dt/>\n            <dd>\n               <p/>\n            </dd>\n         </dl>\n         <dl class=\"RspDL\">\n            <dt>\n               <a name=\"rd_6\">6</a>\n            </dt>\n            <dd>\n               <p>Trotz der daraus folgenden Einschr\u00e4nkung seiner Notwehrbefugnisse sei sein Handeln gerechtfertigt gewesen. Aufgrund der Gef\u00e4hrlichkeit des Angriffs des Nebenkl\u00e4gers, der Einkesselung durch dessen Begleiter und seiner eigenen Standposition unmittelbar vor dem Nebenkl\u00e4ger sei dem Angeklagten weder ein Ausweichen noch eine erfolgversprechende Abwehr oder eine andere mildere Gegenwehr m\u00f6glich gewesen (UA S. 67).</p>\n            </dd>\n         </dl>\n         <dl class=\"RspDL\">\n            <dt/>\n            <dd>\n               <p/>\n            </dd>\n         </dl>\n         <dl class=\"RspDL\">\n            <dt>\n               <a name=\"rd_7\">7</a>\n            </dt>\n            <dd>\n               <p>Der Angeklagte habe sich aber der fahrl\u00e4ssigen K\u00f6rperverletzung strafbar gemacht. Insoweit sei an sein Vorverhalten anzukn\u00fcpfen, durch das er \"die Notwehrlage auf sozialethisch zu missbilligende, vorwerfbare Weise verursacht\" habe (UA S. 69). Er habe objektiv und subjektiv sorgfaltswidrig und f\u00fcr ihn vorhersehbar eine Situation entstehen lassen, die zum Eintritt des tatbestandlichen Erfolges gef\u00fchrt habe. Die Pflichtwidrigkeit im Rahmen der Fahrl\u00e4ssigkeit sei gleichsam \"ein Spiegelbild des Verhaltens, das im Rahmen der Notwehr zur Einschr\u00e4nkung der Notwehrbefugnisse\" f\u00fchre (UA S. 70).</p>\n            </dd>\n         </dl>\n         <dl class=\"RspDL\">\n            <dt/>\n            <dd>\n               <p/>\n            </dd>\n         </dl>\n         <dl class=\"RspDL\">\n            <dt>\n               <a name=\"rd_8\">8</a>\n            </dt>\n            <dd>\n               <p>3. Diese Bewertung h\u00e4lt rechtlicher Nachpr\u00fcfung nicht stand. Auf Grundlage der getroffenen Feststellungen ist die Annahme einer dem Angeklagten vorwerfbaren Provokation der Notwehrlage und einer damit einhergehenden, den Fahrl\u00e4ssigkeitsvorwurf begr\u00fcndenden Pflichtwidrigkeit rechtsfehlerhaft.</p>\n            </dd>\n         </dl>\n         <dl class=\"RspDL\">\n            <dt/>\n            <dd>\n               <p/>\n            </dd>\n         </dl>\n         <dl class=\"RspDL\">\n            <dt>\n               <a name=\"rd_9\">9</a>\n            </dt>\n            <dd>\n               <p>a) Nach der Rechtsprechung des Bundesgerichtshofs erf\u00e4hrt das Notwehrrecht unter dem Gesichtspunkt der Gebotenheit der Verteidigung unter anderem dann eine Einschr\u00e4nkung, wenn der Verteidiger gegen\u00fcber dem Angreifer ein pflichtwidriges Vorverhalten an den Tag gelegt hat, das bei vern\u00fcnftiger W\u00fcrdigung aller Umst\u00e4nde des Einzelfalles den folgenden Angriff als eine ad\u00e4quate und voraussehbare Folge der Pflichtverletzung des Angegriffenen erscheinen l\u00e4sst. In einem solchen Fall muss der Verteidiger dem Angriff unter Umst\u00e4nden auszuweichen suchen und darf zur lebensgef\u00e4hrlichen Trutzwehr nur \u00fcbergehen, wenn andere Abwehrm\u00f6glichkeiten ersch\u00f6pft oder mit Sicherheit aussichtslos sind (BGHSt 26, 143, 145; BGH, Urteil vom 7. Februar 1991 - 4 StR 526/90). Dar\u00fcber hinaus vermag auch bereits ein sozialethisch zu missbilligendes Vorverhalten das Notwehrrecht einzuschr\u00e4nken, wenn zwischen diesem Vorverhalten und dem rechtswidrigen Angriff ein enger zeitlicher und r\u00e4umlicher Ursachenzusammenhang besteht und es nach Kenntnis des T\u00e4ter auch geeignet ist, einen Angriff zu provozieren (vgl. BGH, NStZ 2006, 332, 333; BGHSt 42, 97, 100). Demgegen\u00fcber kann ein rechtlich gebotenes oder erlaubtes Tun nicht allein deshalb zu Einschr\u00e4nkungen der Notwehr f\u00fchren, wenn der T\u00e4ter wusste oder wissen konnte, dass andere durch dieses Verhalten zu einem rechtswidrigen Angriff veranlasst werden k\u00f6nnten (vgl. BGH NJW 2003, 1955, 1959).</p>\n            </dd>\n         </dl>\n         <dl class=\"RspDL\">\n            <dt/>\n            <dd>\n               <p/>\n            </dd>\n         </dl>\n         <dl class=\"RspDL\">\n            <dt>\n               <a name=\"rd_10\">10</a>\n            </dt>\n            <dd>\n               <p>b) Die Feststellungen des Landgerichts belegen nicht, dass der Angeklagte die Notwehrlage in rechtswidriger oder sonst sozialethisch zu missbilligender Weise vorwerfbar provoziert h\u00e4tte.</p>\n            </dd>\n         </dl>\n         <dl class=\"RspDL\">\n            <dt/>\n            <dd>\n               <p/>\n            </dd>\n         </dl>\n         <dl class=\"RspDL\">\n            <dt>\n               <a name=\"rd_11\">11</a>\n            </dt>\n            <dd>\n               <p>Der Angeklagte hat seinen 16j\u00e4hrigen Sohn begleitet, der von einem \u00e4lteren und, wie die Kammer festgestellt hat, als gewaltt\u00e4tig und leicht reizbar bekannten, von der Polizei als Intensivt\u00e4ter gef\u00fchrten jungen Mann zu einer Schl\u00e4gerei \"eingeladen\" worden war. Der Nebenkl\u00e4ger hatte schon zuvor den Streit mit dem Sohn gesucht, weshalb dieser nicht ohne Grund Angst vor ihm hatte. Vor diesem Hintergrund musste es der Angeklagte nicht dem Zufall \u00fcberlassen, ob und wann der Nebenkl\u00e4ger wieder auf seinen Sohn treffen w\u00fcrde, und durfte diesen zur Rede stellen. Auch das Auftreten des Angeklagten als solches kann nicht als sozialethisch zu missbilligende, vorwerfbare Provokation gewertet werden. Allein der Umstand, dass er den T\u00fcrsteher in aufgebrachtem Tonfall aufforderte, den Nebenkl\u00e4ger herauszuschicken, gibt hierf\u00fcr keinen Anlass, zumal es die H.-Br\u00fcder waren, die zuvor dem Sohn des Angeklagten Schl\u00e4ge angek\u00fcndigt hatten. Das Auftreten des Angeklagten ist auch unter Ber\u00fccksichtigung des Umstands, dass er von seinem Sohn und dessen Freunden begleitet wurde, nicht als vorwerfbare Provokation zu werten, denn die Jugendlichen standen abseits und waren - wie der Angeklagte - jedenfalls nicht erkennbar bewaffnet.</p>\n            </dd>\n         </dl>\n         <dl class=\"RspDL\">\n            <dt/>\n            <dd>\n               <p/>\n            </dd>\n         </dl>\n         <dl class=\"RspDL\">\n            <dt>\n               <a name=\"rd_12\">12</a>\n            </dt>\n            <dd>\n               <p>Das Verhalten des Angeklagten mochte im gewissen Ma\u00dfe den Geboten der Vorsicht und der Lebensklugheit zuwiderlaufen; eine vorwerfbare Provokation eines rechtswidrigen Angriffs, die zu einer Einschr\u00e4nkung der Notwehrbefugnisse f\u00fchrte, ist darin aber ebenso wenig zu sehen wie eine einen Fahrl\u00e4ssigkeitsvorwurf begr\u00fcndende Pflichtverletzung.</p>\n            </dd>\n         </dl>\n         <dl class=\"RspDL\">\n            <dt/>\n            <dd>\n               <p/>\n            </dd>\n         </dl>\n         <dl class=\"RspDL\">\n            <dt>\n               <a name=\"rd_13\">13</a>\n            </dt>\n            <dd>\n               <p>c) Der Angeklagte handelte in Bezug auf den Verletzungserfolg auch nicht deshalb pflichtwidrig, weil er das zur Tat verwendete Butterflymesser mit sich f\u00fchrte. Obgleich seinem Sohn Schl\u00e4ge angek\u00fcndigt worden waren und der Angeklagte um die Reizbarkeit und Gewaltt\u00e4tigkeit des Nebenkl\u00e4gers wusste, war er nicht verpflichtet, dem Nebenkl\u00e4ger aus dem Weg zu gehen oder diesem nur schutzlos zu begegnen. Auch im Hinblick auf die M\u00f6glichkeit eines rechtswidrigen Angriffs des Nebenkl\u00e4gers ist dem Angeklagten kein Vorwurf daraus zu machen, dass er sich nicht von seinem Messer getrennt und sich einer m\u00f6glichen Aggression des Nebenkl\u00e4gers nicht schutzlos ausliefert hat (vgl. BGH NJW 1980, 2263).</p>\n            </dd>\n         </dl>\n         <dl class=\"RspDL\">\n            <dt/>\n            <dd>\n               <p/>\n            </dd>\n         </dl>\n         <dl class=\"RspDL\">\n            <dt>\n               <a name=\"rd_14\">14</a>\n            </dt>\n            <dd>\n               <p>Der Umstand, dass der Angeklagte das Messer vorliegend unter Versto\u00df gegen \u00a7 52 Abs. 3 Nr. 1 WaffG unberechtigt mit sich f\u00fchrte, rechtfertigt keine andere Bewertung. Auch wenn ein Angegriffener eine Waffe unberechtigt f\u00fchrt, ist ihm deren Einsatz nicht verwehrt, wenn ihm kein anderes zur Abwehr des Angriffs geeignetes Mittel zur Verf\u00fcgung steht (vgl. BGH, NStZ 1986, 357 mwN). Durch Notwehr waren daher nicht nur die gef\u00e4hrliche K\u00f6rperverletzung und das versuchte T\u00f6tungsdelikt gerechtfertigt, sondern auch das F\u00fchren des Butterflymessers, soweit dies mit den Verletzungshandlungen unmittelbar zusammenfiel (vgl. BGH, StV 1991, 63, 64).</p>\n            </dd>\n         </dl>\n         <dl class=\"RspDL\">\n            <dt/>\n            <dd>\n               <p/>\n            </dd>\n         </dl>\n         <dl class=\"RspDL\">\n            <dt>\n               <a name=\"rd_15\">15</a>\n            </dt>\n            <dd>\n               <p>Auch ein R\u00fcckgriff auf das verbotene F\u00fchren des Butterflymessers zur Zurechnung des Verletzungserfolgs unter dem Gesichtspunkt fahrl\u00e4ssigen Handelns ist nicht zul\u00e4ssig. Es w\u00e4re ein Widerspruch, wenn die Rechtsordnung zum einen die Befugnis erteilte, das Notwehrrecht auszu\u00fcben, zum anderen aber gerade f\u00fcr diesen Fall die Bestrafung aufgrund eines Delikts androhte, dessen tatbestandliche Voraussetzungen mit der Aus\u00fcbung dieser Befugnis erf\u00fcllt werden (Erb in M\u00fcnchKomm - StGB, \u00a7 32 Rn. 203; Roxin, ZStW 93 (1981), S. 68, 92). Dies gilt jedenfalls dann, wenn - anders in dem Fall, der der Entscheidung des 3. Strafsenats des Bundesgerichtshofs zugrunde lag (NJW 2001, 1075 f. mit abl. Anm. Roxin JZ 2001, 667 f.) - f\u00fcr den Fahrl\u00e4ssigkeitserfolg nicht an eine vorwerfbare Provokation der Notwehrlage angekn\u00fcpft werden kann.</p>\n            </dd>\n         </dl>\n         <dl class=\"RspDL\">\n            <dt/>\n            <dd>\n               <p/>\n            </dd>\n         </dl>\n         <dl class=\"RspDL\">\n            <dt>\n               <a name=\"rd_16\">16</a>\n            </dt>\n            <dd>\n               <p>Die Feststellungen des Landgerichts bieten daher keine Grundlage f\u00fcr die Verurteilung wegen fahrl\u00e4ssiger K\u00f6rperverletzung, so dass dieser Schuldspruch entf\u00e4llt. Es bleibt allein ein Versto\u00df gegen das Waffengesetz wegen des unerlaubten F\u00fchrens des Butterflymessers bis zum Eintritt der Notwehrlage als strafbares Verhalten.</p>\n            </dd>\n         </dl>\n         <dl class=\"RspDL\">\n            <dt/>\n            <dd>\n               <p/>\n            </dd>\n         </dl>\n         <dl class=\"RspDL\">\n            <dt>\n               <a name=\"rd_17\">17</a>\n            </dt>\n            <dd>\n               <p>4. Der Senat hat den Schuldspruch entsprechend \u00a7 354 Abs. 1 StPO selbst ge\u00e4ndert. Erg\u00e4nzende Feststellungen sind nicht zu erwarten. Die \u00c4nderung des Schuldspruchs bedingt die Aufhebung der Freiheitsstrafe im Ganzen.</p>\n            </dd>\n         </dl>\n         <dl class=\"RspDL\">\n            <dt/>\n            <dd>\n               <p/>\n            </dd>\n         </dl>\n         <dl class=\"RspDL\">\n            <dt>\n               <a name=\"rd_18\">18</a>\n            </dt>\n            <dd>\n               <p>Nach \u00a7 406a Abs. 3 Satz 1 StPO ist auch die dem Adh\u00e4sionsantrag stattgebende Grundentscheidung aufzuheben, da ihr durch den Wegfall der Verurteilung wegen fahrl\u00e4ssiger K\u00f6rperverletzung die Grundlage entzogen wurde.</p>\n            </dd>\n         </dl>\n         <dl class=\"RspDL\">\n            <dt/>\n            <dd>\n               <p/>\n            </dd>\n         </dl>\n         <dl class=\"RspDL\">\n            <dt>\n               <a name=\"rd_19\">19</a>\n            </dt>\n            <dd>\n               <p>5. Der Senat verweist die Sache an eine allgemeine Strafkammer des Landgerichts zur\u00fcck, da eine Zust\u00e4ndigkeit der Schwurgerichtskammer nicht mehr begr\u00fcndet ist.</p>\n            </dd>\n         </dl>\n         <dl class=\"RspDL\">\n            <dt/>\n            <dd>\n               <p/>\n            </dd>\n         </dl>\n         <dl class=\"RspDL\">\n            <dt/>\n            <dd>\n               <p>Rissing-van Saan\u00a0\u00a0\u00a0\u00a0\u00a0\u00a0\u00a0\u00a0\u00a0\u00a0\u00a0\u00a0\u00a0\u00a0\u00a0\u00a0\u00a0\u00a0\u00a0\u00a0\u00a0\u00a0\u00a0\u00a0\u00a0\u00a0\u00a0\u00a0\u00a0\u00a0\u00a0\u00a0\u00a0\u00a0\u00a0\u00a0\u00a0\u00a0\u00a0\u00a0Fischer\u00a0\u00a0\u00a0\u00a0\u00a0\u00a0\u00a0\u00a0\u00a0\u00a0\u00a0\u00a0\u00a0\u00a0\u00a0\u00a0\u00a0\u00a0\u00a0\u00a0\u00a0\u00a0\u00a0\u00a0\u00a0\u00a0\u00a0\u00a0\u00a0\u00a0\u00a0\u00a0\u00a0\u00a0\u00a0\u00a0\u00a0\u00a0Schmitt</p>\n            </dd>\n         </dl>\n         <dl class=\"RspDL\">\n            <dt/>\n            <dd>\n               <p>\u00a0\u00a0\u00a0\u00a0\u00a0\u00a0\u00a0\u00a0\u00a0\u00a0\u00a0\u00a0\u00a0\u00a0\u00a0\u00a0\u00a0\u00a0\u00a0\u00a0\u00a0\u00a0\u00a0\u00a0\u00a0\u00a0\u00a0\u00a0\u00a0\u00a0\u00a0\u00a0\u00a0\u00a0Eschelbach\u00a0\u00a0\u00a0\u00a0\u00a0\u00a0\u00a0\u00a0\u00a0\u00a0\u00a0\u00a0\u00a0\u00a0\u00a0\u00a0\u00a0\u00a0\u00a0\u00a0\u00a0\u00a0\u00a0\u00a0\u00a0\u00a0\u00a0\u00a0\u00a0\u00a0\u00a0\u00a0\u00a0\u00a0\u00a0\u00a0\u00a0\u00a0\u00a0\u00a0Ott</p>\n            </dd>\n         </dl>\n         <dl class=\"RspDL\">\n            <dt/>\n            <dd>\n               <p/>\n            </dd>\n         </dl>\n      </div>\n   ", "accessRights": "public", "gerort": "", "entschDatum": "20100804", "coverage": "Deutschland", "titel": "\n      <dl class=\"RspDL\">\n         <dt/>\n         <dd>\n            <p>Notwehr: Veranlassung des Angriffs durch rechtlich gebotenes Tun; Abwehr des Angriffs mit unberechtigt mitgef\u00fchrter Waffe</p>\n         </dd>\n      </dl>\n   ", "ecli": "", "identifier": "http://www.rechtsprechung-im-internet.de/jportal/?quelle=jlink&docid=JURE100072707&psml=bsjrsprod.psml&max=true", "spruchkoerper": "2. Strafsenat", "vorinstanz": "vorgehend LG K\u00f6ln, 11. November 2009, Az: 111 - 18/08 - 90 Js 81/08, Urteil\n   ", "doknr": "JURE100072707", "abweichendeMeinung": "", "tenor": "\n      <div>\n         <dl class=\"RspDL\">\n            <dt/>\n            <dd>\n               <p>1. Auf die Revision des Angeklagten wird das Urteil des Landgerichts K\u00f6ln vom 11. November 2009</p>\n            </dd>\n         </dl>\n         <dl class=\"RspDL\">\n            <dt/>\n            <dd>\n               <p/>\n            </dd>\n         </dl>\n         <dl class=\"RspDL\">\n            <dt/>\n            <dd>\n               <p style=\"margin-left:18pt\">a) im Schuldspruch dahin ge\u00e4ndert, dass der Angeklagte des unerlaubten F\u00fchrens eines Butterflymessers schuldig ist,</p>\n            </dd>\n         </dl>\n         <dl class=\"RspDL\">\n            <dt/>\n            <dd>\n               <p style=\"margin-left:18pt\">b) im Strafausspruch und zur Adh\u00e4sionsentscheidung aufgehoben.</p>\n            </dd>\n         </dl>\n         <dl class=\"RspDL\">\n            <dt/>\n            <dd>\n               <p/>\n            </dd>\n         </dl>\n         <dl class=\"RspDL\">\n            <dt/>\n            <dd>\n               <p>2. Hinsichtlich der Aufhebung im Strafausspruch wird die Sache zur neuen Verhandlung und Entscheidung, auch \u00fcber die weiteren Kosten des Rechtsmittels sowie die dem Nebenkl\u00e4ger entstandenen notwendigen Auslagen, an eine andere, allgemeine Strafkammer des Landgerichts zur\u00fcckverwiesen.</p>\n            </dd>\n         </dl>\n         <dl class=\"RspDL\">\n            <dt/>\n            <dd>\n               <p/>\n            </dd>\n         </dl>\n         <dl class=\"RspDL\">\n            <dt/>\n            <dd>\n               <p>3. Die weitergehende Revision des Angeklagten wird verworfen.</p>\n            </dd>\n         </dl>\n         <dl class=\"RspDL\">\n            <dt/>\n            <dd>\n               <p/>\n            </dd>\n         </dl>\n      </div>\n   ", "regionAbk": "DEU"}