{"publisher": "BMJV", "tatbestand": "", "absaetze": [{"num": "1", "textProcessed": ["generalbundesanwalt", "fuhrt", "ermittlungsverfahr", "unbekannt", "mord", "mitgliedschaft", "terrorist", "verein", "straftat", "gegenstand", "totung", "damal", "hessisch", "minist", "wirtschaft", "technik", "heinz", "herbert", "karry", "frankfurt", "main", "mai", "unbekannt", "mitglied", "terrorist", "verein", "revolutionar", "zell", "rz"], "text": "Der Generalbundesanwalt f\u00fchrt ein Ermittlungsverfahren gegen Unbekannt wegen Mordes, Mitgliedschaft in einer terroristischen Vereinigung und anderer Straftaten. Gegenstand ist die T\u00f6tung des damaligen hessischen Ministers f\u00fcr Wirtschaft und Technik Heinz-Herbert Karry in Frankfurt am Main am 11. Mai 1981 durch unbekannte Mitglieder der terroristischen Vereinigung \"Revolution\u00e4re Zellen\" (RZ)."}, {"num": "2", "textProcessed": ["verfahr", "zeug", "januar", "angab", "gemacht", "gesprach", "ab", "fruhjahr", "anfang", "angehor", "revolutionar", "zell", "gefuhrt", "word", "einzeln", "umstand", "tod", "minist", "karry", "gegenstand", "gesprach", "angab", "zeug", "beschwerdefuhr", "teilgenomm"], "text": "In diesem Verfahren hat der Zeuge M. am 18. Januar 2001 Angaben gemacht \u00fcber Gespr\u00e4che, die ab Fr\u00fchjahr 1986 bis Anfang 1990 unter Angeh\u00f6rigen der \"Revolution\u00e4ren Zellen\" gef\u00fchrt worden sind und die einzelne Umst\u00e4nde des Todes von Minister Karry zum Gegenstand hatten. An diesen Gespr\u00e4chen soll nach Angaben des Zeugen auch der Beschwerdef\u00fchrer teilgenommen haben."}, {"num": "3", "textProcessed": ["generalbundesanwalt", "nachd", "beschwerdefuhr", "staatsanwaltschaft", "vernehm", "juli", "beruf", "stpo", "beantwort", "frag", "sach", "verweigert", "richt", "vernehm", "beantragt", "ermittlungsricht", "bundesgerichtshof", "beschwerdefuhr", "septemb", "beisein", "beigeordnet", "zeugenbeistand", "frau", "rechtsanwaltin", "erklart", "frag", "beweisthema", "zuhor", "gesprach", "anlass", "ermord", "minist", "karry", "gegenstand", "beantwort"], "text": "Der Generalbundesanwalt hat, nachdem der Beschwerdef\u00fchrer bei einer staatsanwaltschaftlichen Vernehmung am 29. Juli 2009 unter Berufung auf \u00a7 55 StPO die Beantwortung jeder Frage zur Sache verweigert hatte, die richterliche Vernehmung beantragt. Vor dem Ermittlungsrichter des Bundesgerichtshofs hat der Beschwerdef\u00fchrer am 9. September 2009 im Beisein des ihm beigeordneten Zeugenbeistands, Frau Rechtsanw\u00e4ltin W. , erkl\u00e4rt, er werde keine Fragen zu dem Beweisthema \"Zuh\u00f6rer bei Gespr\u00e4chen, anl\u00e4sslich derer die Ermordung von Minister Karry Gegenstand war\" beantworten."}, {"num": "4", "textProcessed": ["darauf", "ermittlungsricht", "bundesgerichtshof", "gemass", "abs", "stpo", "angefocht", "beschluss", "zeug", "ordnungsgeld", "ersatzweis", "je", "tag", "ordnungshaft", "festgesetzt", "erzwingungshaft", "langst", "dau", "sech", "monat", "angeordnet", "vollzieh", "beugehaft", "jedoch", "entscheid", "beschwerd", "anordn", "ausgesetzt"], "text": "Darauf hat der Ermittlungsrichter des Bundesgerichtshofs gem\u00e4\u00df \u00a7 70 Abs. 1 und 2 StPO durch den angefochtenen Beschluss gegen den Zeugen ein Ordnungsgeld von 200 \u20ac, ersatzweise f\u00fcr je 100 \u20ac einen Tag Ordnungshaft festgesetzt und Erzwingungshaft l\u00e4ngstens bis zur Dauer von sechs Monaten angeordnet, die Vollziehung der Beugehaft jedoch bis zur Entscheidung \u00fcber die Beschwerde gegen deren Anordnung ausgesetzt."}, {"num": "5", "textProcessed": ["beschwerdeverfahr", "rechtsanwaltin", "beantragt", "fall", "dass", "senat", "ansicht", "vertret", "beschwerdefuhr", "stund", "auskunftsverweigerungsrecht", "einsicht", "vollstand", "ermittlungsakt", "gewahr", "hiergeg", "generalbundesanwalt", "bedenk", "erhob"], "text": "Im Beschwerdeverfahren hat Rechtsanw\u00e4ltin W. beantragt, ihr f\u00fcr den Fall, dass der Senat die Ansicht vertrete, dem Beschwerdef\u00fchrer st\u00fcnde ein Auskunftsverweigerungsrecht nicht zu, Einsicht in die vollst\u00e4ndigen Ermittlungsakten zu gew\u00e4hren. Hiergegen hat der Generalbundesanwalt Bedenken erhoben."}, {"num": "6", "textProcessed": ["rechtsmittel", "hinsicht", "erzwingungshaft", "gemass", "abs", "stpo", "zulass", "bghst", "senat", "darub", "entscheid", "dass", "beistand", "beschwerdefuhr", "begehrt", "akteneinsicht", "gewahrt", "word", "akteneinsichtsrecht", "besteht", "sach", "bleibt", "beschwerd", "erfolg"], "text": "Das Rechtsmittel ist hinsichtlich der Erzwingungshaft gem\u00e4\u00df \u00a7 304 Abs. 5 StPO zul\u00e4ssig (BGHSt 36, 192). Der Senat kann dar\u00fcber entscheiden, ohne dass dem Beistand des Beschwerdef\u00fchrers die begehrte Akteneinsicht gew\u00e4hrt worden ist, da ein Akteneinsichtsrecht hier nicht besteht. In der Sache bleibt die Beschwerde ohne Erfolg."}, {"num": "7", "textProcessed": ["entscheid", "akteneinsicht", "steht", "vorlieg", "generalbundesanwalt", "ermittlungsverfahr", "handelt", "abs", "satz", "halb", "stpo", "daran", "andert", "tatsach", "dass", "akt", "senat", "entscheid", "beschwerd", "vorlieg", "fall", "abs", "satz", "halb", "stpo", "desweg", "gegeb", "gieg", "kk", "aufl", "rdn", "senat", "ind", "vereinfachungsgrund", "davon", "abgeseh", "beschwerdefuhr", "darauf", "verweis", "zunach", "formlich", "entscheid", "generalbundesanwalt", "akteneinsichtsgesuch", "erwirk", "sodann", "ggf", "gemass", "abs", "stpo", "ablehn", "akteneinsicht", "gericht", "entscheid", "beantrag", "abs", "stpo", "abs", "gvg", "darub", "entscheid", "hatt"], "text": "1. Die Entscheidung \u00fcber die Akteneinsicht steht vorliegend dem Generalbundesanwalt zu, da es sich um ein Ermittlungsverfahren handelt (\u00a7 478 Abs. 1 Satz 1 1. Halbs. StPO). Daran \u00e4ndert die Tatsache nichts, dass die Akten dem Senat zur Entscheidung \u00fcber eine Beschwerde vorliegen. Ein Fall von \u00a7 478 Abs. 1 Satz 1 2. Halbs. StPO ist deswegen nicht gegeben (Gieg in KK 6. Aufl. \u00a7 478 Rdn. 2). Der Senat hat indes aus Vereinfachungsgr\u00fcnden davon abgesehen, den Beschwerdef\u00fchrer darauf zu verweisen, zun\u00e4chst eine f\u00f6rmliche Entscheidung des Generalbundesanwalts \u00fcber das Akteneinsichtsgesuch zu erwirken und sodann ggf. gem\u00e4\u00df \u00a7 478 Abs. 3 StPO gegen eine Ablehnung der Akteneinsicht gerichtliche Entscheidung zu beantragen, da er nach \u00a7 161 a Abs. 3 StPO, \u00a7 135 Abs. 2 GVG auch dar\u00fcber zu entscheiden h\u00e4tte."}, {"num": "8", "textProcessed": ["anwalt", "zeugenbeistand", "steht", "gegensatz", "verteid", "vgl", "abs", "stpo", "eig", "recht", "akteneinsicht", "rechtsstell", "leitet", "zeug", "ab", "eig", "recht", "verfahrensbeteiligt", "weitergeh", "befugnis", "zeug", "sof", "verletzt", "akteneinsichtsrecht", "privatperson", "sinn", "stpo", "hansolg", "hamburg", "njw", "kg", "beschl", "februar", "bjs", "juris", "ignor", "bertheau", "low", "rosenberg", "stpo", "aufl", "rdn", "berechtigt", "interess", "kenntnis", "ermittlungsakt", "sinn", "abs", "satz", "stpo", "beschwerdefuhr", "gilt", "insbesond", "soweit", "kenntnis", "zeug", "aussag", "zeug", "geht", "schon", "abs", "abs", "satz", "stpo", "folgt", "danach", "zeug", "abwes", "spat", "horend", "zeug", "vernehm", "einlass", "angeklagt", "sof", "zeugenvernehm", "abgegeb", "sitzungssaal", "verlass", "zeug", "weis", "unbeeinflusst", "kenntnis", "angab", "dritt", "aussag", "vgl", "mey", "gossn", "stpo", "aufl", "rdn", "insoweit", "steh", "zugleich", "zweck", "strafverfahr", "akteneinsicht", "entgeg", "abs", "satz", "stpo", "beweiswert", "aussag", "beschwerdefuhr", "gemindert", "einzeln", "wusst", "zeug", "beweisthema", "bekundet"], "text": "2. Dem anwaltlichen Zeugenbeistand steht im Gegensatz zu dem Verteidiger (vgl. \u00a7 147 Abs. 1 StPO) ein eigenes Recht auf Akteneinsicht nicht zu. Seine Rechtsstellung leitet sich aus der des Zeugen ab. Er hat keine eigenen Rechte als Verfahrensbeteiligter und keine weitergehenden Befugnisse als der Zeuge selbst. Dieser hat, sofern er nicht Verletzter ist, ein Akteneinsichtsrecht nur als \"Privatperson\" im Sinne von \u00a7 475 StPO (HansOLG Hamburg NJW 2002, 1590; KG, Beschl. vom 7. Februar 2008 (1) 2 BJs 58/06-2 (2/08) - juris m. w. N.; Ignor/Bertheau in L\u00f6we/Rosenberg, StPO 26. Aufl. \u00a7 68 b Rdn. 24). Ein berechtigtes Interesse an der Kenntnis der Ermittlungsakten im Sinne von \u00a7 475 Abs. 1 Satz 1 StPO hat der Beschwerdef\u00fchrer nicht. Dies gilt insbesondere, soweit es um die Kenntnis des Zeugen von der Aussage anderer Zeugen geht, was schon aus \u00a7 58 Abs. 1, \u00a7 243 Abs. 2 Satz 1 StPO folgt: Danach ist ein Zeuge in Abwesenheit der sp\u00e4ter zu h\u00f6renden Zeugen zu vernehmen; w\u00e4hrend der Einlassung des Angeklagten (sofern diese vor der Zeugenvernehmung abgegeben wird) hat er den Sitzungssaal zu verlassen. Der Zeuge soll auf diese Weise unbeeinflusst von der Kenntnis der Angaben Dritter aussagen (vgl. Meyer-Go\u00dfner, StPO 52. Aufl. \u00a7 58 Rdn. 2). Insoweit stehen zugleich Zwecke des Strafverfahrens der Akteneinsicht entgegen (\u00a7 477 Abs. 2 Satz 1 StPO). Der Beweiswert der Aussage des Beschwerdef\u00fchrers w\u00e4re gemindert, wenn er vor ihr im Einzelnen w\u00fcsste, was andere Zeugen zu dem Beweisthema bekundet haben."}, {"num": "9", "textProcessed": ["beschwerdefuhr", "steht", "auskunftsverweigerungsrecht", "anspruch", "genomm", "umfang"], "text": "3. Dem Beschwerdef\u00fchrer steht kein Auskunftsverweigerungsrecht in dem von ihm in Anspruch genommenen Umfang zu."}, {"num": "10", "textProcessed": ["abs", "stpo", "gewahrt", "zeug", "recht", "auskunft", "frag", "verweig", "beantwort", "angehor", "gefahr", "aussetz", "straftat", "ind", "betracht", "kommt", "ordnungswidr", "verfolgt", "verfolgungsgefahr", "sinn", "abs", "stpo", "anzunehm", "ermittlungsbehord", "wahrheitsgemass", "aussag", "zeug", "tatsach", "entnehm", "einleit", "ermittlungsverfahr", "stpo", "veranlass", "aufrechterhalt", "verstark", "tatverdacht", "fuhr", "hierfur", "genugt", "bereit", "zeug", "bestimmt", "tatsach", "angeb", "musst", "ledig", "mittelbar", "verdacht", "straftat", "begrund", "beispiel", "fall", "wahrheitsgemass", "beantwort", "frag", "allein", "strafverfolg", "auslos", "jedoch", "teilstuck", "mosaikart", "beweisgebaud", "belast", "zeug", "beitrag", "vgl", "bgh", "njw", "gefahr", "strafrecht", "verfolg", "konkret", "tatsach", "anhaltspunkt", "geb", "bloss", "vermut", "rein", "denktheoret", "moglich", "reich", "bgh", "nstz"], "text": "a) \u00a7 55 Abs. 1 StPO gew\u00e4hrt dem Zeugen das Recht, die Auskunft auf solche Fragen zu verweigern, deren Beantwortung ihn selbst oder einen Angeh\u00f6rigen der Gefahr aussetzen w\u00fcrde, wegen einer Straftat oder - was hier indes nicht in Betracht kommt - einer Ordnungswidrigkeit verfolgt zu werden. Eine Verfolgungsgefahr im Sinne des \u00a7 55 Abs. 1 StPO ist anzunehmen, wenn eine Ermittlungsbeh\u00f6rde aus einer wahrheitsgem\u00e4\u00dfen Aussage des Zeugen Tatsachen entnehmen k\u00f6nnte, die sie zur Einleitung eines Ermittlungsverfahrens (\u00a7 152 StPO) veranlassen oder zur Aufrechterhaltung oder Verst\u00e4rkung eines Tatverdachts f\u00fchren k\u00f6nnte. Hierf\u00fcr gen\u00fcgt es bereits, wenn der Zeuge bestimmte Tatsachen angeben m\u00fcsste, die lediglich mittelbar den Verdacht einer Straftat begr\u00fcnden. Dies ist zum Beispiel dann der Fall, wenn die wahrheitsgem\u00e4\u00dfe Beantwortung einer Frage zwar allein eine Strafverfolgung nicht ausl\u00f6sen, jedoch \"als Teilst\u00fcck in einem mosaikartigen Beweisgeb\u00e4ude\" zu einer Belastung des Zeugen beitragen k\u00f6nnte (vgl. BGH NJW 1999, 1413). F\u00fcr die Gefahr strafrechtlicher Verfolgung muss es konkrete tats\u00e4chliche Anhaltspunkte geben; blo\u00dfe Vermutungen oder rein denktheoretische M\u00f6glichkeiten reichen nicht aus (BGH NStZ 1999, 415, 416)."}, {"num": "11", "textProcessed": ["danach", "verfolgungsgefahr", "ausgegang", "zeug", "gemass", "abs", "stpo", "grundsatz", "berechtigt", "auskunft", "einzeln", "frag", "verweig", "ausnahmsweis", "umfass", "verweiger", "auskunft", "befugt", "gesamt", "betracht", "kommend", "aussag", "moglicherweis", "strafbar", "verhalt", "eng", "zusammenhang", "steht", "dass", "umfang", "vorgeseh", "vernehmungsgegenstand", "ubrig", "bleibt", "wozu", "gefahr", "verfolg", "straftat", "wahrheitsgemass", "aussag", "vgl", "bgh", "nstz", "nstz", "rr", "gilt", "hinblick", "vernehm", "einzeln", "tatsachenkomplex"], "text": "Selbst wenn danach von einer Verfolgungsgefahr ausgegangen werden muss, so ist der Zeuge gem\u00e4\u00df \u00a7 55 Abs. 1 StPO grunds\u00e4tzlich nur berechtigt, die Auskunft auf einzelne Fragen zu verweigern. Nur ausnahmsweise ist er zu einer umfassenden Verweigerung der Auskunft befugt, wenn seine gesamte in Betracht kommende Aussage mit einem m\u00f6glicherweise strafbaren Verhalten in so engem Zusammenhang steht, dass im Umfang der vorgesehenen Vernehmungsgegenst\u00e4nde nichts \u00fcbrig bleibt, wozu er ohne die Gefahr der Verfolgung wegen einer Straftat wahrheitsgem\u00e4\u00df aussagen k\u00f6nnte (vgl. BGH NStZ 2002, 607; NStZ-RR 2005, 316). Dies gilt auch im Hinblick auf die Vernehmung zu einem einzelnen Tatsachenkomplex."}, {"num": "12", "textProcessed": ["gefahr", "beschwerdefuhr", "wed", "glaubhaft", "gemacht", "ersicht", "einzeln", "gilt"], "text": "b) Eine solche Gefahr hat der Beschwerdef\u00fchrer weder glaubhaft gemacht noch ist sie ersichtlich. Im Einzelnen gilt:"}, {"num": "13", "textProcessed": ["beschwerdefuhr", "urteil", "kammergericht", "juli", "herbeifuhr", "sprengstoffexplosion", "freiheitsstraf", "zwei", "jahr", "strafaussetz", "bewahr", "verurteilt", "word", "tat", "feststell", "rechtskraft", "urteil", "rahm", "mitgliedschaft", "beteil", "revolutionar", "zell", "begang", "danach", "april", "aufgefordert", "word", "verein", "beizutret", "ansinn", "woch", "spat", "gefolgt", "mitgliedschaft", "endet", "zerfall", "berlin", "grupp", "revolutionar", "zell", "fruhjahr", "beschwerdefuhr", "erhob", "anklagevorwurf", "mitgliedschaft", "terrorist", "verein", "stgb", "sowi", "herbeifuhr", "weit", "sprengstoffexplosion", "verfahr", "kammergericht", "zusammenhang", "verfahrensbeend", "absprach", "gemass", "abs", "stpo", "ausgeschied", "word", "nachd", "angeklagt", "gestand", "einlass", "abgegeb"], "text": "Der Beschwerdef\u00fchrer ist durch Urteil des Kammergerichts vom 15. Juli 2004 wegen Herbeif\u00fchrens einer Sprengstoffexplosion zu einer Freiheitsstrafe von zwei Jahren mit Strafaussetzung zur Bew\u00e4hrung verurteilt worden. Die Tat hat er nach den Feststellungen des rechtskr\u00e4ftigen Urteils im Rahmen seiner mitgliedschaftlichen Beteiligung bei den \"Revolution\u00e4ren Zellen\" begangen. Er war danach \"im April 1986\" aufgefordert worden, dieser Vereinigung beizutreten, und war dem Ansinnen \"einige Wochen sp\u00e4ter\" gefolgt. Seine Mitgliedschaft endete mit dem Zerfall der Berliner Gruppe der \"Revolution\u00e4ren Zellen\" im Fr\u00fchjahr 1988. Die gegen den Beschwerdef\u00fchrer erhobenen Anklagevorw\u00fcrfe der Mitgliedschaft in einer terroristischen Vereinigung (\u00a7 129 a StGB) sowie des Herbeif\u00fchrens einer weiteren Sprengstoffexplosion sind im Verfahren vor dem Kammergericht im Zusammenhang mit einer verfahrensbeendenden Absprache gem\u00e4\u00df \u00a7 154 a Abs. 2 StPO ausgeschieden worden, nachdem der Angeklagte eine gest\u00e4ndige Einlassung abgegeben hatte."}, {"num": "14", "textProcessed": ["beschwerdefuhr", "bekund", "gesprach", "teilgenomm", "ab", "fruhjahr", "anfang", "angehor", "revolutionar", "zell", "gefuhrt", "word", "gefahr", "erneut", "verfolg", "vorwurf", "mitgliedschaft", "terrorist", "verein", "aufgrund", "ausgeschied", "rechtsverletz", "erstreck", "rechtskraft", "urteil", "kammergericht", "zweifellos", "ausgeschloss", "vgl", "mey", "gossn", "aao", "rdn"], "text": "W\u00fcrde der Beschwerdef\u00fchrer bekunden, an Gespr\u00e4chen teilgenommen zu haben, die ab Fr\u00fchjahr 1986 bis Anfang 1990 unter Angeh\u00f6rigen der \"Revolution\u00e4ren Zellen\" gef\u00fchrt worden sind, so w\u00e4re eine Gefahr erneuter Verfolgung wegen des Vorwurfs der Mitgliedschaft in einer terroristischen Vereinigung aufgrund der sich auch auf die ausgeschiedenen Rechtsverletzungen erstreckenden Rechtskraft des Urteils des Kammergerichts zweifellos ausgeschlossen (vgl. Meyer-Go\u00dfner aaO \u00a7 154 a Rdn. 28)."}, {"num": "15", "textProcessed": ["lieg", "keinerlei", "anhaltspunkt", "dafur", "dass", "tatsachenbekund", "beschwerdefuhr", "darub", "hinaus", "gefahr", "strafverfolg", "beteil", "totung", "herrn", "karry", "bring", "dass", "ab", "fruhjahr", "terrorist", "verein", "mitgliedschaft", "beteiligt", "steht", "seit", "jahr", "aufgrund", "gestand", "einlass", "kammergericht", "fest", "zurecht", "generalbundesanwalt", "mehrfach", "darauf", "hingewies", "geb", "keinerlei", "anhaltspunkt", "dafur", "dass", "beschwerdefuhr", "urteil", "kammergericht", "festgestellt", "zeitpunkt", "sowi", "auflos", "berlin", "grupp", "mitglied", "revolutionar", "zell", "gar", "totungsverbrech", "jahr", "beteiligt"], "text": "Es liegen auch keinerlei Anhaltspunkte daf\u00fcr vor, dass eine solche Tatsachenbekundung den Beschwerdef\u00fchrer dar\u00fcber hinaus in die Gefahr einer Strafverfolgung wegen der Beteiligung an der T\u00f6tung von Herrn Karry bringen k\u00f6nnte. Dass er sich ab Fr\u00fchjahr 1986 an der terroristischen Vereinigung mitgliedschaftlich beteiligt hat, steht seit Jahren aufgrund seiner gest\u00e4ndigen Einlassung vor dem Kammergericht fest. Zurecht hat der Generalbundesanwalt mehrfach darauf hingewiesen, es gebe keinerlei Anhaltspunkte daf\u00fcr, dass der Beschwerdef\u00fchrer vor dem im Urteil des Kammergerichts festgestellten Zeitpunkt sowie nach Aufl\u00f6sung der Berliner Gruppe Mitglied der \"Revolution\u00e4ren Zellen\" gewesen ist oder gar an dem T\u00f6tungsverbrechen im Jahr 1981 beteiligt war."}, {"num": "16", "textProcessed": ["gleich", "weis", "erkenn", "dass", "beschwerdefuhr", "gefahr", "strafrecht", "verfolg", "sonstig", "vorwurf", "aussetz", "einraum", "gesprach", "erkenntnis", "moglich", "beteiligt", "totung", "gewonn", "vermut", "darub", "angestellt", "folgezeit", "strafverfolgungsbehord", "darub", "mitteil"], "text": "In gleicher Weise ist nicht zu erkennen, dass sich der Beschwerdef\u00fchrer der Gefahr strafrechtlicher Verfolgung wegen sonstiger Vorw\u00fcrfe aussetzen k\u00f6nnte, wenn er einr\u00e4umen w\u00fcrde, bei den Gespr\u00e4chen Erkenntnisse \u00fcber m\u00f6gliche Beteiligte an der T\u00f6tung gewonnen oder Vermutungen dar\u00fcber angestellt zu haben, ohne in der Folgezeit den Strafverfolgungsbeh\u00f6rden dar\u00fcber Mitteilung zu machen."}, {"num": "17", "textProcessed": ["alled", "beschwerdefuhr", "pauschal", "verweiger", "frag", "komplex", "zuhor", "gesprach", "anlass", "ermord", "minist", "karry", "gegenstand", "antwort", "stpo", "beruf", "angesicht", "schwer", "aufzuklar", "straftat", "anordn", "erzwingungshaft", "verhaltnismass"], "text": "Nach alledem kann der Beschwerdef\u00fchrer sich f\u00fcr die pauschale Verweigerung, auf Fragen zu dem Komplex \"Zuh\u00f6rer bei Gespr\u00e4chen, anl\u00e4sslich derer die Ermordung von Minister Karry Gegenstand war\" zu antworten, nicht auf \u00a7 55 StPO berufen. Angesichts der Schwere der aufzukl\u00e4renden Straftat ist die Anordnung von Erzwingungshaft auch verh\u00e4ltnism\u00e4\u00dfig."}], "norm": ["\u00a7 475 StPO", "\u00a7 478 StPO", "\u00a7 55 StPO"], "doktyp": "Beschluss", "regionLong": "Bundesrepublik Deutschland", "sonstlt": "", "gruendeProcessed": ["generalbundesanwalt", "fuhrt", "ermittlungsverfahr", "unbekannt", "mord", "mitgliedschaft", "terrorist", "verein", "straftat", "gegenstand", "totung", "damal", "hessisch", "minist", "wirtschaft", "technik", "heinz", "herbert", "karry", "frankfurt", "main", "mai", "unbekannt", "mitglied", "terrorist", "verein", "revolutionar", "zell", "rz", "verfahr", "zeug", "januar", "angab", "gemacht", "gesprach", "ab", "fruhjahr", "anfang", "angehor", "revolutionar", "zell", "gefuhrt", "word", "einzeln", "umstand", "tod", "minist", "karry", "gegenstand", "gesprach", "angab", "zeug", "beschwerdefuhr", "teilgenomm", "generalbundesanwalt", "nachd", "beschwerdefuhr", "staatsanwaltschaft", "vernehm", "juli", "beruf", "stpo", "beantwort", "frag", "sach", "verweigert", "richt", "vernehm", "beantragt", "ermittlungsricht", "bundesgerichtshof", "beschwerdefuhr", "septemb", "beisein", "beigeordnet", "zeugenbeistand", "frau", "rechtsanwaltin", "erklart", "frag", "beweisthema", "zuhor", "gesprach", "anlass", "ermord", "minist", "karry", "gegenstand", "beantwort", "darauf", "ermittlungsricht", "bundesgerichtshof", "gemass", "abs", "stpo", "angefocht", "beschluss", "zeug", "ordnungsgeld", "ersatzweis", "je", "tag", "ordnungshaft", "festgesetzt", "erzwingungshaft", "langst", "dau", "sech", "monat", "angeordnet", "vollzieh", "beugehaft", "jedoch", "entscheid", "beschwerd", "anordn", "ausgesetzt", "beschwerdeverfahr", "rechtsanwaltin", "beantragt", "fall", "dass", "senat", "ansicht", "vertret", "beschwerdefuhr", "stund", "auskunftsverweigerungsrecht", "einsicht", "vollstand", "ermittlungsakt", "gewahr", "hiergeg", "generalbundesanwalt", "bedenk", "erhob", "ii", "rechtsmittel", "hinsicht", "erzwingungshaft", "gemass", "abs", "stpo", "zulass", "bghst", "senat", "darub", "entscheid", "dass", "beistand", "beschwerdefuhr", "begehrt", "akteneinsicht", "gewahrt", "word", "akteneinsichtsrecht", "besteht", "sach", "bleibt", "beschwerd", "erfolg", "entscheid", "akteneinsicht", "steht", "vorlieg", "generalbundesanwalt", "ermittlungsverfahr", "handelt", "abs", "satz", "halb", "stpo", "daran", "andert", "tatsach", "dass", "akt", "senat", "entscheid", "beschwerd", "vorlieg", "fall", "abs", "satz", "halb", "stpo", "desweg", "gegeb", "gieg", "kk", "aufl", "rdn", "senat", "ind", "vereinfachungsgrund", "davon", "abgeseh", "beschwerdefuhr", "darauf", "verweis", "zunach", "formlich", "entscheid", "generalbundesanwalt", "akteneinsichtsgesuch", "erwirk", "sodann", "ggf", "gemass", "abs", "stpo", "ablehn", "akteneinsicht", "gericht", "entscheid", "beantrag", "abs", "stpo", "abs", "gvg", "darub", "entscheid", "hatt", "anwalt", "zeugenbeistand", "steht", "gegensatz", "verteid", "vgl", "abs", "stpo", "eig", "recht", "akteneinsicht", "rechtsstell", "leitet", "zeug", "ab", "eig", "recht", "verfahrensbeteiligt", "weitergeh", "befugnis", "zeug", "sof", "verletzt", "akteneinsichtsrecht", "privatperson", "sinn", "stpo", "hansolg", "hamburg", "njw", "kg", "beschl", "februar", "bjs", "juris", "ignor", "bertheau", "low", "rosenberg", "stpo", "aufl", "rdn", "berechtigt", "interess", "kenntnis", "ermittlungsakt", "sinn", "abs", "satz", "stpo", "beschwerdefuhr", "gilt", "insbesond", "soweit", "kenntnis", "zeug", "aussag", "zeug", "geht", "schon", "abs", "abs", "satz", "stpo", "folgt", "danach", "zeug", "abwes", "spat", "horend", "zeug", "vernehm", "einlass", "angeklagt", "sof", "zeugenvernehm", "abgegeb", "sitzungssaal", "verlass", "zeug", "weis", "unbeeinflusst", "kenntnis", "angab", "dritt", "aussag", "vgl", "mey", "gossn", "stpo", "aufl", "rdn", "insoweit", "steh", "zugleich", "zweck", "strafverfahr", "akteneinsicht", "entgeg", "abs", "satz", "stpo", "beweiswert", "aussag", "beschwerdefuhr", "gemindert", "einzeln", "wusst", "zeug", "beweisthema", "bekundet", "beschwerdefuhr", "steht", "auskunftsverweigerungsrecht", "anspruch", "genomm", "umfang", "abs", "stpo", "gewahrt", "zeug", "recht", "auskunft", "frag", "verweig", "beantwort", "angehor", "gefahr", "aussetz", "straftat", "ind", "betracht", "kommt", "ordnungswidr", "verfolgt", "verfolgungsgefahr", "sinn", "abs", "stpo", "anzunehm", "ermittlungsbehord", "wahrheitsgemass", "aussag", "zeug", "tatsach", "entnehm", "einleit", "ermittlungsverfahr", "stpo", "veranlass", "aufrechterhalt", "verstark", "tatverdacht", "fuhr", "hierfur", "genugt", "bereit", "zeug", "bestimmt", "tatsach", "angeb", "musst", "ledig", "mittelbar", "verdacht", "straftat", "begrund", "beispiel", "fall", "wahrheitsgemass", "beantwort", "frag", "allein", "strafverfolg", "auslos", "jedoch", "teilstuck", "mosaikart", "beweisgebaud", "belast", "zeug", "beitrag", "vgl", "bgh", "njw", "gefahr", "strafrecht", "verfolg", "konkret", "tatsach", "anhaltspunkt", "geb", "bloss", "vermut", "rein", "denktheoret", "moglich", "reich", "bgh", "nstz", "danach", "verfolgungsgefahr", "ausgegang", "zeug", "gemass", "abs", "stpo", "grundsatz", "berechtigt", "auskunft", "einzeln", "frag", "verweig", "ausnahmsweis", "umfass", "verweiger", "auskunft", "befugt", "gesamt", "betracht", "kommend", "aussag", "moglicherweis", "strafbar", "verhalt", "eng", "zusammenhang", "steht", "dass", "umfang", "vorgeseh", "vernehmungsgegenstand", "ubrig", "bleibt", "wozu", "gefahr", "verfolg", "straftat", "wahrheitsgemass", "aussag", "vgl", "bgh", "nstz", "nstz", "rr", "gilt", "hinblick", "vernehm", "einzeln", "tatsachenkomplex", "gefahr", "beschwerdefuhr", "wed", "glaubhaft", "gemacht", "ersicht", "einzeln", "gilt", "beschwerdefuhr", "urteil", "kammergericht", "juli", "herbeifuhr", "sprengstoffexplosion", "freiheitsstraf", "zwei", "jahr", "strafaussetz", "bewahr", "verurteilt", "word", "tat", "feststell", "rechtskraft", "urteil", "rahm", "mitgliedschaft", "beteil", "revolutionar", "zell", "begang", "danach", "april", "aufgefordert", "word", "verein", "beizutret", "ansinn", "woch", "spat", "gefolgt", "mitgliedschaft", "endet", "zerfall", "berlin", "grupp", "revolutionar", "zell", "fruhjahr", "beschwerdefuhr", "erhob", "anklagevorwurf", "mitgliedschaft", "terrorist", "verein", "stgb", "sowi", "herbeifuhr", "weit", "sprengstoffexplosion", "verfahr", "kammergericht", "zusammenhang", "verfahrensbeend", "absprach", "gemass", "abs", "stpo", "ausgeschied", "word", "nachd", "angeklagt", "gestand", "einlass", "abgegeb", "beschwerdefuhr", "bekund", "gesprach", "teilgenomm", "ab", "fruhjahr", "anfang", "angehor", "revolutionar", "zell", "gefuhrt", "word", "gefahr", "erneut", "verfolg", "vorwurf", "mitgliedschaft", "terrorist", "verein", "aufgrund", "ausgeschied", "rechtsverletz", "erstreck", "rechtskraft", "urteil", "kammergericht", "zweifellos", "ausgeschloss", "vgl", "mey", "gossn", "aao", "rdn", "lieg", "keinerlei", "anhaltspunkt", "dafur", "dass", "tatsachenbekund", "beschwerdefuhr", "darub", "hinaus", "gefahr", "strafverfolg", "beteil", "totung", "herrn", "karry", "bring", "dass", "ab", "fruhjahr", "terrorist", "verein", "mitgliedschaft", "beteiligt", "steht", "seit", "jahr", "aufgrund", "gestand", "einlass", "kammergericht", "fest", "zurecht", "generalbundesanwalt", "mehrfach", "darauf", "hingewies", "geb", "keinerlei", "anhaltspunkt", "dafur", "dass", "beschwerdefuhr", "urteil", "kammergericht", "festgestellt", "zeitpunkt", "sowi", "auflos", "berlin", "grupp", "mitglied", "revolutionar", "zell", "gar", "totungsverbrech", "jahr", "beteiligt", "gleich", "weis", "erkenn", "dass", "beschwerdefuhr", "gefahr", "strafrecht", "verfolg", "sonstig", "vorwurf", "aussetz", "einraum", "gesprach", "erkenntnis", "moglich", "beteiligt", "totung", "gewonn", "vermut", "darub", "angestellt", "folgezeit", "strafverfolgungsbehord", "darub", "mitteil", "alled", "beschwerdefuhr", "pauschal", "verweiger", "frag", "komplex", "zuhor", "gesprach", "anlass", "ermord", "minist", "karry", "gegenstand", "antwort", "stpo", "beruf", "angesicht", "schwer", "aufzuklar", "straftat", "anordn", "erzwingungshaft", "verhaltnismass", "beck", "pfist", "hubert"], "mitwirkung": "", "aktenzeichen": "StB 46/09", "language": "deutsch", "gertyp": "BGH", "leitsatz": "", "gruende": "\n      <div>\n         <dl class=\"RspDL\">\n            <dt/>\n            <dd>\n               <p style=\"margin-left:90pt\">I.</p>\n            </dd>\n         </dl>\n         <dl class=\"RspDL\">\n            <dt/>\n            <dd>\n               <p/>\n            </dd>\n         </dl>\n         <dl class=\"RspDL\">\n            <dt>\n               <a name=\"rd_1\">1</a>\n            </dt>\n            <dd>\n               <p>Der Generalbundesanwalt f\u00fchrt ein Ermittlungsverfahren gegen Unbekannt wegen Mordes, Mitgliedschaft in einer terroristischen Vereinigung und anderer Straftaten. Gegenstand ist die T\u00f6tung des damaligen hessischen Ministers f\u00fcr Wirtschaft und Technik Heinz-Herbert Karry in Frankfurt am Main am 11. Mai 1981 durch unbekannte Mitglieder der terroristischen Vereinigung \"Revolution\u00e4re Zellen\" (RZ).</p>\n            </dd>\n         </dl>\n         <dl class=\"RspDL\">\n            <dt/>\n            <dd>\n               <p/>\n            </dd>\n         </dl>\n         <dl class=\"RspDL\">\n            <dt>\n               <a name=\"rd_2\">2</a>\n            </dt>\n            <dd>\n               <p>In diesem Verfahren hat der Zeuge M. am 18. Januar 2001 Angaben gemacht \u00fcber Gespr\u00e4che, die ab Fr\u00fchjahr 1986 bis Anfang 1990 unter Angeh\u00f6rigen der \"Revolution\u00e4ren Zellen\" gef\u00fchrt worden sind und die einzelne Umst\u00e4nde des Todes von Minister Karry zum Gegenstand hatten. An diesen Gespr\u00e4chen soll nach Angaben des Zeugen auch der Beschwerdef\u00fchrer teilgenommen haben.</p>\n            </dd>\n         </dl>\n         <dl class=\"RspDL\">\n            <dt/>\n            <dd>\n               <p/>\n            </dd>\n         </dl>\n         <dl class=\"RspDL\">\n            <dt>\n               <a name=\"rd_3\">3</a>\n            </dt>\n            <dd>\n               <p>Der Generalbundesanwalt hat, nachdem der Beschwerdef\u00fchrer bei einer staatsanwaltschaftlichen Vernehmung am 29. Juli 2009 unter Berufung auf \u00a7 55 StPO die Beantwortung jeder Frage zur Sache verweigert hatte, die richterliche Vernehmung beantragt. Vor dem Ermittlungsrichter des Bundesgerichtshofs hat der Beschwerdef\u00fchrer am 9. September 2009 im Beisein des ihm beigeordneten Zeugenbeistands, Frau Rechtsanw\u00e4ltin W. , erkl\u00e4rt, er werde keine Fragen zu dem Beweisthema \"Zuh\u00f6rer bei Gespr\u00e4chen, anl\u00e4sslich derer die Ermordung von Minister Karry Gegenstand war\" beantworten.</p>\n            </dd>\n         </dl>\n         <dl class=\"RspDL\">\n            <dt/>\n            <dd>\n               <p/>\n            </dd>\n         </dl>\n         <dl class=\"RspDL\">\n            <dt>\n               <a name=\"rd_4\">4</a>\n            </dt>\n            <dd>\n               <p>Darauf hat der Ermittlungsrichter des Bundesgerichtshofs gem\u00e4\u00df \u00a7 70 Abs. 1 und 2 StPO durch den angefochtenen Beschluss gegen den Zeugen ein Ordnungsgeld von 200 \u20ac, ersatzweise f\u00fcr je 100 \u20ac einen Tag Ordnungshaft festgesetzt und Erzwingungshaft l\u00e4ngstens bis zur Dauer von sechs Monaten angeordnet, die Vollziehung der Beugehaft jedoch bis zur Entscheidung \u00fcber die Beschwerde gegen deren Anordnung ausgesetzt.</p>\n            </dd>\n         </dl>\n         <dl class=\"RspDL\">\n            <dt/>\n            <dd>\n               <p/>\n            </dd>\n         </dl>\n         <dl class=\"RspDL\">\n            <dt>\n               <a name=\"rd_5\">5</a>\n            </dt>\n            <dd>\n               <p>Im Beschwerdeverfahren hat Rechtsanw\u00e4ltin W. beantragt, ihr f\u00fcr den Fall, dass der Senat die Ansicht vertrete, dem Beschwerdef\u00fchrer st\u00fcnde ein Auskunftsverweigerungsrecht nicht zu, Einsicht in die vollst\u00e4ndigen Ermittlungsakten zu gew\u00e4hren. Hiergegen hat der Generalbundesanwalt Bedenken erhoben.</p>\n            </dd>\n         </dl>\n         <dl class=\"RspDL\">\n            <dt/>\n            <dd>\n               <p/>\n            </dd>\n         </dl>\n         <dl class=\"RspDL\">\n            <dt/>\n            <dd>\n               <p style=\"margin-left:90pt\">II.</p>\n            </dd>\n         </dl>\n         <dl class=\"RspDL\">\n            <dt/>\n            <dd>\n               <p/>\n            </dd>\n         </dl>\n         <dl class=\"RspDL\">\n            <dt>\n               <a name=\"rd_6\">6</a>\n            </dt>\n            <dd>\n               <p>Das Rechtsmittel ist hinsichtlich der Erzwingungshaft gem\u00e4\u00df \u00a7 304 Abs. 5 StPO zul\u00e4ssig (BGHSt 36, 192). Der Senat kann dar\u00fcber entscheiden, ohne dass dem Beistand des Beschwerdef\u00fchrers die begehrte Akteneinsicht gew\u00e4hrt worden ist, da ein Akteneinsichtsrecht hier nicht besteht. In der Sache bleibt die Beschwerde ohne Erfolg.</p>\n            </dd>\n         </dl>\n         <dl class=\"RspDL\">\n            <dt/>\n            <dd>\n               <p/>\n            </dd>\n         </dl>\n         <dl class=\"RspDL\">\n            <dt>\n               <a name=\"rd_7\">7</a>\n            </dt>\n            <dd>\n               <p>1. Die Entscheidung \u00fcber die Akteneinsicht steht vorliegend dem Generalbundesanwalt zu, da es sich um ein Ermittlungsverfahren handelt (\u00a7 478 Abs. 1 Satz 1 1. Halbs. StPO). Daran \u00e4ndert die Tatsache nichts, dass die Akten dem Senat zur Entscheidung \u00fcber eine Beschwerde vorliegen. Ein Fall von \u00a7 478 Abs. 1 Satz 1 2. Halbs. StPO ist deswegen nicht gegeben (Gieg in KK 6. Aufl. \u00a7 478 Rdn. 2). Der Senat hat indes aus Vereinfachungsgr\u00fcnden davon abgesehen, den Beschwerdef\u00fchrer darauf zu verweisen, zun\u00e4chst eine f\u00f6rmliche Entscheidung des Generalbundesanwalts \u00fcber das Akteneinsichtsgesuch zu erwirken und sodann ggf. gem\u00e4\u00df \u00a7 478 Abs. 3 StPO gegen eine Ablehnung der Akteneinsicht gerichtliche Entscheidung zu beantragen, da er nach \u00a7 161 a Abs. 3 StPO, \u00a7 135 Abs. 2 GVG auch dar\u00fcber zu entscheiden h\u00e4tte.</p>\n            </dd>\n         </dl>\n         <dl class=\"RspDL\">\n            <dt/>\n            <dd>\n               <p/>\n            </dd>\n         </dl>\n         <dl class=\"RspDL\">\n            <dt>\n               <a name=\"rd_8\">8</a>\n            </dt>\n            <dd>\n               <p>2. Dem anwaltlichen Zeugenbeistand steht im Gegensatz zu dem Verteidiger (vgl. \u00a7 147 Abs. 1 StPO) ein eigenes Recht auf Akteneinsicht nicht zu. Seine Rechtsstellung leitet sich aus der des Zeugen ab. Er hat keine eigenen Rechte als Verfahrensbeteiligter und keine weitergehenden Befugnisse als der Zeuge selbst. Dieser hat, sofern er nicht Verletzter ist, ein Akteneinsichtsrecht nur als \"Privatperson\" im Sinne von \u00a7 475 StPO (HansOLG Hamburg NJW 2002, 1590; KG, Beschl. vom 7. Februar 2008 (1) 2 BJs 58/06-2 (2/08) - juris m. w. N.; Ignor/Bertheau in L\u00f6we/Rosenberg, StPO 26. Aufl. \u00a7 68 b Rdn. 24). Ein berechtigtes Interesse an der Kenntnis der Ermittlungsakten im Sinne von \u00a7 475 Abs. 1 Satz 1 StPO hat der Beschwerdef\u00fchrer nicht. Dies gilt insbesondere, soweit es um die Kenntnis des Zeugen von der Aussage anderer Zeugen geht, was schon aus \u00a7 58 Abs. 1, \u00a7 243 Abs. 2 Satz 1 StPO folgt: Danach ist ein Zeuge in Abwesenheit der sp\u00e4ter zu h\u00f6renden Zeugen zu vernehmen; w\u00e4hrend der Einlassung des Angeklagten (sofern diese vor der Zeugenvernehmung abgegeben wird) hat er den Sitzungssaal zu verlassen. Der Zeuge soll auf diese Weise unbeeinflusst von der Kenntnis der Angaben Dritter aussagen (vgl. Meyer-Go\u00dfner, StPO 52. Aufl. \u00a7 58 Rdn. 2). Insoweit stehen zugleich Zwecke des Strafverfahrens der Akteneinsicht entgegen (\u00a7 477 Abs. 2 Satz 1 StPO). Der Beweiswert der Aussage des Beschwerdef\u00fchrers w\u00e4re gemindert, wenn er vor ihr im Einzelnen w\u00fcsste, was andere Zeugen zu dem Beweisthema bekundet haben.</p>\n            </dd>\n         </dl>\n         <dl class=\"RspDL\">\n            <dt/>\n            <dd>\n               <p/>\n            </dd>\n         </dl>\n         <dl class=\"RspDL\">\n            <dt>\n               <a name=\"rd_9\">9</a>\n            </dt>\n            <dd>\n               <p>3. Dem Beschwerdef\u00fchrer steht kein Auskunftsverweigerungsrecht in dem von ihm in Anspruch genommenen Umfang zu.</p>\n            </dd>\n         </dl>\n         <dl class=\"RspDL\">\n            <dt/>\n            <dd>\n               <p/>\n            </dd>\n         </dl>\n         <dl class=\"RspDL\">\n            <dt>\n               <a name=\"rd_10\">10</a>\n            </dt>\n            <dd>\n               <p>a) \u00a7 55 Abs. 1 StPO gew\u00e4hrt dem Zeugen das Recht, die Auskunft auf solche Fragen zu verweigern, deren Beantwortung ihn selbst oder einen Angeh\u00f6rigen der Gefahr aussetzen w\u00fcrde, wegen einer Straftat oder - was hier indes nicht in Betracht kommt - einer Ordnungswidrigkeit verfolgt zu werden. Eine Verfolgungsgefahr im Sinne des \u00a7 55 Abs. 1 StPO ist anzunehmen, wenn eine Ermittlungsbeh\u00f6rde aus einer wahrheitsgem\u00e4\u00dfen Aussage des Zeugen Tatsachen entnehmen k\u00f6nnte, die sie zur Einleitung eines Ermittlungsverfahrens (\u00a7 152 StPO) veranlassen oder zur Aufrechterhaltung oder Verst\u00e4rkung eines Tatverdachts f\u00fchren k\u00f6nnte. Hierf\u00fcr gen\u00fcgt es bereits, wenn der Zeuge bestimmte Tatsachen angeben m\u00fcsste, die lediglich mittelbar den Verdacht einer Straftat begr\u00fcnden. Dies ist zum Beispiel dann der Fall, wenn die wahrheitsgem\u00e4\u00dfe Beantwortung einer Frage zwar allein eine Strafverfolgung nicht ausl\u00f6sen, jedoch \"als Teilst\u00fcck in einem mosaikartigen Beweisgeb\u00e4ude\" zu einer Belastung des Zeugen beitragen k\u00f6nnte (vgl. BGH NJW 1999, 1413). F\u00fcr die Gefahr strafrechtlicher Verfolgung muss es konkrete tats\u00e4chliche Anhaltspunkte geben; blo\u00dfe Vermutungen oder rein denktheoretische M\u00f6glichkeiten reichen nicht aus (BGH NStZ 1999, 415, 416).</p>\n            </dd>\n         </dl>\n         <dl class=\"RspDL\">\n            <dt/>\n            <dd>\n               <p/>\n            </dd>\n         </dl>\n         <dl class=\"RspDL\">\n            <dt>\n               <a name=\"rd_11\">11</a>\n            </dt>\n            <dd>\n               <p>Selbst wenn danach von einer Verfolgungsgefahr ausgegangen werden muss, so ist der Zeuge gem\u00e4\u00df \u00a7 55 Abs. 1 StPO grunds\u00e4tzlich nur berechtigt, die Auskunft auf einzelne Fragen zu verweigern. Nur ausnahmsweise ist er zu einer umfassenden Verweigerung der Auskunft befugt, wenn seine gesamte in Betracht kommende Aussage mit einem m\u00f6glicherweise strafbaren Verhalten in so engem Zusammenhang steht, dass im Umfang der vorgesehenen Vernehmungsgegenst\u00e4nde nichts \u00fcbrig bleibt, wozu er ohne die Gefahr der Verfolgung wegen einer Straftat wahrheitsgem\u00e4\u00df aussagen k\u00f6nnte (vgl. BGH NStZ 2002, 607; NStZ-RR 2005, 316). Dies gilt auch im Hinblick auf die Vernehmung zu einem einzelnen Tatsachenkomplex.</p>\n            </dd>\n         </dl>\n         <dl class=\"RspDL\">\n            <dt/>\n            <dd>\n               <p/>\n            </dd>\n         </dl>\n         <dl class=\"RspDL\">\n            <dt>\n               <a name=\"rd_12\">12</a>\n            </dt>\n            <dd>\n               <p>b) Eine solche Gefahr hat der Beschwerdef\u00fchrer weder glaubhaft gemacht noch ist sie ersichtlich. Im Einzelnen gilt:</p>\n            </dd>\n         </dl>\n         <dl class=\"RspDL\">\n            <dt/>\n            <dd>\n               <p/>\n            </dd>\n         </dl>\n         <dl class=\"RspDL\">\n            <dt>\n               <a name=\"rd_13\">13</a>\n            </dt>\n            <dd>\n               <p>Der Beschwerdef\u00fchrer ist durch Urteil des Kammergerichts vom 15. Juli 2004 wegen Herbeif\u00fchrens einer Sprengstoffexplosion zu einer Freiheitsstrafe von zwei Jahren mit Strafaussetzung zur Bew\u00e4hrung verurteilt worden. Die Tat hat er nach den Feststellungen des rechtskr\u00e4ftigen Urteils im Rahmen seiner mitgliedschaftlichen Beteiligung bei den \"Revolution\u00e4ren Zellen\" begangen. Er war danach \"im April 1986\" aufgefordert worden, dieser Vereinigung beizutreten, und war dem Ansinnen \"einige Wochen sp\u00e4ter\" gefolgt. Seine Mitgliedschaft endete mit dem Zerfall der Berliner Gruppe der \"Revolution\u00e4ren Zellen\" im Fr\u00fchjahr 1988. Die gegen den Beschwerdef\u00fchrer erhobenen Anklagevorw\u00fcrfe der Mitgliedschaft in einer terroristischen Vereinigung (\u00a7 129 a StGB) sowie des Herbeif\u00fchrens einer weiteren Sprengstoffexplosion sind im Verfahren vor dem Kammergericht im Zusammenhang mit einer verfahrensbeendenden Absprache gem\u00e4\u00df \u00a7 154 a Abs. 2 StPO ausgeschieden worden, nachdem der Angeklagte eine gest\u00e4ndige Einlassung abgegeben hatte.</p>\n            </dd>\n         </dl>\n         <dl class=\"RspDL\">\n            <dt/>\n            <dd>\n               <p/>\n            </dd>\n         </dl>\n         <dl class=\"RspDL\">\n            <dt>\n               <a name=\"rd_14\">14</a>\n            </dt>\n            <dd>\n               <p>W\u00fcrde der Beschwerdef\u00fchrer bekunden, an Gespr\u00e4chen teilgenommen zu haben, die ab Fr\u00fchjahr 1986 bis Anfang 1990 unter Angeh\u00f6rigen der \"Revolution\u00e4ren Zellen\" gef\u00fchrt worden sind, so w\u00e4re eine Gefahr erneuter Verfolgung wegen des Vorwurfs der Mitgliedschaft in einer terroristischen Vereinigung aufgrund der sich auch auf die ausgeschiedenen Rechtsverletzungen erstreckenden Rechtskraft des Urteils des Kammergerichts zweifellos ausgeschlossen (vgl. Meyer-Go\u00dfner aaO \u00a7 154 a Rdn. 28).</p>\n            </dd>\n         </dl>\n         <dl class=\"RspDL\">\n            <dt/>\n            <dd>\n               <p/>\n            </dd>\n         </dl>\n         <dl class=\"RspDL\">\n            <dt>\n               <a name=\"rd_15\">15</a>\n            </dt>\n            <dd>\n               <p>Es liegen auch keinerlei Anhaltspunkte daf\u00fcr vor, dass eine solche Tatsachenbekundung den Beschwerdef\u00fchrer dar\u00fcber hinaus in die Gefahr einer Strafverfolgung wegen der Beteiligung an der T\u00f6tung von Herrn Karry bringen k\u00f6nnte. Dass er sich ab Fr\u00fchjahr 1986 an der terroristischen Vereinigung mitgliedschaftlich beteiligt hat, steht seit Jahren aufgrund seiner gest\u00e4ndigen Einlassung vor dem Kammergericht fest. Zurecht hat der Generalbundesanwalt mehrfach darauf hingewiesen, es gebe keinerlei Anhaltspunkte daf\u00fcr, dass der Beschwerdef\u00fchrer vor dem im Urteil des Kammergerichts festgestellten Zeitpunkt sowie nach Aufl\u00f6sung der Berliner Gruppe Mitglied der \"Revolution\u00e4ren Zellen\" gewesen ist oder gar an dem T\u00f6tungsverbrechen im Jahr 1981 beteiligt war.</p>\n            </dd>\n         </dl>\n         <dl class=\"RspDL\">\n            <dt/>\n            <dd>\n               <p/>\n            </dd>\n         </dl>\n         <dl class=\"RspDL\">\n            <dt>\n               <a name=\"rd_16\">16</a>\n            </dt>\n            <dd>\n               <p>In gleicher Weise ist nicht zu erkennen, dass sich der Beschwerdef\u00fchrer der Gefahr strafrechtlicher Verfolgung wegen sonstiger Vorw\u00fcrfe aussetzen k\u00f6nnte, wenn er einr\u00e4umen w\u00fcrde, bei den Gespr\u00e4chen Erkenntnisse \u00fcber m\u00f6gliche Beteiligte an der T\u00f6tung gewonnen oder Vermutungen dar\u00fcber angestellt zu haben, ohne in der Folgezeit den Strafverfolgungsbeh\u00f6rden dar\u00fcber Mitteilung zu machen.</p>\n            </dd>\n         </dl>\n         <dl class=\"RspDL\">\n            <dt/>\n            <dd>\n               <p/>\n            </dd>\n         </dl>\n         <dl class=\"RspDL\">\n            <dt>\n               <a name=\"rd_17\">17</a>\n            </dt>\n            <dd>\n               <p>Nach alledem kann der Beschwerdef\u00fchrer sich f\u00fcr die pauschale Verweigerung, auf Fragen zu dem Komplex \"Zuh\u00f6rer bei Gespr\u00e4chen, anl\u00e4sslich derer die Ermordung von Minister Karry Gegenstand war\" zu antworten, nicht auf \u00a7 55 StPO berufen. Angesichts der Schwere der aufzukl\u00e4renden Straftat ist die Anordnung von Erzwingungshaft auch verh\u00e4ltnism\u00e4\u00dfig.</p>\n            </dd>\n         </dl>\n         <dl class=\"RspDL\">\n            <dt/>\n            <dd>\n               <p/>\n            </dd>\n         </dl>\n         <dl class=\"RspDL\">\n            <dt/>\n            <dd>\n               <p>Becker\u00a0\u00a0\u00a0\u00a0\u00a0\u00a0\u00a0\u00a0\u00a0\u00a0\u00a0\u00a0\u00a0\u00a0\u00a0\u00a0\u00a0\u00a0\u00a0\u00a0\u00a0\u00a0\u00a0\u00a0\u00a0\u00a0\u00a0\u00a0\u00a0\u00a0\u00a0\u00a0\u00a0\u00a0\u00a0\u00a0Pfister\u00a0\u00a0\u00a0\u00a0\u00a0\u00a0\u00a0\u00a0\u00a0\u00a0\u00a0\u00a0\u00a0\u00a0\u00a0\u00a0\u00a0\u00a0\u00a0\u00a0\u00a0\u00a0\u00a0\u00a0\u00a0\u00a0\u00a0\u00a0\u00a0\u00a0\u00a0\u00a0\u00a0\u00a0\u00a0\u00a0Hubert</p>\n            </dd>\n         </dl>\n         <dl class=\"RspDL\">\n            <dt/>\n            <dd>\n               <p/>\n            </dd>\n         </dl>\n      </div>\n   ", "accessRights": "public", "gerort": "", "entschDatum": "20100304", "coverage": "Deutschland", "titel": "\n      <dl class=\"RspDL\">\n         <dt/>\n         <dd>\n            <p>Strafverfahren: Akteneinsichtsrecht des Zeugenbeistandes und des Zeugen hinsichtlich der Kenntnis von der Aussage anderer Zeugen; Auskunftsverweigerungsrecht eines Zeugen wegen der Gefahr strafrechtlicher Verfolgung</p>\n         </dd>\n      </dl>\n   ", "ecli": "", "identifier": "http://www.rechtsprechung-im-internet.de/jportal/?quelle=jlink&docid=JURE100062440&psml=bsjrsprod.psml&max=true", "spruchkoerper": "3. Strafsenat", "vorinstanz": "", "doknr": "JURE100062440", "abweichendeMeinung": "", "tenor": "\n      <div>\n         <dl class=\"RspDL\">\n            <dt/>\n            <dd>\n               <p>Die Beschwerde des Zeugen E. gegen den Beschluss des Ermittlungsrichters des Bundesgerichtshofs vom 9. September 2009 wird verworfen.</p>\n            </dd>\n         </dl>\n         <dl class=\"RspDL\">\n            <dt/>\n            <dd>\n               <p/>\n            </dd>\n         </dl>\n         <dl class=\"RspDL\">\n            <dt/>\n            <dd>\n               <p>Der Beschwerdef\u00fchrer hat die Kosten seines Rechtsmittels zu tragen.</p>\n            </dd>\n         </dl>\n         <dl class=\"RspDL\">\n            <dt/>\n            <dd>\n               <p/>\n            </dd>\n         </dl>\n      </div>\n   ", "regionAbk": "DEU"}