{"publisher": "BMJV", "tatbestand": "", "absaetze": [{"num": "1", "textProcessed": ["landgericht", "angeklagt", "unerlaubt", "handeltreib", "betaubungsmitteln", "gering", "meng", "drei", "fall", "gesamtfreiheitsstraf", "funf", "jahr", "verurteilt", "hiergeg", "richtet", "allgemein", "sachrug", "gestutzt", "revision", "angeklagt"], "text": "Das Landgericht hat den Angeklagten wegen unerlaubten Handeltreibens mit Bet\u00e4ubungsmitteln in nicht geringer Menge in drei F\u00e4llen zu der Gesamtfreiheitsstrafe von f\u00fcnf Jahren verurteilt. Hiergegen richtet sich die auf die allgemeine Sachr\u00fcge gest\u00fctzte Revision des Angeklagten."}, {"num": "2", "textProcessed": ["rechtsmittel", "bleibt", "erfolg", "nachpruf", "urteil", "grund", "revisionsrechtfert", "rechtsfehl", "nachteil", "angeklagt", "ergeb", "abs", "stpo"], "text": "Das Rechtsmittel bleibt ohne Erfolg, da die Nachpr\u00fcfung des Urteils auf Grund der Revisionsrechtfertigung keinen Rechtsfehler zum Nachteil des Angeklagten ergeben hat (\u00a7 349 Abs. 2 StPO)."}, {"num": "3", "textProcessed": ["landgericht", "durft", "gescheh", "strafscharf", "berucksicht", "dass", "angeklagt", "mehrfach", "einschlag", "vorbestraft", "ua", "stand", "sachrug", "berucksicht", "bgh", "beschluss", "marz", "str", "verwertungsverbot", "abs", "bzrg", "entgeg", "landgericht", "teilt", "dass", "angeklagt", "dreimal", "vorbestraft", "dezemb", "wurd", "handeltreib", "haschisch", "gering", "meng", "tatein", "erwerb", "haschisch", "freiheitsstraf", "jahr", "sech", "monat", "bewahr", "verurteilt", "straf", "wurd", "spat", "erlass", "urteil", "dezemb", "wurd", "angeklagt", "unerlaubt", "handeltreib", "haschisch", "zwei", "fall", "gesamt", "freiheitsstraf", "jahr", "bewahr", "verurteilt", "straf", "wurd", "verlanger", "bewahrungszeit", "erlass", "zuletzt", "wurd", "juni", "verkehrsunfallflucht", "geldstraf", "tagessatz", "verurteilt", "ausserd", "wurd", "massregel", "stgb", "angeordnet"], "text": "Das Landgericht durfte wie geschehen strafsch\u00e4rfend ber\u00fccksichtigen, \"dass der Angeklagte mehrfach und einschl\u00e4gig vorbestraft ist\" (UA 13 f.). Dem stand das - auf Sachr\u00fcge zu ber\u00fccksichtigende (BGH, Beschluss vom 18. M\u00e4rz 2009 \u2013 1 StR 50/09) - Verwertungsverbot nach \u00a7 51 Abs. 1 BZRG nicht entgegen. Das Landgericht teilt mit, dass der Angeklagte \"u.a.\" dreimal vorbestraft ist: Am 19. Dezember 1991 wurde er wegen Handeltreibens mit \u201eHaschisch\u201c in nicht geringer Menge in Tateinheit mit Erwerb von \u201eHaschisch\u201c zu einer Freiheitsstrafe von einem Jahr und sechs Monaten mit Bew\u00e4hrung verurteilt; die Strafe wurde sp\u00e4ter erlassen. Mit Urteil vom 6. Dezember 1994 wurde der Angeklagte wegen unerlaubten Handeltreibens mit \u201eHaschisch\u201c in zwei F\u00e4llen zu einer (Gesamt-)Freiheitsstrafe von einem Jahr mit Bew\u00e4hrung verurteilt; auch diese Strafe wurde - nach Verl\u00e4ngerung der Bew\u00e4hrungszeit - erlassen. Zuletzt wurde er am 26. Juni 1996 wegen \"Verkehrsunfallflucht\" zu einer Geldstrafe von 40 Tagess\u00e4tzen verurteilt; au\u00dferdem wurde eine Ma\u00dfregel nach \u00a7 69a StGB angeordnet."}, {"num": "4", "textProcessed": ["regist", "mehr", "verurteil", "eingetrag", "tilgung", "eintrag", "gemass", "abs", "satz", "bzrg", "erst", "zulass", "verurteil", "voraussetz", "tilgung", "vorlieg", "voreintrag", "jahr", "galt", "urteil", "dezemb", "verhangt", "gesamt", "freiheitsstraf", "jahr", "funfzehnjahr", "tilgungsfrist", "gemass", "abs", "nr", "bzrg", "verlangert", "gemass", "abs", "bzrg", "dau", "verhangt", "freiheitsstraf", "verlanger", "kommt", "dau", "vollstreck", "vgl", "bgh", "beschluss", "april", "str", "nstz", "graf", "bucherl", "strafprozessordn", "bzrg", "rn", "somit", "tilgungsfrist", "oktob", "tag", "urteilsverkund", "abgelauf", "tatricht", "urteil", "eingetret", "tilgungsreif", "eintrag", "zentralregist", "revisionsgericht", "berucksicht", "bgh", "beschluss", "dezemb", "str", "bghr", "bzrg", "tilgungsreif"], "text": "Sind im Register mehrere Verurteilungen eingetragen, so ist die Tilgung einer Eintragung gem\u00e4\u00df \u00a7 47 Abs. 3 Satz 1 BZRG erst zul\u00e4ssig, wenn f\u00fcr alle Verurteilungen die Voraussetzungen der Tilgung vorliegen. Wegen der Voreintragung aus dem Jahr 1991 galt auch f\u00fcr die mit Urteil vom 6. Dezember 1994 verh\u00e4ngte (Gesamt-)Freiheitsstrafe von einem Jahr eine f\u00fcnfzehnj\u00e4hrige Tilgungsfrist gem\u00e4\u00df \u00a7 46 Abs. 1 Nr. 4 BZRG. Diese verl\u00e4ngerte sich gem\u00e4\u00df \u00a7 46 Abs. 3 BZRG um die Dauer der verh\u00e4ngten Freiheitsstrafe; f\u00fcr diese Verl\u00e4ngerung kommt es nicht auf die Dauer ihrer Vollstreckung an (vgl. BGH, Beschluss vom 27. April 1999 - 4 StR 125/99, NStZ 1999, 466; Graf/B\u00fccherl, Strafprozessordnung, \u00a7 46 BZRG Rn. 27). Somit war die Tilgungsfrist am 6. Oktober 2010, dem Tag der Urteilsverk\u00fcndung, noch nicht abgelaufen. Die nach dem tatrichterlichen Urteil eingetretene Tilgungsreife der Eintragungen im Zentralregister ist vom Revisionsgericht nicht zu ber\u00fccksichtigen (BGH, Beschluss vom 7. Dezember 1993 - 5 StR 320/93, BGHR BZRG \u00a7 51 Tilgungsreife 1)."}], "norm": ["\u00a7 46 BZRG", "\u00a7 47 S 1 BZRG", "\u00a7 51 BZRG", "\u00a7 46 StGB"], "doktyp": "Beschluss", "regionLong": "Bundesrepublik Deutschland", "sonstlt": "", "gruendeProcessed": ["landgericht", "angeklagt", "unerlaubt", "handeltreib", "betaubungsmitteln", "gering", "meng", "drei", "fall", "gesamtfreiheitsstraf", "funf", "jahr", "verurteilt", "hiergeg", "richtet", "allgemein", "sachrug", "gestutzt", "revision", "angeklagt", "rechtsmittel", "bleibt", "erfolg", "nachpruf", "urteil", "grund", "revisionsrechtfert", "rechtsfehl", "nachteil", "angeklagt", "ergeb", "abs", "stpo", "landgericht", "durft", "gescheh", "strafscharf", "berucksicht", "dass", "angeklagt", "mehrfach", "einschlag", "vorbestraft", "ua", "stand", "sachrug", "berucksicht", "bgh", "beschluss", "marz", "str", "verwertungsverbot", "abs", "bzrg", "entgeg", "landgericht", "teilt", "dass", "angeklagt", "dreimal", "vorbestraft", "dezemb", "wurd", "handeltreib", "haschisch", "gering", "meng", "tatein", "erwerb", "haschisch", "freiheitsstraf", "jahr", "sech", "monat", "bewahr", "verurteilt", "straf", "wurd", "spat", "erlass", "urteil", "dezemb", "wurd", "angeklagt", "unerlaubt", "handeltreib", "haschisch", "zwei", "fall", "gesamt", "freiheitsstraf", "jahr", "bewahr", "verurteilt", "straf", "wurd", "verlanger", "bewahrungszeit", "erlass", "zuletzt", "wurd", "juni", "verkehrsunfallflucht", "geldstraf", "tagessatz", "verurteilt", "ausserd", "wurd", "massregel", "stgb", "angeordnet", "regist", "mehr", "verurteil", "eingetrag", "tilgung", "eintrag", "gemass", "abs", "satz", "bzrg", "erst", "zulass", "verurteil", "voraussetz", "tilgung", "vorlieg", "voreintrag", "jahr", "galt", "urteil", "dezemb", "verhangt", "gesamt", "freiheitsstraf", "jahr", "funfzehnjahr", "tilgungsfrist", "gemass", "abs", "nr", "bzrg", "verlangert", "gemass", "abs", "bzrg", "dau", "verhangt", "freiheitsstraf", "verlanger", "kommt", "dau", "vollstreck", "vgl", "bgh", "beschluss", "april", "str", "nstz", "graf", "bucherl", "strafprozessordn", "bzrg", "rn", "somit", "tilgungsfrist", "oktob", "tag", "urteilsverkund", "abgelauf", "tatricht", "urteil", "eingetret", "tilgungsreif", "eintrag", "zentralregist", "revisionsgericht", "berucksicht", "bgh", "beschluss", "dezemb", "str", "bghr", "bzrg", "tilgungsreif", "ernemann", "solin", "stojanovi\u0107", "cierniak", "frank", "mutzbau"], "mitwirkung": "", "aktenzeichen": "4 StR 681/10", "language": "deutsch", "gertyp": "BGH", "leitsatz": "", "gruende": "\n      <div>\n         <dl class=\"RspDL\">\n            <dt>\n               <a name=\"rd_1\">1</a>\n            </dt>\n            <dd>\n               <p>Das Landgericht hat den Angeklagten wegen unerlaubten Handeltreibens mit Bet\u00e4ubungsmitteln in nicht geringer Menge in drei F\u00e4llen zu der Gesamtfreiheitsstrafe von f\u00fcnf Jahren verurteilt. Hiergegen richtet sich die auf die allgemeine Sachr\u00fcge gest\u00fctzte Revision des Angeklagten.</p>\n            </dd>\n         </dl>\n         <dl class=\"RspDL\">\n            <dt/>\n            <dd>\n               <p/>\n            </dd>\n         </dl>\n         <dl class=\"RspDL\">\n            <dt>\n               <a name=\"rd_2\">2</a>\n            </dt>\n            <dd>\n               <p>Das Rechtsmittel bleibt ohne Erfolg, da die Nachpr\u00fcfung des Urteils auf Grund der Revisionsrechtfertigung keinen Rechtsfehler zum Nachteil des Angeklagten ergeben hat (\u00a7 349 Abs. 2 StPO).</p>\n            </dd>\n         </dl>\n         <dl class=\"RspDL\">\n            <dt/>\n            <dd>\n               <p/>\n            </dd>\n         </dl>\n         <dl class=\"RspDL\">\n            <dt>\n               <a name=\"rd_3\">3</a>\n            </dt>\n            <dd>\n               <p>Das Landgericht durfte wie geschehen strafsch\u00e4rfend ber\u00fccksichtigen, \"dass der Angeklagte mehrfach und einschl\u00e4gig vorbestraft ist\" (UA 13 f.). Dem stand das - auf Sachr\u00fcge zu ber\u00fccksichtigende (BGH, Beschluss vom 18. M\u00e4rz 2009 \u2013 1 StR 50/09) - Verwertungsverbot nach \u00a7 51 Abs. 1 BZRG nicht entgegen. Das Landgericht teilt mit, dass der Angeklagte \"u.a.\" dreimal vorbestraft ist: Am 19. Dezember 1991 wurde er wegen Handeltreibens mit \u201eHaschisch\u201c in nicht geringer Menge in Tateinheit mit Erwerb von \u201eHaschisch\u201c zu einer Freiheitsstrafe von einem Jahr und sechs Monaten mit Bew\u00e4hrung verurteilt; die Strafe wurde sp\u00e4ter erlassen. Mit Urteil vom 6. Dezember 1994 wurde der Angeklagte wegen unerlaubten Handeltreibens mit \u201eHaschisch\u201c in zwei F\u00e4llen zu einer (Gesamt-)Freiheitsstrafe von einem Jahr mit Bew\u00e4hrung verurteilt; auch diese Strafe wurde - nach Verl\u00e4ngerung der Bew\u00e4hrungszeit - erlassen. Zuletzt wurde er am 26. Juni 1996 wegen \"Verkehrsunfallflucht\" zu einer Geldstrafe von 40 Tagess\u00e4tzen verurteilt; au\u00dferdem wurde eine Ma\u00dfregel nach \u00a7 69a StGB angeordnet.</p>\n            </dd>\n         </dl>\n         <dl class=\"RspDL\">\n            <dt/>\n            <dd>\n               <p/>\n            </dd>\n         </dl>\n         <dl class=\"RspDL\">\n            <dt>\n               <a name=\"rd_4\">4</a>\n            </dt>\n            <dd>\n               <p>Sind im Register mehrere Verurteilungen eingetragen, so ist die Tilgung einer Eintragung gem\u00e4\u00df \u00a7 47 Abs. 3 Satz 1 BZRG erst zul\u00e4ssig, wenn f\u00fcr alle Verurteilungen die Voraussetzungen der Tilgung vorliegen. Wegen der Voreintragung aus dem Jahr 1991 galt auch f\u00fcr die mit Urteil vom 6. Dezember 1994 verh\u00e4ngte (Gesamt-)Freiheitsstrafe von einem Jahr eine f\u00fcnfzehnj\u00e4hrige Tilgungsfrist gem\u00e4\u00df \u00a7 46 Abs. 1 Nr. 4 BZRG. Diese verl\u00e4ngerte sich gem\u00e4\u00df \u00a7 46 Abs. 3 BZRG um die Dauer der verh\u00e4ngten Freiheitsstrafe; f\u00fcr diese Verl\u00e4ngerung kommt es nicht auf die Dauer ihrer Vollstreckung an (vgl. BGH, Beschluss vom 27. April 1999 - 4 StR 125/99, NStZ 1999, 466; Graf/B\u00fccherl, Strafprozessordnung, \u00a7 46 BZRG Rn. 27). Somit war die Tilgungsfrist am 6. Oktober 2010, dem Tag der Urteilsverk\u00fcndung, noch nicht abgelaufen. Die nach dem tatrichterlichen Urteil eingetretene Tilgungsreife der Eintragungen im Zentralregister ist vom Revisionsgericht nicht zu ber\u00fccksichtigen (BGH, Beschluss vom 7. Dezember 1993 - 5 StR 320/93, BGHR BZRG \u00a7 51 Tilgungsreife 1).</p>\n            </dd>\n         </dl>\n         <dl class=\"RspDL\">\n            <dt/>\n            <dd>\n               <p/>\n            </dd>\n         </dl>\n         <dl class=\"RspDL\">\n            <dt/>\n            <dd>\n               <p style=\"text-align:left\">Ernemann\u00a0\u00a0\u00a0\u00a0\u00a0\u00a0\u00a0\u00a0\u00a0\u00a0\u00a0\u00a0\u00a0\u00a0\u00a0\u00a0\u00a0\u00a0\u00a0\u00a0\u00a0\u00a0\u00a0\u00a0\u00a0\u00a0\u00a0\u00a0\u00a0\u00a0\u00a0\u00a0\u00a0\u00a0Solin-Stojanovi\u0107\u00a0\u00a0\u00a0\u00a0\u00a0\u00a0\u00a0\u00a0\u00a0\u00a0\u00a0\u00a0\u00a0\u00a0\u00a0\u00a0\u00a0\u00a0\u00a0\u00a0\u00a0\u00a0\u00a0\u00a0\u00a0\u00a0\u00a0\u00a0\u00a0\u00a0\u00a0\u00a0\u00a0\u00a0\u00a0\u00a0\u00a0\u00a0\u00a0Cierniak</p>\n            </dd>\n         </dl>\n         <dl class=\"RspDL\">\n            <dt/>\n            <dd>\n               <p style=\"text-align:left\">\u00a0\u00a0\u00a0\u00a0\u00a0\u00a0\u00a0\u00a0\u00a0\u00a0\u00a0\u00a0\u00a0\u00a0\u00a0\u00a0\u00a0\u00a0\u00a0\u00a0\u00a0\u00a0\u00a0\u00a0\u00a0\u00a0Franke\u00a0\u00a0\u00a0\u00a0\u00a0\u00a0\u00a0\u00a0\u00a0\u00a0\u00a0\u00a0\u00a0\u00a0\u00a0\u00a0\u00a0\u00a0\u00a0\u00a0\u00a0\u00a0\u00a0\u00a0\u00a0\u00a0\u00a0\u00a0\u00a0\u00a0\u00a0\u00a0\u00a0\u00a0\u00a0\u00a0\u00a0\u00a0\u00a0\u00a0\u00a0\u00a0\u00a0\u00a0\u00a0\u00a0\u00a0Mutzbauer</p>\n            </dd>\n         </dl>\n         <dl class=\"RspDL\">\n            <dt/>\n            <dd>\n               <p style=\"text-align:left\"/>\n            </dd>\n         </dl>\n         <dl class=\"RspDL\">\n            <dt/>\n            <dd>\n               <p/>\n            </dd>\n         </dl>\n      </div>\n   ", "accessRights": "public", "gerort": "", "entschDatum": "20110125", "coverage": "Deutschland", "titel": "\n      <dl class=\"RspDL\">\n         <dt/>\n         <dd>\n            <p>Strafzumessung: Strafsch\u00e4rfende Ber\u00fccksichtigung lange zur\u00fcckliegender Vorverurteilungen; Tilgungsreife nach tatrichterlicher Entscheidung</p>\n         </dd>\n      </dl>\n   ", "ecli": "", "identifier": "http://www.rechtsprechung-im-internet.de/jportal/?quelle=jlink&docid=JURE110003227&psml=bsjrsprod.psml&max=true", "spruchkoerper": "4. Strafsenat", "vorinstanz": "vorgehend LG Essen, 6. Oktober 2010, Az: 22 KLs 9/10 - 71 Js 369/10, Urteil\n   ", "doknr": "JURE110003227", "abweichendeMeinung": "", "tenor": "\n      <div>\n         <dl class=\"RspDL\">\n            <dt/>\n            <dd>\n               <p>1. Die Revision des Angeklagten gegen das Urteil des Landgerichts Essen vom 6. Oktober 2010 wird verworfen.</p>\n            </dd>\n         </dl>\n         <dl class=\"RspDL\">\n            <dt/>\n            <dd>\n               <p/>\n            </dd>\n         </dl>\n         <dl class=\"RspDL\">\n            <dt/>\n            <dd>\n               <p>2. Der Beschwerdef\u00fchrer hat die Kosten des Rechtsmittels zu tragen.</p>\n            </dd>\n         </dl>\n         <dl class=\"RspDL\">\n            <dt/>\n            <dd>\n               <p/>\n            </dd>\n         </dl>\n      </div>\n   ", "regionAbk": "DEU"}