{"publisher": "BMJV", "tatbestand": "", "absaetze": [{"num": "1", "textProcessed": ["mittaterschaft", "handel", "betaubungsmitteln", "gering", "meng", "angeklagt", "urteil", "juli", "landgericht", "angeklagt", "unerlaubt", "besitz", "betaubungsmitteln", "gering", "meng", "tatein", "beihilf", "unerlaubt", "handeltreib", "betaubungsmitteln", "gering", "meng", "freiheitsstraf", "drei", "jahr", "verurteilt", "angeklagt", "landgericht", "freigesproch", "haftentschad", "zugesproch", "revision", "angeklagt", "verurteil", "senat", "beschluss", "novemb", "verworf", "freispruch", "angeklagt", "wendet", "staatsanwaltschaft", "revision", "rugt", "verletz", "formell", "materiell", "recht", "rechtsmittel", "schon", "sachrug", "erfolg", "formalrug", "kommt", "deshalb", "mehr"], "text": "B.\u00a0und S.\u00a0waren des mitt\u00e4terschaftlichen Handels mit Bet\u00e4ubungsmitteln in nicht geringer Menge angeklagt. Mit Urteil vom 29. Juli 2010 hat das Landgericht den Angeklagten S.\u00a0wegen unerlaubten Besitzes von Bet\u00e4ubungsmitteln in nicht geringer Menge in Tateinheit mit Beihilfe zum unerlaubten Handeltreiben mit Bet\u00e4ubungsmitteln in nicht geringer Menge zu der Freiheitsstrafe von drei Jahren verurteilt; den Angeklagten B.\u00a0hat das Landgericht freigesprochen und ihm Haftentsch\u00e4digung zugesprochen. Die Revision des Angeklagten S.\u00a0gegen seine Verurteilung hat der Senat mit Beschluss vom 18. November 2010 verworfen. Gegen den Freispruch des Angeklagten B.\u00a0wendet sich die Staatsanwaltschaft mit ihrer Revision. Sie r\u00fcgt die Verletzung formellen und materiellen Rechts. Das Rechtsmittel hat schon mit der Sachr\u00fcge Erfolg. Auf die Formalr\u00fcgen kommt es deshalb nicht mehr an."}, {"num": "2", "textProcessed": ["strafkamm", "folgend", "festgestellt"], "text": "1. Die Strafkammer hat Folgendes festgestellt:"}, {"num": "3", "textProcessed": ["nahm", "geldnot", "angebot", "innerhalb", "deutschland", "betaubungsmittel", "transporti", "euro", "entlohnt", "dezemb", "traf", "deshalb", "bahnhof", "niederland", "asiat", "erklart", "geh", "transport", "kilogramm", "marihuana", "ubergab", "asiat", "geld", "erwerb", "navigationsgerat", "sowi", "benzin", "ausserd", "erhielt", "zettel", "zwei", "ort", "deutschland", "vermerkt", "namlich", "abholpunkt", "sachs", "sowi", "ziel", "fahrt", "sp"], "text": "S.\u00a0nahm aus Geldnot das Angebot an, innerhalb Deutschlands Bet\u00e4ubungsmittel zu transportieren. Er sollte mit 1.500 Euro entlohnt werden. Am 3. Dezember 2009 traf er sich deshalb am Bahnhof in M.\u00a0(Niederlande) mit einem Asiaten. Dieser erkl\u00e4rte ihm, es gehe um den Transport von einem Kilogramm Marihuana. Dazu \u00fcbergab der Asiate S.\u00a0Geld zum Erwerb eines Navigationsger\u00e4ts sowie f\u00fcr Benzin. Au\u00dferdem erhielt er einen Zettel, auf dem zwei Orte in Deutschland vermerkt waren, n\u00e4mlich der Abholpunkt in H.\u00a0in Sachsen sowie das Ziel der Fahrt, Sp."}, {"num": "4", "textProcessed": ["vermeid", "deutschland", "auto", "fahr", "fragt", "deshalb", "angeklagt", "bereit", "sei", "deutschland", "begleit", "gemeinsam", "kauft", "navigationsgerat", "gab", "abholadress"], "text": "S.\u00a0wollte es vermeiden, in Deutschland selbst mit dem Auto zu fahren. Er fragte deshalb den Angeklagten B., ob er bereit sei, ihn nach Deutschland zu begleiten. Gemeinsam kauften sie ein Navigationsger\u00e4t. S.\u00a0gab die Abholadresse ein."}, {"num": "5", "textProcessed": ["mittag", "dezemb", "macht", "zweitur", "vw", "golf", "angeklagt", "steuert", "fahrzeug", "deutschland", "met", "eingegeb", "ziel", "liess", "angeklagt", "aussteig", "ruckkehr", "wart", "fuhr", "allein", "zieladress", "nah", "marihuana", "indoorfarm", "vereinbart", "treffpunkt", "wurd", "asiat", "erwartet", "zustieg", "nah", "geleg", "parkplatz", "wies", "traf", "bmw", "weit", "asiat", "beid", "asiat", "vermut", "vietnames", "lud", "vier", "gross", "dunkl", "mullsack", "pkw", "drei", "rucksitz", "beifahrerseit", "beifahrersitz", "sack", "befand", "insgesamt", "ca", "zehn", "kilogramm", "marihuana", "bemerkt", "dass", "erheb", "mehr", "rauschgift", "eingelad", "word", "vereinbart", "kilogramm", "angst", "widersprach", "jedoch", "gab", "zielort", "sp", "navigationsgerat", "fuhr", "zuruck", "angeklagt", "nahm", "erreich", "autobahn", "ubernahm", "steu", "bundesautobahn", "wurd", "bereich", "mu", "kontrolliert", "rauschgift", "wurd", "entdeckt", "sichergestellt", "insgesamt", "gramm", "marihuana", "mindest", "gramm", "tetrahydrocannabinol", "kontroll", "erklart", "angeklagt", "frag", "dabei", "ja", "hundefutt"], "text": "Gegen Mittag des 3. Dezember 2009 machten sie sich mit einem zweit\u00fcrigen VW Golf auf den Weg. Der Angeklagte B.\u00a0steuerte das Fahrzeug in Deutschland bis nach H.. 400 bis 500 Meter vor dem eingegebenen Ziel lie\u00df S.den Angeklagten B.aussteigen; er solle auf seine - des S.- R\u00fcckkehr warten. S.fuhr dann alleine weiter bis zur Zieladresse, nahe einer Marihuana-Indoorfarm. Am vereinbarten Treffpunkt wurdeS.von einem Asiaten erwartet, der zustieg und den Weg zu einem nahe gelegenen Parkplatz wies. Dort trafen sie auf einen BMW mit einem weiteren Asiaten. Die beiden Asiaten, vermutlich die Vietnamesen T.und P., luden vier gro\u00dfe dunkle M\u00fclls\u00e4cke in den PKW des S., drei auf den R\u00fccksitz der Beifahrerseite, einen hinter den Beifahrersitz. In diesen S\u00e4cken befanden sich insgesamt ca. zehn Kilogramm Marihuana.S.bemerkte, dass erheblich mehr Rauschgift eingeladen worden war, als das vereinbarte eine Kilogramm. Aus Angst widersprach er jedoch nicht. Er gab den Zielort Sp.ins Navigationsger\u00e4t ein, fuhr zur\u00fcck zum Angeklagten B.und nahm ihn auf. Vor Erreichen der Autobahn \u00fcbernahm dieser wieder das Steuer. Auf der Bundesautobahn A9 wurden sie im Bereich M\u00fc.kontrolliert. Das Rauschgift wurde entdeckt und sichergestellt, insgesamt 9.420,80 Gramm Marihuana mit mindestens 1.110,90 Gramm Tetrahydrocannabinol. Bei der Kontrolle erkl\u00e4rte der Angeklagte B.auf die Frage, ob er etwas dabei habe: \"ja Hundefutter\"."}, {"num": "6", "textProcessed": ["angeklagt", "zweck", "fahrt", "namlich", "transport", "betaubungsmitteln", "zugriff", "polizei", "unbekannt"], "text": "Dem Angeklagten B.\u00a0war der Zweck der Fahrt, n\u00e4mlich der Transport von Bet\u00e4ubungsmitteln, bis zum Zugriff der Polizei unbekannt."}, {"num": "7", "textProcessed": ["beweiswurd", "freispruch", "angeklagt"], "text": "2. Die Beweisw\u00fcrdigung zum Freispruch des Angeklagten B.:"}, {"num": "8", "textProcessed": ["feststell", "strafkamm", "beruh", "insbesond", "angab", "verurteilt", "angeklagt", "strafkamm", "einlass", "damal", "mitangeklagt", "bestatigt", "geschehensablauf", "detailliert", "geschildert"], "text": "a) Die Feststellungen der Strafkammer beruhen insbesondere auf den Angaben des Verurteilten S. Der Angeklagte B.\u00a0habe, so die Strafkammer, die Einlassung des damaligen Mitangeklagten best\u00e4tigt. \"Er hat die Geschehensabl\u00e4ufe detailliert geschildert.\""}, {"num": "9", "textProcessed": ["strafkamm", "allerding", "davon", "uberzeug", "dass", "angeklagt", "kenntnis", "transport", "betaubungsmittel"], "text": "b) Die Strafkammer hat sich allerdings nicht davon \u00fcberzeugen k\u00f6nnen, dass der Angeklagte B.\u00a0Kenntnis vom Transport der Bet\u00e4ubungsmittel hatte."}, {"num": "10", "textProcessed": ["aa", "angeklagt", "bestritt", "grund", "fahrt", "deutschland", "gekannt", "helf", "fuhrerschein", "find", "angebot", "deutschland", "fahr", "gefreut", "weis", "kostenlos", "dorthin", "reis", "auto", "fahr"], "text": "aa) Der Angeklagte hat bestritten, den Grund der Fahrt nach Deutschland gekannt zu haben. Er habe nurS.helfen wollen, da dieser seinen F\u00fchrerschein nicht habe finden k\u00f6nnen. \u00dcber das Angebot, mit nach Deutschland zu fahren, habe er sich sehr gefreut, da er auf diese Weise wieder einmal kostenlos habe dorthin reisen und dort Auto fahren k\u00f6nnen."}, {"num": "11", "textProcessed": ["bb", "umstand", "kenntnis", "angeklagtenb", "zweck", "reis", "sprech", "strafkamm", "angefuhrt"], "text": "bb) Als Umst\u00e4nde, die gegen eine Kenntnis des AngeklagtenB.vom Zweck der Reise sprechen, hat die Strafkammer angef\u00fchrt:"}, {"num": "12", "textProcessed": ["cc", "angeklagteb", "allerding", "seinerzeit", "mitangeklagt", "belastet", "word", "gab", "angeklagt", "antritt", "fahrt", "gesagt", "worum", "geh", "namlich", "transport", "kilogramm", "marihuana"], "text": "cc) Der AngeklagteB.ist allerdings durch den seinerzeit Mitangeklagten S.\u00a0belastet worden. Er gab an, er habe dem Angeklagten B.\u00a0- vor Antritt der Fahrt - gesagt, worum es gehe, n\u00e4mlich um den Transport von einem Kilogramm Marihuana."}, {"num": "13", "textProcessed": ["steh", "jedoch", "sachverstand", "berat", "strafkamm", "unkenntnis", "angeklagt", "wahr", "zweck", "fahrt", "entgeg", "sei", "namlich", "auszuschliess", "dass", "aufgrund", "erkrank", "information", "realisiert", "verarbeitet", "angeklagt", "leid", "hyperkinet", "storung", "sinn", "icd", "aufmerksamkeitsstor", "defizit", "hyperaktivitatsstor", "adh", "fuhr", "konzentrationsstor", "gedankengedrang", "angeklagt", "verfolg", "umstand", "gedank", "gleichzeit", "nehm", "gegenub", "geaussert", "information", "akust", "wahr", "jedoch", "gedank", "verdrangt", "abspeicher", "information", "sei", "aufgrund", "denkstor", "ausgeschloss", "folg", "dass", "innerhalb", "kurz", "zeit", "verlor", "ging"], "text": "Dies stehe jedoch, so die sachverst\u00e4ndig beratene Strafkammer, der Unkenntnis des Angeklagten B.\u00a0vom wahren Zweck der Fahrt nicht entgegen. Es sei n\u00e4mlich nicht auszuschlie\u00dfen, dass er aufgrund seiner Erkrankung diese Information nicht realisiert und verarbeitet habe. Der Angeklagte leide an einer hyperkinetischen St\u00f6rung im Sinne der ICD 10 F 90.0 (Aufmerksamkeitsst\u00f6rung [-defizit] mit Hyperaktivit\u00e4tsst\u00f6rung - ADHS). Dies f\u00fchre bei ihm zu Konzentrationsst\u00f6rungen mit \"Gedankengedr\u00e4nge\". Der Angeklagte verfolge dann unter Umst\u00e4nden 10 bis 20 Gedanken gleichzeitig. Er nehme dann ihm gegen\u00fcber ge\u00e4u\u00dferte Informationen zwar akustisch wahr. Diese w\u00fcrden jedoch wegen vieler anderer Gedanken verdr\u00e4ngt. Eine Abspeicherung der Informationen sei aufgrund dieser Denkst\u00f6rung ausgeschlossen mit der Folge, dass sie innerhalb k\u00fcrzester Zeit wieder verloren gingen."}, {"num": "14", "textProcessed": ["sachlich", "rechtlich", "uberpruf", "urteil", "deckt", "durchgreif", "rechtsfehl", "beweiswurd"], "text": "Die sachlich-rechtliche \u00dcberpr\u00fcfung des Urteils deckt durchgreifende Rechtsfehler bei der Beweisw\u00fcrdigung auf."}, {"num": "15", "textProcessed": ["revisionsgericht", "grundsatz", "hinzunehm", "tatgericht", "angeklagt", "freispricht", "zweifel", "taterschaft", "uberwind", "vermag", "beweiswurd", "sach", "tatgericht", "kommt", "darauf", "revisionsgericht", "angefall", "erkenntnis", "gewurdigt", "zweifel", "uberwund", "hatt", "revisionsgericht", "prufung", "beschrankt", "darauf", "tatgericht", "rechtsfehl", "unterlauf", "sachlich", "rechtlich", "hinsicht", "fall", "beweiswurd", "widerspruch", "unklar", "luckenhaft", "denkgesetz", "gesichert", "erfahrungssatz", "verstosst", "rechtsfehlerhaft", "tatgericht", "beweiswurd", "darauf", "beschrankt", "einzeln", "belastungsindizi", "gesondert", "erort", "jeweil", "beweiswert", "pruf", "gesamtabwag", "taterschaft", "sprechend", "umstand", "vorzunehm", "revisionsgericht", "uberpruf", "unterliegt", "uberspannt", "anforder", "verurteil", "erford", "gewiss", "gestellt", "word", "st", "rspr", "bgh", "urteil", "juli", "str", "rn", "april", "str", "rn", "mwn"], "text": "1. Das Revisionsgericht hat es grunds\u00e4tzlich hinzunehmen, wenn das Tatgericht einen Angeklagten freispricht, weil es Zweifel an seiner T\u00e4terschaft nicht zu \u00fcberwinden vermag. Die Beweisw\u00fcrdigung ist Sache des Tatgerichts. Es kommt nicht darauf an, ob das Revisionsgericht angefallene Erkenntnisse anders gew\u00fcrdigt oder Zweifel \u00fcberwunden h\u00e4tte. Die revisionsgerichtliche Pr\u00fcfung beschr\u00e4nkt sich darauf, ob dem Tatgericht Rechtsfehler unterlaufen sind. Dies ist in sachlich-rechtlicher Hinsicht der Fall, wenn die Beweisw\u00fcrdigung widerspr\u00fcchlich, unklar oder l\u00fcckenhaft ist oder gegen Denkgesetze oder gesicherte Erfahrungss\u00e4tze verst\u00f6\u00dft. Rechtsfehlerhaft ist es auch, wenn sich das Tatgericht bei seiner Beweisw\u00fcrdigung darauf beschr\u00e4nkt, die einzelnen Belastungsindizien gesondert zu er\u00f6rtern und auf ihren jeweiligen Beweiswert zu pr\u00fcfen, ohne eine Gesamtabw\u00e4gung aller f\u00fcr und gegen die T\u00e4terschaft sprechenden Umst\u00e4nde vorzunehmen. Der revisionsgerichtlichen \u00dcberpr\u00fcfung unterliegt auch, ob \u00fcberspannte Anforderungen an die f\u00fcr die Verurteilung erforderliche Gewissheit gestellt worden sind (st. Rspr.; BGH, Urteile vom 1. Juli 2008 - 1 StR 654/07, Rn. 18; vom 27. April 2010 - 1 StR 454/09, Rn. 18 mwN)."}, {"num": "16", "textProcessed": ["darf", "tatricht", "entlast", "angab", "angeklagt", "zureich", "anhaltspunkt", "besteh", "wahrheitsgehalt", "fraglich", "weit", "entscheid", "zugrund", "leg", "gegenteil", "unmittelbar", "beweis", "gibt", "zuruckweis", "einlass", "erfordert", "dass", "gegenteil", "positiv", "feststell", "lasst", "vielmehr", "tatricht", "aufgrund", "gesamtwurd", "ergebnis", "beweisaufnahm", "uberzeug", "richtig", "unricht", "einlass", "bild", "gilt", "umso", "mehr", "objektiv", "beweisanzeich", "festgestellt", "gewicht", "richtig", "einlass", "angeklagt", "sprech", "bgh", "urteil", "oktob", "str", "rn", "mwn"], "text": "Auch darf der Tatrichter entlastende Angaben eines Angeklagten, f\u00fcr die keine zureichenden Anhaltspunkte bestehen und deren Wahrheitsgehalt fraglich ist, nicht ohne weiteres seiner Entscheidung zugrunde legen, nur, weil es f\u00fcr das Gegenteil keine unmittelbaren Beweise gibt. Die Zur\u00fcckweisung einer Einlassung erfordert auch nicht, dass sich ihr Gegenteil positiv feststellen l\u00e4sst. Vielmehr muss sich der Tatrichter aufgrund einer Gesamtw\u00fcrdigung des Ergebnisses der Beweisaufnahme seine \u00dcberzeugung von der Richtigkeit oder Unrichtigkeit der Einlassung bilden. Dies gilt umso mehr dann, wenn objektive Beweisanzeichen festgestellt sind, die mit Gewicht gegen die Richtigkeit der Einlassung des Angeklagten sprechen (BGH, Urteil vom 30.Oktober 2008 - 3 StR 416/08, Rn. 6 mwN)."}, {"num": "17", "textProcessed": ["schilder", "angeklagt", "motivation", "fahrt", "deutschland", "begleit", "namlich", "tourist", "interess", "freud", "autofahr", "erscheint", "angesicht", "nah", "umstand", "ausflug", "nah", "liegend", "betrachtet", "bestand", "urteil", "allerding", "gefahrd", "beweiswurd", "weist", "jedoch", "darub", "hinaus", "luck", "widerspruch"], "text": "2. Die Schilderung des Angeklagten B.\u00a0\u00fcber seine Motivation, S.\u00a0auf der Fahrt nach Deutschland zu begleiten, n\u00e4mlich nur touristisches Interesse und Freude am Autofahren, erscheint angesichts der n\u00e4heren Umst\u00e4nde des \"Ausflugs\" nicht nahe liegend. Dies kann f\u00fcr sich betrachtet den Bestand des Urteils allerdings noch nicht gef\u00e4hrden. Die Beweisw\u00fcrdigung weist jedoch dar\u00fcber hinaus L\u00fccken auf und sie ist widerspr\u00fcchlich."}, {"num": "18", "textProcessed": ["feststell", "strafkamm", "fordert", "angeklagt", "mitfahrt", "vermeid", "deutschland", "auto", "fahr", "einlass", "angeklagt", "fuhrerschein", "gefund", "tatsach", "setzt", "jedoch", "bereich", "ans", "steu", "widerspruch", "strafkamm", "auseinandergesetzt", "insbesond", "fahrerwechsel", "reagiert"], "text": "a) Nach den Feststellungen der Strafkammer forderte S.\u00a0den Angeklagten B.\u00a0zur Mitfahrt auf, da er - S.\u00a0- habe vermeiden wollen, in Deutschland Auto zu fahren, nach der Einlassung des Angeklagten B., da S.\u00a0seinen F\u00fchrerschein nicht gefunden habe. Tats\u00e4chlich setzte sich S.\u00a0jedoch im Bereich von H.\u00a0selbst ans Steuer. Mit diesem Widerspruch hat sich die Strafkammer nicht auseinandergesetzt, insbesondere nicht damit, wie B.\u00a0auf diesen Fahrerwechsel reagierte."}, {"num": "19", "textProcessed": ["fahrerwechsel", "liess", "angeklagt", "abend", "dezemb", "unbekannt", "ort", "parkplatz", "absetz", "ruckkehr", "wart", "gegebenenfall", "ansinn", "angeklagt", "erlautert", "wurd", "bleibt", "unerwahnt", "hatt", "strafkamm", "auseinandersetz", "nahm", "angeklagteb", "kommentarlos", "nah", "lieg", "dass", "vorneherein", "darin", "eingeweiht", "bewusst", "wartezeit", "gescheh"], "text": "b) Bei diesem Fahrerwechsel lie\u00df sich der Angeklagte B.\u00a0abends im Dezember in einem ihm unbekannten Ort an einem Parkplatz absetzen, um auf die R\u00fcckkehr vonS.zu warten. Ob und gegebenenfalls wie dieses Ansinnen dem Angeklagten erl\u00e4utert wurde, bleibt unerw\u00e4hnt. Damit h\u00e4tte sich die Strafkammer aber auseinandersetzen m\u00fcssen. Denn nahm der AngeklagteB.dies kommentarlos hin, k\u00f6nnte es nahe liegen, dass er von vorneherein darin eingeweiht und es ihm bewusst war, was w\u00e4hrend der Wartezeit geschehen sollte."}, {"num": "20", "textProcessed": ["landgericht", "einerseit", "festgestellt", "adh", "bedingt", "gedankengedrang", "fuhr", "dass", "angeklagt", "entscheid", "mitteil", "wonach", "fahrt", "transport", "betaubungsmitteln", "dien", "bewusstsein", "aufgenomm", "andererseit", "jedoch", "geschehensablauf", "ubrig", "glaubhaft", "detailliert", "geschildert", "widerspruch", "jedenfall", "hatt", "nah", "erorter", "bedurft", "sachverstand", "weshalb", "konzentrationsschwach", "angeklagt", "information", "zweck", "fahrt", "vergess", "gerat", "lass", "zuverlass", "erinner", "detail", "reis", "strafkamm", "gleichwohl", "fraglich", "erschi"], "text": "c) Das Landgericht hat einerseits festgestellt, das ADHS-bedingte \"Gedankengedr\u00e4nge\" habe dazu f\u00fchren k\u00f6nnen, dass der Angeklagte die entscheidende Mitteilung, wonach die Fahrt dem Transport von Bet\u00e4ubungsmitteln dienen sollte, nicht in sein Bewusstsein aufgenommen hat. Andererseits habe er jedoch die Geschehensabl\u00e4ufe - im \u00dcbrigen - glaubhaft detailliert geschildert. Dies ist widerspr\u00fcchlich. Jedenfalls h\u00e4tte es n\u00e4herer Er\u00f6rterung bedurft, auch mit dem Sachverst\u00e4ndigen, weshalb die Konzentrationsschw\u00e4che des Angeklagten zwar die Information \u00fcber den Zweck der Fahrt habe in Vergessenheit geraten lassen k\u00f6nnen, die Zuverl\u00e4ssigkeit der Erinnerung an Details der Reise der Strafkammer aber gleichwohl nicht fraglich erschienen ist."}, {"num": "21", "textProcessed": ["feststell", "sachverstand", "berat", "strafkamm", "adh", "syndrom", "verursacht", "konzentrationsstor", "gleichzeit", "verarbeit", "mehr", "information", "verdrang", "erinnerungsverlust", "fuhr", "substantiiert", "tatsachenfundiert", "belegt", "bleibt", "unerortert", "inwieweit", "informationsverarbeit", "gewicht", "mitteil", "bedeut", "zukommt", "aufforder", "drogenkurierfahrt", "fahr", "beteil", "brisant", "person", "drogenmilieu", "bislang", "tun", "davon", "beim", "angeklagtenb", "urteilsgrund", "auszugeh", "geradezu", "elektrisi", "einleucht", "gedank", "hintergrund", "trat", "dass", "euphori", "angeklagt", "geleg", "kurz", "weitgeh", "nachtlich", "ausflug", "deutschland", "sowi", "erwart", "autofahr", "gedankengedrang", "beherrsch", "verstark", "konnt", "dass", "deshalb", "aufforder", "beihilf", "betaubungsmittelstraftat", "eigent", "dominant", "information", "angeklagt", "akust", "wahrgenomm", "bewusstsein", "aufgenomm", "wurd", "hatt", "nah", "erorter", "bedurft"], "text": "d) Nach den Feststellungen der sachverst\u00e4ndig beratenen Strafkammer sollen die durch das ADHS-Syndrom verursachten Konzentrationsst\u00f6rungen bei der gleichzeitigen Verarbeitung mehrerer Informationen zu Verdr\u00e4ngungen und Erinnerungsverlust f\u00fchren. Da dies nicht substantiiert tatsachenfundiert belegt ist, bleibt auch uner\u00f6rtert, inwieweit bei der Informationsverarbeitung dem Gewicht einer Mitteilung Bedeutung zukommt. Die Aufforderung, sich an einer Drogenkurierfahrt als Fahrer zu beteiligen, ist brisant. Eine Person, die mit dem Drogenmilieu bislang nichts zu tun hatte - davon ist beim AngeklagtenB.nach den Urteilsgr\u00fcnden auszugehen -, muss dies geradezu \"elektrisieren\". Es w\u00e4re einleuchtend, wenn dann alle anderen Gedanken in den Hintergrund tr\u00e4ten. Dass aber die Euphorie des Angeklagten \u00fcber die Gelegenheit eines kurzen, weitgehend n\u00e4chtlichen Ausflugs nach Deutschland sowie die Erwartung des Autofahrens dort das \"Gedankengedr\u00e4nge\" so sehr beherrschen und verst\u00e4rken konnten, dass deshalb die Aufforderung zur Beihilfe zu einer Bet\u00e4ubungsmittelstraftat - die eigentlich dominante Information - vom Angeklagten zwar akustisch wahrgenommen, aber nicht ins Bewusstsein aufgenommen wurde, h\u00e4tte n\u00e4herer Er\u00f6rterung bedurft."}, {"num": "22", "textProcessed": ["strafkamm", "folgt", "angab", "angeklagt", "wonach", "rucksitzbank", "fahrzeug", "befind", "sack", "fahrt", "irgendwann", "bemerkt", "jedoch", "sag", "konn", "sack", "bereit", "abfahrt", "holland", "fahrzeug", "befund", "hatt", "sack", "gedank", "gemacht", "ruckbank", "fahrzeug", "oft", "sack", "beutel", "geleg", "hatt", "damal", "mitangeklagt", "angegeb", "strafkamm", "zeit", "gesamt", "gut", "fahrzeug", "gelebt", "behaupt", "angeklagt", "eingelad", "vier", "mullsack", "bemerkt", "abgeholt", "wurd", "klingt", "wenig", "plausibel", "strafkamm", "hatt", "einlass", "dah", "weit", "hinnehm", "ungepruft", "feststell", "zugrund", "leg", "durf", "vgl", "bgh", "urteil", "oktob", "str", "rn", "strafkamm", "hatt", "entsprech", "feststell", "tatsach", "beladungszustand", "fahrzeug", "ruckbank", "tattag", "auseinandersetz", "gross", "gefullt", "sack", "positionier", "bezieh", "sichtfeld", "fahr", "blick", "hint", "sei", "mittel", "innenruckspiegel", "dreh", "kopf", "landgericht", "hatt", "darleg", "weshalb", "feststell", "hierzu", "mehr", "treff"], "text": "e) Die Strafkammer folgt den Angaben des Angeklagten B., wonach er die auf der R\u00fccksitzbank des Fahrzeugs befindlichen S\u00e4cke w\u00e4hrend der Fahrt zwar irgendwann bemerkt habe, er jedoch nicht mit Sicherheit sagen k\u00f6nne, ob sich die S\u00e4cke bereits bei der Abfahrt in Holland im Fahrzeug befunden h\u00e4tten. Er habe sich \u00fcber die S\u00e4cke keine Gedanken gemacht, da bei S.\u00a0auf der R\u00fcckbank des Fahrzeugs \u00f6fters S\u00e4cke und Beutel gelegen h\u00e4tten. Der damalige Mitangeklagte S.\u00a0habe dazu angegeben, so die Strafkammer, er habe zu jener Zeit mit seinem gesamten Hab und Gut in seinem Fahrzeug gelebt. Die Behauptung des Angeklagten B., er habe die in H.\u00a0eingeladenen vier M\u00fclls\u00e4cke nicht bemerkt, als er wieder abgeholt wurde, klingt wenig plausibel. Die Strafkammer h\u00e4tte diese Einlassung daher nicht ohne weiteres hinnehmen und so ungepr\u00fcft ihren Feststellungen zugrunde legen d\u00fcrfen (vgl. BGH, Urteil vom 30. Oktober 2008 - 3 StR 416/08, Rn. 6). Die Strafkammer h\u00e4tte sich - nach entsprechenden Feststellungen - mit dem tats\u00e4chlichen Beladungszustand des Fahrzeugs auf der R\u00fcckbank am Tattag auseinandersetzen m\u00fcssen, wie auch mit der Gr\u00f6\u00dfe der gef\u00fcllten S\u00e4cke und deren Positionierung in Beziehung zum Sichtfeld des Fahrers bei einem Blick nach hinten, sei es mittels des Innenr\u00fcckspiegels oder durch Drehen des Kopfes. Oder das Landgericht h\u00e4tte darlegen m\u00fcssen, weshalb es Feststellungen hierzu nicht mehr hat treffen k\u00f6nnen."}, {"num": "23", "textProcessed": ["senat", "vermag", "auszuschliess", "dass", "strafkamm", "vermeid", "aufgezeigt", "rechtsfehl", "teilweis", "zusatz", "feststell", "gekomm", "gebot", "gesamtbetracht", "einlass", "angeklagt", "unkenntnis", "zweck", "fahrt", "deutschland", "bewertet", "folg", "entschied", "angeklagtenb", "betaubungsmittelstraftat", "schuldig", "befund", "hatt"], "text": "3. Der Senat vermag nicht auszuschlie\u00dfen, dass die Strafkammer bei Vermeidung der aufgezeigten Rechtsfehler zu teilweise anderen oder zus\u00e4tzlichen Feststellungen gekommen w\u00e4re und dann in der gebotenen Gesamtbetrachtung die Einlassung des Angeklagten \u00fcber seine Unkenntnis des Zwecks der Fahrt nach Deutschland anders bewertet, in der Folge dann auch anders entschieden und den AngeklagtenB.einer Bet\u00e4ubungsmittelstraftat f\u00fcr schuldig befunden h\u00e4tte."}, {"num": "24", "textProcessed": ["sofort", "beschwerd", "staatsanwaltschaft", "zuerkenn", "haftentschad", "gegenstandslos"], "text": "Die sofortige Beschwerde der Staatsanwaltschaft gegen die Zuerkennung von Haftentsch\u00e4digung ist damit gegenstandslos."}], "norm": ["\u00a7 261 StPO"], "doktyp": "Urteil", "regionLong": "Bundesrepublik Deutschland", "sonstlt": "", "gruendeProcessed": ["mittaterschaft", "handel", "betaubungsmitteln", "gering", "meng", "angeklagt", "urteil", "juli", "landgericht", "angeklagt", "unerlaubt", "besitz", "betaubungsmitteln", "gering", "meng", "tatein", "beihilf", "unerlaubt", "handeltreib", "betaubungsmitteln", "gering", "meng", "freiheitsstraf", "drei", "jahr", "verurteilt", "angeklagt", "landgericht", "freigesproch", "haftentschad", "zugesproch", "revision", "angeklagt", "verurteil", "senat", "beschluss", "novemb", "verworf", "freispruch", "angeklagt", "wendet", "staatsanwaltschaft", "revision", "rugt", "verletz", "formell", "materiell", "recht", "rechtsmittel", "schon", "sachrug", "erfolg", "formalrug", "kommt", "deshalb", "mehr", "strafkamm", "folgend", "festgestellt", "nahm", "geldnot", "angebot", "innerhalb", "deutschland", "betaubungsmittel", "transporti", "euro", "entlohnt", "dezemb", "traf", "deshalb", "bahnhof", "niederland", "asiat", "erklart", "geh", "transport", "kilogramm", "marihuana", "ubergab", "asiat", "geld", "erwerb", "navigationsgerat", "sowi", "benzin", "ausserd", "erhielt", "zettel", "zwei", "ort", "deutschland", "vermerkt", "namlich", "abholpunkt", "sachs", "sowi", "ziel", "fahrt", "sp", "vermeid", "deutschland", "auto", "fahr", "fragt", "deshalb", "angeklagt", "bereit", "sei", "deutschland", "begleit", "gemeinsam", "kauft", "navigationsgerat", "gab", "abholadress", "mittag", "dezemb", "macht", "zweitur", "vw", "golf", "angeklagt", "steuert", "fahrzeug", "deutschland", "met", "eingegeb", "ziel", "liess", "angeklagt", "aussteig", "ruckkehr", "wart", "fuhr", "allein", "zieladress", "nah", "marihuana", "indoorfarm", "vereinbart", "treffpunkt", "wurd", "asiat", "erwartet", "zustieg", "nah", "geleg", "parkplatz", "wies", "traf", "bmw", "weit", "asiat", "beid", "asiat", "vermut", "vietnames", "lud", "vier", "gross", "dunkl", "mullsack", "pkw", "drei", "rucksitz", "beifahrerseit", "beifahrersitz", "sack", "befand", "insgesamt", "ca", "zehn", "kilogramm", "marihuana", "bemerkt", "dass", "erheb", "mehr", "rauschgift", "eingelad", "word", "vereinbart", "kilogramm", "angst", "widersprach", "jedoch", "gab", "zielort", "sp", "navigationsgerat", "fuhr", "zuruck", "angeklagt", "nahm", "erreich", "autobahn", "ubernahm", "steu", "bundesautobahn", "wurd", "bereich", "mu", "kontrolliert", "rauschgift", "wurd", "entdeckt", "sichergestellt", "insgesamt", "gramm", "marihuana", "mindest", "gramm", "tetrahydrocannabinol", "kontroll", "erklart", "angeklagt", "frag", "dabei", "ja", "hundefutt", "angeklagt", "zweck", "fahrt", "namlich", "transport", "betaubungsmitteln", "zugriff", "polizei", "unbekannt", "beweiswurd", "freispruch", "angeklagt", "feststell", "strafkamm", "beruh", "insbesond", "angab", "verurteilt", "angeklagt", "strafkamm", "einlass", "damal", "mitangeklagt", "bestatigt", "geschehensablauf", "detailliert", "geschildert", "strafkamm", "allerding", "davon", "uberzeug", "dass", "angeklagt", "kenntnis", "transport", "betaubungsmittel", "aa", "angeklagt", "bestritt", "grund", "fahrt", "deutschland", "gekannt", "helf", "fuhrerschein", "find", "angebot", "deutschland", "fahr", "gefreut", "weis", "kostenlos", "dorthin", "reis", "auto", "fahr", "bb", "umstand", "kenntnis", "angeklagtenb", "zweck", "reis", "sprech", "strafkamm", "angefuhrt", "abwes", "ubergab", "betaubungsmittel", "entlohn", "fahrt", "kommunikation", "betaubungsmittel", "fahrt", "ubernahm", "wahrnehm", "geruch", "marihuana", "fahrzeug", "mullsack", "angeklagt", "irgendwann", "kenntnis", "genomm", "darub", "gedank", "gemacht", "cc", "angeklagteb", "allerding", "seinerzeit", "mitangeklagt", "belastet", "word", "gab", "angeklagt", "antritt", "fahrt", "gesagt", "worum", "geh", "namlich", "transport", "kilogramm", "marihuana", "steh", "jedoch", "sachverstand", "berat", "strafkamm", "unkenntnis", "angeklagt", "wahr", "zweck", "fahrt", "entgeg", "sei", "namlich", "auszuschliess", "dass", "aufgrund", "erkrank", "information", "realisiert", "verarbeitet", "angeklagt", "leid", "hyperkinet", "storung", "sinn", "icd", "aufmerksamkeitsstor", "defizit", "hyperaktivitatsstor", "adh", "fuhr", "konzentrationsstor", "gedankengedrang", "angeklagt", "verfolg", "umstand", "gedank", "gleichzeit", "nehm", "gegenub", "geaussert", "information", "akust", "wahr", "jedoch", "gedank", "verdrangt", "abspeicher", "information", "sei", "aufgrund", "denkstor", "ausgeschloss", "folg", "dass", "innerhalb", "kurz", "zeit", "verlor", "ging", "ii", "sachlich", "rechtlich", "uberpruf", "urteil", "deckt", "durchgreif", "rechtsfehl", "beweiswurd", "revisionsgericht", "grundsatz", "hinzunehm", "tatgericht", "angeklagt", "freispricht", "zweifel", "taterschaft", "uberwind", "vermag", "beweiswurd", "sach", "tatgericht", "kommt", "darauf", "revisionsgericht", "angefall", "erkenntnis", "gewurdigt", "zweifel", "uberwund", "hatt", "revisionsgericht", "prufung", "beschrankt", "darauf", "tatgericht", "rechtsfehl", "unterlauf", "sachlich", "rechtlich", "hinsicht", "fall", "beweiswurd", "widerspruch", "unklar", "luckenhaft", "denkgesetz", "gesichert", "erfahrungssatz", "verstosst", "rechtsfehlerhaft", "tatgericht", "beweiswurd", "darauf", "beschrankt", "einzeln", "belastungsindizi", "gesondert", "erort", "jeweil", "beweiswert", "pruf", "gesamtabwag", "taterschaft", "sprechend", "umstand", "vorzunehm", "revisionsgericht", "uberpruf", "unterliegt", "uberspannt", "anforder", "verurteil", "erford", "gewiss", "gestellt", "word", "st", "rspr", "bgh", "urteil", "juli", "str", "rn", "april", "str", "rn", "mwn", "darf", "tatricht", "entlast", "angab", "angeklagt", "zureich", "anhaltspunkt", "besteh", "wahrheitsgehalt", "fraglich", "weit", "entscheid", "zugrund", "leg", "gegenteil", "unmittelbar", "beweis", "gibt", "zuruckweis", "einlass", "erfordert", "dass", "gegenteil", "positiv", "feststell", "lasst", "vielmehr", "tatricht", "aufgrund", "gesamtwurd", "ergebnis", "beweisaufnahm", "uberzeug", "richtig", "unricht", "einlass", "bild", "gilt", "umso", "mehr", "objektiv", "beweisanzeich", "festgestellt", "gewicht", "richtig", "einlass", "angeklagt", "sprech", "bgh", "urteil", "oktob", "str", "rn", "mwn", "schilder", "angeklagt", "motivation", "fahrt", "deutschland", "begleit", "namlich", "tourist", "interess", "freud", "autofahr", "erscheint", "angesicht", "nah", "umstand", "ausflug", "nah", "liegend", "betrachtet", "bestand", "urteil", "allerding", "gefahrd", "beweiswurd", "weist", "jedoch", "darub", "hinaus", "luck", "widerspruch", "feststell", "strafkamm", "fordert", "angeklagt", "mitfahrt", "vermeid", "deutschland", "auto", "fahr", "einlass", "angeklagt", "fuhrerschein", "gefund", "tatsach", "setzt", "jedoch", "bereich", "ans", "steu", "widerspruch", "strafkamm", "auseinandergesetzt", "insbesond", "fahrerwechsel", "reagiert", "fahrerwechsel", "liess", "angeklagt", "abend", "dezemb", "unbekannt", "ort", "parkplatz", "absetz", "ruckkehr", "wart", "gegebenenfall", "ansinn", "angeklagt", "erlautert", "wurd", "bleibt", "unerwahnt", "hatt", "strafkamm", "auseinandersetz", "nahm", "angeklagteb", "kommentarlos", "nah", "lieg", "dass", "vorneherein", "darin", "eingeweiht", "bewusst", "wartezeit", "gescheh", "landgericht", "einerseit", "festgestellt", "adh", "bedingt", "gedankengedrang", "fuhr", "dass", "angeklagt", "entscheid", "mitteil", "wonach", "fahrt", "transport", "betaubungsmitteln", "dien", "bewusstsein", "aufgenomm", "andererseit", "jedoch", "geschehensablauf", "ubrig", "glaubhaft", "detailliert", "geschildert", "widerspruch", "jedenfall", "hatt", "nah", "erorter", "bedurft", "sachverstand", "weshalb", "konzentrationsschwach", "angeklagt", "information", "zweck", "fahrt", "vergess", "gerat", "lass", "zuverlass", "erinner", "detail", "reis", "strafkamm", "gleichwohl", "fraglich", "erschi", "feststell", "sachverstand", "berat", "strafkamm", "adh", "syndrom", "verursacht", "konzentrationsstor", "gleichzeit", "verarbeit", "mehr", "information", "verdrang", "erinnerungsverlust", "fuhr", "substantiiert", "tatsachenfundiert", "belegt", "bleibt", "unerortert", "inwieweit", "informationsverarbeit", "gewicht", "mitteil", "bedeut", "zukommt", "aufforder", "drogenkurierfahrt", "fahr", "beteil", "brisant", "person", "drogenmilieu", "bislang", "tun", "davon", "beim", "angeklagtenb", "urteilsgrund", "auszugeh", "geradezu", "elektrisi", "einleucht", "gedank", "hintergrund", "trat", "dass", "euphori", "angeklagt", "geleg", "kurz", "weitgeh", "nachtlich", "ausflug", "deutschland", "sowi", "erwart", "autofahr", "gedankengedrang", "beherrsch", "verstark", "konnt", "dass", "deshalb", "aufforder", "beihilf", "betaubungsmittelstraftat", "eigent", "dominant", "information", "angeklagt", "akust", "wahrgenomm", "bewusstsein", "aufgenomm", "wurd", "hatt", "nah", "erorter", "bedurft", "strafkamm", "folgt", "angab", "angeklagt", "wonach", "rucksitzbank", "fahrzeug", "befind", "sack", "fahrt", "irgendwann", "bemerkt", "jedoch", "sag", "konn", "sack", "bereit", "abfahrt", "holland", "fahrzeug", "befund", "hatt", "sack", "gedank", "gemacht", "ruckbank", "fahrzeug", "oft", "sack", "beutel", "geleg", "hatt", "damal", "mitangeklagt", "angegeb", "strafkamm", "zeit", "gesamt", "gut", "fahrzeug", "gelebt", "behaupt", "angeklagt", "eingelad", "vier", "mullsack", "bemerkt", "abgeholt", "wurd", "klingt", "wenig", "plausibel", "strafkamm", "hatt", "einlass", "dah", "weit", "hinnehm", "ungepruft", "feststell", "zugrund", "leg", "durf", "vgl", "bgh", "urteil", "oktob", "str", "rn", "strafkamm", "hatt", "entsprech", "feststell", "tatsach", "beladungszustand", "fahrzeug", "ruckbank", "tattag", "auseinandersetz", "gross", "gefullt", "sack", "positionier", "bezieh", "sichtfeld", "fahr", "blick", "hint", "sei", "mittel", "innenruckspiegel", "dreh", "kopf", "landgericht", "hatt", "darleg", "weshalb", "feststell", "hierzu", "mehr", "treff", "senat", "vermag", "auszuschliess", "dass", "strafkamm", "vermeid", "aufgezeigt", "rechtsfehl", "teilweis", "zusatz", "feststell", "gekomm", "gebot", "gesamtbetracht", "einlass", "angeklagt", "unkenntnis", "zweck", "fahrt", "deutschland", "bewertet", "folg", "entschied", "angeklagtenb", "betaubungsmittelstraftat", "schuldig", "befund", "hatt", "iii", "sofort", "beschwerd", "staatsanwaltschaft", "zuerkenn", "haftentschad", "gegenstandslos", "nack", "wahl", "rothfuss", "hebenstreit", "sand"], "mitwirkung": "", "aktenzeichen": "1 StR 600/10", "language": "deutsch", "gertyp": "BGH", "leitsatz": "", "gruende": "\n      <div>\n         <dl class=\"RspDL\">\n            <dt>\n               <a name=\"rd_1\">1</a>\n            </dt>\n            <dd>\n               <p>B.\u00a0und S.\u00a0waren des mitt\u00e4terschaftlichen Handels mit Bet\u00e4ubungsmitteln in nicht geringer Menge angeklagt. Mit Urteil vom 29. Juli 2010 hat das Landgericht den Angeklagten S.\u00a0wegen unerlaubten Besitzes von Bet\u00e4ubungsmitteln in nicht geringer Menge in Tateinheit mit Beihilfe zum unerlaubten Handeltreiben mit Bet\u00e4ubungsmitteln in nicht geringer Menge zu der Freiheitsstrafe von drei Jahren verurteilt; den Angeklagten B.\u00a0hat das Landgericht freigesprochen und ihm Haftentsch\u00e4digung zugesprochen. Die Revision des Angeklagten S.\u00a0gegen seine Verurteilung hat der Senat mit Beschluss vom 18. November 2010 verworfen. Gegen den Freispruch des Angeklagten B.\u00a0wendet sich die Staatsanwaltschaft mit ihrer Revision. Sie r\u00fcgt die Verletzung formellen und materiellen Rechts. Das Rechtsmittel hat schon mit der Sachr\u00fcge Erfolg. Auf die Formalr\u00fcgen kommt es deshalb nicht mehr an.</p>\n            </dd>\n         </dl>\n         <dl class=\"RspDL\">\n            <dt/>\n            <dd>\n               <p/>\n            </dd>\n         </dl>\n         <dl class=\"RspDL\">\n            <dt/>\n            <dd>\n               <p>I.</p>\n            </dd>\n         </dl>\n         <dl class=\"RspDL\">\n            <dt/>\n            <dd>\n               <p/>\n            </dd>\n         </dl>\n         <dl class=\"RspDL\">\n            <dt>\n               <a name=\"rd_2\">2</a>\n            </dt>\n            <dd>\n               <p>1. Die Strafkammer hat Folgendes festgestellt:</p>\n            </dd>\n         </dl>\n         <dl class=\"RspDL\">\n            <dt/>\n            <dd>\n               <p/>\n            </dd>\n         </dl>\n         <dl class=\"RspDL\">\n            <dt>\n               <a name=\"rd_3\">3</a>\n            </dt>\n            <dd>\n               <p>S.\u00a0nahm aus Geldnot das Angebot an, innerhalb Deutschlands Bet\u00e4ubungsmittel zu transportieren. Er sollte mit 1.500 Euro entlohnt werden. Am 3. Dezember 2009 traf er sich deshalb am Bahnhof in M.\u00a0(Niederlande) mit einem Asiaten. Dieser erkl\u00e4rte ihm, es gehe um den Transport von einem Kilogramm Marihuana. Dazu \u00fcbergab der Asiate S.\u00a0Geld zum Erwerb eines Navigationsger\u00e4ts sowie f\u00fcr Benzin. Au\u00dferdem erhielt er einen Zettel, auf dem zwei Orte in Deutschland vermerkt waren, n\u00e4mlich der Abholpunkt in H.\u00a0in Sachsen sowie das Ziel der Fahrt, Sp.</p>\n            </dd>\n         </dl>\n         <dl class=\"RspDL\">\n            <dt/>\n            <dd>\n               <p/>\n            </dd>\n         </dl>\n         <dl class=\"RspDL\">\n            <dt>\n               <a name=\"rd_4\">4</a>\n            </dt>\n            <dd>\n               <p>S.\u00a0wollte es vermeiden, in Deutschland selbst mit dem Auto zu fahren. Er fragte deshalb den Angeklagten B., ob er bereit sei, ihn nach Deutschland zu begleiten. Gemeinsam kauften sie ein Navigationsger\u00e4t. S.\u00a0gab die Abholadresse ein.</p>\n            </dd>\n         </dl>\n         <dl class=\"RspDL\">\n            <dt/>\n            <dd>\n               <p/>\n            </dd>\n         </dl>\n         <dl class=\"RspDL\">\n            <dt>\n               <a name=\"rd_5\">5</a>\n            </dt>\n            <dd>\n               <p>Gegen Mittag des 3. Dezember 2009 machten sie sich mit einem zweit\u00fcrigen VW Golf auf den Weg. Der Angeklagte B.\u00a0steuerte das Fahrzeug in Deutschland bis nach H.. 400 bis 500 Meter vor dem eingegebenen Ziel lie\u00df S.den Angeklagten B.aussteigen; er solle auf seine - des S.- R\u00fcckkehr warten. S.fuhr dann alleine weiter bis zur Zieladresse, nahe einer Marihuana-Indoorfarm. Am vereinbarten Treffpunkt wurdeS.von einem Asiaten erwartet, der zustieg und den Weg zu einem nahe gelegenen Parkplatz wies. Dort trafen sie auf einen BMW mit einem weiteren Asiaten. Die beiden Asiaten, vermutlich die Vietnamesen T.und P., luden vier gro\u00dfe dunkle M\u00fclls\u00e4cke in den PKW des S., drei auf den R\u00fccksitz der Beifahrerseite, einen hinter den Beifahrersitz. In diesen S\u00e4cken befanden sich insgesamt ca. zehn Kilogramm Marihuana.S.bemerkte, dass erheblich mehr Rauschgift eingeladen worden war, als das vereinbarte eine Kilogramm. Aus Angst widersprach er jedoch nicht. Er gab den Zielort Sp.ins Navigationsger\u00e4t ein, fuhr zur\u00fcck zum Angeklagten B.und nahm ihn auf. Vor Erreichen der Autobahn \u00fcbernahm dieser wieder das Steuer. Auf der Bundesautobahn A9 wurden sie im Bereich M\u00fc.kontrolliert. Das Rauschgift wurde entdeckt und sichergestellt, insgesamt 9.420,80 Gramm Marihuana mit mindestens 1.110,90 Gramm Tetrahydrocannabinol. Bei der Kontrolle erkl\u00e4rte der Angeklagte B.auf die Frage, ob er etwas dabei habe: \"ja Hundefutter\".</p>\n            </dd>\n         </dl>\n         <dl class=\"RspDL\">\n            <dt/>\n            <dd>\n               <p/>\n            </dd>\n         </dl>\n         <dl class=\"RspDL\">\n            <dt>\n               <a name=\"rd_6\">6</a>\n            </dt>\n            <dd>\n               <p>Dem Angeklagten B.\u00a0war der Zweck der Fahrt, n\u00e4mlich der Transport von Bet\u00e4ubungsmitteln, bis zum Zugriff der Polizei unbekannt.</p>\n            </dd>\n         </dl>\n         <dl class=\"RspDL\">\n            <dt/>\n            <dd>\n               <p/>\n            </dd>\n         </dl>\n         <dl class=\"RspDL\">\n            <dt>\n               <a name=\"rd_7\">7</a>\n            </dt>\n            <dd>\n               <p>2. Die Beweisw\u00fcrdigung zum Freispruch des Angeklagten B.:</p>\n            </dd>\n         </dl>\n         <dl class=\"RspDL\">\n            <dt/>\n            <dd>\n               <p/>\n            </dd>\n         </dl>\n         <dl class=\"RspDL\">\n            <dt>\n               <a name=\"rd_8\">8</a>\n            </dt>\n            <dd>\n               <p>a) Die Feststellungen der Strafkammer beruhen insbesondere auf den Angaben des Verurteilten S. Der Angeklagte B.\u00a0habe, so die Strafkammer, die Einlassung des damaligen Mitangeklagten best\u00e4tigt. \"Er hat die Geschehensabl\u00e4ufe detailliert geschildert.\"</p>\n            </dd>\n         </dl>\n         <dl class=\"RspDL\">\n            <dt/>\n            <dd>\n               <p/>\n            </dd>\n         </dl>\n         <dl class=\"RspDL\">\n            <dt>\n               <a name=\"rd_9\">9</a>\n            </dt>\n            <dd>\n               <p>b) Die Strafkammer hat sich allerdings nicht davon \u00fcberzeugen k\u00f6nnen, dass der Angeklagte B.\u00a0Kenntnis vom Transport der Bet\u00e4ubungsmittel hatte.</p>\n            </dd>\n         </dl>\n         <dl class=\"RspDL\">\n            <dt/>\n            <dd>\n               <p/>\n            </dd>\n         </dl>\n         <dl class=\"RspDL\">\n            <dt>\n               <a name=\"rd_10\">10</a>\n            </dt>\n            <dd>\n               <p>aa) Der Angeklagte hat bestritten, den Grund der Fahrt nach Deutschland gekannt zu haben. Er habe nurS.helfen wollen, da dieser seinen F\u00fchrerschein nicht habe finden k\u00f6nnen. \u00dcber das Angebot, mit nach Deutschland zu fahren, habe er sich sehr gefreut, da er auf diese Weise wieder einmal kostenlos habe dorthin reisen und dort Auto fahren k\u00f6nnen.</p>\n            </dd>\n         </dl>\n         <dl class=\"RspDL\">\n            <dt/>\n            <dd>\n               <p/>\n            </dd>\n         </dl>\n         <dl class=\"RspDL\">\n            <dt>\n               <a name=\"rd_11\">11</a>\n            </dt>\n            <dd>\n               <p>bb) Als Umst\u00e4nde, die gegen eine Kenntnis des AngeklagtenB.vom Zweck der Reise sprechen, hat die Strafkammer angef\u00fchrt:</p>\n            </dd>\n         </dl>\n         <dl class=\"RspDL\">\n            <dt/>\n            <dd>\n               <p/>\n            </dd>\n         </dl>\n         <dl class=\"RspDL\">\n            <dt/>\n            <dd>\n               <p style=\"margin-left:36pt\">- Seine Abwesenheit bei der \u00dcbergabe der Bet\u00e4ubungsmittel,</p>\n            </dd>\n         </dl>\n         <dl class=\"RspDL\">\n            <dt/>\n            <dd>\n               <p style=\"margin-left:36pt\">- Keine Entlohnung f\u00fcr die Fahrt,</p>\n            </dd>\n         </dl>\n         <dl class=\"RspDL\">\n            <dt/>\n            <dd>\n               <p style=\"margin-left:36pt\">- Keine Kommunikation \u00fcber die Bet\u00e4ubungsmittel w\u00e4hrend der Fahrt nach deren \u00dcbernahme,</p>\n            </dd>\n         </dl>\n         <dl class=\"RspDL\">\n            <dt/>\n            <dd>\n               <p style=\"margin-left:36pt\">- Keine Wahrnehmung des Geruchs von Marihuana im Fahrzeug,</p>\n            </dd>\n         </dl>\n         <dl class=\"RspDL\">\n            <dt/>\n            <dd>\n               <p style=\"margin-left:36pt\">- Die M\u00fclls\u00e4cke habe der Angeklagte B.\u00a0zwar irgendwann zur Kenntnis genommen, sich dar\u00fcber aber keine Gedanken gemacht.</p>\n            </dd>\n         </dl>\n         <dl class=\"RspDL\">\n            <dt/>\n            <dd>\n               <p/>\n            </dd>\n         </dl>\n         <dl class=\"RspDL\">\n            <dt>\n               <a name=\"rd_12\">12</a>\n            </dt>\n            <dd>\n               <p>cc) Der AngeklagteB.ist allerdings durch den seinerzeit Mitangeklagten S.\u00a0belastet worden. Er gab an, er habe dem Angeklagten B.\u00a0- vor Antritt der Fahrt - gesagt, worum es gehe, n\u00e4mlich um den Transport von einem Kilogramm Marihuana.</p>\n            </dd>\n         </dl>\n         <dl class=\"RspDL\">\n            <dt/>\n            <dd>\n               <p/>\n            </dd>\n         </dl>\n         <dl class=\"RspDL\">\n            <dt>\n               <a name=\"rd_13\">13</a>\n            </dt>\n            <dd>\n               <p>Dies stehe jedoch, so die sachverst\u00e4ndig beratene Strafkammer, der Unkenntnis des Angeklagten B.\u00a0vom wahren Zweck der Fahrt nicht entgegen. Es sei n\u00e4mlich nicht auszuschlie\u00dfen, dass er aufgrund seiner Erkrankung diese Information nicht realisiert und verarbeitet habe. Der Angeklagte leide an einer hyperkinetischen St\u00f6rung im Sinne der ICD 10 F 90.0 (Aufmerksamkeitsst\u00f6rung [-defizit] mit Hyperaktivit\u00e4tsst\u00f6rung - ADHS). Dies f\u00fchre bei ihm zu Konzentrationsst\u00f6rungen mit \"Gedankengedr\u00e4nge\". Der Angeklagte verfolge dann unter Umst\u00e4nden 10 bis 20 Gedanken gleichzeitig. Er nehme dann ihm gegen\u00fcber ge\u00e4u\u00dferte Informationen zwar akustisch wahr. Diese w\u00fcrden jedoch wegen vieler anderer Gedanken verdr\u00e4ngt. Eine Abspeicherung der Informationen sei aufgrund dieser Denkst\u00f6rung ausgeschlossen mit der Folge, dass sie innerhalb k\u00fcrzester Zeit wieder verloren gingen.</p>\n            </dd>\n         </dl>\n         <dl class=\"RspDL\">\n            <dt/>\n            <dd>\n               <p/>\n            </dd>\n         </dl>\n         <dl class=\"RspDL\">\n            <dt/>\n            <dd>\n               <p>II.</p>\n            </dd>\n         </dl>\n         <dl class=\"RspDL\">\n            <dt/>\n            <dd>\n               <p/>\n            </dd>\n         </dl>\n         <dl class=\"RspDL\">\n            <dt>\n               <a name=\"rd_14\">14</a>\n            </dt>\n            <dd>\n               <p>Die sachlich-rechtliche \u00dcberpr\u00fcfung des Urteils deckt durchgreifende Rechtsfehler bei der Beweisw\u00fcrdigung auf.</p>\n            </dd>\n         </dl>\n         <dl class=\"RspDL\">\n            <dt/>\n            <dd>\n               <p/>\n            </dd>\n         </dl>\n         <dl class=\"RspDL\">\n            <dt>\n               <a name=\"rd_15\">15</a>\n            </dt>\n            <dd>\n               <p>1. Das Revisionsgericht hat es grunds\u00e4tzlich hinzunehmen, wenn das Tatgericht einen Angeklagten freispricht, weil es Zweifel an seiner T\u00e4terschaft nicht zu \u00fcberwinden vermag. Die Beweisw\u00fcrdigung ist Sache des Tatgerichts. Es kommt nicht darauf an, ob das Revisionsgericht angefallene Erkenntnisse anders gew\u00fcrdigt oder Zweifel \u00fcberwunden h\u00e4tte. Die revisionsgerichtliche Pr\u00fcfung beschr\u00e4nkt sich darauf, ob dem Tatgericht Rechtsfehler unterlaufen sind. Dies ist in sachlich-rechtlicher Hinsicht der Fall, wenn die Beweisw\u00fcrdigung widerspr\u00fcchlich, unklar oder l\u00fcckenhaft ist oder gegen Denkgesetze oder gesicherte Erfahrungss\u00e4tze verst\u00f6\u00dft. Rechtsfehlerhaft ist es auch, wenn sich das Tatgericht bei seiner Beweisw\u00fcrdigung darauf beschr\u00e4nkt, die einzelnen Belastungsindizien gesondert zu er\u00f6rtern und auf ihren jeweiligen Beweiswert zu pr\u00fcfen, ohne eine Gesamtabw\u00e4gung aller f\u00fcr und gegen die T\u00e4terschaft sprechenden Umst\u00e4nde vorzunehmen. Der revisionsgerichtlichen \u00dcberpr\u00fcfung unterliegt auch, ob \u00fcberspannte Anforderungen an die f\u00fcr die Verurteilung erforderliche Gewissheit gestellt worden sind (st. Rspr.; BGH, Urteile vom 1. Juli 2008 - 1 StR 654/07, Rn. 18; vom 27. April 2010 - 1 StR 454/09, Rn. 18 mwN).</p>\n            </dd>\n         </dl>\n         <dl class=\"RspDL\">\n            <dt/>\n            <dd>\n               <p/>\n            </dd>\n         </dl>\n         <dl class=\"RspDL\">\n            <dt>\n               <a name=\"rd_16\">16</a>\n            </dt>\n            <dd>\n               <p>Auch darf der Tatrichter entlastende Angaben eines Angeklagten, f\u00fcr die keine zureichenden Anhaltspunkte bestehen und deren Wahrheitsgehalt fraglich ist, nicht ohne weiteres seiner Entscheidung zugrunde legen, nur, weil es f\u00fcr das Gegenteil keine unmittelbaren Beweise gibt. Die Zur\u00fcckweisung einer Einlassung erfordert auch nicht, dass sich ihr Gegenteil positiv feststellen l\u00e4sst. Vielmehr muss sich der Tatrichter aufgrund einer Gesamtw\u00fcrdigung des Ergebnisses der Beweisaufnahme seine \u00dcberzeugung von der Richtigkeit oder Unrichtigkeit der Einlassung bilden. Dies gilt umso mehr dann, wenn objektive Beweisanzeichen festgestellt sind, die mit Gewicht gegen die Richtigkeit der Einlassung des Angeklagten sprechen (BGH, Urteil vom 30.Oktober 2008 - 3 StR 416/08, Rn. 6 mwN).</p>\n            </dd>\n         </dl>\n         <dl class=\"RspDL\">\n            <dt/>\n            <dd>\n               <p/>\n            </dd>\n         </dl>\n         <dl class=\"RspDL\">\n            <dt>\n               <a name=\"rd_17\">17</a>\n            </dt>\n            <dd>\n               <p>2. Die Schilderung des Angeklagten B.\u00a0\u00fcber seine Motivation, S.\u00a0auf der Fahrt nach Deutschland zu begleiten, n\u00e4mlich nur touristisches Interesse und Freude am Autofahren, erscheint angesichts der n\u00e4heren Umst\u00e4nde des \"Ausflugs\" nicht nahe liegend. Dies kann f\u00fcr sich betrachtet den Bestand des Urteils allerdings noch nicht gef\u00e4hrden. Die Beweisw\u00fcrdigung weist jedoch dar\u00fcber hinaus L\u00fccken auf und sie ist widerspr\u00fcchlich.</p>\n            </dd>\n         </dl>\n         <dl class=\"RspDL\">\n            <dt/>\n            <dd>\n               <p/>\n            </dd>\n         </dl>\n         <dl class=\"RspDL\">\n            <dt>\n               <a name=\"rd_18\">18</a>\n            </dt>\n            <dd>\n               <p>a) Nach den Feststellungen der Strafkammer forderte S.\u00a0den Angeklagten B.\u00a0zur Mitfahrt auf, da er - S.\u00a0- habe vermeiden wollen, in Deutschland Auto zu fahren, nach der Einlassung des Angeklagten B., da S.\u00a0seinen F\u00fchrerschein nicht gefunden habe. Tats\u00e4chlich setzte sich S.\u00a0jedoch im Bereich von H.\u00a0selbst ans Steuer. Mit diesem Widerspruch hat sich die Strafkammer nicht auseinandergesetzt, insbesondere nicht damit, wie B.\u00a0auf diesen Fahrerwechsel reagierte.</p>\n            </dd>\n         </dl>\n         <dl class=\"RspDL\">\n            <dt/>\n            <dd>\n               <p/>\n            </dd>\n         </dl>\n         <dl class=\"RspDL\">\n            <dt>\n               <a name=\"rd_19\">19</a>\n            </dt>\n            <dd>\n               <p>b) Bei diesem Fahrerwechsel lie\u00df sich der Angeklagte B.\u00a0abends im Dezember in einem ihm unbekannten Ort an einem Parkplatz absetzen, um auf die R\u00fcckkehr vonS.zu warten. Ob und gegebenenfalls wie dieses Ansinnen dem Angeklagten erl\u00e4utert wurde, bleibt unerw\u00e4hnt. Damit h\u00e4tte sich die Strafkammer aber auseinandersetzen m\u00fcssen. Denn nahm der AngeklagteB.dies kommentarlos hin, k\u00f6nnte es nahe liegen, dass er von vorneherein darin eingeweiht und es ihm bewusst war, was w\u00e4hrend der Wartezeit geschehen sollte.</p>\n            </dd>\n         </dl>\n         <dl class=\"RspDL\">\n            <dt/>\n            <dd>\n               <p/>\n            </dd>\n         </dl>\n         <dl class=\"RspDL\">\n            <dt>\n               <a name=\"rd_20\">20</a>\n            </dt>\n            <dd>\n               <p>c) Das Landgericht hat einerseits festgestellt, das ADHS-bedingte \"Gedankengedr\u00e4nge\" habe dazu f\u00fchren k\u00f6nnen, dass der Angeklagte die entscheidende Mitteilung, wonach die Fahrt dem Transport von Bet\u00e4ubungsmitteln dienen sollte, nicht in sein Bewusstsein aufgenommen hat. Andererseits habe er jedoch die Geschehensabl\u00e4ufe - im \u00dcbrigen - glaubhaft detailliert geschildert. Dies ist widerspr\u00fcchlich. Jedenfalls h\u00e4tte es n\u00e4herer Er\u00f6rterung bedurft, auch mit dem Sachverst\u00e4ndigen, weshalb die Konzentrationsschw\u00e4che des Angeklagten zwar die Information \u00fcber den Zweck der Fahrt habe in Vergessenheit geraten lassen k\u00f6nnen, die Zuverl\u00e4ssigkeit der Erinnerung an Details der Reise der Strafkammer aber gleichwohl nicht fraglich erschienen ist.</p>\n            </dd>\n         </dl>\n         <dl class=\"RspDL\">\n            <dt/>\n            <dd>\n               <p/>\n            </dd>\n         </dl>\n         <dl class=\"RspDL\">\n            <dt>\n               <a name=\"rd_21\">21</a>\n            </dt>\n            <dd>\n               <p>d) Nach den Feststellungen der sachverst\u00e4ndig beratenen Strafkammer sollen die durch das ADHS-Syndrom verursachten Konzentrationsst\u00f6rungen bei der gleichzeitigen Verarbeitung mehrerer Informationen zu Verdr\u00e4ngungen und Erinnerungsverlust f\u00fchren. Da dies nicht substantiiert tatsachenfundiert belegt ist, bleibt auch uner\u00f6rtert, inwieweit bei der Informationsverarbeitung dem Gewicht einer Mitteilung Bedeutung zukommt. Die Aufforderung, sich an einer Drogenkurierfahrt als Fahrer zu beteiligen, ist brisant. Eine Person, die mit dem Drogenmilieu bislang nichts zu tun hatte - davon ist beim AngeklagtenB.nach den Urteilsgr\u00fcnden auszugehen -, muss dies geradezu \"elektrisieren\". Es w\u00e4re einleuchtend, wenn dann alle anderen Gedanken in den Hintergrund tr\u00e4ten. Dass aber die Euphorie des Angeklagten \u00fcber die Gelegenheit eines kurzen, weitgehend n\u00e4chtlichen Ausflugs nach Deutschland sowie die Erwartung des Autofahrens dort das \"Gedankengedr\u00e4nge\" so sehr beherrschen und verst\u00e4rken konnten, dass deshalb die Aufforderung zur Beihilfe zu einer Bet\u00e4ubungsmittelstraftat - die eigentlich dominante Information - vom Angeklagten zwar akustisch wahrgenommen, aber nicht ins Bewusstsein aufgenommen wurde, h\u00e4tte n\u00e4herer Er\u00f6rterung bedurft.</p>\n            </dd>\n         </dl>\n         <dl class=\"RspDL\">\n            <dt/>\n            <dd>\n               <p/>\n            </dd>\n         </dl>\n         <dl class=\"RspDL\">\n            <dt>\n               <a name=\"rd_22\">22</a>\n            </dt>\n            <dd>\n               <p>e) Die Strafkammer folgt den Angaben des Angeklagten B., wonach er die auf der R\u00fccksitzbank des Fahrzeugs befindlichen S\u00e4cke w\u00e4hrend der Fahrt zwar irgendwann bemerkt habe, er jedoch nicht mit Sicherheit sagen k\u00f6nne, ob sich die S\u00e4cke bereits bei der Abfahrt in Holland im Fahrzeug befunden h\u00e4tten. Er habe sich \u00fcber die S\u00e4cke keine Gedanken gemacht, da bei S.\u00a0auf der R\u00fcckbank des Fahrzeugs \u00f6fters S\u00e4cke und Beutel gelegen h\u00e4tten. Der damalige Mitangeklagte S.\u00a0habe dazu angegeben, so die Strafkammer, er habe zu jener Zeit mit seinem gesamten Hab und Gut in seinem Fahrzeug gelebt. Die Behauptung des Angeklagten B., er habe die in H.\u00a0eingeladenen vier M\u00fclls\u00e4cke nicht bemerkt, als er wieder abgeholt wurde, klingt wenig plausibel. Die Strafkammer h\u00e4tte diese Einlassung daher nicht ohne weiteres hinnehmen und so ungepr\u00fcft ihren Feststellungen zugrunde legen d\u00fcrfen (vgl. BGH, Urteil vom 30. Oktober 2008 - 3 StR 416/08, Rn. 6). Die Strafkammer h\u00e4tte sich - nach entsprechenden Feststellungen - mit dem tats\u00e4chlichen Beladungszustand des Fahrzeugs auf der R\u00fcckbank am Tattag auseinandersetzen m\u00fcssen, wie auch mit der Gr\u00f6\u00dfe der gef\u00fcllten S\u00e4cke und deren Positionierung in Beziehung zum Sichtfeld des Fahrers bei einem Blick nach hinten, sei es mittels des Innenr\u00fcckspiegels oder durch Drehen des Kopfes. Oder das Landgericht h\u00e4tte darlegen m\u00fcssen, weshalb es Feststellungen hierzu nicht mehr hat treffen k\u00f6nnen.</p>\n            </dd>\n         </dl>\n         <dl class=\"RspDL\">\n            <dt/>\n            <dd>\n               <p/>\n            </dd>\n         </dl>\n         <dl class=\"RspDL\">\n            <dt>\n               <a name=\"rd_23\">23</a>\n            </dt>\n            <dd>\n               <p>3. Der Senat vermag nicht auszuschlie\u00dfen, dass die Strafkammer bei Vermeidung der aufgezeigten Rechtsfehler zu teilweise anderen oder zus\u00e4tzlichen Feststellungen gekommen w\u00e4re und dann in der gebotenen Gesamtbetrachtung die Einlassung des Angeklagten \u00fcber seine Unkenntnis des Zwecks der Fahrt nach Deutschland anders bewertet, in der Folge dann auch anders entschieden und den AngeklagtenB.einer Bet\u00e4ubungsmittelstraftat f\u00fcr schuldig befunden h\u00e4tte.</p>\n            </dd>\n         </dl>\n         <dl class=\"RspDL\">\n            <dt/>\n            <dd>\n               <p/>\n            </dd>\n         </dl>\n         <dl class=\"RspDL\">\n            <dt/>\n            <dd>\n               <p>III.</p>\n            </dd>\n         </dl>\n         <dl class=\"RspDL\">\n            <dt/>\n            <dd>\n               <p/>\n            </dd>\n         </dl>\n         <dl class=\"RspDL\">\n            <dt>\n               <a name=\"rd_24\">24</a>\n            </dt>\n            <dd>\n               <p>Die sofortige Beschwerde der Staatsanwaltschaft gegen die Zuerkennung von Haftentsch\u00e4digung ist damit gegenstandslos.</p>\n            </dd>\n         </dl>\n         <dl class=\"RspDL\">\n            <dt/>\n            <dd>\n               <p/>\n            </dd>\n         </dl>\n         <dl class=\"RspDL\">\n            <dt/>\n            <dd>\n               <p>Nack\u00a0\u00a0\u00a0\u00a0\u00a0\u00a0\u00a0\u00a0\u00a0\u00a0\u00a0\u00a0\u00a0\u00a0\u00a0\u00a0\u00a0\u00a0\u00a0\u00a0\u00a0\u00a0\u00a0\u00a0\u00a0\u00a0\u00a0\u00a0\u00a0\u00a0\u00a0\u00a0\u00a0\u00a0\u00a0\u00a0\u00a0\u00a0\u00a0\u00a0\u00a0\u00a0\u00a0Wahl\u00a0\u00a0\u00a0\u00a0\u00a0\u00a0\u00a0\u00a0\u00a0\u00a0\u00a0\u00a0\u00a0\u00a0\u00a0\u00a0\u00a0\u00a0\u00a0\u00a0\u00a0\u00a0\u00a0\u00a0\u00a0\u00a0\u00a0\u00a0\u00a0\u00a0\u00a0\u00a0\u00a0\u00a0\u00a0\u00a0Rothfu\u00df</p>\n            </dd>\n         </dl>\n         <dl class=\"RspDL\">\n            <dt/>\n            <dd>\n               <p>\u00a0\u00a0\u00a0\u00a0\u00a0\u00a0\u00a0\u00a0\u00a0\u00a0\u00a0\u00a0\u00a0\u00a0\u00a0\u00a0\u00a0\u00a0\u00a0Hebenstreit\u00a0\u00a0\u00a0\u00a0\u00a0\u00a0\u00a0\u00a0\u00a0\u00a0\u00a0\u00a0\u00a0\u00a0\u00a0\u00a0\u00a0\u00a0\u00a0\u00a0\u00a0\u00a0\u00a0\u00a0\u00a0\u00a0\u00a0\u00a0\u00a0\u00a0\u00a0\u00a0\u00a0\u00a0\u00a0\u00a0Sander</p>\n            </dd>\n         </dl>\n         <dl class=\"RspDL\">\n            <dt/>\n            <dd>\n               <p/>\n            </dd>\n         </dl>\n      </div>\n   ", "accessRights": "public", "gerort": "", "entschDatum": "20110118", "coverage": "Deutschland", "titel": "\n      <dl class=\"RspDL\">\n         <dt/>\n         <dd>\n            <p>Strafverfahren: Anforderungen an die Beweisw\u00fcrdigung bei Freispruch</p>\n         </dd>\n      </dl>\n   ", "ecli": "", "identifier": "http://www.rechtsprechung-im-internet.de/jportal/?quelle=jlink&docid=JURE110002328&psml=bsjrsprod.psml&max=true", "spruchkoerper": "1. Strafsenat", "vorinstanz": "vorgehend LG Hof, 29. Juli 2010, Az: 1 KLs 334 Js 15450/09, Urteil\n   ", "doknr": "JURE110002328", "abweichendeMeinung": "", "tenor": "\n      <div>\n         <dl class=\"RspDL\">\n            <dt/>\n            <dd>\n               <p>Auf die Revision der Staatsanwaltschaft wird das Urteil des Landgerichts Hof vom 29. Juli 2010, soweit es den Angeklagten B.\u00a0betrifft, mit den Feststellungen aufgehoben.</p>\n            </dd>\n         </dl>\n         <dl class=\"RspDL\">\n            <dt/>\n            <dd>\n               <p/>\n            </dd>\n         </dl>\n         <dl class=\"RspDL\">\n            <dt/>\n            <dd>\n               <p>Im Umfang der Aufhebung wird die Sache zu neuer Verhandlung und Entscheidung, auch \u00fcber die Kosten des Rechtsmittels, an eine andere Strafkammer des Landgerichts zur\u00fcckverwiesen.</p>\n            </dd>\n         </dl>\n         <dl class=\"RspDL\">\n            <dt/>\n            <dd>\n               <p/>\n            </dd>\n         </dl>\n         <dl class=\"RspDL\">\n            <dt/>\n            <dd>\n               <p>Von Rechts wegen</p>\n            </dd>\n         </dl>\n         <dl class=\"RspDL\">\n            <dt/>\n            <dd>\n               <p/>\n            </dd>\n         </dl>\n      </div>\n   ", "regionAbk": "DEU"}