{"publisher": "BMJV", "tatbestand": "", "absaetze": [{"num": "1", "textProcessed": ["landgericht", "angeklagt", "versucht", "brandstift", "drei", "fall", "gesamtfreiheitsstraf", "zwei", "jahr", "drei", "monat", "verurteilt", "unterbring", "entziehungsanstalt", "angeordnet", "urteil", "wendet", "angeklagt", "verletz", "materiell", "recht", "gestutzt", "revision", "rechtsmittel", "erfolg"], "text": "Das Landgericht hat den Angeklagten wegen versuchter Brandstiftung in drei F\u00e4llen zu einer Gesamtfreiheitsstrafe von zwei Jahren und drei Monaten verurteilt und seine Unterbringung in einer Entziehungsanstalt angeordnet. Gegen dieses Urteil wendet sich der Angeklagte mit seiner auf die Verletzung materiellen Rechts gest\u00fctzten Revision. Das Rechtsmittel hat Erfolg."}, {"num": "2", "textProcessed": ["feststell", "zundet", "angeklagt", "jeweil", "erheb", "alkoholkonsum", "juni", "inhalt", "mulleim", "nah", "glasern", "schiebetur", "bzw", "unmittelbar", "gebaudewand", "lebensmittelmarkt", "stand", "juni", "zundet", "direkt", "neb", "eingang", "geschaft", "stehend", "leer", "pappschachteln", "befullt", "karton", "fall", "jeweil", "ausserhalb", "geschaftszeit", "ereignet", "kam", "ubergreif", "feu", "gebaud", "tat", "juni", "wurd", "allerding", "infolg", "hitzeeinwirk", "fenst", "zerstort"], "text": "1. Nach den Feststellungen z\u00fcndete der Angeklagte - jeweils nach erheblichem Alkoholkonsum - am 3. und 17. Juni 2009 den Inhalt eines M\u00fclleimers an, der nahe der gl\u00e4sernen Schiebet\u00fcr bzw. unmittelbar an der Geb\u00e4udewand eines Lebensmittelmarktes stand. Am 11. Juni 2009 z\u00fcndete er einen direkt neben dem Eingang dieses Gesch\u00e4fts stehenden, mit leeren Pappschachteln bef\u00fcllten Karton an. In keinem der F\u00e4lle, die sich jeweils au\u00dferhalb der Gesch\u00e4ftszeiten ereigneten, kam es zu einem \u00dcbergreifen des Feuers auf das Geb\u00e4ude; bei der Tat vom 11. Juni 2009 wurde allerdings infolge der Hitzeeinwirkung ein Fenster zerst\u00f6rt."}, {"num": "3", "textProcessed": ["verurteil", "angeklagt", "versucht", "brandstift", "drei", "fall", "halt", "rechtlich", "prufung", "stand"], "text": "2. Die Verurteilung des Angeklagten wegen versuchter Brandstiftung in drei F\u00e4llen h\u00e4lt rechtlicher Pr\u00fcfung nicht stand."}, {"num": "4", "textProcessed": ["strafkamm", "begrundet", "annahm", "angeklagt", "drei", "fall", "ubergreif", "flamm", "gebaud", "billig", "kauf", "genomm", "allein", "dass", "brand", "gesetzt", "behaltnis", "unmittelbar", "nah", "gebaud", "stand", "meint", "dass", "gefahr", "ubergreif", "allgemein", "lebenserfahr", "entsprach", "unterdurchschnitt", "begabt", "erheb", "alkoholisiert", "mensch", "angeklagt", "bewusst", "sei"], "text": "Die Strafkammer begr\u00fcndet ihre Annahme, der Angeklagte habe in allen drei F\u00e4llen ein \u00dcbergreifen der Flammen auf das Geb\u00e4ude billigend in Kauf genommen, allein damit, dass die in Brand gesetzten Beh\u00e4ltnisse in unmittelbarer N\u00e4he des Geb\u00e4udes standen. Sie meint, dass die Gefahr eines \u00dcbergreifens allgemeiner Lebenserfahrung entspr\u00e4che und selbst einem unterdurchschnittlich begabten, erheblich alkoholisierten Menschen - wie dem Angeklagten - bewusst sei."}, {"num": "5", "textProcessed": ["erwag", "genug", "anforder", "begrund", "bedingt", "brandstiftungsvorsatz", "stell", "liegt", "tat", "eintritt", "erfolg", "moglich", "ganz", "fern", "liegend", "erkennt", "weis", "einverstand", "dass", "tatbestandsverwirklich", "entwed", "billig", "kauf", "nimmt", "wenigst", "abfindet", "vgl", "bgh", "beschl", "marz", "str", "bghr", "stgb", "beweiswurd", "festzustell", "bedarf", "gesamtschau", "objektiv", "subjektiv", "umstand"], "text": "Diese Erw\u00e4gungen gen\u00fcgen nicht den Anforderungen, die an die Begr\u00fcndung eines bedingten Brandstiftungsvorsatzes zu stellen sind. Ein solcher liegt nur dann vor, wenn der T\u00e4ter den Eintritt des Erfolgs als m\u00f6glich und nicht ganz fern liegend erkennt und damit in einer Weise einverstanden ist, dass er die Tatbestandsverwirklichung entweder billigend in Kauf nimmt oder sich wenigstens mit ihr abfindet (vgl. BGH, Beschl. vom 22. M\u00e4rz 1994 - 4 StR 110/94 = BGHR StGB \u00a7 306 Beweisw\u00fcrdigung 6). Um dies festzustellen, bedarf es einer Gesamtschau aller objektiven und subjektiven Umst\u00e4nde."}, {"num": "6", "textProcessed": ["urteilsausfuhr", "entnehm", "dass", "landgericht", "vorgenomm", "besond", "deutlich", "tatgescheh", "juni", "zwei", "woch", "zuvor", "angeklagt", "erfahr", "gemacht", "dass", "gleich", "weis", "gelegt", "brand", "gebaud", "ubergegriff", "dennoch", "andert", "vorgehensweis", "diesmal", "taterfolg", "stell", "darub", "hinaus", "beleg", "urteilsfeststell", "entgeg", "ansicht", "landgericht", "wed", "beid", "weit", "fall", "dass", "objektiv", "uberhaupt", "gefahr", "ubergreif", "feu", "gebaud", "bestand", "ruckschluss", "inn", "tatseit", "gezog", "konnt", "brandsachverstand", "landgericht", "hierzu", "gehort"], "text": "Den Urteilsausf\u00fchrungen ist nicht zu entnehmen, dass das Landgericht eine solche vorgenommen hat. Dies wird besonders deutlich bei dem Tatgeschehen vom 17. Juni 2009: Nur zwei Wochen zuvor hatte der Angeklagte die Erfahrung gemacht, dass ein in gleicher Weise gelegter Brand nicht auf das Geb\u00e4ude \u00fcbergegriffen hatte. Dennoch \u00e4nderte er seine Vorgehensweise nicht, um diesmal den Taterfolg sicher zu stellen. Dar\u00fcber hinaus belegen die Urteilsfeststellungen - entgegen der Ansicht des Landgerichts - weder in diesem noch in den beiden weiteren F\u00e4llen, dass objektiv \u00fcberhaupt die Gefahr eines \u00dcbergreifens des Feuers auf das Geb\u00e4ude bestanden hat, aus welcher R\u00fcckschl\u00fcsse auf die innere Tatseite gezogen werden k\u00f6nnten; einen Brandsachverst\u00e4ndigen hat das Landgericht hierzu nicht geh\u00f6rt."}, {"num": "7", "textProcessed": ["sach", "bedarf", "dah", "neu", "verhandl", "entscheid"], "text": "Die Sache bedarf daher neuer Verhandlung und Entscheidung."}, {"num": "8", "textProcessed": ["abschliess", "bemerkt", "senat", "dass", "berechn", "blutalkoholkonzentration", "fall", "desweg", "revisionsrecht", "uberpruf", "entzieht", "urteil", "angab", "tatzeit", "enthalt"], "text": "3. Abschlie\u00dfend bemerkt der Senat, dass sich die Berechnung der Blutalkoholkonzentration im Fall 3 deswegen revisionsrechtlicher \u00dcberpr\u00fcfung entzieht, weil das Urteil keine Angaben zur Tatzeit enth\u00e4lt."}], "norm": ["\u00a7 22 StGB", "\u00a7 23 StGB", "\u00a7 306 StGB"], "doktyp": "Beschluss", "regionLong": "Bundesrepublik Deutschland", "sonstlt": "", "gruendeProcessed": ["landgericht", "angeklagt", "versucht", "brandstift", "drei", "fall", "gesamtfreiheitsstraf", "zwei", "jahr", "drei", "monat", "verurteilt", "unterbring", "entziehungsanstalt", "angeordnet", "urteil", "wendet", "angeklagt", "verletz", "materiell", "recht", "gestutzt", "revision", "rechtsmittel", "erfolg", "feststell", "zundet", "angeklagt", "jeweil", "erheb", "alkoholkonsum", "juni", "inhalt", "mulleim", "nah", "glasern", "schiebetur", "bzw", "unmittelbar", "gebaudewand", "lebensmittelmarkt", "stand", "juni", "zundet", "direkt", "neb", "eingang", "geschaft", "stehend", "leer", "pappschachteln", "befullt", "karton", "fall", "jeweil", "ausserhalb", "geschaftszeit", "ereignet", "kam", "ubergreif", "feu", "gebaud", "tat", "juni", "wurd", "allerding", "infolg", "hitzeeinwirk", "fenst", "zerstort", "verurteil", "angeklagt", "versucht", "brandstift", "drei", "fall", "halt", "rechtlich", "prufung", "stand", "strafkamm", "begrundet", "annahm", "angeklagt", "drei", "fall", "ubergreif", "flamm", "gebaud", "billig", "kauf", "genomm", "allein", "dass", "brand", "gesetzt", "behaltnis", "unmittelbar", "nah", "gebaud", "stand", "meint", "dass", "gefahr", "ubergreif", "allgemein", "lebenserfahr", "entsprach", "unterdurchschnitt", "begabt", "erheb", "alkoholisiert", "mensch", "angeklagt", "bewusst", "sei", "erwag", "genug", "anforder", "begrund", "bedingt", "brandstiftungsvorsatz", "stell", "liegt", "tat", "eintritt", "erfolg", "moglich", "ganz", "fern", "liegend", "erkennt", "weis", "einverstand", "dass", "tatbestandsverwirklich", "entwed", "billig", "kauf", "nimmt", "wenigst", "abfindet", "vgl", "bgh", "beschl", "marz", "str", "bghr", "stgb", "beweiswurd", "festzustell", "bedarf", "gesamtschau", "objektiv", "subjektiv", "umstand", "urteilsausfuhr", "entnehm", "dass", "landgericht", "vorgenomm", "besond", "deutlich", "tatgescheh", "juni", "zwei", "woch", "zuvor", "angeklagt", "erfahr", "gemacht", "dass", "gleich", "weis", "gelegt", "brand", "gebaud", "ubergegriff", "dennoch", "andert", "vorgehensweis", "diesmal", "taterfolg", "stell", "darub", "hinaus", "beleg", "urteilsfeststell", "entgeg", "ansicht", "landgericht", "wed", "beid", "weit", "fall", "dass", "objektiv", "uberhaupt", "gefahr", "ubergreif", "feu", "gebaud", "bestand", "ruckschluss", "inn", "tatseit", "gezog", "konnt", "brandsachverstand", "landgericht", "hierzu", "gehort", "sach", "bedarf", "dah", "neu", "verhandl", "entscheid", "abschliess", "bemerkt", "senat", "dass", "berechn", "blutalkoholkonzentration", "fall", "desweg", "revisionsrecht", "uberpruf", "entzieht", "urteil", "angab", "tatzeit", "enthalt", "tepperwi", "solin", "stojanovi\u0107", "ernemann", "frank", "mutzbau"], "mitwirkung": "", "aktenzeichen": "4 StR 62/10", "language": "deutsch", "gertyp": "BGH", "leitsatz": "", "gruende": "\n      <div>\n         <dl class=\"RspDL\">\n            <dt>\n               <a name=\"rd_1\">1</a>\n            </dt>\n            <dd>\n               <p>Das Landgericht hat den Angeklagten wegen versuchter Brandstiftung in drei F\u00e4llen zu einer Gesamtfreiheitsstrafe von zwei Jahren und drei Monaten verurteilt und seine Unterbringung in einer Entziehungsanstalt angeordnet. Gegen dieses Urteil wendet sich der Angeklagte mit seiner auf die Verletzung materiellen Rechts gest\u00fctzten Revision. Das Rechtsmittel hat Erfolg.</p>\n            </dd>\n         </dl>\n         <dl class=\"RspDL\">\n            <dt/>\n            <dd>\n               <p/>\n            </dd>\n         </dl>\n         <dl class=\"RspDL\">\n            <dt>\n               <a name=\"rd_2\">2</a>\n            </dt>\n            <dd>\n               <p>1. Nach den Feststellungen z\u00fcndete der Angeklagte - jeweils nach erheblichem Alkoholkonsum - am 3. und 17. Juni 2009 den Inhalt eines M\u00fclleimers an, der nahe der gl\u00e4sernen Schiebet\u00fcr bzw. unmittelbar an der Geb\u00e4udewand eines Lebensmittelmarktes stand. Am 11. Juni 2009 z\u00fcndete er einen direkt neben dem Eingang dieses Gesch\u00e4fts stehenden, mit leeren Pappschachteln bef\u00fcllten Karton an. In keinem der F\u00e4lle, die sich jeweils au\u00dferhalb der Gesch\u00e4ftszeiten ereigneten, kam es zu einem \u00dcbergreifen des Feuers auf das Geb\u00e4ude; bei der Tat vom 11. Juni 2009 wurde allerdings infolge der Hitzeeinwirkung ein Fenster zerst\u00f6rt.</p>\n            </dd>\n         </dl>\n         <dl class=\"RspDL\">\n            <dt/>\n            <dd>\n               <p/>\n            </dd>\n         </dl>\n         <dl class=\"RspDL\">\n            <dt>\n               <a name=\"rd_3\">3</a>\n            </dt>\n            <dd>\n               <p>2. Die Verurteilung des Angeklagten wegen versuchter Brandstiftung in drei F\u00e4llen h\u00e4lt rechtlicher Pr\u00fcfung nicht stand.</p>\n            </dd>\n         </dl>\n         <dl class=\"RspDL\">\n            <dt/>\n            <dd>\n               <p/>\n            </dd>\n         </dl>\n         <dl class=\"RspDL\">\n            <dt>\n               <a name=\"rd_4\">4</a>\n            </dt>\n            <dd>\n               <p>Die Strafkammer begr\u00fcndet ihre Annahme, der Angeklagte habe in allen drei F\u00e4llen ein \u00dcbergreifen der Flammen auf das Geb\u00e4ude billigend in Kauf genommen, allein damit, dass die in Brand gesetzten Beh\u00e4ltnisse in unmittelbarer N\u00e4he des Geb\u00e4udes standen. Sie meint, dass die Gefahr eines \u00dcbergreifens allgemeiner Lebenserfahrung entspr\u00e4che und selbst einem unterdurchschnittlich begabten, erheblich alkoholisierten Menschen - wie dem Angeklagten - bewusst sei.</p>\n            </dd>\n         </dl>\n         <dl class=\"RspDL\">\n            <dt/>\n            <dd>\n               <p/>\n            </dd>\n         </dl>\n         <dl class=\"RspDL\">\n            <dt>\n               <a name=\"rd_5\">5</a>\n            </dt>\n            <dd>\n               <p>Diese Erw\u00e4gungen gen\u00fcgen nicht den Anforderungen, die an die Begr\u00fcndung eines bedingten Brandstiftungsvorsatzes zu stellen sind. Ein solcher liegt nur dann vor, wenn der T\u00e4ter den Eintritt des Erfolgs als m\u00f6glich und nicht ganz fern liegend erkennt und damit in einer Weise einverstanden ist, dass er die Tatbestandsverwirklichung entweder billigend in Kauf nimmt oder sich wenigstens mit ihr abfindet (vgl. BGH, Beschl. vom 22. M\u00e4rz 1994 - 4 StR 110/94 = BGHR StGB \u00a7 306 Beweisw\u00fcrdigung 6). Um dies festzustellen, bedarf es einer Gesamtschau aller objektiven und subjektiven Umst\u00e4nde.</p>\n            </dd>\n         </dl>\n         <dl class=\"RspDL\">\n            <dt/>\n            <dd>\n               <p/>\n            </dd>\n         </dl>\n         <dl class=\"RspDL\">\n            <dt>\n               <a name=\"rd_6\">6</a>\n            </dt>\n            <dd>\n               <p>Den Urteilsausf\u00fchrungen ist nicht zu entnehmen, dass das Landgericht eine solche vorgenommen hat. Dies wird besonders deutlich bei dem Tatgeschehen vom 17. Juni 2009: Nur zwei Wochen zuvor hatte der Angeklagte die Erfahrung gemacht, dass ein in gleicher Weise gelegter Brand nicht auf das Geb\u00e4ude \u00fcbergegriffen hatte. Dennoch \u00e4nderte er seine Vorgehensweise nicht, um diesmal den Taterfolg sicher zu stellen. Dar\u00fcber hinaus belegen die Urteilsfeststellungen - entgegen der Ansicht des Landgerichts - weder in diesem noch in den beiden weiteren F\u00e4llen, dass objektiv \u00fcberhaupt die Gefahr eines \u00dcbergreifens des Feuers auf das Geb\u00e4ude bestanden hat, aus welcher R\u00fcckschl\u00fcsse auf die innere Tatseite gezogen werden k\u00f6nnten; einen Brandsachverst\u00e4ndigen hat das Landgericht hierzu nicht geh\u00f6rt.</p>\n            </dd>\n         </dl>\n         <dl class=\"RspDL\">\n            <dt/>\n            <dd>\n               <p/>\n            </dd>\n         </dl>\n         <dl class=\"RspDL\">\n            <dt>\n               <a name=\"rd_7\">7</a>\n            </dt>\n            <dd>\n               <p>Die Sache bedarf daher neuer Verhandlung und Entscheidung.</p>\n            </dd>\n         </dl>\n         <dl class=\"RspDL\">\n            <dt/>\n            <dd>\n               <p/>\n            </dd>\n         </dl>\n         <dl class=\"RspDL\">\n            <dt>\n               <a name=\"rd_8\">8</a>\n            </dt>\n            <dd>\n               <p>3. Abschlie\u00dfend bemerkt der Senat, dass sich die Berechnung der Blutalkoholkonzentration im Fall 3 deswegen revisionsrechtlicher \u00dcberpr\u00fcfung entzieht, weil das Urteil keine Angaben zur Tatzeit enth\u00e4lt.</p>\n            </dd>\n         </dl>\n         <dl class=\"RspDL\">\n            <dt/>\n            <dd>\n               <p/>\n            </dd>\n         </dl>\n         <dl class=\"RspDL\">\n            <dt/>\n            <dd>\n               <p>Tepperwien\u00a0\u00a0\u00a0\u00a0\u00a0\u00a0\u00a0\u00a0\u00a0\u00a0\u00a0\u00a0\u00a0\u00a0\u00a0\u00a0\u00a0\u00a0\u00a0\u00a0\u00a0\u00a0\u00a0\u00a0\u00a0\u00a0\u00a0\u00a0\u00a0\u00a0\u00a0\u00a0\u00a0\u00a0\u00a0\u00a0\u00a0\u00a0\u00a0\u00a0\u00a0Solin-Stojanovi\u0107\u00a0\u00a0\u00a0\u00a0\u00a0\u00a0\u00a0\u00a0\u00a0\u00a0\u00a0\u00a0\u00a0\u00a0\u00a0\u00a0\u00a0\u00a0\u00a0\u00a0\u00a0\u00a0\u00a0\u00a0\u00a0\u00a0\u00a0\u00a0\u00a0\u00a0\u00a0\u00a0\u00a0\u00a0\u00a0\u00a0\u00a0\u00a0\u00a0\u00a0\u00a0\u00a0\u00a0\u00a0Ernemann</p>\n            </dd>\n         </dl>\n         <dl class=\"RspDL\">\n            <dt/>\n            <dd>\n               <p>\u00a0\u00a0\u00a0\u00a0\u00a0\u00a0\u00a0\u00a0\u00a0\u00a0\u00a0\u00a0\u00a0\u00a0\u00a0\u00a0\u00a0\u00a0\u00a0\u00a0\u00a0\u00a0\u00a0\u00a0\u00a0\u00a0\u00a0\u00a0\u00a0\u00a0\u00a0\u00a0Franke\u00a0\u00a0\u00a0\u00a0\u00a0\u00a0\u00a0\u00a0\u00a0\u00a0\u00a0\u00a0\u00a0\u00a0\u00a0\u00a0\u00a0\u00a0\u00a0\u00a0\u00a0\u00a0\u00a0\u00a0\u00a0\u00a0\u00a0\u00a0\u00a0\u00a0\u00a0\u00a0\u00a0\u00a0\u00a0\u00a0\u00a0\u00a0\u00a0\u00a0\u00a0\u00a0\u00a0\u00a0\u00a0\u00a0\u00a0\u00a0\u00a0\u00a0\u00a0Mutzbauer</p>\n            </dd>\n         </dl>\n         <dl class=\"RspDL\">\n            <dt/>\n            <dd>\n               <p/>\n            </dd>\n         </dl>\n      </div>\n   ", "accessRights": "public", "gerort": "", "entschDatum": "20100304", "coverage": "Deutschland", "titel": "\n      <dl class=\"RspDL\">\n         <dt/>\n         <dd>\n            <p>Brandstiftung: Voraussetzungen des bedingten Vorsatzes</p>\n         </dd>\n      </dl>\n   ", "ecli": "", "identifier": "http://www.rechtsprechung-im-internet.de/jportal/?quelle=jlink&docid=JURE100061975&psml=bsjrsprod.psml&max=true", "spruchkoerper": "4. Strafsenat", "vorinstanz": "vorgehend LG Paderborn, 6. November 2009, Az: 1 KLs 45/09 - 331 Js 453/09, Urteil\n   ", "doknr": "JURE100061975", "abweichendeMeinung": "", "tenor": "\n      <div>\n         <dl class=\"RspDL\">\n            <dt/>\n            <dd>\n               <p>1. Auf die Revision des Angeklagten wird das Urteil des Landgerichts Paderborn vom 6. November 2009 mit den Feststellungen aufgehoben.</p>\n            </dd>\n         </dl>\n         <dl class=\"RspDL\">\n            <dt/>\n            <dd>\n               <p/>\n            </dd>\n         </dl>\n         <dl class=\"RspDL\">\n            <dt/>\n            <dd>\n               <p>2. Die Sache wird zu neuer Verhandlung und Entscheidung, auch \u00fcber die Kosten des Rechtsmittels, an eine andere Strafkammer des Landgerichts zur\u00fcckverwiesen.</p>\n            </dd>\n         </dl>\n         <dl class=\"RspDL\">\n            <dt/>\n            <dd>\n               <p/>\n            </dd>\n         </dl>\n      </div>\n   ", "regionAbk": "DEU"}