{"publisher": "BMJV", "tatbestand": "", "absaetze": [{"num": "1", "textProcessed": ["landgericht", "angeklagt", "unerlaubt", "handeltreib", "betaubungsmitteln", "gering", "meng", "mitsichfuhr", "schusswaff", "zwei", "fall", "davon", "fall", "tatein", "vortausch", "straftat", "sowi", "bedroh", "gesamtfreiheitsstraf", "funf", "jahr", "zehn", "monat", "verurteilt", "ausserd", "unterbring", "angeklagt", "entziehungsanstalt", "angeordnet", "anfecht", "massregelausspruch", "beschrankt", "revision", "generalbundesanwalt", "vertret", "beanstandet", "staatsanwaltschaft", "verletz", "formell", "materiell", "recht"], "text": "Das Landgericht hat den Angeklagten wegen unerlaubten Handeltreibens mit Bet\u00e4ubungsmitteln in nicht geringer Menge \"unter Mitsichf\u00fchrens einer Schusswaffe\" in zwei F\u00e4llen, davon in einem Fall in Tateinheit mit Vort\u00e4uschen einer Straftat sowie wegen Bedrohung zu einer Gesamtfreiheitsstrafe von f\u00fcnf Jahren und zehn Monaten verurteilt. Es hat au\u00dferdem die Unterbringung des Angeklagten in einer Entziehungsanstalt angeordnet. Mit ihrer auf die Anfechtung des Ma\u00dfregelausspruchs beschr\u00e4nkten Revision, die vom Generalbundesanwalt vertreten wird, beanstandet die Staatsanwaltschaft die Verletzung formellen und materiellen Rechts."}, {"num": "2", "textProcessed": ["rechtsmittel", "erfolg"], "text": "Das Rechtsmittel hat Erfolg."}, {"num": "3", "textProcessed": ["beschrank", "revision", "massregelausspruch", "wirksam", "urteilsgrund", "wechselwirk", "unterbringungsanordn", "stgb", "strafausspruch", "auszuschliess", "bgh", "urteil", "oktob", "str", "bghst", "rechtsmittel", "wirkt", "nunmehr", "zugun", "angeklagt", "angefocht", "massregelanordn", "beschwert", "bgh", "urteil", "marz", "str", "bghst", "bgh", "beschluss", "juni", "str"], "text": "1. Die Beschr\u00e4nkung der Revision auf den Ma\u00dfregelausspruch ist wirksam; nach den Urteilsgr\u00fcnden ist eine Wechselwirkung zwischen der Unterbringungsanordnung nach \u00a7 64 StGB und dem Strafausspruch auszuschlie\u00dfen (BGH, Urteil vom 7. Oktober 1992 - 2 StR 374/92, BGHSt 38, 362, 363). Das Rechtsmittel wirkt nunmehr nur noch zugunsten des Angeklagten, da die angefochtene Ma\u00dfregelanordnung ihn beschwert (BGH, Urteil vom 21. M\u00e4rz 1979\u00a0- 2 StR 743/78, BGHSt 28, 327, 331; BGH, Beschluss vom 24. Juni 2003 - 1 StR 25/03)."}, {"num": "4", "textProcessed": ["anordn", "unterbring", "angeklagt", "entziehungsanstalt", "bestand"], "text": "2. Die Anordnung der Unterbringung des Angeklagten in einer Entziehungsanstalt hat keinen Bestand."}, {"num": "5", "textProcessed": ["urteilsfeststell", "angeklagt", "seit", "lebensjahr", "kontakt", "betaubungsmitteln", "anfang", "marihuana", "konsumiert", "stieg", "heroin", "injiziert", "somm", "gelang", "heroinkonsum", "jedoch", "konsum", "cannabis", "alkohol", "abstand", "nehm", "seit", "anfang", "nahm", "jedoch", "heroin", "wobei", "zuletzt", "taglich", "dosis", "betaubungsmittel", "benotigt", "festnahm", "litt", "erheb", "entzugserschein", "abgeurteilt", "betaubungsmitteltat", "beging", "angeklagt", "drog", "finanziell", "mittel", "befried", "sucht", "beschaff"], "text": "a) Nach den Urteilsfeststellungen hat der Angeklagte seit seinem 15. Lebensjahr Kontakt zu Bet\u00e4ubungsmitteln. W\u00e4hrend er anfangs nur Marihuana konsumierte, stieg er 1999 auf Heroin um, das er sich auch injizierte. Im Sommer 2005 gelang es ihm, vom Heroinkonsum, nicht jedoch vom Konsum von Cannabis und Alkohol Abstand zu nehmen. Seit Anfang 2009 nahm er jedoch wieder Heroin zu sich, wobei er zuletzt eine t\u00e4gliche Dosis von bis zu 7 g des Bet\u00e4ubungsmittels ben\u00f6tigte. Bei seiner Festnahme litt er unter erheblichen Entzugserscheinungen. Die abgeurteilten Bet\u00e4ubungsmitteltaten beging der Angeklagte, um sich Drogen und finanzielle Mittel zur Befriedigung seiner Sucht zu beschaffen."}, {"num": "6", "textProcessed": ["landgericht", "sachverstand", "berat", "hang", "angeklagt", "missbrauch", "rauschmitteln", "bejaht", "urteilgrund", "beleg", "hinreich", "betaubungsmittelabhang", "einhergeh", "gefahr", "begeh", "weit", "betaubungsmitteldelikt", "angeklagt", "begrund", "hinreich", "konkret", "aussicht", "behandlungserfolg", "strafkamm", "darauf", "abgestellt", "dass", "angeklagt", "hauptverhandl", "geaussert", "therapiewunsch", "ledig", "vordergrund", "sei", "daraus", "ergeb", "dass", "angeklagt", "ergang", "urteil", "akzeptiert", "somit", "unterbring", "entziehungsanstalt", "eingestellt", "voraussicht", "erford", "therapiedau", "landgericht", "sachverstand", "folgend", "etwa", "drei", "jahr", "bemess"], "text": "Das Landgericht hat sachverst\u00e4ndig beraten einen Hang des Angeklagten zum Missbrauch von Rauschmitteln bejaht. Die Urteilgr\u00fcnde belegen auch hinreichend eine mit der Bet\u00e4ubungsmittelabh\u00e4ngigkeit einhergehende Gefahr der Begehung weiterer Bet\u00e4ubungsmitteldelikte durch den Angeklagten. Zur Begr\u00fcndung einer hinreichend konkreten Aussicht auf einen Behandlungserfolg hat die Strafkammer darauf abgestellt, dass der vom Angeklagten in der Hauptverhandlung ge\u00e4u\u00dferte Therapiewunsch nicht lediglich vordergr\u00fcndig sei, was sich auch daraus ergebe, dass \"der Angeklagte das gegen ihn ergangene Urteil akzeptiert und sich somit auf eine Unterbringung in einer Entziehungsanstalt eingestellt\" habe. Die voraussichtlich erforderliche Therapiedauer hat das Landgericht der Sachverst\u00e4ndigen folgend auf etwa drei Jahre bemessen."}, {"num": "7", "textProcessed": ["unterbringungsanordn", "halt", "revision", "erhob", "verfahrensrug", "stpo", "rechtlich", "nachpruf", "stand"], "text": "b) Die Unterbringungsanordnung h\u00e4lt auf die von der Revision erhobene Verfahrensr\u00fcge nach \u00a7 261 StPO rechtlicher Nachpr\u00fcfung nicht stand."}, {"num": "8", "textProcessed": ["grundlag", "uberzeugungsbild", "richt", "urteilsfind", "darf", "innerhalb", "hauptverhandl", "aufruf", "sach", "letzt", "wort", "angeklagt", "mundlich", "erortert", "word", "dass", "beteiligt", "geleg", "stellungnahm", "kk", "schoreit", "aufl", "rn", "bgh", "beschluss", "juli", "str", "nstz", "hiergeg", "landgericht", "verstoss", "massregelanordn", "stgb", "erford", "hinreich", "konkret", "aussicht", "behandlungserfolg", "umstand", "entnomm", "dass", "angeklagt", "innerhalb", "frist", "abs", "stpo", "revision", "eingelegt", "tatsach", "gestutzt", "inbegriff", "hauptverhandl", "erst", "erlass", "urteil", "zutag", "getret"], "text": "Grundlage der \u00dcberzeugungsbildung des Richters und der Urteilsfindung darf nur das sein, was innerhalb der Hauptverhandlung, d.h. vom Aufruf der Sache bis zum letzten Wort des Angeklagten m\u00fcndlich so er\u00f6rtert worden ist, dass alle Beteiligten Gelegenheit zur Stellungnahme hatten (KK-Schoreit, 6. Aufl., \u00a7 261 Rn. 6; BGH, Beschluss vom 10. Juli 2001 - 5 StR 250/01, NStZ 2001, 595 f.). Hiergegen hat das Landgericht versto\u00dfen. Es hat die f\u00fcr die Ma\u00dfregelanordnung nach \u00a7 64 StGB erforderliche hinreichend konkrete Aussicht auf einen Behandlungserfolg auch aus dem Umstand entnommen, dass der Angeklagte innerhalb der Frist des \u00a7 341 Abs. 1 StPO keine Revision eingelegt hat, und sich damit auf eine Tatsache gest\u00fctzt, die nicht Inbegriff der Hauptverhandlung war, sondern erst nach Erlass des Urteils zutage getreten ist."}, {"num": "9", "textProcessed": ["senat", "ausschliess", "dass", "massregelanordn", "verfahrensverstoss", "beruht", "sachverstand", "ersicht", "zweifel", "bereitschaft", "angeklagt", "bekundet", "langfrist", "therapi", "rahm", "massregelvollzug", "unterzieh", "zweifel", "landgericht", "jedoch", "massgeb", "revision", "beanstandet", "erwag", "auszuraum", "versucht"], "text": "Der Senat kann nicht ausschlie\u00dfen, dass die Ma\u00dfregelanordnung auf diesem Verfahrensversto\u00df beruht. Denn die Sachverst\u00e4ndige hat ersichtlich Zweifel an der Bereitschaft des Angeklagten bekundet, sich einer langfristigen Therapie im Rahmen des Ma\u00dfregelvollzugs zu unterziehen. Diese Zweifel hat das Landgericht jedoch ma\u00dfgeblich mit der von der Revision beanstandeten Erw\u00e4gung auszur\u00e4umen versucht."}, {"num": "10", "textProcessed": ["urteil", "angefocht", "umfang", "bereit", "erhob", "verfahrensrug", "aufheb", "unterliegt", "kommt", "sachrug", "mehr", "senat", "weist", "jedoch", "darauf", "dass", "voraussicht", "therapiedau", "drei", "jahr", "landgericht", "festgestellt", "massregelanordn", "stgb", "notwend", "aussicht", "behandlungserfolg", "vernein", "senatsurteil", "marz", "str", "obit", "dictum", "bgh", "beschluss", "februar", "str"], "text": "c) Da das Urteil im angefochtenen Umfang bereits auf die erhobene Verfahrensr\u00fcge der Aufhebung unterliegt, kommt es auf die Sachr\u00fcge nicht mehr an. Der Senat weist jedoch darauf hin, dass bei einer voraussichtlichen Therapiedauer von drei Jahren, wie sie das Landgericht hier festgestellt hat, die f\u00fcr die Ma\u00dfregelanordnung nach \u00a7 64 StGB notwendige Aussicht eines Behandlungserfolgs zu verneinen ist (Senatsurteil vom 11. M\u00e4rz 2010 - 3 StR 538/09\u00a0\u00a0- obiter dictum -; s. aber auch BGH, Beschluss vom 6. Februar 1996 - 5 StR 16/96)."}, {"num": "11", "textProcessed": ["frag", "unterbring", "angeklagt", "entziehungsanstalt", "deshalb", "erneut", "befind", "neu", "tatricht", "insbesond", "geleg", "neu", "feststell", "voraussicht", "notwend", "therapiedau", "treff"], "text": "d) \u00dcber die Frage der Unterbringung des Angeklagten in einer Entziehungsanstalt ist deshalb erneut zu befinden. Der neue Tatrichter wird insbesondere Gelegenheit haben, neue Feststellungen zu der voraussichtlich notwendigen Therapiedauer zu treffen."}], "norm": ["\u00a7 64 StGB", "\u00a7 261 StPO", "\u00a7 341 StPO"], "doktyp": "Urteil", "regionLong": "Bundesrepublik Deutschland", "sonstlt": "", "gruendeProcessed": ["landgericht", "angeklagt", "unerlaubt", "handeltreib", "betaubungsmitteln", "gering", "meng", "mitsichfuhr", "schusswaff", "zwei", "fall", "davon", "fall", "tatein", "vortausch", "straftat", "sowi", "bedroh", "gesamtfreiheitsstraf", "funf", "jahr", "zehn", "monat", "verurteilt", "ausserd", "unterbring", "angeklagt", "entziehungsanstalt", "angeordnet", "anfecht", "massregelausspruch", "beschrankt", "revision", "generalbundesanwalt", "vertret", "beanstandet", "staatsanwaltschaft", "verletz", "formell", "materiell", "recht", "rechtsmittel", "erfolg", "beschrank", "revision", "massregelausspruch", "wirksam", "urteilsgrund", "wechselwirk", "unterbringungsanordn", "stgb", "strafausspruch", "auszuschliess", "bgh", "urteil", "oktob", "str", "bghst", "rechtsmittel", "wirkt", "nunmehr", "zugun", "angeklagt", "angefocht", "massregelanordn", "beschwert", "bgh", "urteil", "marz", "str", "bghst", "bgh", "beschluss", "juni", "str", "anordn", "unterbring", "angeklagt", "entziehungsanstalt", "bestand", "urteilsfeststell", "angeklagt", "seit", "lebensjahr", "kontakt", "betaubungsmitteln", "anfang", "marihuana", "konsumiert", "stieg", "heroin", "injiziert", "somm", "gelang", "heroinkonsum", "jedoch", "konsum", "cannabis", "alkohol", "abstand", "nehm", "seit", "anfang", "nahm", "jedoch", "heroin", "wobei", "zuletzt", "taglich", "dosis", "betaubungsmittel", "benotigt", "festnahm", "litt", "erheb", "entzugserschein", "abgeurteilt", "betaubungsmitteltat", "beging", "angeklagt", "drog", "finanziell", "mittel", "befried", "sucht", "beschaff", "landgericht", "sachverstand", "berat", "hang", "angeklagt", "missbrauch", "rauschmitteln", "bejaht", "urteilgrund", "beleg", "hinreich", "betaubungsmittelabhang", "einhergeh", "gefahr", "begeh", "weit", "betaubungsmitteldelikt", "angeklagt", "begrund", "hinreich", "konkret", "aussicht", "behandlungserfolg", "strafkamm", "darauf", "abgestellt", "dass", "angeklagt", "hauptverhandl", "geaussert", "therapiewunsch", "ledig", "vordergrund", "sei", "daraus", "ergeb", "dass", "angeklagt", "ergang", "urteil", "akzeptiert", "somit", "unterbring", "entziehungsanstalt", "eingestellt", "voraussicht", "erford", "therapiedau", "landgericht", "sachverstand", "folgend", "etwa", "drei", "jahr", "bemess", "unterbringungsanordn", "halt", "revision", "erhob", "verfahrensrug", "stpo", "rechtlich", "nachpruf", "stand", "grundlag", "uberzeugungsbild", "richt", "urteilsfind", "darf", "innerhalb", "hauptverhandl", "aufruf", "sach", "letzt", "wort", "angeklagt", "mundlich", "erortert", "word", "dass", "beteiligt", "geleg", "stellungnahm", "kk", "schoreit", "aufl", "rn", "bgh", "beschluss", "juli", "str", "nstz", "hiergeg", "landgericht", "verstoss", "massregelanordn", "stgb", "erford", "hinreich", "konkret", "aussicht", "behandlungserfolg", "umstand", "entnomm", "dass", "angeklagt", "innerhalb", "frist", "abs", "stpo", "revision", "eingelegt", "tatsach", "gestutzt", "inbegriff", "hauptverhandl", "erst", "erlass", "urteil", "zutag", "getret", "senat", "ausschliess", "dass", "massregelanordn", "verfahrensverstoss", "beruht", "sachverstand", "ersicht", "zweifel", "bereitschaft", "angeklagt", "bekundet", "langfrist", "therapi", "rahm", "massregelvollzug", "unterzieh", "zweifel", "landgericht", "jedoch", "massgeb", "revision", "beanstandet", "erwag", "auszuraum", "versucht", "urteil", "angefocht", "umfang", "bereit", "erhob", "verfahrensrug", "aufheb", "unterliegt", "kommt", "sachrug", "mehr", "senat", "weist", "jedoch", "darauf", "dass", "voraussicht", "therapiedau", "drei", "jahr", "landgericht", "festgestellt", "massregelanordn", "stgb", "notwend", "aussicht", "behandlungserfolg", "vernein", "senatsurteil", "marz", "str", "obit", "dictum", "bgh", "beschluss", "februar", "str", "frag", "unterbring", "angeklagt", "entziehungsanstalt", "deshalb", "erneut", "befind", "neu", "tatricht", "insbesond", "geleg", "neu", "feststell", "voraussicht", "notwend", "therapiedau", "treff", "beck", "lien", "sost", "scheibl", "hubert", "may"], "mitwirkung": "", "aktenzeichen": "3 StR 195/10", "language": "deutsch", "gertyp": "BGH", "leitsatz": "", "gruende": "\n      <div>\n         <dl class=\"RspDL\">\n            <dt>\n               <a name=\"rd_1\">1</a>\n            </dt>\n            <dd>\n               <p>Das Landgericht hat den Angeklagten wegen unerlaubten Handeltreibens mit Bet\u00e4ubungsmitteln in nicht geringer Menge \"unter Mitsichf\u00fchrens einer Schusswaffe\" in zwei F\u00e4llen, davon in einem Fall in Tateinheit mit Vort\u00e4uschen einer Straftat sowie wegen Bedrohung zu einer Gesamtfreiheitsstrafe von f\u00fcnf Jahren und zehn Monaten verurteilt. Es hat au\u00dferdem die Unterbringung des Angeklagten in einer Entziehungsanstalt angeordnet. Mit ihrer auf die Anfechtung des Ma\u00dfregelausspruchs beschr\u00e4nkten Revision, die vom Generalbundesanwalt vertreten wird, beanstandet die Staatsanwaltschaft die Verletzung formellen und materiellen Rechts.</p>\n            </dd>\n         </dl>\n         <dl class=\"RspDL\">\n            <dt/>\n            <dd>\n               <p/>\n            </dd>\n         </dl>\n         <dl class=\"RspDL\">\n            <dt>\n               <a name=\"rd_2\">2</a>\n            </dt>\n            <dd>\n               <p>Das Rechtsmittel hat Erfolg.</p>\n            </dd>\n         </dl>\n         <dl class=\"RspDL\">\n            <dt/>\n            <dd>\n               <p/>\n            </dd>\n         </dl>\n         <dl class=\"RspDL\">\n            <dt>\n               <a name=\"rd_3\">3</a>\n            </dt>\n            <dd>\n               <p>1. Die Beschr\u00e4nkung der Revision auf den Ma\u00dfregelausspruch ist wirksam; nach den Urteilsgr\u00fcnden ist eine Wechselwirkung zwischen der Unterbringungsanordnung nach \u00a7 64 StGB und dem Strafausspruch auszuschlie\u00dfen (BGH, Urteil vom 7. Oktober 1992 - 2 StR 374/92, BGHSt 38, 362, 363). Das Rechtsmittel wirkt nunmehr nur noch zugunsten des Angeklagten, da die angefochtene Ma\u00dfregelanordnung ihn beschwert (BGH, Urteil vom 21. M\u00e4rz 1979\u00a0- 2 StR 743/78, BGHSt 28, 327, 331; BGH, Beschluss vom 24. Juni 2003 - 1 StR 25/03).</p>\n            </dd>\n         </dl>\n         <dl class=\"RspDL\">\n            <dt/>\n            <dd>\n               <p/>\n            </dd>\n         </dl>\n         <dl class=\"RspDL\">\n            <dt>\n               <a name=\"rd_4\">4</a>\n            </dt>\n            <dd>\n               <p>2. Die Anordnung der Unterbringung des Angeklagten in einer Entziehungsanstalt hat keinen Bestand.</p>\n            </dd>\n         </dl>\n         <dl class=\"RspDL\">\n            <dt/>\n            <dd>\n               <p/>\n            </dd>\n         </dl>\n         <dl class=\"RspDL\">\n            <dt>\n               <a name=\"rd_5\">5</a>\n            </dt>\n            <dd>\n               <p>a) Nach den Urteilsfeststellungen hat der Angeklagte seit seinem 15. Lebensjahr Kontakt zu Bet\u00e4ubungsmitteln. W\u00e4hrend er anfangs nur Marihuana konsumierte, stieg er 1999 auf Heroin um, das er sich auch injizierte. Im Sommer 2005 gelang es ihm, vom Heroinkonsum, nicht jedoch vom Konsum von Cannabis und Alkohol Abstand zu nehmen. Seit Anfang 2009 nahm er jedoch wieder Heroin zu sich, wobei er zuletzt eine t\u00e4gliche Dosis von bis zu 7 g des Bet\u00e4ubungsmittels ben\u00f6tigte. Bei seiner Festnahme litt er unter erheblichen Entzugserscheinungen. Die abgeurteilten Bet\u00e4ubungsmitteltaten beging der Angeklagte, um sich Drogen und finanzielle Mittel zur Befriedigung seiner Sucht zu beschaffen.</p>\n            </dd>\n         </dl>\n         <dl class=\"RspDL\">\n            <dt/>\n            <dd>\n               <p/>\n            </dd>\n         </dl>\n         <dl class=\"RspDL\">\n            <dt>\n               <a name=\"rd_6\">6</a>\n            </dt>\n            <dd>\n               <p>Das Landgericht hat sachverst\u00e4ndig beraten einen Hang des Angeklagten zum Missbrauch von Rauschmitteln bejaht. Die Urteilgr\u00fcnde belegen auch hinreichend eine mit der Bet\u00e4ubungsmittelabh\u00e4ngigkeit einhergehende Gefahr der Begehung weiterer Bet\u00e4ubungsmitteldelikte durch den Angeklagten. Zur Begr\u00fcndung einer hinreichend konkreten Aussicht auf einen Behandlungserfolg hat die Strafkammer darauf abgestellt, dass der vom Angeklagten in der Hauptverhandlung ge\u00e4u\u00dferte Therapiewunsch nicht lediglich vordergr\u00fcndig sei, was sich auch daraus ergebe, dass \"der Angeklagte das gegen ihn ergangene Urteil akzeptiert und sich somit auf eine Unterbringung in einer Entziehungsanstalt eingestellt\" habe. Die voraussichtlich erforderliche Therapiedauer hat das Landgericht der Sachverst\u00e4ndigen folgend auf etwa drei Jahre bemessen.</p>\n            </dd>\n         </dl>\n         <dl class=\"RspDL\">\n            <dt/>\n            <dd>\n               <p/>\n            </dd>\n         </dl>\n         <dl class=\"RspDL\">\n            <dt>\n               <a name=\"rd_7\">7</a>\n            </dt>\n            <dd>\n               <p>b) Die Unterbringungsanordnung h\u00e4lt auf die von der Revision erhobene Verfahrensr\u00fcge nach \u00a7 261 StPO rechtlicher Nachpr\u00fcfung nicht stand.</p>\n            </dd>\n         </dl>\n         <dl class=\"RspDL\">\n            <dt/>\n            <dd>\n               <p/>\n            </dd>\n         </dl>\n         <dl class=\"RspDL\">\n            <dt>\n               <a name=\"rd_8\">8</a>\n            </dt>\n            <dd>\n               <p>Grundlage der \u00dcberzeugungsbildung des Richters und der Urteilsfindung darf nur das sein, was innerhalb der Hauptverhandlung, d.h. vom Aufruf der Sache bis zum letzten Wort des Angeklagten m\u00fcndlich so er\u00f6rtert worden ist, dass alle Beteiligten Gelegenheit zur Stellungnahme hatten (KK-Schoreit, 6. Aufl., \u00a7 261 Rn. 6; BGH, Beschluss vom 10. Juli 2001 - 5 StR 250/01, NStZ 2001, 595 f.). Hiergegen hat das Landgericht versto\u00dfen. Es hat die f\u00fcr die Ma\u00dfregelanordnung nach \u00a7 64 StGB erforderliche hinreichend konkrete Aussicht auf einen Behandlungserfolg auch aus dem Umstand entnommen, dass der Angeklagte innerhalb der Frist des \u00a7 341 Abs. 1 StPO keine Revision eingelegt hat, und sich damit auf eine Tatsache gest\u00fctzt, die nicht Inbegriff der Hauptverhandlung war, sondern erst nach Erlass des Urteils zutage getreten ist.</p>\n            </dd>\n         </dl>\n         <dl class=\"RspDL\">\n            <dt/>\n            <dd>\n               <p/>\n            </dd>\n         </dl>\n         <dl class=\"RspDL\">\n            <dt>\n               <a name=\"rd_9\">9</a>\n            </dt>\n            <dd>\n               <p>Der Senat kann nicht ausschlie\u00dfen, dass die Ma\u00dfregelanordnung auf diesem Verfahrensversto\u00df beruht. Denn die Sachverst\u00e4ndige hat ersichtlich Zweifel an der Bereitschaft des Angeklagten bekundet, sich einer langfristigen Therapie im Rahmen des Ma\u00dfregelvollzugs zu unterziehen. Diese Zweifel hat das Landgericht jedoch ma\u00dfgeblich mit der von der Revision beanstandeten Erw\u00e4gung auszur\u00e4umen versucht.</p>\n            </dd>\n         </dl>\n         <dl class=\"RspDL\">\n            <dt/>\n            <dd>\n               <p/>\n            </dd>\n         </dl>\n         <dl class=\"RspDL\">\n            <dt>\n               <a name=\"rd_10\">10</a>\n            </dt>\n            <dd>\n               <p>c) Da das Urteil im angefochtenen Umfang bereits auf die erhobene Verfahrensr\u00fcge der Aufhebung unterliegt, kommt es auf die Sachr\u00fcge nicht mehr an. Der Senat weist jedoch darauf hin, dass bei einer voraussichtlichen Therapiedauer von drei Jahren, wie sie das Landgericht hier festgestellt hat, die f\u00fcr die Ma\u00dfregelanordnung nach \u00a7 64 StGB notwendige Aussicht eines Behandlungserfolgs zu verneinen ist (Senatsurteil vom 11. M\u00e4rz 2010 - 3 StR 538/09\u00a0\u00a0- obiter dictum -; s. aber auch BGH, Beschluss vom 6. Februar 1996 - 5 StR 16/96).</p>\n            </dd>\n         </dl>\n         <dl class=\"RspDL\">\n            <dt/>\n            <dd>\n               <p/>\n            </dd>\n         </dl>\n         <dl class=\"RspDL\">\n            <dt>\n               <a name=\"rd_11\">11</a>\n            </dt>\n            <dd>\n               <p>d) \u00dcber die Frage der Unterbringung des Angeklagten in einer Entziehungsanstalt ist deshalb erneut zu befinden. Der neue Tatrichter wird insbesondere Gelegenheit haben, neue Feststellungen zu der voraussichtlich notwendigen Therapiedauer zu treffen.</p>\n            </dd>\n         </dl>\n         <dl class=\"RspDL\">\n            <dt/>\n            <dd>\n               <p/>\n            </dd>\n         </dl>\n         <dl class=\"RspDL\">\n            <dt/>\n            <dd>\n               <p>Becker\u00a0\u00a0\u00a0\u00a0\u00a0\u00a0\u00a0\u00a0\u00a0\u00a0\u00a0\u00a0\u00a0\u00a0\u00a0\u00a0\u00a0\u00a0\u00a0\u00a0\u00a0\u00a0\u00a0\u00a0\u00a0\u00a0\u00a0\u00a0\u00a0\u00a0\u00a0\u00a0\u00a0\u00a0\u00a0\u00a0von Lienen\u00a0\u00a0\u00a0\u00a0\u00a0\u00a0\u00a0\u00a0\u00a0\u00a0\u00a0\u00a0\u00a0\u00a0\u00a0\u00a0\u00a0\u00a0\u00a0\u00a0\u00a0\u00a0\u00a0\u00a0\u00a0\u00a0\u00a0\u00a0\u00a0\u00a0\u00a0Sost-Scheible</p>\n            </dd>\n         </dl>\n         <dl class=\"RspDL\">\n            <dt/>\n            <dd>\n               <p>\u00a0\u00a0\u00a0\u00a0\u00a0\u00a0\u00a0\u00a0\u00a0\u00a0\u00a0\u00a0\u00a0\u00a0\u00a0\u00a0\u00a0\u00a0\u00a0\u00a0\u00a0\u00a0Hubert\u00a0\u00a0\u00a0\u00a0\u00a0\u00a0\u00a0\u00a0\u00a0\u00a0\u00a0\u00a0\u00a0\u00a0\u00a0\u00a0\u00a0\u00a0\u00a0\u00a0\u00a0\u00a0\u00a0\u00a0\u00a0\u00a0\u00a0\u00a0\u00a0\u00a0\u00a0\u00a0\u00a0\u00a0\u00a0\u00a0\u00a0\u00a0\u00a0\u00a0\u00a0Mayer</p>\n            </dd>\n         </dl>\n         <dl class=\"RspDL\">\n            <dt/>\n            <dd>\n               <p/>\n            </dd>\n         </dl>\n      </div>\n   ", "accessRights": "public", "gerort": "", "entschDatum": "20100805", "coverage": "Deutschland", "titel": "\n      <dl class=\"RspDL\">\n         <dt/>\n         <dd>\n            <p>Unterbringung in einer Entziehungsanstalt: Erfolgsaussicht aufgrund von Umst\u00e4nden nach Erlass des Urteils; voraussichtliche Therapiedauer von 3 Jahren</p>\n         </dd>\n      </dl>\n   ", "ecli": "", "identifier": "http://www.rechtsprechung-im-internet.de/jportal/?quelle=jlink&docid=JURE100069912&psml=bsjrsprod.psml&max=true", "spruchkoerper": "3. Strafsenat", "vorinstanz": "vorgehend LG Hannover, 27. Januar 2010, Az: 40 KLs 22/09 - 6112 Js 54926/09 - 3 Ss 6/10, Urteil\n   ", "doknr": "JURE100069912", "abweichendeMeinung": "", "tenor": "\n      <div>\n         <dl class=\"RspDL\">\n            <dt/>\n            <dd>\n               <p>1. Auf die Revision der Staatsanwaltschaft wird das Urteil des Landgerichts Hannover vom 27. Januar 2010 im Ma\u00dfregelausspruch mit den zugeh\u00f6rigen Feststellungen aufgehoben.</p>\n            </dd>\n         </dl>\n         <dl class=\"RspDL\">\n            <dt/>\n            <dd>\n               <p/>\n            </dd>\n         </dl>\n         <dl class=\"RspDL\">\n            <dt/>\n            <dd>\n               <p>2. Im Umfang der Aufhebung wird die Sache zu neuer Verhandlung und Entscheidung, auch \u00fcber die Kosten des Rechtsmittels, an eine andere Strafkammer des Landgerichts zur\u00fcckverwiesen.</p>\n            </dd>\n         </dl>\n         <dl class=\"RspDL\">\n            <dt/>\n            <dd>\n               <p/>\n            </dd>\n         </dl>\n         <dl class=\"RspDL\">\n            <dt/>\n            <dd>\n               <p style=\"text-align:left\">Von Rechts wegen</p>\n            </dd>\n         </dl>\n      </div>\n   ", "regionAbk": "DEU"}