{"publisher": "BMJV", "tatbestand": "", "absaetze": [{"num": "1", "textProcessed": ["landgericht", "angeklagt", "vorwurf", "korperverletz", "todesfolg", "tatsach", "grund", "freigesproch", "anklag", "lag", "last", "damal", "lebensgefahrtin", "auseinandersetz", "eifersucht", "schlag", "gesichtsbereich", "korp", "schwer", "misshandelt", "dass", "hint", "kopf", "mobelstuck", "bod", "fiel", "wenig", "tag", "spat", "folg", "dabei", "erlitt", "beidseit", "subdural", "hamatom", "verstarb", "staatsanwaltschaft", "beanstandet", "freispruch", "sachrug", "gestutzt", "generalbundesanwalt", "vertret", "revision", "nebenklag", "rug", "verletz", "materiell", "recht", "erheb", "fern", "verfahrensrug", "rechtsmittel", "erfolg"], "text": "Das Landgericht hat den Angeklagten vom Vorwurf der K\u00f6rperverletzung mit Todesfolge aus tats\u00e4chlichen Gr\u00fcnden freigesprochen. Nach der Anklage lag ihm zur Last, seine damalige Lebensgef\u00e4hrtin w\u00e4hrend einer Auseinandersetzung aus Eifersucht durch Schl\u00e4ge auf den Gesichtsbereich k\u00f6rperlich so schwer misshandelt zu haben, dass diese nach hinten mit dem Kopf auf ein M\u00f6belst\u00fcck oder auf den Boden fiel und wenige Tage sp\u00e4ter an den Folgen des dabei erlittenen beidseitigen subduralen H\u00e4matoms verstarb. Die Staatsanwaltschaft beanstandet den Freispruch mit ihrer auf die Sachr\u00fcge gest\u00fctzten und vom Generalbundesanwalt vertretenen Revision. Auch die Nebenkl\u00e4ger r\u00fcgen die Verletzung materiellen Rechts; sie erheben ferner Verfahrensr\u00fcgen. Die Rechtsmittel haben keinen Erfolg."}, {"num": "2", "textProcessed": ["landgericht", "folgend", "festgestellt"], "text": "1. Das Landgericht hat Folgendes festgestellt:"}, {"num": "3", "textProcessed": ["uberwieg", "gemeinsam", "angeklagt", "lebensgefahrtin", "spat", "verstorb", "petra", "verbracht", "wochen", "verlauf", "teilnahm", "verschied", "feierlich", "gekomm", "wurd", "inzwisch", "stark", "alkoholisiert", "zeug", "abendstund", "juni", "geschadigt", "pkw", "haus", "gefahr", "lang", "angeklagt", "erwartet", "wegblieb", "versucht", "beim", "zeug", "telefon", "erreich", "jedoch", "gelang", "zeug", "gesprach", "annahm", "verspatet", "ruckkehr", "gemeinsam", "wohnung", "nahm", "geschadigt", "zeitpunkt", "wed", "alkohol", "drogeneinfluss", "stand", "zunach", "dusch", "landgericht", "halt", "moglich", "dass", "dusch", "nass", "untergrund", "duschbadewann", "ausrutscht", "jedenfall", "hort", "angeklagt", "schlafzimm", "geschadigt", "badezimm", "aua", "scheiss", "rief", "verlass", "badezimm", "teilt", "geschadigt", "angeklagt", "sei", "passiert", "angeklagt", "weit", "erklar", "bedurf", "dahin", "verstand", "geschadigt", "aufenthalt", "wohnung", "zeug", "betrog", "drei", "kurz", "aufeinand", "folgend", "seit", "angeklagt", "ausserst", "erregt", "gefuhrt", "telefonat", "zeug", "raumt", "geschlechtsverkehr", "geschadigt", "letztlich", "geschadigt", "ihrerseit", "sucht", "nunmehr", "aussprach", "angeklagt", "hielt", "deshalb", "schlafzimm", "flur", "fest", "angeklagt", "macht", "abschuttelnd", "handbeweg", "recht", "arm", "red", "allein", "geschadigt", "erklart", "daraufhin", "schlecht", "angeklagt", "bemerk", "beantwortet", "daraufhin", "fiel", "geschadigt", "ruckwart", "krampft", "ansprechbar", "verdreht", "aug", "angeklagt", "begab", "befreundet", "nachbarn", "zeug", "rettungswag", "notarzt", "alarmiert", "geschadigt", "verstarb", "juni", "krankenhaus"], "text": "Nach einem \u00fcberwiegend gemeinsam mit dem Angeklagten und seiner Lebensgef\u00e4hrtin, der sp\u00e4ter verstorbenen Petra K., verbrachten Wochenende, in dessen Verlauf es auch zur Teilnahme an verschiedenen Feierlichkeiten gekommen war, wurde der inzwischen stark alkoholisierte Zeuge J.\u00a0in den Abendstunden des 24. Juni 2007 von der Gesch\u00e4digten mit dem Pkw nach Hause gefahren. Da diese l\u00e4nger als vom Angeklagten erwartet wegblieb, versuchte er, sie beim Zeugen J.\u00a0telefonisch zu erreichen, was jedoch nicht gelang, da der Zeuge das Gespr\u00e4ch nicht annahm. Nach ihrer versp\u00e4teten R\u00fcckkehr in die gemeinsame Wohnung nahm die Gesch\u00e4digte, die zu diesem Zeitpunkt weder unter Alkohol- noch unter Drogeneinfluss stand, zun\u00e4chst eine Dusche. Das Landgericht h\u00e4lt es f\u00fcr m\u00f6glich, dass sie w\u00e4hrend des Duschens auf dem nassen Untergrund der Duschbadewanne ausrutschte. Jedenfalls h\u00f6rte der Angeklagte vom Schlafzimmer aus, wie die Gesch\u00e4digte im Badezimmer \u201eAua\u201c oder \u201eSchei\u00dfe\u201c rief. Nach Verlassen des Badezimmers teilte die Gesch\u00e4digte dem Angeklagten mit, es sei \u201eetwas passiert\u201c, was der Angeklagte, ohne einer weiteren Erkl\u00e4rung zu bed\u00fcrfen, dahin verstand, die Gesch\u00e4digte habe ihn w\u00e4hrend ihres Aufenthaltes in der Wohnung des Zeugen J.\u00a0mit diesem betrogen. In drei kurz aufeinander folgenden, seitens des Angeklagten \u00e4u\u00dferst erregt gef\u00fchrten Telefonaten mit dem Zeugen J.\u00a0r\u00e4umte dieser den Geschlechtsverkehr mit der Gesch\u00e4digten letztlich ein. Die Gesch\u00e4digte ihrerseits suchte nunmehr eine Aussprache mit dem Angeklagten und hielt ihn deshalb auf dem Weg ins Schlafzimmer im Flur fest. Der Angeklagte machte eine absch\u00fcttelnde Handbewegung mit dem rechten Arm, da er nicht reden, sondern allein sein wollte. Die Gesch\u00e4digte erkl\u00e4rte daraufhin, ihr werde schlecht, was der Angeklagte mit der Bemerkung \u201eMir auch\u201c beantwortete. Daraufhin fiel die Gesch\u00e4digte r\u00fcckw\u00e4rts um und krampfte; sie war nicht ansprechbar und verdrehte die Augen. Der Angeklagte begab sich zu dem mit ihm befreundeten Nachbarn, dem Zeugen P., der den Rettungswagen und den Notarzt alarmierte. Die Gesch\u00e4digte verstarb am 27. Juni 2007 im Krankenhaus."}, {"num": "4", "textProcessed": ["ausfuhr", "medizin", "sachverstand", "folgend", "landgericht", "davon", "ausgegang", "dass", "geschadigt", "tod", "fuhrend", "verletz", "schadel", "hirn", "bereich", "sturz", "anprall", "hinterhaupt", "erlitt", "jedoch", "letztlich", "davon", "uberzeug", "dass", "handeln", "angeklagt", "etwa", "faustschlag", "kopfregion", "geschadigt", "sturz", "fuhrt", "trotz", "stark", "indizi", "taterschaft", "angeklagt", "geb", "tatsach", "anhaltspunkt", "dafur", "dass", "geschadigt", "verletz", "aufenthalt", "zeug", "spat", "heimweg", "ruckkehr", "wohnung", "sturz", "badezimm", "dusch", "fremdeinwirk", "zugezog", "korp", "auseinandersetz", "angeklagt", "geschadigt", "ruckkehr", "zeug", "stattgefund", "soweit", "korp", "geschadigt", "weit", "fremdeinwirk", "erklarbar", "verletz", "gesichtsbereich", "festgestellt", "word", "seien", "bluterguss", "recht", "wang", "hautrot", "mundbod", "sei", "zeitlich", "verknupf", "gewalteinwirk", "schadel", "hirnbereich", "moglich", "festgestellt", "verletz", "konnt", "sturz", "ausserd", "zeitlich", "deutlich", "todesursach", "verletz", "schadel", "hirnbereich", "entstand"], "text": "2. Den Ausf\u00fchrungen der medizinischen Sachverst\u00e4ndigen folgend ist das Landgericht davon ausgegangen, dass die Gesch\u00e4digte die zum Tode f\u00fchrenden Verletzungen im Sch\u00e4del-Hirn-Bereich bei einem Sturz mit Anprall auf das Hinterhaupt erlitt. Es hat sich jedoch letztlich nicht davon \u00fcberzeugen k\u00f6nnen, dass ein Handeln des Angeklagten, etwa ein Faustschlag auf die Kopfregion der Gesch\u00e4digten, zu diesem Sturz f\u00fchrte. Trotz starker Indizien f\u00fcr eine T\u00e4terschaft des Angeklagten gebe es tats\u00e4chliche Anhaltspunkte daf\u00fcr, dass sich die Gesch\u00e4digte die Verletzungen w\u00e4hrend ihres Aufenthaltes bei dem Zeugen J., sp\u00e4ter auf dem Heimweg oder nach R\u00fcckkehr in die Wohnung bei einem Sturz im Badezimmer w\u00e4hrend des Duschens ohne Fremdeinwirkung zugezogen habe. Eine k\u00f6rperliche Auseinandersetzung zwischen dem Angeklagten und der Gesch\u00e4digten nach deren R\u00fcckkehr vom Zeugen J.\u00a0habe nicht stattgefunden. Soweit am K\u00f6rper der Gesch\u00e4digten weitere, nur durch Fremdeinwirkung erkl\u00e4rbare Verletzungen im Gesichtsbereich festgestellt worden seien (Bluterguss an der rechten Wange, Hautr\u00f6tung am Mundboden), sei eine zeitliche Verkn\u00fcpfung mit einer Gewalteinwirkung auf den Sch\u00e4del-Hirnbereich nicht m\u00f6glich. Die anderen festgestellten Verletzungen k\u00f6nnten auch durch einen Sturz und au\u00dferdem zeitlich deutlich vor der todesurs\u00e4chlichen Verletzung im Sch\u00e4del-Hirnbereich entstanden sein."}, {"num": "5", "textProcessed": ["nebenklag", "erhob", "verfahrensrug", "antragsschrift", "generalbundesanwalt", "juli", "dargelegt", "grund", "erfolg"], "text": "Die von den Nebenkl\u00e4gern erhobenen Verfahrensr\u00fcgen haben aus den in der Antragsschrift des Generalbundesanwalts vom 23. Juli 2010 dargelegten Gr\u00fcnden keinen Erfolg."}, {"num": "6", "textProcessed": ["nachpruf", "angefocht", "urteil", "grund", "sachrug", "rechtsfehl", "vorteil", "angeklagt", "ergeb", "staatsanwaltschaft", "nebenklag", "gleichermass", "beanstandet", "beweiswurd", "halt", "rechtlich", "nachpruf", "stand"], "text": "Die Nachpr\u00fcfung des angefochtenen Urteils auf Grund der Sachr\u00fcge hat einen Rechtsfehler zum Vorteil des Angeklagten nicht ergeben. Die von der Staatsanwaltschaft und den Nebenkl\u00e4gern gleicherma\u00dfen beanstandete Beweisw\u00fcrdigung h\u00e4lt rechtlicher Nachpr\u00fcfung stand."}, {"num": "7", "textProcessed": ["revisionsgericht", "grundsatz", "hinnehm", "tatricht", "angeklagt", "freispricht", "zweifel", "taterschaft", "uberwind", "vermag", "beweiswurd", "sach", "tatricht", "allein", "obliegt", "ergebnis", "hauptverhandl", "festzustell", "wurdig", "bghst", "schlussfolger", "brauch", "zwingend", "genugt", "dass", "moglich", "bghst", "revisionsgericht", "prufung", "beschrankt", "darauf", "tatricht", "rechtsfehl", "unterlauf", "sachlich", "rechtlich", "hinsicht", "fall", "beweiswurd", "widerspruch", "unklar", "luckenhaft", "denkgesetz", "gesichert", "erfahrungssatz", "verstosst", "st", "rspr", "vgl", "bgh", "urteil", "novemb", "str", "bghr", "stpo", "beweiswurd", "freispruch", "unterliegt", "uberpruf", "tatricht", "uberspannt", "anforder", "verurteil", "erford", "gewiss", "gestellt", "schliesslich", "rechtsfehl", "fall", "darin", "lieg", "dass", "tatgericht", "feststell", "nah", "liegend", "schlussfolger", "gezog", "tragfah", "grund", "anzufuhr", "ergebnis", "stutz", "wed", "hinblick", "zweifelssatz", "gebot", "zugun", "angeklagt", "tatvariant", "unterstell", "vorlieg", "zureich", "tatsach", "anhaltspunkt", "vorhand", "st", "rspr", "vgl", "bgh", "urteil", "januar", "str", "nstz", "erkennt", "tatricht", "freispruch", "obwohl", "ergebnis", "hauptverhandl", "angeklagt", "ganz", "erheb", "tatverdacht", "besteht", "beweiswurd", "darleg", "ersicht", "moglicherweis", "wesent", "angeklagt", "sprechend", "umstand", "erwag", "einbezieh", "gesamtwurd", "betracht", "bghst", "bgh", "urteil", "januar", "aao"], "text": "1. Das Revisionsgericht muss es grunds\u00e4tzlich hinnehmen, wenn der Tatrichter einen Angeklagten freispricht, weil er Zweifel an seiner T\u00e4terschaft nicht zu \u00fcberwinden vermag. Die Beweisw\u00fcrdigung ist Sache des Tatrichters. Ihm allein obliegt es, das Ergebnis der Hauptverhandlung festzustellen und zu w\u00fcrdigen (BGHSt 21, 149, 151). Seine Schlussfolgerungen brauchen nicht zwingend zu sein, es gen\u00fcgt, dass sie m\u00f6glich sind (BGHSt 29, 18, 20). Die revisionsgerichtliche Pr\u00fcfung beschr\u00e4nkt sich darauf, ob dem Tatrichter Rechtsfehler unterlaufen sind. Das ist in sachlich-rechtlicher Hinsicht der Fall, wenn die Beweisw\u00fcrdigung widerspr\u00fcchlich, unklar oder l\u00fcckenhaft ist oder gegen die Denkgesetze oder gesicherte Erfahrungss\u00e4tze verst\u00f6\u00dft (st. Rspr.; vgl. nur BGH, Urteil vom 6. November 1998 \u2013 2 StR 636/97, BGHR StPO \u00a7 261 Beweisw\u00fcrdigung 16 m.w.N.). Bei einem Freispruch unterliegt der \u00dcberpr\u00fcfung auch, ob der Tatrichter \u00fcberspannte Anforderungen an die f\u00fcr die Verurteilung erforderliche Gewissheit gestellt hat. Schlie\u00dflich kann ein Rechtsfehler in einem solchen Fall auch darin liegen, dass das Tatgericht nach den Feststellungen nicht nahe liegende Schlussfolgerungen gezogen hat, ohne tragf\u00e4hige Gr\u00fcnde anzuf\u00fchren, die dieses Ergebnis st\u00fctzen k\u00f6nnen. Denn es ist weder im Hinblick auf den Zweifelssatz noch sonst geboten, zugunsten eines Angeklagten Tatvarianten zu unterstellen, f\u00fcr deren Vorliegen keine zureichenden tats\u00e4chlichen Anhaltspunkte vorhanden sind (st. Rspr.; vgl. nur BGH, Urteil vom 24. Januar 2008\u00a0\u2013 5 StR 253/07, NStZ 2008, 575 m.w.N.). Erkennt der Tatrichter auf Freispruch, obwohl nach dem Ergebnis der Hauptverhandlung gegen den Angeklagten ein ganz erheblicher Tatverdacht besteht, muss er in seine Beweisw\u00fcrdigung und deren Darlegung die ersichtlich m\u00f6glicherweise wesentlichen gegen den Angeklagten sprechenden Umst\u00e4nde und Erw\u00e4gungen einbeziehen und in einer Gesamtw\u00fcrdigung betrachten (BGHSt 25, 285, 286; BGH, Urteil vom 24. Januar 2008 aaO)."}, {"num": "8", "textProcessed": ["beweiswurd", "vorlieg", "fall", "gerecht"], "text": "2. Dem wird die Beweisw\u00fcrdigung im vorliegenden Fall noch gerecht."}, {"num": "9", "textProcessed": ["hintergrund", "bestreit", "angab", "angeklagt", "sowi", "aussag", "zeug", "mangel", "unmittelbar", "tatzeug", "landgericht", "rahm", "beweiswurd", "folgericht", "zunach", "ausfuhr", "medizin", "sachverstand", "verletzungshandl", "betracht", "kommend", "zeitpunkt", "vordergrund", "gestellt", "dass", "strafkamm", "grundlag", "urteilsgrund", "eingeh", "wiedergegeb", "darleg", "dreier", "erfahr", "medizin", "sachverstand", "angenomm", "neuropatholog", "verletzungsbild", "lass", "schluss", "schlag", "sturz", "gescheh", "bzw", "stoss", "sturz", "gescheh", "fremdeinwirk", "erford", "stellt", "moglich", "deshalb", "revisionsgericht", "hinzunehm", "schlussfolger", "dar", "angriff", "beschwerdefuhr", "dageg", "verkenn", "dass", "drei", "sachverstand", "unfallgescheh", "ausschliessbar", "gehalt", "landgericht", "fern", "rechtsfehlerfrei", "erwag", "einbezog", "dass", "sachverstand", "grund", "erhob", "befund", "medizin", "erfahr", "wenngleich", "angab", "unterschied", "wahrscheinlichkeitsgrad", "zweistund", "handlungsfah", "geschadigt", "todesursach", "einwirk", "schadel", "hirn", "region", "auszuschliess", "vermocht", "danach", "durft", "strafkamm", "rechtsgrund", "begrundet", "zweifel", "tatgescheh", "wohnung", "ruckkehr", "geschadigt", "mitwirk", "angeklagt", "soweit", "staatsanwaltschaft", "revisionsbegrund", "meint", "urteilsgrund", "dargelegt", "verletzungsbild", "leg", "zusammenfass", "wurdig", "nah", "einheit", "angeklagt", "verursacht", "verletzungsbild", "auszugeh", "ersetzt", "gericht", "vorgenomm", "bewert", "indiztatsach", "eig", "rechtsfehl", "vermag", "aufzuzeig", "kommt", "darauf", "revisionsgericht", "angefall", "erkenntnis", "gewurdigt", "zweifel", "uberwund", "hatt", "daran", "andert", "tatricht", "getroff", "feststell", "lebensfremd", "erschein", "mog", "beschwerdefuhr", "einzeln", "darleg", "gibt", "strafprozess", "beweis", "erst", "anschein", "gewiss", "tatricht", "wahrschein", "geschehensablauf", "beruht", "bgh", "urteil", "juli", "str", "beanstand", "staatsanwaltschaft", "bewert", "geschadigt", "diagnostiziert", "axonal", "zerreiss", "nervenfortsatz", "gehirn", "frag", "sofort", "eintritt", "bewusstlos", "knupft", "geht", "fehl", "abgeseh", "davon", "dass", "ausfuhr", "sachverstand", "dr", "zunach", "aufgetret", "widerspruch", "ausweis", "urteilsgrund", "hauptverhandl", "geklart", "konnt", "landgericht", "umstand", "dass", "allein", "vorhandensein", "derart", "zerreiss", "schluss", "sofort", "bewusstlos", "zieh", "lass", "rechtsfehlerfrei", "zusammenfass", "bewert", "weit", "erheb", "indiztatsach", "einbezog"], "text": "a) Vor dem Hintergrund der bestreitenden Angaben des Angeklagten sowie der Aussage des Zeugen J.\u00a0und mangels unmittelbarer Tatzeugen hat das Landgericht im Rahmen der Beweisw\u00fcrdigung folgerichtig zun\u00e4chst die Ausf\u00fchrungen der medizinischen Sachverst\u00e4ndigen zu dem f\u00fcr eine Verletzungshandlung in Betracht kommenden Zeitpunkt in den Vordergrund gestellt. Dass die Strafkammer auf der Grundlage der in den Urteilsgr\u00fcnden eingehend wiedergegebenen Darlegungen dreier erfahrener medizinischer Sachverst\u00e4ndiger angenommen hat, das neuropathologische Verletzungsbild lasse den Schluss auf ein Schlag-Sturz-Geschehen bzw. ein Sto\u00df-Sturz-Geschehen unter Fremdeinwirkung nicht mit der erforderlichen Sicherheit zu, stellt eine m\u00f6gliche und deshalb vom Revisionsgericht hinzunehmende Schlussfolgerung dar. Die Angriffe der Beschwerdef\u00fchrer dagegen verkennen, dass alle drei Sachverst\u00e4ndigen ein Unfallgeschehen f\u00fcr nicht ausschlie\u00dfbar gehalten haben. Das Landgericht hat ferner rechtsfehlerfrei in diese Erw\u00e4gungen einbezogen, dass die Sachverst\u00e4ndigen auf Grund der erhobenen Befunde und nach medizinischer Erfahrung, wenngleich unter Angabe unterschiedlicher Wahrscheinlichkeitsgrade, eine ein- bis zweist\u00fcndige Handlungsf\u00e4higkeit der Gesch\u00e4digten nach der todesurs\u00e4chlichen Einwirkung auf ihre Sch\u00e4del-Hirn-Region nicht auszuschlie\u00dfen vermochten. Danach durfte die Strafkammer aus Rechtsgr\u00fcnden begr\u00fcndete Zweifel an einem Tatgeschehen in der Wohnung nach R\u00fcckkehr der Gesch\u00e4digten unter Mitwirkung des Angeklagten haben. Soweit die Staatsanwaltschaft in ihrer Revisionsbegr\u00fcndung meint, das in den Urteilsgr\u00fcnden dargelegte Verletzungsbild lege es bei zusammenfassender W\u00fcrdigung nahe, von einem einheitlichen, durch den Angeklagten verursachten Verletzungsbild auszugehen, ersetzt sie die vom Gericht vorgenommene Bewertung der Indiztatsachen durch eine eigene. Einen Rechtsfehler vermag sie damit nicht aufzuzeigen; es kommt nicht darauf an, ob das Revisionsgericht angefallene Erkenntnisse anders gew\u00fcrdigt oder Zweifel \u00fcberwunden h\u00e4tte. Daran \u00e4ndert sich nicht einmal dann etwas, wenn vom Tatrichter getroffene Feststellungen \u201elebensfremd\u201c erscheinen m\u00f6gen, wie die Beschwerdef\u00fchrer hier im Einzelnen darlegen. Es gibt im Strafprozess keinen Beweis des ersten Anscheins, der nicht auf der Gewissheit des Tatrichters, sondern auf der Wahrscheinlichkeit eines Geschehensablaufs beruht (BGH, Urteil vom 15. Juli 2008 \u2013 1 StR 231/08). Auch die Beanstandung der Staatsanwaltschaft, die sich an die Bewertung der bei der Gesch\u00e4digten diagnostizierten axonalen Zerrei\u00dfungen von Nervenforts\u00e4tzen im Gehirn f\u00fcr die Frage eines sofortigen Eintritts von Bewusstlosigkeit kn\u00fcpft, geht fehl. Abgesehen davon, dass der in den Ausf\u00fchrungen des Sachverst\u00e4ndigen Dr. F.\u00a0zun\u00e4chst aufgetretene Widerspruch ausweislich der Urteilsgr\u00fcnde in der Hauptverhandlung gekl\u00e4rt werden konnte, hat das Landgericht den Umstand, dass sich allein aus dem Vorhandensein derartiger Zerrei\u00dfungen keine sicheren Schl\u00fcsse auf eine sofortige Bewusstlosigkeit ziehen lassen, rechtsfehlerfrei in die zusammenfassende Bewertung weiterer erheblicher Indiztatsachen einbezogen."}, {"num": "10", "textProcessed": ["entgeg", "ansicht", "generalbundesanwalt", "landgericht", "bekund", "sachverstand", "hinsicht", "todesursach", "verletz", "ausfuhr", "hinsicht", "todlich", "schadel", "hirn", "verletz", "ausreich", "bezieh", "gesetzt", "insoweit", "anforder", "richt", "uberzeugungsbild", "uberspannt", "diesbezug", "gutachtenergebnis", "urteilsgrund", "ausfuhr", "mitgeteilt", "indiz", "taterschaft", "angeklagt", "verkannt", "dass", "ursach", "verletz", "wang", "bzw", "mundbereich", "schlussig", "stoss", "schlaggescheh", "frag", "kam", "andererseit", "vermocht", "sachverstand", "dr", "pf", "dr", "ubereinstimm", "zeitlich", "verknupf", "todesverursach", "verletz", "derjen", "wang", "bzw", "mundbodenbereich", "gerad", "herzustell", "vielmehr", "deutlich", "zeitlich", "zasur", "auszuschliess"], "text": "b) Entgegen der Ansicht des Generalbundesanwalts hat das Landgericht die Bekundungen der Sachverst\u00e4ndigen hinsichtlich der nicht todesurs\u00e4chlichen Verletzungen zu den Ausf\u00fchrungen hinsichtlich der t\u00f6dlichen Sch\u00e4del-Hirn-Verletzung ausreichend in Beziehung gesetzt und auch insoweit die Anforderungen an die richterliche \u00dcberzeugungsbildung nicht \u00fcberspannt. Es hat auch die diesbez\u00fcglichen Gutachtenergebnisse in den Urteilsgr\u00fcnden ausf\u00fchrlich mitgeteilt und \u2013 als Indiz f\u00fcr eine T\u00e4terschaft des Angeklagten \u2013 nicht verkannt, dass als Ursache der Verletzungen im Wangen- bzw. Mundbereich schl\u00fcssig nur ein Sto\u00df- oder Schlaggeschehen in Frage kam. Andererseits vermochten die Sachverst\u00e4ndigen Dr. Pf.\u00a0und Dr. Z.\u00a0\u00fcbereinstimmend eine zeitliche Verkn\u00fcpfung zwischen der todesverursachenden Verletzung und derjenigen im Wangen- bzw. Mundbodenbereich gerade nicht herzustellen; vielmehr war eine deutliche zeitliche Z\u00e4sur nicht auszuschlie\u00dfen."}, {"num": "11", "textProcessed": ["wurdig", "bestreit", "angab", "angeklagt", "urteilsgrund", "eingeh", "mitgeteilt", "strafkamm", "ersicht", "zutreff", "rechtlich", "massstab", "leit", "lass", "feststell", "vorschnell", "unwiderlegbar", "grund", "gelegt", "vielmehr", "wesent", "konstant", "angab", "angeklagt", "anschluss", "abtransport", "geschadigt", "krankenhaus", "dritt", "gegenub", "gemacht", "vernehm", "vielzahl", "zeug", "ermittelt", "ebenfall", "ausfuhr", "dargelegt", "ansicht", "beschwerdefuhr", "insbesond", "hinblick", "moglich", "streit", "angeklagt", "geschadigt", "seien", "erwag", "urteil", "widerspruch", "deshalb", "rechtsfehlerhaft", "greift", "kurz", "urteilsgrund", "entnehm", "dass", "landgericht", "einlass", "angeklagt", "sei", "ruckkehr", "geschadigt", "keinerlei", "streit", "gekomm", "mangel", "unmittelbar", "anwes", "zeug", "widerleg", "vermocht", "soweit", "moglich", "korp", "auseinandersetz", "betrifft", "erweist", "erwag", "tragfah", "soweit", "zeug", "bekundet", "angeklagt", "berichtet", "geschadigt", "getret", "kommt", "strafkamm", "moglich", "schluss", "tret", "zusammenhang", "krampfanfall", "geschadigt", "gehandelt", "gesamtzusammenhang", "urteilsgrund", "entnimmt", "senat", "fern", "dass", "landgericht", "nahelieg", "betracht", "gezog", "verbal", "auseinandersetz", "eingestandnis", "untreu", "gehend", "angeklagt", "nachteil", "schlussfolger", "hintergrund", "ubrig", "beweisergebnis", "zieh"], "text": "c) Bei der W\u00fcrdigung der bestreitenden Angaben des Angeklagten, die in den Urteilsgr\u00fcnden eingehend mitgeteilt werden, hat sich die Strafkammer ersichtlich von einem zutreffenden rechtlichen Ma\u00dfstab leiten lassen und diese ihren Feststellungen nicht vorschnell als unwiderlegbar zu Grunde gelegt. Sie hat vielmehr die \u2013 im Wesentlichen konstanten \u2013 Angaben, die der Angeklagte im Anschluss an den Abtransport der Gesch\u00e4digten ins Krankenhaus Dritten gegen\u00fcber gemacht hat, durch Vernehmung einer Vielzahl von Zeugen ermittelt und ebenfalls ausf\u00fchrlich dargelegt. Die Ansicht der Beschwerdef\u00fchrer, insbesondere im Hinblick auf einen m\u00f6glichen Streit zwischen dem Angeklagten und der Gesch\u00e4digten seien die Erw\u00e4gungen im Urteil widerspr\u00fcchlich und deshalb rechtsfehlerhaft, greift zu kurz. Den Urteilsgr\u00fcnden ist zu entnehmen, dass das Landgericht die Einlassung des Angeklagten, es sei nach R\u00fcckkehr der Gesch\u00e4digten zu keinerlei Streit zwischen ihnen gekommen, mangels unmittelbar anwesender Zeugen nicht zu widerlegen vermochte. Soweit es eine m\u00f6gliche k\u00f6rperliche Auseinandersetzung betrifft, erweist sich diese Erw\u00e4gung als tragf\u00e4hig. Soweit der Zeuge P.\u00a0bekundet hat, der Angeklagte habe ihm berichtet, die Gesch\u00e4digte habe ihn getreten, kommt die Strafkammer zu dem m\u00f6glichen Schluss, es habe sich um ein Treten im Zusammenhang mit dem Krampfanfall der Gesch\u00e4digten gehandelt. Dem Gesamtzusammenhang der Urteilsgr\u00fcnde entnimmt der Senat ferner, dass das Landgericht aus einer auch von ihm als naheliegend in Betracht gezogenen verbalen Auseinandersetzung nach dem Eingest\u00e4ndnis der \"Untreue\" weiter gehende, f\u00fcr den Angeklagten nachteilige Schlussfolgerungen vor dem Hintergrund des \u00fcbrigen Beweisergebnisses nicht ziehen wollte."}, {"num": "12", "textProcessed": ["fern", "strafkamm", "hinsicht", "widerspruchsfrei", "aussageverhalt", "zeug", "nachgezeichnet", "motivlag", "hintergrund", "hinreich", "feststellbar", "beginn", "liebesverhaltnis", "geschadigt", "erwog", "dass", "strafkamm", "angab", "zeug", "wesent", "teil", "gefolgt", "rechtsgrund", "beanstand"], "text": "Ferner hat die Strafkammer das nicht in jeder Hinsicht widerspruchsfreie Aussageverhalten des Zeugen J.\u00a0nachgezeichnet und auch dessen Motivlage vor dem Hintergrund eines nicht mit hinreichender Sicherheit feststellbaren beginnenden Liebesverh\u00e4ltnisses zwischen ihm und der Gesch\u00e4digten erwogen. Dass die Strafkammer den Angaben dieses Zeugen in wesentlichen Teilen nicht gefolgt ist, ist aus Rechtsgr\u00fcnden nicht zu beanstanden."}, {"num": "13", "textProcessed": ["schliesslich", "fehlt", "zusammenfass", "bewert", "beweisergebnis", "indizi", "gesichtspunkt", "gesamtwurd", "landgericht", "verblieb", "zweifel", "taterschaft", "angeklagt", "jedenfall", "nachvollziehbar", "abstrakt", "theoret", "beschwerdefuhr", "zuzugeb", "dass", "strafkamm", "weit", "beweisanzeich", "zusatz", "gehend", "detailliert", "hatt", "erort", "ind", "beweiswurd", "natur", "erschopf", "sinn", "dass", "irgendwi", "denkbar", "gesichtspunkt", "wurdigungsvariant", "urteilsgrund", "ausdruck", "abgehandelt", "recht", "verlang", "einzeln", "denkbar", "tatsach", "luck", "ausdruck", "erorter", "abgeleitet", "tatricht", "sonstig", "urteilsfeststell", "hand", "liegend", "wertungsgesichtspunkt", "bedacht", "bgh", "urteil", "juni", "str"], "text": "d) Schlie\u00dflich fehlt es auch nicht an einer zusammenfassenden Bewertung des Beweisergebnisses und der Indizien unter dem Gesichtspunkt einer Gesamtw\u00fcrdigung. Die dem Landgericht verbliebenen Zweifel an der T\u00e4terschaft des Angeklagten sind jedenfalls nachvollziehbar und nicht nur abstrakt-theoretisch. Den Beschwerdef\u00fchrern ist zwar zuzugeben, dass die Strafkammer weitere Beweisanzeichen zus\u00e4tzlich, weiter gehend oder noch detaillierter h\u00e4tte er\u00f6rtern k\u00f6nnen. Indes kann eine Beweisw\u00fcrdigung ihrer Natur nach nicht ersch\u00f6pfend in dem Sinne sein, dass alle irgendwie denkbaren Gesichtspunkte und W\u00fcrdigungsvarianten in den Urteilsgr\u00fcnden ausdr\u00fccklich abgehandelt werden. Dies ist von Rechts wegen nicht zu verlangen. Aus einzelnen denkbaren oder tats\u00e4chlichen L\u00fccken in der ausdr\u00fccklichen Er\u00f6rterung kann nicht abgeleitet werden, der Tatrichter habe nach den sonstigen Urteilsfeststellungen auf der Hand liegende Wertungsgesichtspunkte nicht bedacht (BGH, Urteil vom 23. Juni 2010 \u2013 2 StR 35/10)."}, {"num": "14", "textProcessed": ["sowohl", "revision", "staatsanwaltschaft", "nebenklag", "erfolglos", "geblieb", "nebenklag", "auss", "revisionsgebuhr", "halft", "gericht", "auslag", "trag", "rechtsmittel", "verursacht", "notwend", "auslag", "angeklagt", "allein", "staatskass", "trag", "bgh", "urteil", "dezemb", "str", "nstz", "rr", "urteil", "novemb", "str", "nstz", "rr", "vgl", "bgh", "urteil", "septemb", "str"], "text": "3. Da sowohl die Revision der Staatsanwaltschaft als auch die der Nebenkl\u00e4ger erfolglos geblieben sind, haben die Nebenkl\u00e4ger au\u00dfer der Revisionsgeb\u00fchr auch die H\u00e4lfte der gerichtlichen Auslagen zu tragen. Die durch die Rechtsmittel verursachten notwendigen Auslagen des Angeklagten hat allein die Staatskasse zu tragen (BGH, Urteil vom 6. Dezember 2007 \u2013 3 StR 342/07, NStZ-RR 2008, 146; Urteil vom 30. November 2005 \u2013 2 StR 402/05, NStZ-RR 2006, 128; vgl. aber BGH, Urteil vom 16. September 2010 \u2013 3 StR 280/10)."}], "norm": ["\u00a7 261 StPO", "\u00a7 267 StPO", "\u00a7 227 StGB"], "doktyp": "Urteil", "regionLong": "Bundesrepublik Deutschland", "sonstlt": "", "gruendeProcessed": ["landgericht", "angeklagt", "vorwurf", "korperverletz", "todesfolg", "tatsach", "grund", "freigesproch", "anklag", "lag", "last", "damal", "lebensgefahrtin", "auseinandersetz", "eifersucht", "schlag", "gesichtsbereich", "korp", "schwer", "misshandelt", "dass", "hint", "kopf", "mobelstuck", "bod", "fiel", "wenig", "tag", "spat", "folg", "dabei", "erlitt", "beidseit", "subdural", "hamatom", "verstarb", "staatsanwaltschaft", "beanstandet", "freispruch", "sachrug", "gestutzt", "generalbundesanwalt", "vertret", "revision", "nebenklag", "rug", "verletz", "materiell", "recht", "erheb", "fern", "verfahrensrug", "rechtsmittel", "erfolg", "landgericht", "folgend", "festgestellt", "uberwieg", "gemeinsam", "angeklagt", "lebensgefahrtin", "spat", "verstorb", "petra", "verbracht", "wochen", "verlauf", "teilnahm", "verschied", "feierlich", "gekomm", "wurd", "inzwisch", "stark", "alkoholisiert", "zeug", "abendstund", "juni", "geschadigt", "pkw", "haus", "gefahr", "lang", "angeklagt", "erwartet", "wegblieb", "versucht", "beim", "zeug", "telefon", "erreich", "jedoch", "gelang", "zeug", "gesprach", "annahm", "verspatet", "ruckkehr", "gemeinsam", "wohnung", "nahm", "geschadigt", "zeitpunkt", "wed", "alkohol", "drogeneinfluss", "stand", "zunach", "dusch", "landgericht", "halt", "moglich", "dass", "dusch", "nass", "untergrund", "duschbadewann", "ausrutscht", "jedenfall", "hort", "angeklagt", "schlafzimm", "geschadigt", "badezimm", "aua", "scheiss", "rief", "verlass", "badezimm", "teilt", "geschadigt", "angeklagt", "sei", "passiert", "angeklagt", "weit", "erklar", "bedurf", "dahin", "verstand", "geschadigt", "aufenthalt", "wohnung", "zeug", "betrog", "drei", "kurz", "aufeinand", "folgend", "seit", "angeklagt", "ausserst", "erregt", "gefuhrt", "telefonat", "zeug", "raumt", "geschlechtsverkehr", "geschadigt", "letztlich", "geschadigt", "ihrerseit", "sucht", "nunmehr", "aussprach", "angeklagt", "hielt", "deshalb", "schlafzimm", "flur", "fest", "angeklagt", "macht", "abschuttelnd", "handbeweg", "recht", "arm", "red", "allein", "geschadigt", "erklart", "daraufhin", "schlecht", "angeklagt", "bemerk", "beantwortet", "daraufhin", "fiel", "geschadigt", "ruckwart", "krampft", "ansprechbar", "verdreht", "aug", "angeklagt", "begab", "befreundet", "nachbarn", "zeug", "rettungswag", "notarzt", "alarmiert", "geschadigt", "verstarb", "juni", "krankenhaus", "ausfuhr", "medizin", "sachverstand", "folgend", "landgericht", "davon", "ausgegang", "dass", "geschadigt", "tod", "fuhrend", "verletz", "schadel", "hirn", "bereich", "sturz", "anprall", "hinterhaupt", "erlitt", "jedoch", "letztlich", "davon", "uberzeug", "dass", "handeln", "angeklagt", "etwa", "faustschlag", "kopfregion", "geschadigt", "sturz", "fuhrt", "trotz", "stark", "indizi", "taterschaft", "angeklagt", "geb", "tatsach", "anhaltspunkt", "dafur", "dass", "geschadigt", "verletz", "aufenthalt", "zeug", "spat", "heimweg", "ruckkehr", "wohnung", "sturz", "badezimm", "dusch", "fremdeinwirk", "zugezog", "korp", "auseinandersetz", "angeklagt", "geschadigt", "ruckkehr", "zeug", "stattgefund", "soweit", "korp", "geschadigt", "weit", "fremdeinwirk", "erklarbar", "verletz", "gesichtsbereich", "festgestellt", "word", "seien", "bluterguss", "recht", "wang", "hautrot", "mundbod", "sei", "zeitlich", "verknupf", "gewalteinwirk", "schadel", "hirnbereich", "moglich", "festgestellt", "verletz", "konnt", "sturz", "ausserd", "zeitlich", "deutlich", "todesursach", "verletz", "schadel", "hirnbereich", "entstand", "ii", "nebenklag", "erhob", "verfahrensrug", "antragsschrift", "generalbundesanwalt", "juli", "dargelegt", "grund", "erfolg", "iii", "nachpruf", "angefocht", "urteil", "grund", "sachrug", "rechtsfehl", "vorteil", "angeklagt", "ergeb", "staatsanwaltschaft", "nebenklag", "gleichermass", "beanstandet", "beweiswurd", "halt", "rechtlich", "nachpruf", "stand", "revisionsgericht", "grundsatz", "hinnehm", "tatricht", "angeklagt", "freispricht", "zweifel", "taterschaft", "uberwind", "vermag", "beweiswurd", "sach", "tatricht", "allein", "obliegt", "ergebnis", "hauptverhandl", "festzustell", "wurdig", "bghst", "schlussfolger", "brauch", "zwingend", "genugt", "dass", "moglich", "bghst", "revisionsgericht", "prufung", "beschrankt", "darauf", "tatricht", "rechtsfehl", "unterlauf", "sachlich", "rechtlich", "hinsicht", "fall", "beweiswurd", "widerspruch", "unklar", "luckenhaft", "denkgesetz", "gesichert", "erfahrungssatz", "verstosst", "st", "rspr", "vgl", "bgh", "urteil", "novemb", "str", "bghr", "stpo", "beweiswurd", "freispruch", "unterliegt", "uberpruf", "tatricht", "uberspannt", "anforder", "verurteil", "erford", "gewiss", "gestellt", "schliesslich", "rechtsfehl", "fall", "darin", "lieg", "dass", "tatgericht", "feststell", "nah", "liegend", "schlussfolger", "gezog", "tragfah", "grund", "anzufuhr", "ergebnis", "stutz", "wed", "hinblick", "zweifelssatz", "gebot", "zugun", "angeklagt", "tatvariant", "unterstell", "vorlieg", "zureich", "tatsach", "anhaltspunkt", "vorhand", "st", "rspr", "vgl", "bgh", "urteil", "januar", "str", "nstz", "erkennt", "tatricht", "freispruch", "obwohl", "ergebnis", "hauptverhandl", "angeklagt", "ganz", "erheb", "tatverdacht", "besteht", "beweiswurd", "darleg", "ersicht", "moglicherweis", "wesent", "angeklagt", "sprechend", "umstand", "erwag", "einbezieh", "gesamtwurd", "betracht", "bghst", "bgh", "urteil", "januar", "aao", "beweiswurd", "vorlieg", "fall", "gerecht", "hintergrund", "bestreit", "angab", "angeklagt", "sowi", "aussag", "zeug", "mangel", "unmittelbar", "tatzeug", "landgericht", "rahm", "beweiswurd", "folgericht", "zunach", "ausfuhr", "medizin", "sachverstand", "verletzungshandl", "betracht", "kommend", "zeitpunkt", "vordergrund", "gestellt", "dass", "strafkamm", "grundlag", "urteilsgrund", "eingeh", "wiedergegeb", "darleg", "dreier", "erfahr", "medizin", "sachverstand", "angenomm", "neuropatholog", "verletzungsbild", "lass", "schluss", "schlag", "sturz", "gescheh", "bzw", "stoss", "sturz", "gescheh", "fremdeinwirk", "erford", "stellt", "moglich", "deshalb", "revisionsgericht", "hinzunehm", "schlussfolger", "dar", "angriff", "beschwerdefuhr", "dageg", "verkenn", "dass", "drei", "sachverstand", "unfallgescheh", "ausschliessbar", "gehalt", "landgericht", "fern", "rechtsfehlerfrei", "erwag", "einbezog", "dass", "sachverstand", "grund", "erhob", "befund", "medizin", "erfahr", "wenngleich", "angab", "unterschied", "wahrscheinlichkeitsgrad", "zweistund", "handlungsfah", "geschadigt", "todesursach", "einwirk", "schadel", "hirn", "region", "auszuschliess", "vermocht", "danach", "durft", "strafkamm", "rechtsgrund", "begrundet", "zweifel", "tatgescheh", "wohnung", "ruckkehr", "geschadigt", "mitwirk", "angeklagt", "soweit", "staatsanwaltschaft", "revisionsbegrund", "meint", "urteilsgrund", "dargelegt", "verletzungsbild", "leg", "zusammenfass", "wurdig", "nah", "einheit", "angeklagt", "verursacht", "verletzungsbild", "auszugeh", "ersetzt", "gericht", "vorgenomm", "bewert", "indiztatsach", "eig", "rechtsfehl", "vermag", "aufzuzeig", "kommt", "darauf", "revisionsgericht", "angefall", "erkenntnis", "gewurdigt", "zweifel", "uberwund", "hatt", "daran", "andert", "tatricht", "getroff", "feststell", "lebensfremd", "erschein", "mog", "beschwerdefuhr", "einzeln", "darleg", "gibt", "strafprozess", "beweis", "erst", "anschein", "gewiss", "tatricht", "wahrschein", "geschehensablauf", "beruht", "bgh", "urteil", "juli", "str", "beanstand", "staatsanwaltschaft", "bewert", "geschadigt", "diagnostiziert", "axonal", "zerreiss", "nervenfortsatz", "gehirn", "frag", "sofort", "eintritt", "bewusstlos", "knupft", "geht", "fehl", "abgeseh", "davon", "dass", "ausfuhr", "sachverstand", "dr", "zunach", "aufgetret", "widerspruch", "ausweis", "urteilsgrund", "hauptverhandl", "geklart", "konnt", "landgericht", "umstand", "dass", "allein", "vorhandensein", "derart", "zerreiss", "schluss", "sofort", "bewusstlos", "zieh", "lass", "rechtsfehlerfrei", "zusammenfass", "bewert", "weit", "erheb", "indiztatsach", "einbezog", "entgeg", "ansicht", "generalbundesanwalt", "landgericht", "bekund", "sachverstand", "hinsicht", "todesursach", "verletz", "ausfuhr", "hinsicht", "todlich", "schadel", "hirn", "verletz", "ausreich", "bezieh", "gesetzt", "insoweit", "anforder", "richt", "uberzeugungsbild", "uberspannt", "diesbezug", "gutachtenergebnis", "urteilsgrund", "ausfuhr", "mitgeteilt", "indiz", "taterschaft", "angeklagt", "verkannt", "dass", "ursach", "verletz", "wang", "bzw", "mundbereich", "schlussig", "stoss", "schlaggescheh", "frag", "kam", "andererseit", "vermocht", "sachverstand", "dr", "pf", "dr", "ubereinstimm", "zeitlich", "verknupf", "todesverursach", "verletz", "derjen", "wang", "bzw", "mundbodenbereich", "gerad", "herzustell", "vielmehr", "deutlich", "zeitlich", "zasur", "auszuschliess", "wurdig", "bestreit", "angab", "angeklagt", "urteilsgrund", "eingeh", "mitgeteilt", "strafkamm", "ersicht", "zutreff", "rechtlich", "massstab", "leit", "lass", "feststell", "vorschnell", "unwiderlegbar", "grund", "gelegt", "vielmehr", "wesent", "konstant", "angab", "angeklagt", "anschluss", "abtransport", "geschadigt", "krankenhaus", "dritt", "gegenub", "gemacht", "vernehm", "vielzahl", "zeug", "ermittelt", "ebenfall", "ausfuhr", "dargelegt", "ansicht", "beschwerdefuhr", "insbesond", "hinblick", "moglich", "streit", "angeklagt", "geschadigt", "seien", "erwag", "urteil", "widerspruch", "deshalb", "rechtsfehlerhaft", "greift", "kurz", "urteilsgrund", "entnehm", "dass", "landgericht", "einlass", "angeklagt", "sei", "ruckkehr", "geschadigt", "keinerlei", "streit", "gekomm", "mangel", "unmittelbar", "anwes", "zeug", "widerleg", "vermocht", "soweit", "moglich", "korp", "auseinandersetz", "betrifft", "erweist", "erwag", "tragfah", "soweit", "zeug", "bekundet", "angeklagt", "berichtet", "geschadigt", "getret", "kommt", "strafkamm", "moglich", "schluss", "tret", "zusammenhang", "krampfanfall", "geschadigt", "gehandelt", "gesamtzusammenhang", "urteilsgrund", "entnimmt", "senat", "fern", "dass", "landgericht", "nahelieg", "betracht", "gezog", "verbal", "auseinandersetz", "eingestandnis", "untreu", "gehend", "angeklagt", "nachteil", "schlussfolger", "hintergrund", "ubrig", "beweisergebnis", "zieh", "fern", "strafkamm", "hinsicht", "widerspruchsfrei", "aussageverhalt", "zeug", "nachgezeichnet", "motivlag", "hintergrund", "hinreich", "feststellbar", "beginn", "liebesverhaltnis", "geschadigt", "erwog", "dass", "strafkamm", "angab", "zeug", "wesent", "teil", "gefolgt", "rechtsgrund", "beanstand", "schliesslich", "fehlt", "zusammenfass", "bewert", "beweisergebnis", "indizi", "gesichtspunkt", "gesamtwurd", "landgericht", "verblieb", "zweifel", "taterschaft", "angeklagt", "jedenfall", "nachvollziehbar", "abstrakt", "theoret", "beschwerdefuhr", "zuzugeb", "dass", "strafkamm", "weit", "beweisanzeich", "zusatz", "gehend", "detailliert", "hatt", "erort", "ind", "beweiswurd", "natur", "erschopf", "sinn", "dass", "irgendwi", "denkbar", "gesichtspunkt", "wurdigungsvariant", "urteilsgrund", "ausdruck", "abgehandelt", "recht", "verlang", "einzeln", "denkbar", "tatsach", "luck", "ausdruck", "erorter", "abgeleitet", "tatricht", "sonstig", "urteilsfeststell", "hand", "liegend", "wertungsgesichtspunkt", "bedacht", "bgh", "urteil", "juni", "str", "sowohl", "revision", "staatsanwaltschaft", "nebenklag", "erfolglos", "geblieb", "nebenklag", "auss", "revisionsgebuhr", "halft", "gericht", "auslag", "trag", "rechtsmittel", "verursacht", "notwend", "auslag", "angeklagt", "allein", "staatskass", "trag", "bgh", "urteil", "dezemb", "str", "nstz", "rr", "urteil", "novemb", "str", "nstz", "rr", "vgl", "bgh", "urteil", "septemb", "str", "ernemann", "solin", "stojanovi\u0107", "cierniak", "frank", "mutzbau"], "mitwirkung": "", "aktenzeichen": "4 StR 285/10", "language": "deutsch", "gertyp": "BGH", "leitsatz": "", "gruende": "\n      <div>\n         <dl class=\"RspDL\">\n            <dt>\n               <a name=\"rd_1\">1</a>\n            </dt>\n            <dd>\n               <p>Das Landgericht hat den Angeklagten vom Vorwurf der K\u00f6rperverletzung mit Todesfolge aus tats\u00e4chlichen Gr\u00fcnden freigesprochen. Nach der Anklage lag ihm zur Last, seine damalige Lebensgef\u00e4hrtin w\u00e4hrend einer Auseinandersetzung aus Eifersucht durch Schl\u00e4ge auf den Gesichtsbereich k\u00f6rperlich so schwer misshandelt zu haben, dass diese nach hinten mit dem Kopf auf ein M\u00f6belst\u00fcck oder auf den Boden fiel und wenige Tage sp\u00e4ter an den Folgen des dabei erlittenen beidseitigen subduralen H\u00e4matoms verstarb. Die Staatsanwaltschaft beanstandet den Freispruch mit ihrer auf die Sachr\u00fcge gest\u00fctzten und vom Generalbundesanwalt vertretenen Revision. Auch die Nebenkl\u00e4ger r\u00fcgen die Verletzung materiellen Rechts; sie erheben ferner Verfahrensr\u00fcgen. Die Rechtsmittel haben keinen Erfolg.</p>\n            </dd>\n         </dl>\n         <dl class=\"RspDL\">\n            <dt/>\n            <dd>\n               <p/>\n            </dd>\n         </dl>\n         <dl class=\"RspDL\">\n            <dt/>\n            <dd>\n               <p>I.</p>\n            </dd>\n         </dl>\n         <dl class=\"RspDL\">\n            <dt/>\n            <dd>\n               <p/>\n            </dd>\n         </dl>\n         <dl class=\"RspDL\">\n            <dt>\n               <a name=\"rd_2\">2</a>\n            </dt>\n            <dd>\n               <p>1. Das Landgericht hat Folgendes festgestellt:</p>\n            </dd>\n         </dl>\n         <dl class=\"RspDL\">\n            <dt/>\n            <dd>\n               <p/>\n            </dd>\n         </dl>\n         <dl class=\"RspDL\">\n            <dt>\n               <a name=\"rd_3\">3</a>\n            </dt>\n            <dd>\n               <p>Nach einem \u00fcberwiegend gemeinsam mit dem Angeklagten und seiner Lebensgef\u00e4hrtin, der sp\u00e4ter verstorbenen Petra K., verbrachten Wochenende, in dessen Verlauf es auch zur Teilnahme an verschiedenen Feierlichkeiten gekommen war, wurde der inzwischen stark alkoholisierte Zeuge J.\u00a0in den Abendstunden des 24. Juni 2007 von der Gesch\u00e4digten mit dem Pkw nach Hause gefahren. Da diese l\u00e4nger als vom Angeklagten erwartet wegblieb, versuchte er, sie beim Zeugen J.\u00a0telefonisch zu erreichen, was jedoch nicht gelang, da der Zeuge das Gespr\u00e4ch nicht annahm. Nach ihrer versp\u00e4teten R\u00fcckkehr in die gemeinsame Wohnung nahm die Gesch\u00e4digte, die zu diesem Zeitpunkt weder unter Alkohol- noch unter Drogeneinfluss stand, zun\u00e4chst eine Dusche. Das Landgericht h\u00e4lt es f\u00fcr m\u00f6glich, dass sie w\u00e4hrend des Duschens auf dem nassen Untergrund der Duschbadewanne ausrutschte. Jedenfalls h\u00f6rte der Angeklagte vom Schlafzimmer aus, wie die Gesch\u00e4digte im Badezimmer \u201eAua\u201c oder \u201eSchei\u00dfe\u201c rief. Nach Verlassen des Badezimmers teilte die Gesch\u00e4digte dem Angeklagten mit, es sei \u201eetwas passiert\u201c, was der Angeklagte, ohne einer weiteren Erkl\u00e4rung zu bed\u00fcrfen, dahin verstand, die Gesch\u00e4digte habe ihn w\u00e4hrend ihres Aufenthaltes in der Wohnung des Zeugen J.\u00a0mit diesem betrogen. In drei kurz aufeinander folgenden, seitens des Angeklagten \u00e4u\u00dferst erregt gef\u00fchrten Telefonaten mit dem Zeugen J.\u00a0r\u00e4umte dieser den Geschlechtsverkehr mit der Gesch\u00e4digten letztlich ein. Die Gesch\u00e4digte ihrerseits suchte nunmehr eine Aussprache mit dem Angeklagten und hielt ihn deshalb auf dem Weg ins Schlafzimmer im Flur fest. Der Angeklagte machte eine absch\u00fcttelnde Handbewegung mit dem rechten Arm, da er nicht reden, sondern allein sein wollte. Die Gesch\u00e4digte erkl\u00e4rte daraufhin, ihr werde schlecht, was der Angeklagte mit der Bemerkung \u201eMir auch\u201c beantwortete. Daraufhin fiel die Gesch\u00e4digte r\u00fcckw\u00e4rts um und krampfte; sie war nicht ansprechbar und verdrehte die Augen. Der Angeklagte begab sich zu dem mit ihm befreundeten Nachbarn, dem Zeugen P., der den Rettungswagen und den Notarzt alarmierte. Die Gesch\u00e4digte verstarb am 27. Juni 2007 im Krankenhaus.</p>\n            </dd>\n         </dl>\n         <dl class=\"RspDL\">\n            <dt/>\n            <dd>\n               <p/>\n            </dd>\n         </dl>\n         <dl class=\"RspDL\">\n            <dt>\n               <a name=\"rd_4\">4</a>\n            </dt>\n            <dd>\n               <p>2. Den Ausf\u00fchrungen der medizinischen Sachverst\u00e4ndigen folgend ist das Landgericht davon ausgegangen, dass die Gesch\u00e4digte die zum Tode f\u00fchrenden Verletzungen im Sch\u00e4del-Hirn-Bereich bei einem Sturz mit Anprall auf das Hinterhaupt erlitt. Es hat sich jedoch letztlich nicht davon \u00fcberzeugen k\u00f6nnen, dass ein Handeln des Angeklagten, etwa ein Faustschlag auf die Kopfregion der Gesch\u00e4digten, zu diesem Sturz f\u00fchrte. Trotz starker Indizien f\u00fcr eine T\u00e4terschaft des Angeklagten gebe es tats\u00e4chliche Anhaltspunkte daf\u00fcr, dass sich die Gesch\u00e4digte die Verletzungen w\u00e4hrend ihres Aufenthaltes bei dem Zeugen J., sp\u00e4ter auf dem Heimweg oder nach R\u00fcckkehr in die Wohnung bei einem Sturz im Badezimmer w\u00e4hrend des Duschens ohne Fremdeinwirkung zugezogen habe. Eine k\u00f6rperliche Auseinandersetzung zwischen dem Angeklagten und der Gesch\u00e4digten nach deren R\u00fcckkehr vom Zeugen J.\u00a0habe nicht stattgefunden. Soweit am K\u00f6rper der Gesch\u00e4digten weitere, nur durch Fremdeinwirkung erkl\u00e4rbare Verletzungen im Gesichtsbereich festgestellt worden seien (Bluterguss an der rechten Wange, Hautr\u00f6tung am Mundboden), sei eine zeitliche Verkn\u00fcpfung mit einer Gewalteinwirkung auf den Sch\u00e4del-Hirnbereich nicht m\u00f6glich. Die anderen festgestellten Verletzungen k\u00f6nnten auch durch einen Sturz und au\u00dferdem zeitlich deutlich vor der todesurs\u00e4chlichen Verletzung im Sch\u00e4del-Hirnbereich entstanden sein.</p>\n            </dd>\n         </dl>\n         <dl class=\"RspDL\">\n            <dt/>\n            <dd>\n               <p/>\n            </dd>\n         </dl>\n         <dl class=\"RspDL\">\n            <dt/>\n            <dd>\n               <p>II.</p>\n            </dd>\n         </dl>\n         <dl class=\"RspDL\">\n            <dt/>\n            <dd>\n               <p/>\n            </dd>\n         </dl>\n         <dl class=\"RspDL\">\n            <dt>\n               <a name=\"rd_5\">5</a>\n            </dt>\n            <dd>\n               <p>Die von den Nebenkl\u00e4gern erhobenen Verfahrensr\u00fcgen haben aus den in der Antragsschrift des Generalbundesanwalts vom 23. Juli 2010 dargelegten Gr\u00fcnden keinen Erfolg.</p>\n            </dd>\n         </dl>\n         <dl class=\"RspDL\">\n            <dt/>\n            <dd>\n               <p/>\n            </dd>\n         </dl>\n         <dl class=\"RspDL\">\n            <dt/>\n            <dd>\n               <p>III.</p>\n            </dd>\n         </dl>\n         <dl class=\"RspDL\">\n            <dt/>\n            <dd>\n               <p/>\n            </dd>\n         </dl>\n         <dl class=\"RspDL\">\n            <dt>\n               <a name=\"rd_6\">6</a>\n            </dt>\n            <dd>\n               <p>Die Nachpr\u00fcfung des angefochtenen Urteils auf Grund der Sachr\u00fcge hat einen Rechtsfehler zum Vorteil des Angeklagten nicht ergeben. Die von der Staatsanwaltschaft und den Nebenkl\u00e4gern gleicherma\u00dfen beanstandete Beweisw\u00fcrdigung h\u00e4lt rechtlicher Nachpr\u00fcfung stand.</p>\n            </dd>\n         </dl>\n         <dl class=\"RspDL\">\n            <dt/>\n            <dd>\n               <p/>\n            </dd>\n         </dl>\n         <dl class=\"RspDL\">\n            <dt>\n               <a name=\"rd_7\">7</a>\n            </dt>\n            <dd>\n               <p>1. Das Revisionsgericht muss es grunds\u00e4tzlich hinnehmen, wenn der Tatrichter einen Angeklagten freispricht, weil er Zweifel an seiner T\u00e4terschaft nicht zu \u00fcberwinden vermag. Die Beweisw\u00fcrdigung ist Sache des Tatrichters. Ihm allein obliegt es, das Ergebnis der Hauptverhandlung festzustellen und zu w\u00fcrdigen (BGHSt 21, 149, 151). Seine Schlussfolgerungen brauchen nicht zwingend zu sein, es gen\u00fcgt, dass sie m\u00f6glich sind (BGHSt 29, 18, 20). Die revisionsgerichtliche Pr\u00fcfung beschr\u00e4nkt sich darauf, ob dem Tatrichter Rechtsfehler unterlaufen sind. Das ist in sachlich-rechtlicher Hinsicht der Fall, wenn die Beweisw\u00fcrdigung widerspr\u00fcchlich, unklar oder l\u00fcckenhaft ist oder gegen die Denkgesetze oder gesicherte Erfahrungss\u00e4tze verst\u00f6\u00dft (st. Rspr.; vgl. nur BGH, Urteil vom 6. November 1998 \u2013 2 StR 636/97, BGHR StPO \u00a7 261 Beweisw\u00fcrdigung 16 m.w.N.). Bei einem Freispruch unterliegt der \u00dcberpr\u00fcfung auch, ob der Tatrichter \u00fcberspannte Anforderungen an die f\u00fcr die Verurteilung erforderliche Gewissheit gestellt hat. Schlie\u00dflich kann ein Rechtsfehler in einem solchen Fall auch darin liegen, dass das Tatgericht nach den Feststellungen nicht nahe liegende Schlussfolgerungen gezogen hat, ohne tragf\u00e4hige Gr\u00fcnde anzuf\u00fchren, die dieses Ergebnis st\u00fctzen k\u00f6nnen. Denn es ist weder im Hinblick auf den Zweifelssatz noch sonst geboten, zugunsten eines Angeklagten Tatvarianten zu unterstellen, f\u00fcr deren Vorliegen keine zureichenden tats\u00e4chlichen Anhaltspunkte vorhanden sind (st. Rspr.; vgl. nur BGH, Urteil vom 24. Januar 2008\u00a0\u2013 5 StR 253/07, NStZ 2008, 575 m.w.N.). Erkennt der Tatrichter auf Freispruch, obwohl nach dem Ergebnis der Hauptverhandlung gegen den Angeklagten ein ganz erheblicher Tatverdacht besteht, muss er in seine Beweisw\u00fcrdigung und deren Darlegung die ersichtlich m\u00f6glicherweise wesentlichen gegen den Angeklagten sprechenden Umst\u00e4nde und Erw\u00e4gungen einbeziehen und in einer Gesamtw\u00fcrdigung betrachten (BGHSt 25, 285, 286; BGH, Urteil vom 24. Januar 2008 aaO).</p>\n            </dd>\n         </dl>\n         <dl class=\"RspDL\">\n            <dt/>\n            <dd>\n               <p/>\n            </dd>\n         </dl>\n         <dl class=\"RspDL\">\n            <dt>\n               <a name=\"rd_8\">8</a>\n            </dt>\n            <dd>\n               <p>2. Dem wird die Beweisw\u00fcrdigung im vorliegenden Fall noch gerecht.</p>\n            </dd>\n         </dl>\n         <dl class=\"RspDL\">\n            <dt/>\n            <dd>\n               <p/>\n            </dd>\n         </dl>\n         <dl class=\"RspDL\">\n            <dt>\n               <a name=\"rd_9\">9</a>\n            </dt>\n            <dd>\n               <p>a) Vor dem Hintergrund der bestreitenden Angaben des Angeklagten sowie der Aussage des Zeugen J.\u00a0und mangels unmittelbarer Tatzeugen hat das Landgericht im Rahmen der Beweisw\u00fcrdigung folgerichtig zun\u00e4chst die Ausf\u00fchrungen der medizinischen Sachverst\u00e4ndigen zu dem f\u00fcr eine Verletzungshandlung in Betracht kommenden Zeitpunkt in den Vordergrund gestellt. Dass die Strafkammer auf der Grundlage der in den Urteilsgr\u00fcnden eingehend wiedergegebenen Darlegungen dreier erfahrener medizinischer Sachverst\u00e4ndiger angenommen hat, das neuropathologische Verletzungsbild lasse den Schluss auf ein Schlag-Sturz-Geschehen bzw. ein Sto\u00df-Sturz-Geschehen unter Fremdeinwirkung nicht mit der erforderlichen Sicherheit zu, stellt eine m\u00f6gliche und deshalb vom Revisionsgericht hinzunehmende Schlussfolgerung dar. Die Angriffe der Beschwerdef\u00fchrer dagegen verkennen, dass alle drei Sachverst\u00e4ndigen ein Unfallgeschehen f\u00fcr nicht ausschlie\u00dfbar gehalten haben. Das Landgericht hat ferner rechtsfehlerfrei in diese Erw\u00e4gungen einbezogen, dass die Sachverst\u00e4ndigen auf Grund der erhobenen Befunde und nach medizinischer Erfahrung, wenngleich unter Angabe unterschiedlicher Wahrscheinlichkeitsgrade, eine ein- bis zweist\u00fcndige Handlungsf\u00e4higkeit der Gesch\u00e4digten nach der todesurs\u00e4chlichen Einwirkung auf ihre Sch\u00e4del-Hirn-Region nicht auszuschlie\u00dfen vermochten. Danach durfte die Strafkammer aus Rechtsgr\u00fcnden begr\u00fcndete Zweifel an einem Tatgeschehen in der Wohnung nach R\u00fcckkehr der Gesch\u00e4digten unter Mitwirkung des Angeklagten haben. Soweit die Staatsanwaltschaft in ihrer Revisionsbegr\u00fcndung meint, das in den Urteilsgr\u00fcnden dargelegte Verletzungsbild lege es bei zusammenfassender W\u00fcrdigung nahe, von einem einheitlichen, durch den Angeklagten verursachten Verletzungsbild auszugehen, ersetzt sie die vom Gericht vorgenommene Bewertung der Indiztatsachen durch eine eigene. Einen Rechtsfehler vermag sie damit nicht aufzuzeigen; es kommt nicht darauf an, ob das Revisionsgericht angefallene Erkenntnisse anders gew\u00fcrdigt oder Zweifel \u00fcberwunden h\u00e4tte. Daran \u00e4ndert sich nicht einmal dann etwas, wenn vom Tatrichter getroffene Feststellungen \u201elebensfremd\u201c erscheinen m\u00f6gen, wie die Beschwerdef\u00fchrer hier im Einzelnen darlegen. Es gibt im Strafprozess keinen Beweis des ersten Anscheins, der nicht auf der Gewissheit des Tatrichters, sondern auf der Wahrscheinlichkeit eines Geschehensablaufs beruht (BGH, Urteil vom 15. Juli 2008 \u2013 1 StR 231/08). Auch die Beanstandung der Staatsanwaltschaft, die sich an die Bewertung der bei der Gesch\u00e4digten diagnostizierten axonalen Zerrei\u00dfungen von Nervenforts\u00e4tzen im Gehirn f\u00fcr die Frage eines sofortigen Eintritts von Bewusstlosigkeit kn\u00fcpft, geht fehl. Abgesehen davon, dass der in den Ausf\u00fchrungen des Sachverst\u00e4ndigen Dr. F.\u00a0zun\u00e4chst aufgetretene Widerspruch ausweislich der Urteilsgr\u00fcnde in der Hauptverhandlung gekl\u00e4rt werden konnte, hat das Landgericht den Umstand, dass sich <em>allein </em>aus dem Vorhandensein derartiger Zerrei\u00dfungen keine sicheren Schl\u00fcsse auf eine sofortige Bewusstlosigkeit ziehen lassen, rechtsfehlerfrei in die zusammenfassende Bewertung weiterer erheblicher Indiztatsachen einbezogen.</p>\n            </dd>\n         </dl>\n         <dl class=\"RspDL\">\n            <dt/>\n            <dd>\n               <p/>\n            </dd>\n         </dl>\n         <dl class=\"RspDL\">\n            <dt>\n               <a name=\"rd_10\">10</a>\n            </dt>\n            <dd>\n               <p>b) Entgegen der Ansicht des Generalbundesanwalts hat das Landgericht die Bekundungen der Sachverst\u00e4ndigen hinsichtlich der nicht todesurs\u00e4chlichen Verletzungen zu den Ausf\u00fchrungen hinsichtlich der t\u00f6dlichen Sch\u00e4del-Hirn-Verletzung ausreichend in Beziehung gesetzt und auch insoweit die Anforderungen an die richterliche \u00dcberzeugungsbildung nicht \u00fcberspannt. Es hat auch die diesbez\u00fcglichen Gutachtenergebnisse in den Urteilsgr\u00fcnden ausf\u00fchrlich mitgeteilt und \u2013 als Indiz f\u00fcr eine T\u00e4terschaft des Angeklagten \u2013 nicht verkannt, dass als Ursache der Verletzungen im Wangen- bzw. Mundbereich schl\u00fcssig nur ein Sto\u00df- oder Schlaggeschehen in Frage kam. Andererseits vermochten die Sachverst\u00e4ndigen Dr. Pf.\u00a0und Dr. Z.\u00a0\u00fcbereinstimmend eine zeitliche Verkn\u00fcpfung zwischen der todesverursachenden Verletzung und derjenigen im Wangen- bzw. Mundbodenbereich gerade nicht herzustellen; vielmehr war eine deutliche zeitliche Z\u00e4sur nicht auszuschlie\u00dfen.</p>\n            </dd>\n         </dl>\n         <dl class=\"RspDL\">\n            <dt/>\n            <dd>\n               <p/>\n            </dd>\n         </dl>\n         <dl class=\"RspDL\">\n            <dt>\n               <a name=\"rd_11\">11</a>\n            </dt>\n            <dd>\n               <p>c) Bei der W\u00fcrdigung der bestreitenden Angaben des Angeklagten, die in den Urteilsgr\u00fcnden eingehend mitgeteilt werden, hat sich die Strafkammer ersichtlich von einem zutreffenden rechtlichen Ma\u00dfstab leiten lassen und diese ihren Feststellungen nicht vorschnell als unwiderlegbar zu Grunde gelegt. Sie hat vielmehr die \u2013 im Wesentlichen konstanten \u2013 Angaben, die der Angeklagte im Anschluss an den Abtransport der Gesch\u00e4digten ins Krankenhaus Dritten gegen\u00fcber gemacht hat, durch Vernehmung einer Vielzahl von Zeugen ermittelt und ebenfalls ausf\u00fchrlich dargelegt. Die Ansicht der Beschwerdef\u00fchrer, insbesondere im Hinblick auf einen m\u00f6glichen Streit zwischen dem Angeklagten und der Gesch\u00e4digten seien die Erw\u00e4gungen im Urteil widerspr\u00fcchlich und deshalb rechtsfehlerhaft, greift zu kurz. Den Urteilsgr\u00fcnden ist zu entnehmen, dass das Landgericht die Einlassung des Angeklagten, es sei nach R\u00fcckkehr der Gesch\u00e4digten zu keinerlei Streit zwischen ihnen gekommen, mangels unmittelbar anwesender Zeugen nicht zu widerlegen vermochte. Soweit es eine m\u00f6gliche k\u00f6rperliche Auseinandersetzung betrifft, erweist sich diese Erw\u00e4gung als tragf\u00e4hig. Soweit der Zeuge P.\u00a0bekundet hat, der Angeklagte habe ihm berichtet, die Gesch\u00e4digte habe ihn getreten, kommt die Strafkammer zu dem m\u00f6glichen Schluss, es habe sich um ein Treten im Zusammenhang mit dem Krampfanfall der Gesch\u00e4digten gehandelt. Dem Gesamtzusammenhang der Urteilsgr\u00fcnde entnimmt der Senat ferner, dass das Landgericht aus einer auch von ihm als naheliegend in Betracht gezogenen verbalen Auseinandersetzung nach dem Eingest\u00e4ndnis der \"Untreue\" weiter gehende, f\u00fcr den Angeklagten nachteilige Schlussfolgerungen vor dem Hintergrund des \u00fcbrigen Beweisergebnisses nicht ziehen wollte.</p>\n            </dd>\n         </dl>\n         <dl class=\"RspDL\">\n            <dt/>\n            <dd>\n               <p/>\n            </dd>\n         </dl>\n         <dl class=\"RspDL\">\n            <dt>\n               <a name=\"rd_12\">12</a>\n            </dt>\n            <dd>\n               <p>Ferner hat die Strafkammer das nicht in jeder Hinsicht widerspruchsfreie Aussageverhalten des Zeugen J.\u00a0nachgezeichnet und auch dessen Motivlage vor dem Hintergrund eines nicht mit hinreichender Sicherheit feststellbaren beginnenden Liebesverh\u00e4ltnisses zwischen ihm und der Gesch\u00e4digten erwogen. Dass die Strafkammer den Angaben dieses Zeugen in wesentlichen Teilen nicht gefolgt ist, ist aus Rechtsgr\u00fcnden nicht zu beanstanden.</p>\n            </dd>\n         </dl>\n         <dl class=\"RspDL\">\n            <dt/>\n            <dd>\n               <p/>\n            </dd>\n         </dl>\n         <dl class=\"RspDL\">\n            <dt>\n               <a name=\"rd_13\">13</a>\n            </dt>\n            <dd>\n               <p>d) Schlie\u00dflich fehlt es auch nicht an einer zusammenfassenden Bewertung des Beweisergebnisses und der Indizien unter dem Gesichtspunkt einer Gesamtw\u00fcrdigung. Die dem Landgericht verbliebenen Zweifel an der T\u00e4terschaft des Angeklagten sind jedenfalls nachvollziehbar und nicht nur abstrakt-theoretisch. Den Beschwerdef\u00fchrern ist zwar zuzugeben, dass die Strafkammer weitere Beweisanzeichen zus\u00e4tzlich, weiter gehend oder noch detaillierter h\u00e4tte er\u00f6rtern k\u00f6nnen. Indes kann eine Beweisw\u00fcrdigung ihrer Natur nach nicht ersch\u00f6pfend in dem Sinne sein, dass alle irgendwie denkbaren Gesichtspunkte und W\u00fcrdigungsvarianten in den Urteilsgr\u00fcnden ausdr\u00fccklich abgehandelt werden. Dies ist von Rechts wegen nicht zu verlangen. Aus einzelnen denkbaren oder tats\u00e4chlichen L\u00fccken in der ausdr\u00fccklichen Er\u00f6rterung kann nicht abgeleitet werden, der Tatrichter habe nach den sonstigen Urteilsfeststellungen auf der Hand liegende Wertungsgesichtspunkte nicht bedacht (BGH, Urteil vom 23. Juni 2010 \u2013 2 StR 35/10).</p>\n            </dd>\n         </dl>\n         <dl class=\"RspDL\">\n            <dt/>\n            <dd>\n               <p/>\n            </dd>\n         </dl>\n         <dl class=\"RspDL\">\n            <dt>\n               <a name=\"rd_14\">14</a>\n            </dt>\n            <dd>\n               <p>3. Da sowohl die Revision der Staatsanwaltschaft als auch die der Nebenkl\u00e4ger erfolglos geblieben sind, haben die Nebenkl\u00e4ger au\u00dfer der Revisionsgeb\u00fchr auch die H\u00e4lfte der gerichtlichen Auslagen zu tragen. Die durch die Rechtsmittel verursachten notwendigen Auslagen des Angeklagten hat allein die Staatskasse zu tragen (BGH, Urteil vom 6. Dezember 2007 \u2013 3 StR 342/07, NStZ-RR 2008, 146; Urteil vom 30. November 2005 \u2013 2 StR 402/05, NStZ-RR 2006, 128; vgl. aber BGH, Urteil vom 16. September 2010 \u2013 3 StR 280/10).</p>\n            </dd>\n         </dl>\n         <dl class=\"RspDL\">\n            <dt/>\n            <dd>\n               <p/>\n            </dd>\n         </dl>\n         <dl class=\"RspDL\">\n            <dt/>\n            <dd>\n               <p>Ernemann\u00a0\u00a0\u00a0\u00a0\u00a0\u00a0\u00a0\u00a0\u00a0\u00a0\u00a0\u00a0\u00a0\u00a0\u00a0\u00a0\u00a0\u00a0\u00a0\u00a0\u00a0\u00a0\u00a0\u00a0\u00a0\u00a0\u00a0\u00a0\u00a0\u00a0\u00a0\u00a0\u00a0\u00a0\u00a0\u00a0\u00a0\u00a0\u00a0\u00a0\u00a0\u00a0\u00a0\u00a0Solin-Stojanovi\u0107\u00a0\u00a0\u00a0\u00a0\u00a0\u00a0\u00a0\u00a0\u00a0\u00a0\u00a0\u00a0\u00a0\u00a0\u00a0\u00a0\u00a0\u00a0\u00a0\u00a0\u00a0\u00a0\u00a0\u00a0\u00a0\u00a0\u00a0\u00a0\u00a0\u00a0\u00a0\u00a0\u00a0\u00a0\u00a0\u00a0\u00a0\u00a0Cierniak</p>\n            </dd>\n         </dl>\n         <dl class=\"RspDL\">\n            <dt/>\n            <dd>\n               <p>\u00a0\u00a0\u00a0\u00a0\u00a0\u00a0\u00a0\u00a0\u00a0\u00a0\u00a0\u00a0\u00a0\u00a0\u00a0\u00a0\u00a0\u00a0\u00a0\u00a0\u00a0\u00a0\u00a0\u00a0\u00a0\u00a0\u00a0\u00a0\u00a0\u00a0Franke\u00a0\u00a0\u00a0\u00a0\u00a0\u00a0\u00a0\u00a0\u00a0\u00a0\u00a0\u00a0\u00a0\u00a0\u00a0\u00a0\u00a0\u00a0\u00a0\u00a0\u00a0\u00a0\u00a0\u00a0\u00a0\u00a0\u00a0\u00a0\u00a0\u00a0\u00a0\u00a0\u00a0\u00a0\u00a0\u00a0\u00a0\u00a0\u00a0\u00a0\u00a0\u00a0\u00a0\u00a0\u00a0\u00a0\u00a0\u00a0\u00a0\u00a0\u00a0\u00a0\u00a0\u00a0Mutzbauer</p>\n            </dd>\n         </dl>\n         <dl class=\"RspDL\">\n            <dt/>\n            <dd>\n               <p/>\n            </dd>\n         </dl>\n      </div>\n   ", "accessRights": "public", "gerort": "", "entschDatum": "20101028", "coverage": "Deutschland", "titel": "\n      <dl class=\"RspDL\">\n         <dt/>\n         <dd>\n            <p>Strafverfahren wegen K\u00f6rperverletzung mit Todesfolge: Grenzen revisionsgerichtlicher Nachpr\u00fcfung der tatrichterlichen Beweisw\u00fcrdigung bei Freispruch</p>\n         </dd>\n      </dl>\n   ", "ecli": "", "identifier": "http://www.rechtsprechung-im-internet.de/jportal/?quelle=jlink&docid=JURE100074712&psml=bsjrsprod.psml&max=true", "spruchkoerper": "4. Strafsenat", "vorinstanz": "vorgehend LG Arnsberg, 20. Oktober 2009, Az: 2 Ks 272 Js 565/07 - 35/08a - 6 Ss 126/10, Urteil\n   ", "doknr": "JURE100074712", "abweichendeMeinung": "", "tenor": "\n      <div>\n         <dl class=\"RspDL\">\n            <dt/>\n            <dd>\n               <p>Die Revisionen der Staatsanwaltschaft und der Nebenkl\u00e4ger gegen das Urteil des Landgerichts Arnsberg vom 20. Oktober 2009 werden verworfen.</p>\n            </dd>\n         </dl>\n         <dl class=\"RspDL\">\n            <dt/>\n            <dd>\n               <p/>\n            </dd>\n         </dl>\n         <dl class=\"RspDL\">\n            <dt/>\n            <dd>\n               <p>Die Kosten der Revision der Staatsanwaltschaft sowie die dem Angeklagten dadurch und durch die Revisionen der Nebenkl\u00e4ger entstandenen notwendigen Auslagen werden der Staatskasse auferlegt.</p>\n            </dd>\n         </dl>\n         <dl class=\"RspDL\">\n            <dt/>\n            <dd>\n               <p/>\n            </dd>\n         </dl>\n         <dl class=\"RspDL\">\n            <dt/>\n            <dd>\n               <p>Die Nebenkl\u00e4ger tragen die Kosten ihrer Rechtsmittel. Die im Revisionsverfahren entstandenen gerichtlichen Auslagen tragen die Staatskasse und die Nebenkl\u00e4ger je zur H\u00e4lfte.</p>\n            </dd>\n         </dl>\n         <dl class=\"RspDL\">\n            <dt/>\n            <dd>\n               <p/>\n            </dd>\n         </dl>\n         <dl class=\"RspDL\">\n            <dt/>\n            <dd>\n               <p>Von Rechts wegen</p>\n            </dd>\n         </dl>\n      </div>\n   ", "regionAbk": "DEU"}