{"publisher": "BMJV", "tatbestand": "", "absaetze": [{"num": "1", "textProcessed": ["landgericht", "angeklagt", "bewaffnet", "handeltreib", "betaubungsmitteln", "tatein", "besitz", "betaubungsmitteln", "freiheitsstraf", "funf", "jahr", "sech", "monat", "verurteilt", "unterbring", "entziehungsanstalt", "angeordnet", "entscheid", "teilweis", "vorwegvollstreck", "straf", "getroff", "sachlichrecht", "beanstand", "gestutzt", "revision", "angeklagt", "entscheidungsformel", "ersicht", "teilerfolg"], "text": "Das Landgericht hat den Angeklagten wegen bewaffneten Handeltreibens mit Bet\u00e4ubungsmitteln in Tateinheit mit Besitz von Bet\u00e4ubungsmitteln zu einer Freiheitsstrafe von f\u00fcnf Jahren und sechs Monaten verurteilt, die Unterbringung in einer Entziehungsanstalt angeordnet und eine Entscheidung zur teilweisen Vorwegvollstreckung der Strafe getroffen. Die auf sachlichrechtliche Beanstandungen gest\u00fctzte Revision des Angeklagten hat den aus der Entscheidungsformel ersichtlichen Teilerfolg."}, {"num": "2", "textProcessed": ["schuldspruch", "rechtlich", "nachpruf", "standhalt", "rechtsfolgenausspruch", "aufgehob"], "text": "W\u00e4hrend der Schuldspruch rechtlicher Nachpr\u00fcfung standh\u00e4lt, muss der Rechtsfolgenausspruch aufgehoben werden."}, {"num": "3", "textProcessed": ["landgericht", "mind", "schwer", "fall", "bewaffnet", "handeltreib", "abgelehnt", "angeklagt", "sprechend", "teilgestandnis", "gewertet", "zugleich", "umstand", "relativiert", "angeklagt", "einerseit", "gestand", "ohnehin", "hatt", "nachweis", "beweisaufnahm", "widerlegt", "versucht", "tat", "anson", "vorausgeh", "umstand", "wid", "bess", "wiss", "falsch", "angab", "verharmlos", "bzw", "beschon", "ua", "landgericht", "weiterhin", "dargelegt", "mildernd", "umstand", "wog", "schwer", "dass", "angesicht", "scharfend", "aspekt", "regelstrafrahm", "unangemess", "erschein", "lass", "abschliess", "ausgefuhrt", "insbesond", "konnt", "bzw", "angeklagt", "positiv", "sicht", "kamm", "grundsatz", "besond", "gewicht", "mildernd", "gesichtspunkt", "umfass", "gestandnis", "sowi", "qualifiziert", "aufklarungshilf", "anspruch", "nehm", "zuletzt", "tat", "falschlich", "erheb", "relativiert", "zweifel", "ernsthaft", "verantwortungsubernahm", "geweckt", "ua"], "text": "Das Landgericht hat einen minder schweren Fall des bewaffneten Handeltreibens abgelehnt. Als f\u00fcr den Angeklagten sprechend hat es das Teilgest\u00e4ndnis gewertet, zugleich aber diesen Umstand relativiert, da der Angeklagte einerseits nur das gestanden habe, was man ihm ohnehin h\u00e4tte nachweisen k\u00f6nnen; \"zum anderen hat er, durch die Beweisaufnahme widerlegt, versucht, seine Tat ansonsten wie auch die ihr vorausgehenden Umst\u00e4nde wider besseres Wissen mit falschen Angaben zu verharmlosen bzw. zu besch\u00f6nigen\" (UA S. 26). Das Landgericht hat weiterhin dargelegt, die mildernden Umst\u00e4nde w\u00f6gen nicht so schwer, dass sie angesichts der sch\u00e4rfenden Aspekte den Regelstrafrahmen als unangemessen erscheinen lassen w\u00fcrden, und hat dazu abschlie\u00dfend ausgef\u00fchrt: \"Insbesondere konnte bzw. wollte der Angeklagte die positiven und aus Sicht der Kammer grunds\u00e4tzlich besonders gewichtigen mildernden Gesichtspunkte eines umfassenden Gest\u00e4ndnisses sowie einer qualifizierten Aufkl\u00e4rungshilfe nicht f\u00fcr sich in Anspruch nehmen. Indem er bis zuletzt seine Tat f\u00e4lschlich erheblich relativierte, hat er Zweifel an der Ernsthaftigkeit seines Willens zur Verantwortungs\u00fcbernahme geweckt\" (UA S. 28)."}, {"num": "4", "textProcessed": ["erstgenannt", "urteilspassag", "dahin", "verstand", "dass", "landgericht", "grundsatz", "angeklagt", "sprechend", "umstand", "gestandnis", "tragweit", "einschrank", "zweit", "erwag", "mehr", "moglich", "vielmehr", "besorg", "dass", "landgericht", "verteidigungsverhalt", "angeklagt", "rechtsfehlerhaft", "nachteil", "gewertet", "vgl", "bgh", "beschluss", "juni", "str", "bghr", "stgb", "abs", "verteidigungsverhalt", "mwn", "fuhrt", "aufheb", "straf", "senat", "berucksicht", "sonstig", "umstand", "angemess", "sinn", "abs", "stpo", "anseh"], "text": "W\u00e4hrend die erstgenannte Urteilspassage noch dahin verstanden werden kann, dass das Landgericht einen grunds\u00e4tzlich f\u00fcr den Angeklagten sprechenden Umstand (Gest\u00e4ndnis) in seiner Tragweite nur etwas einschr\u00e4nken wollte, ist dies bei der zweiten Erw\u00e4gung nicht mehr m\u00f6glich. Vielmehr ist zu besorgen, dass das Landgericht hier das Verteidigungsverhalten des Angeklagten rechtsfehlerhaft zu dessen Nachteil gewertet hat (vgl. BGH, Beschluss vom 7. Juni 1995 - 3 StR 177/95, BGHR StGB \u00a7 46 Abs. 2 Verteidigungsverhalten 16 mwN). Dies f\u00fchrt zur Aufhebung der Strafe, da der Senat diese unter Ber\u00fccksichtigung der sonstigen Umst\u00e4nde auch nicht als \"angemessen\" im Sinne von \u00a7 354 Abs. 1a StPO ansehen kann."}, {"num": "5", "textProcessed": ["unterbring", "stgb", "halt", "rechtlich", "nachpruf", "stand", "hierfur", "notwend", "hang", "rauschmittelkonsum", "belegt", "landgericht", "auseinandergesetzt", "dass", "angeklagt", "feststell", "seit", "januar", "drog", "mehr", "konsumiert", "deshalb", "zeitpunkt", "hauptverhandl", "schon", "jahr", "abstinent", "gelebt"], "text": "Die Unterbringung nach \u00a7 64 StGB h\u00e4lt rechtlicher Nachpr\u00fcfung nicht stand, weil der hierf\u00fcr notwendige Hang zum Rauschmittelkonsum nicht belegt ist. Das Landgericht hat sich nicht damit auseinandergesetzt, dass der Angeklagte nach den Feststellungen seit Januar 2009 keine Drogen mehr konsumiert und deshalb im Zeitpunkt der Hauptverhandlung schon ein Jahr abstinent gelebt hat."}], "norm": ["\u00a7 46 StGB"], "doktyp": "Beschluss", "regionLong": "Bundesrepublik Deutschland", "sonstlt": "", "gruendeProcessed": ["landgericht", "angeklagt", "bewaffnet", "handeltreib", "betaubungsmitteln", "tatein", "besitz", "betaubungsmitteln", "freiheitsstraf", "funf", "jahr", "sech", "monat", "verurteilt", "unterbring", "entziehungsanstalt", "angeordnet", "entscheid", "teilweis", "vorwegvollstreck", "straf", "getroff", "sachlichrecht", "beanstand", "gestutzt", "revision", "angeklagt", "entscheidungsformel", "ersicht", "teilerfolg", "schuldspruch", "rechtlich", "nachpruf", "standhalt", "rechtsfolgenausspruch", "aufgehob", "landgericht", "mind", "schwer", "fall", "bewaffnet", "handeltreib", "abgelehnt", "angeklagt", "sprechend", "teilgestandnis", "gewertet", "zugleich", "umstand", "relativiert", "angeklagt", "einerseit", "gestand", "ohnehin", "hatt", "nachweis", "beweisaufnahm", "widerlegt", "versucht", "tat", "anson", "vorausgeh", "umstand", "wid", "bess", "wiss", "falsch", "angab", "verharmlos", "bzw", "beschon", "ua", "landgericht", "weiterhin", "dargelegt", "mildernd", "umstand", "wog", "schwer", "dass", "angesicht", "scharfend", "aspekt", "regelstrafrahm", "unangemess", "erschein", "lass", "abschliess", "ausgefuhrt", "insbesond", "konnt", "bzw", "angeklagt", "positiv", "sicht", "kamm", "grundsatz", "besond", "gewicht", "mildernd", "gesichtspunkt", "umfass", "gestandnis", "sowi", "qualifiziert", "aufklarungshilf", "anspruch", "nehm", "zuletzt", "tat", "falschlich", "erheb", "relativiert", "zweifel", "ernsthaft", "verantwortungsubernahm", "geweckt", "ua", "erstgenannt", "urteilspassag", "dahin", "verstand", "dass", "landgericht", "grundsatz", "angeklagt", "sprechend", "umstand", "gestandnis", "tragweit", "einschrank", "zweit", "erwag", "mehr", "moglich", "vielmehr", "besorg", "dass", "landgericht", "verteidigungsverhalt", "angeklagt", "rechtsfehlerhaft", "nachteil", "gewertet", "vgl", "bgh", "beschluss", "juni", "str", "bghr", "stgb", "abs", "verteidigungsverhalt", "mwn", "fuhrt", "aufheb", "straf", "senat", "berucksicht", "sonstig", "umstand", "angemess", "sinn", "abs", "stpo", "anseh", "unterbring", "stgb", "halt", "rechtlich", "nachpruf", "stand", "hierfur", "notwend", "hang", "rauschmittelkonsum", "belegt", "landgericht", "auseinandergesetzt", "dass", "angeklagt", "feststell", "seit", "januar", "drog", "mehr", "konsumiert", "deshalb", "zeitpunkt", "hauptverhandl", "schon", "jahr", "abstinent", "gelebt", "beck", "pfist", "sost", "scheibl", "hubert", "may"], "mitwirkung": "", "aktenzeichen": "3 StR 192/10", "language": "deutsch", "gertyp": "BGH", "leitsatz": "", "gruende": "\n      <div>\n         <dl class=\"RspDL\">\n            <dt>\n               <a name=\"rd_1\">1</a>\n            </dt>\n            <dd>\n               <p>Das Landgericht hat den Angeklagten wegen bewaffneten Handeltreibens mit Bet\u00e4ubungsmitteln in Tateinheit mit Besitz von Bet\u00e4ubungsmitteln zu einer Freiheitsstrafe von f\u00fcnf Jahren und sechs Monaten verurteilt, die Unterbringung in einer Entziehungsanstalt angeordnet und eine Entscheidung zur teilweisen Vorwegvollstreckung der Strafe getroffen. Die auf sachlichrechtliche Beanstandungen gest\u00fctzte Revision des Angeklagten hat den aus der Entscheidungsformel ersichtlichen Teilerfolg.</p>\n            </dd>\n         </dl>\n         <dl class=\"RspDL\">\n            <dt/>\n            <dd>\n               <p/>\n            </dd>\n         </dl>\n         <dl class=\"RspDL\">\n            <dt>\n               <a name=\"rd_2\">2</a>\n            </dt>\n            <dd>\n               <p>W\u00e4hrend der Schuldspruch rechtlicher Nachpr\u00fcfung standh\u00e4lt, muss der Rechtsfolgenausspruch aufgehoben werden.</p>\n            </dd>\n         </dl>\n         <dl class=\"RspDL\">\n            <dt/>\n            <dd>\n               <p/>\n            </dd>\n         </dl>\n         <dl class=\"RspDL\">\n            <dt>\n               <a name=\"rd_3\">3</a>\n            </dt>\n            <dd>\n               <p>Das Landgericht hat einen minder schweren Fall des bewaffneten Handeltreibens abgelehnt. Als f\u00fcr den Angeklagten sprechend hat es das Teilgest\u00e4ndnis gewertet, zugleich aber diesen Umstand relativiert, da der Angeklagte einerseits nur das gestanden habe, was man ihm ohnehin h\u00e4tte nachweisen k\u00f6nnen; \"zum anderen hat er, durch die Beweisaufnahme widerlegt, versucht, seine Tat ansonsten wie auch die ihr vorausgehenden Umst\u00e4nde wider besseres Wissen mit falschen Angaben zu verharmlosen bzw. zu besch\u00f6nigen\" (UA S. 26). Das Landgericht hat weiterhin dargelegt, die mildernden Umst\u00e4nde w\u00f6gen nicht so schwer, dass sie angesichts der sch\u00e4rfenden Aspekte den Regelstrafrahmen als unangemessen erscheinen lassen w\u00fcrden, und hat dazu abschlie\u00dfend ausgef\u00fchrt: \"Insbesondere konnte bzw. wollte der Angeklagte die positiven und aus Sicht der Kammer grunds\u00e4tzlich besonders gewichtigen mildernden Gesichtspunkte eines umfassenden Gest\u00e4ndnisses sowie einer qualifizierten Aufkl\u00e4rungshilfe nicht f\u00fcr sich in Anspruch nehmen. Indem er bis zuletzt seine Tat f\u00e4lschlich erheblich relativierte, hat er Zweifel an der Ernsthaftigkeit seines Willens zur Verantwortungs\u00fcbernahme geweckt\" (UA S. 28).</p>\n            </dd>\n         </dl>\n         <dl class=\"RspDL\">\n            <dt/>\n            <dd>\n               <p/>\n            </dd>\n         </dl>\n         <dl class=\"RspDL\">\n            <dt>\n               <a name=\"rd_4\">4</a>\n            </dt>\n            <dd>\n               <p>W\u00e4hrend die erstgenannte Urteilspassage noch dahin verstanden werden kann, dass das Landgericht einen grunds\u00e4tzlich f\u00fcr den Angeklagten sprechenden Umstand (Gest\u00e4ndnis) in seiner Tragweite nur etwas einschr\u00e4nken wollte, ist dies bei der zweiten Erw\u00e4gung nicht mehr m\u00f6glich. Vielmehr ist zu besorgen, dass das Landgericht hier das Verteidigungsverhalten des Angeklagten rechtsfehlerhaft zu dessen Nachteil gewertet hat (vgl. BGH, Beschluss vom 7. Juni 1995 - 3 StR 177/95, BGHR StGB \u00a7 46 Abs. 2 Verteidigungsverhalten 16 mwN). Dies f\u00fchrt zur Aufhebung der Strafe, da der Senat diese unter Ber\u00fccksichtigung der sonstigen Umst\u00e4nde auch nicht als \"angemessen\" im Sinne von \u00a7 354 Abs. 1a StPO ansehen kann.</p>\n            </dd>\n         </dl>\n         <dl class=\"RspDL\">\n            <dt/>\n            <dd>\n               <p/>\n            </dd>\n         </dl>\n         <dl class=\"RspDL\">\n            <dt>\n               <a name=\"rd_5\">5</a>\n            </dt>\n            <dd>\n               <p>Die Unterbringung nach \u00a7 64 StGB h\u00e4lt rechtlicher Nachpr\u00fcfung nicht stand, weil der hierf\u00fcr notwendige Hang zum Rauschmittelkonsum nicht belegt ist. Das Landgericht hat sich nicht damit auseinandergesetzt, dass der Angeklagte nach den Feststellungen seit Januar 2009 keine Drogen mehr konsumiert und deshalb im Zeitpunkt der Hauptverhandlung schon ein Jahr abstinent gelebt hat.</p>\n            </dd>\n         </dl>\n         <dl class=\"RspDL\">\n            <dt/>\n            <dd>\n               <p/>\n            </dd>\n         </dl>\n         <dl class=\"RspDL\">\n            <dt/>\n            <dd>\n               <p>Becker\u00a0\u00a0\u00a0\u00a0\u00a0\u00a0\u00a0\u00a0\u00a0\u00a0\u00a0\u00a0\u00a0\u00a0\u00a0\u00a0\u00a0\u00a0\u00a0\u00a0\u00a0\u00a0\u00a0\u00a0\u00a0\u00a0\u00a0\u00a0\u00a0\u00a0\u00a0\u00a0\u00a0\u00a0\u00a0\u00a0\u00a0\u00a0\u00a0\u00a0\u00a0\u00a0\u00a0\u00a0\u00a0\u00a0\u00a0\u00a0\u00a0\u00a0\u00a0\u00a0\u00a0\u00a0\u00a0\u00a0\u00a0\u00a0\u00a0\u00a0\u00a0Pfister\u00a0\u00a0\u00a0\u00a0\u00a0\u00a0\u00a0\u00a0\u00a0\u00a0\u00a0\u00a0\u00a0\u00a0\u00a0\u00a0\u00a0\u00a0\u00a0\u00a0\u00a0\u00a0\u00a0\u00a0\u00a0\u00a0\u00a0\u00a0\u00a0\u00a0\u00a0\u00a0\u00a0\u00a0\u00a0\u00a0\u00a0\u00a0\u00a0\u00a0\u00a0\u00a0\u00a0\u00a0\u00a0\u00a0\u00a0\u00a0\u00a0\u00a0\u00a0\u00a0\u00a0\u00a0\u00a0Sost-Scheible</p>\n            </dd>\n         </dl>\n         <dl class=\"RspDL\">\n            <dt/>\n            <dd>\n               <p>\u00a0\u00a0\u00a0\u00a0\u00a0\u00a0\u00a0\u00a0\u00a0\u00a0\u00a0\u00a0\u00a0\u00a0\u00a0\u00a0\u00a0\u00a0\u00a0\u00a0\u00a0\u00a0\u00a0\u00a0\u00a0\u00a0\u00a0\u00a0\u00a0\u00a0\u00a0\u00a0\u00a0Hubert\u00a0\u00a0\u00a0\u00a0\u00a0\u00a0\u00a0\u00a0\u00a0\u00a0\u00a0\u00a0\u00a0\u00a0\u00a0\u00a0\u00a0\u00a0\u00a0\u00a0\u00a0\u00a0\u00a0\u00a0\u00a0\u00a0\u00a0\u00a0\u00a0\u00a0\u00a0\u00a0\u00a0\u00a0\u00a0\u00a0\u00a0\u00a0\u00a0\u00a0\u00a0\u00a0\u00a0\u00a0\u00a0\u00a0\u00a0\u00a0\u00a0\u00a0\u00a0\u00a0\u00a0\u00a0\u00a0\u00a0\u00a0\u00a0\u00a0\u00a0Mayer</p>\n            </dd>\n         </dl>\n      </div>\n   ", "accessRights": "public", "gerort": "", "entschDatum": "20100804", "coverage": "Deutschland", "titel": "\n      <dl class=\"RspDL\">\n         <dt/>\n         <dd>\n            <p>Strafzumessung: Nachteilige Verwertung des Verteidigungsverhaltens</p>\n         </dd>\n      </dl>\n   ", "ecli": "", "identifier": "http://www.rechtsprechung-im-internet.de/jportal/?quelle=jlink&docid=JURE100069618&psml=bsjrsprod.psml&max=true", "spruchkoerper": "3. Strafsenat", "vorinstanz": "vorgehend LG Wuppertal, 11. Januar 2010, Az: 22 KLs 10 Js 2713/08 - 21/09, Urteil\n   ", "doknr": "JURE100069618", "abweichendeMeinung": "", "tenor": "\n      <div>\n         <dl class=\"RspDL\">\n            <dt/>\n            <dd>\n               <p>1. Auf die Revision des Angeklagten wird das Urteil des Landgerichts Wuppertal vom 11. Januar 2010 im Rechtsfolgenausspruch mit den zugeh\u00f6rigen Feststellungen aufgehoben.</p>\n            </dd>\n         </dl>\n         <dl class=\"RspDL\">\n            <dt/>\n            <dd>\n               <p/>\n            </dd>\n         </dl>\n         <dl class=\"RspDL\">\n            <dt/>\n            <dd>\n               <p>Im Umfang der Aufhebung wird die Sache zu neuer Verhandlung und Entscheidung, auch \u00fcber die Kosten des Rechtsmittels, an eine andere Strafkammer des Landgerichts zur\u00fcckverwiesen.</p>\n            </dd>\n         </dl>\n         <dl class=\"RspDL\">\n            <dt/>\n            <dd>\n               <p/>\n            </dd>\n         </dl>\n         <dl class=\"RspDL\">\n            <dt/>\n            <dd>\n               <p>2. Die weitergehende Revision wird verworfen.</p>\n            </dd>\n         </dl>\n      </div>\n   ", "regionAbk": "DEU"}