{"publisher": "BMJV", "tatbestand": "", "absaetze": [{"num": "1", "textProcessed": ["landgericht", "angeklagt", "unerlaubt", "handeltreib", "betaubungsmitteln", "gering", "meng", "fall", "einbezieh", "freiheitsstraf", "urteil", "amtsgericht", "julich", "sowi", "geldstraf", "urteil", "amtsgericht", "wiesbad", "gesamtfreiheitsstraf", "zwei", "jahr", "zehn", "monat", "verurteilt", "ausserd", "weit", "gesamtfreiheitsstraf", "vier", "jahr", "zehn", "monat", "unerlaubt", "handeltreib", "betaubungsmitteln", "gering", "meng", "sech", "fall", "sowi", "versuch", "beteil", "verbrech", "verhangt", "unterbring", "angeklagt", "entziehungsanstalt", "sowi", "vorwegvollzug", "jeweil", "jahr", "funf", "monat", "bezug", "beid", "gesamtfreiheitsstraf", "angeordnet", "hiergeg", "gerichtet", "revision", "angeklagt", "sachrug", "beschlusstenor", "ersicht", "erfolg", "ubrig", "unbegrundet", "sinn", "abs", "stpo"], "text": "Das Landgericht hat den Angeklagten wegen unerlaubten Handeltreibens mit Bet\u00e4ubungsmitteln in nicht geringer Menge in 11 F\u00e4llen unter Einbeziehung der Freiheitsstrafe aus einem Urteil des Amtsgerichts J\u00fclich sowie von Geldstrafen aus einem Urteil des Amtsgerichts Wiesbaden zu einer Gesamtfreiheitsstrafe von zwei Jahren und zehn Monaten verurteilt. Au\u00dferdem hat es eine weitere Gesamtfreiheitsstrafe von vier Jahren und zehn Monaten wegen unerlaubten Handeltreibens mit Bet\u00e4ubungsmitteln in nicht geringer Menge in sechs F\u00e4llen sowie wegen Versuchs der Beteiligung an einem Verbrechen verh\u00e4ngt, die Unterbringung des Angeklagten in einer Entziehungsanstalt sowie den \"Vorwegvollzug von jeweils einem Jahr und f\u00fcnf Monaten bez\u00fcglich beider Gesamtfreiheitsstrafen\" angeordnet. Die hiergegen gerichtete Revision des Angeklagten hat mit der Sachr\u00fcge den aus dem Beschlusstenor ersichtlichen Erfolg. Im \u00dcbrigen ist sie unbegr\u00fcndet im Sinne von \u00a7 349 Abs. 2 StPO."}, {"num": "2", "textProcessed": ["antrag", "angeklagt", "wiedereinsetz", "vorig", "stand", "verwerf", "angeklagt", "revisionsbegrundungsfrist", "versaumt", "erheb", "allgemein", "sachrug", "schriftsatz", "januar", "gewahrt", "verfahrensrug", "ablauf", "revisionsbegrundungsfrist", "erhob", "ubrig", "lieg", "voraussetz", "wiedereinsetz", "nachhol", "verfahrensrug", "grund", "antragsschrift", "generalbundesanwalt"], "text": "1. Der Antrag des Angeklagten auf Wiedereinsetzung in den vorigen Stand war zu verwerfen. Der Angeklagte hat die Revisionsbegr\u00fcndungsfrist nicht vers\u00e4umt, sondern durch Erheben der allgemeinen Sachr\u00fcge mit Schriftsatz vom 5. Januar 2010 gewahrt. Verfahrensr\u00fcgen hat er auch nach Ablauf der Revisionsbegr\u00fcndungsfrist nicht erhoben. Im \u00dcbrigen liegen die Voraussetzungen f\u00fcr eine Wiedereinsetzung zur Nachholung von Verfahrensr\u00fcgen aus den Gr\u00fcnden der Antragsschrift des Generalbundesanwalts nicht vor."}, {"num": "3", "textProcessed": ["fall", "anklageschrift", "staatsanwaltschaft", "aach", "dezemb", "halt", "strafausspruch", "rechtlich", "uberpruf", "stand", "insoweit", "fehlt", "feststell", "wirkstoffgehalt", "geerntet", "marihuanas", "dass", "schuldumfang", "grundlag", "bestimm", "umstand", "strafzumess", "sinn", "abs", "satz", "stpo", "zuverlass", "beurteil", "lasst", "entgeg", "auffass", "generalbundesanwalt", "schuldumfang", "ruckschluss", "festgestellt", "wirkstoffgehalt", "letzt", "sichergestellt", "pflanzung", "jeweil", "plantag", "ermittelt", "derart", "vergleich", "etwa", "fall", "gescheh", "genannt", "fall", "unterblieb", "voraussetz", "dass", "sichergestellt", "pflanz", "zahl", "hinaus", "gewichtsmeng", "angegeb", "aufheb", "strafausspruch", "fall", "betrifft", "sowohl", "zeitlich", "zasurwirk", "entfalt", "urteil", "lieg", "fuhrt", "aufheb", "beid", "gesamtstraf"], "text": "2. In den F\u00e4llen 1-6, 8-11, 16, 17, 20 und 21 der Anklageschrift der Staatsanwaltschaft Aachen vom 1. Dezember 2009 h\u00e4lt der Strafausspruch rechtlicher \u00dcberpr\u00fcfung nicht stand. Insoweit fehlt es an Feststellungen zum Wirkstoffgehalt des geernteten Marihuanas, so dass sich der Schuldumfang als Grundlage und bestimmender Umstand f\u00fcr die Strafzumessung im Sinne von \u00a7 267 Abs. 3 Satz 1 StPO nicht zuverl\u00e4ssig beurteilen l\u00e4sst. Entgegen der Auffassung des Generalbundesanwalts kann der Schuldumfang nicht aus einem R\u00fcckschluss aus den festgestellten Wirkstoffgehalten der letzten sichergestellten Pflanzungen der jeweiligen Plantagen ermittelt werden. Ein derartiger Vergleich w\u00fcrde - wie dies etwa im Fall 14 geschehen, in den genannten F\u00e4llen aber unterblieben ist - voraussetzen, dass bei den sichergestellten Pflanzen \u00fcber deren Zahl hinaus auch die Gewichtsmenge angegeben ist. Da die Aufhebung der Strafausspr\u00fcche F\u00e4lle betrifft, die sowohl zeitlich vor als auch nach den Z\u00e4surwirkungen entfaltenden Urteilen liegen, f\u00fchrt dies zur Aufhebung beider Gesamtstrafen."}, {"num": "4", "textProcessed": ["ubrig", "weist", "senat", "darauf", "dass", "bemess", "gesamtfreiheitsstraf", "verhaltnis", "zueinand", "hand", "urteilsgrund", "insbesond", "verhangt", "einzelstraf", "ua", "schwer", "nachzuvollzieh"], "text": "Im \u00dcbrigen weist der Senat darauf hin, dass die Bemessung der Gesamtfreiheitsstrafen in ihrem Verh\u00e4ltnis zueinander an Hand der Urteilsgr\u00fcnde, insbesondere der verh\u00e4ngten Einzelstrafen (UA 15R), nur schwer nachzuvollziehen ist."}, {"num": "5", "textProcessed": ["schuldspruch", "abs", "nr", "btmg", "bleibt", "dargelegt", "rechtsfehl", "unberuhrt", "angesicht", "urteilsgrund", "mitgeteilt", "erntemeng", "senat", "ausschliess", "dass", "betreff", "fall", "grenzwert", "gering", "meng", "unterschritt"], "text": "Der Schuldspruch nach \u00a7 29a Abs. 1 Nr. 2 BtMG bleibt von dem dargelegten Rechtsfehler unber\u00fchrt. Angesichts der in den Urteilsgr\u00fcnden mitgeteilten Erntemengen kann der Senat ausschlie\u00dfen, dass in den betreffenden F\u00e4llen der Grenzwert zur nicht geringen Menge unterschritten ist."}, {"num": "6", "textProcessed": ["anordn", "unterbring", "angeklagt", "entziehungsanstalt", "bestand", "begrund", "landgericht", "massregel", "erschopft", "schlicht", "bezugnahm", "sachverstand", "eigenstand", "wurdig", "wiedergab", "gesetzeswortlaut", "ua", "genugt", "gegeb", "umstand", "anforder", "urteilsgrund", "abs", "satz", "stpo", "senat", "vermag", "hand", "rudimentar", "ausfuhr", "urteil", "uberpruf", "landgericht", "voraussetz", "stgb", "rechtsfehlerfrei", "bejaht", "rucksicht", "tatbeitrag", "angeklagt", "feststell", "zumind", "betrieb", "hanfplantag", "kopf", "unternehm", "fungiert", "ua", "sowi", "zahlreich", "vorstraf", "drogenkarri", "angeklagt", "gerad", "entnehm", "lasst", "verstand", "annahm", "hang", "symptomat", "zusammenhang", "etwaig", "hang", "begang", "straftat", "sowi", "positiv", "gefahrprognos", "sinn", "stgb"], "text": "3. Auch die Anordnung der Unterbringung des Angeklagten in einer Entziehungsanstalt hat keinen Bestand. Die Begr\u00fcndung des Landgerichts f\u00fcr die Ma\u00dfregel ersch\u00f6pft sich unter schlichter Bezugnahme auf den Sachverst\u00e4ndigen ohne eigenst\u00e4ndige W\u00fcrdigung in einer Wiedergabe des Gesetzeswortlauts (UA 16). Dies gen\u00fcgt unter den gegebenen Umst\u00e4nden nicht den Anforderungen an die Urteilsgr\u00fcnde nach \u00a7 267 Abs. 6 Satz 1 StPO. Der Senat vermag an Hand der rudiment\u00e4ren Ausf\u00fchrungen des Urteils nicht zu \u00fcberpr\u00fcfen, ob das Landgericht die Voraussetzungen des \u00a7 64 StGB rechtsfehlerfrei bejaht hat. Mit R\u00fccksicht auf die Tatbeitr\u00e4ge des Angeklagten, der nach den Feststellungen zumindest bei einigen der betriebenen Hanfplantagen als \"Kopf der Unternehmung\" fungierte (UA 15), sowie auf seine - zahlreichen - Vorstrafen, denen sich eine \"Drogenkarriere\" des Angeklagten gerade nicht entnehmen l\u00e4sst, verstanden sich die Annahme eines Hanges, des symptomatischen Zusammenhangs eines etwaigen Hangs mit den begangenen Straftaten sowie einer positiven Gefahrprognose im Sinne des \u00a7 64 StGB auch nicht von selbst."}, {"num": "7", "textProcessed": ["zutreff", "weist", "generalbundesanwalt", "schliesslich", "darauf", "dass", "strafkamm", "anordn", "vorwegvollzug", "jeweil", "jahr", "funf", "monat", "bezug", "beid", "gesamtfreiheitsstraf", "rechtsfehlerhaft", "davon", "abgeseh", "voraussicht", "dau", "unterbring", "bestimmt", "festzusetz", "zasurwirk", "vorverurteil", "zwei", "gesamtstraf", "gebildet", "vorschrift", "reihenfolg", "vollstreck", "stgb", "beid", "straf", "anzuw", "dass", "sollvorschrift", "abs", "satz", "stgb", "beid", "straf", "getrennt", "einheit", "gilt", "vgl", "bgh", "beschl", "januar", "str", "berechn", "vorwegvollzug", "abs", "satz", "stgb", "somit", "summ", "beid", "gesamtstraf", "halft", "hiervon", "auszugeh"], "text": "Zutreffend weist der Generalbundesanwalt schlie\u00dflich darauf hin, dass die Strafkammer mit der Anordnung des Vorwegvollzugs \"von jeweils einem Jahr und f\u00fcnf Monaten bez\u00fcglich beider Gesamtfreiheitsstrafen\" rechtsfehlerhaft davon abgesehen hat, die voraussichtliche Dauer der Unterbringung bestimmt festzusetzen. Auch wenn wie hier wegen der Z\u00e4surwirkung einer Vorverurteilung zwei Gesamtstrafen gebildet werden m\u00fcssen, ist die Vorschrift \u00fcber die Reihenfolge der Vollstreckung (\u00a7 67 StGB) auf beide Strafen anzuwenden, so dass auch die Sollvorschrift des \u00a7 67 Abs. 2 Satz 2 StGB f\u00fcr beide Strafen nicht getrennt, sondern einheitlich gilt (vgl. BGH, Beschl. v. 19. Januar 2010 - 3 StR 499/09). Bei der Berechnung des Vorwegvollzugs nach \u00a7 67 Abs. 2 Satz 2 StGB ist somit von der Summe beider Gesamtstrafen und der H\u00e4lfte hiervon auszugehen."}], "norm": ["\u00a7 55 StGB", "\u00a7 64 StGB", "\u00a7 67 S 2 StGB", "\u00a7 67 S 3 StGB"], "doktyp": "Beschluss", "regionLong": "Bundesrepublik Deutschland", "sonstlt": "", "gruendeProcessed": ["landgericht", "angeklagt", "unerlaubt", "handeltreib", "betaubungsmitteln", "gering", "meng", "fall", "einbezieh", "freiheitsstraf", "urteil", "amtsgericht", "julich", "sowi", "geldstraf", "urteil", "amtsgericht", "wiesbad", "gesamtfreiheitsstraf", "zwei", "jahr", "zehn", "monat", "verurteilt", "ausserd", "weit", "gesamtfreiheitsstraf", "vier", "jahr", "zehn", "monat", "unerlaubt", "handeltreib", "betaubungsmitteln", "gering", "meng", "sech", "fall", "sowi", "versuch", "beteil", "verbrech", "verhangt", "unterbring", "angeklagt", "entziehungsanstalt", "sowi", "vorwegvollzug", "jeweil", "jahr", "funf", "monat", "bezug", "beid", "gesamtfreiheitsstraf", "angeordnet", "hiergeg", "gerichtet", "revision", "angeklagt", "sachrug", "beschlusstenor", "ersicht", "erfolg", "ubrig", "unbegrundet", "sinn", "abs", "stpo", "antrag", "angeklagt", "wiedereinsetz", "vorig", "stand", "verwerf", "angeklagt", "revisionsbegrundungsfrist", "versaumt", "erheb", "allgemein", "sachrug", "schriftsatz", "januar", "gewahrt", "verfahrensrug", "ablauf", "revisionsbegrundungsfrist", "erhob", "ubrig", "lieg", "voraussetz", "wiedereinsetz", "nachhol", "verfahrensrug", "grund", "antragsschrift", "generalbundesanwalt", "fall", "anklageschrift", "staatsanwaltschaft", "aach", "dezemb", "halt", "strafausspruch", "rechtlich", "uberpruf", "stand", "insoweit", "fehlt", "feststell", "wirkstoffgehalt", "geerntet", "marihuanas", "dass", "schuldumfang", "grundlag", "bestimm", "umstand", "strafzumess", "sinn", "abs", "satz", "stpo", "zuverlass", "beurteil", "lasst", "entgeg", "auffass", "generalbundesanwalt", "schuldumfang", "ruckschluss", "festgestellt", "wirkstoffgehalt", "letzt", "sichergestellt", "pflanzung", "jeweil", "plantag", "ermittelt", "derart", "vergleich", "etwa", "fall", "gescheh", "genannt", "fall", "unterblieb", "voraussetz", "dass", "sichergestellt", "pflanz", "zahl", "hinaus", "gewichtsmeng", "angegeb", "aufheb", "strafausspruch", "fall", "betrifft", "sowohl", "zeitlich", "zasurwirk", "entfalt", "urteil", "lieg", "fuhrt", "aufheb", "beid", "gesamtstraf", "ubrig", "weist", "senat", "darauf", "dass", "bemess", "gesamtfreiheitsstraf", "verhaltnis", "zueinand", "hand", "urteilsgrund", "insbesond", "verhangt", "einzelstraf", "ua", "schwer", "nachzuvollzieh", "schuldspruch", "abs", "nr", "btmg", "bleibt", "dargelegt", "rechtsfehl", "unberuhrt", "angesicht", "urteilsgrund", "mitgeteilt", "erntemeng", "senat", "ausschliess", "dass", "betreff", "fall", "grenzwert", "gering", "meng", "unterschritt", "anordn", "unterbring", "angeklagt", "entziehungsanstalt", "bestand", "begrund", "landgericht", "massregel", "erschopft", "schlicht", "bezugnahm", "sachverstand", "eigenstand", "wurdig", "wiedergab", "gesetzeswortlaut", "ua", "genugt", "gegeb", "umstand", "anforder", "urteilsgrund", "abs", "satz", "stpo", "senat", "vermag", "hand", "rudimentar", "ausfuhr", "urteil", "uberpruf", "landgericht", "voraussetz", "stgb", "rechtsfehlerfrei", "bejaht", "rucksicht", "tatbeitrag", "angeklagt", "feststell", "zumind", "betrieb", "hanfplantag", "kopf", "unternehm", "fungiert", "ua", "sowi", "zahlreich", "vorstraf", "drogenkarri", "angeklagt", "gerad", "entnehm", "lasst", "verstand", "annahm", "hang", "symptomat", "zusammenhang", "etwaig", "hang", "begang", "straftat", "sowi", "positiv", "gefahrprognos", "sinn", "stgb", "zutreff", "weist", "generalbundesanwalt", "schliesslich", "darauf", "dass", "strafkamm", "anordn", "vorwegvollzug", "jeweil", "jahr", "funf", "monat", "bezug", "beid", "gesamtfreiheitsstraf", "rechtsfehlerhaft", "davon", "abgeseh", "voraussicht", "dau", "unterbring", "bestimmt", "festzusetz", "zasurwirk", "vorverurteil", "zwei", "gesamtstraf", "gebildet", "vorschrift", "reihenfolg", "vollstreck", "stgb", "beid", "straf", "anzuw", "dass", "sollvorschrift", "abs", "satz", "stgb", "beid", "straf", "getrennt", "einheit", "gilt", "vgl", "bgh", "beschl", "januar", "str", "berechn", "vorwegvollzug", "abs", "satz", "stgb", "somit", "summ", "beid", "gesamtstraf", "halft", "hiervon", "auszugeh", "rissing", "van", "saan", "schmitt", "krehl", "eschelbach", "ott"], "mitwirkung": "", "aktenzeichen": "2 StR 182/10", "language": "deutsch", "gertyp": "BGH", "leitsatz": "", "gruende": "\n      <div>\n         <dl class=\"RspDL\">\n            <dt>\n               <a name=\"rd_1\">1</a>\n            </dt>\n            <dd>\n               <p>Das Landgericht hat den Angeklagten wegen unerlaubten Handeltreibens mit Bet\u00e4ubungsmitteln in nicht geringer Menge in 11 F\u00e4llen unter Einbeziehung der Freiheitsstrafe aus einem Urteil des Amtsgerichts J\u00fclich sowie von Geldstrafen aus einem Urteil des Amtsgerichts Wiesbaden zu einer Gesamtfreiheitsstrafe von zwei Jahren und zehn Monaten verurteilt. Au\u00dferdem hat es eine weitere Gesamtfreiheitsstrafe von vier Jahren und zehn Monaten wegen unerlaubten Handeltreibens mit Bet\u00e4ubungsmitteln in nicht geringer Menge in sechs F\u00e4llen sowie wegen Versuchs der Beteiligung an einem Verbrechen verh\u00e4ngt, die Unterbringung des Angeklagten in einer Entziehungsanstalt sowie den \"Vorwegvollzug von jeweils einem Jahr und f\u00fcnf Monaten bez\u00fcglich beider Gesamtfreiheitsstrafen\" angeordnet. Die hiergegen gerichtete Revision des Angeklagten hat mit der Sachr\u00fcge den aus dem Beschlusstenor ersichtlichen Erfolg. Im \u00dcbrigen ist sie unbegr\u00fcndet im Sinne von \u00a7 349 Abs. 2 StPO.</p>\n            </dd>\n         </dl>\n         <dl class=\"RspDL\">\n            <dt>\n               <a name=\"rd_2\">2</a>\n            </dt>\n            <dd>\n               <p>1. Der Antrag des Angeklagten auf Wiedereinsetzung in den vorigen Stand war zu verwerfen. Der Angeklagte hat die Revisionsbegr\u00fcndungsfrist nicht vers\u00e4umt, sondern durch Erheben der allgemeinen Sachr\u00fcge mit Schriftsatz vom 5. Januar 2010 gewahrt. Verfahrensr\u00fcgen hat er auch nach Ablauf der Revisionsbegr\u00fcndungsfrist nicht erhoben. Im \u00dcbrigen liegen die Voraussetzungen f\u00fcr eine Wiedereinsetzung zur Nachholung von Verfahrensr\u00fcgen aus den Gr\u00fcnden der Antragsschrift des Generalbundesanwalts nicht vor.</p>\n            </dd>\n         </dl>\n         <dl class=\"RspDL\">\n            <dt>\n               <a name=\"rd_3\">3</a>\n            </dt>\n            <dd>\n               <p>2. In den F\u00e4llen 1-6, 8-11, 16, 17, 20 und 21 der Anklageschrift der Staatsanwaltschaft Aachen vom 1. Dezember 2009 h\u00e4lt der Strafausspruch rechtlicher \u00dcberpr\u00fcfung nicht stand. Insoweit fehlt es an Feststellungen zum Wirkstoffgehalt des geernteten Marihuanas, so dass sich der Schuldumfang als Grundlage und bestimmender Umstand f\u00fcr die Strafzumessung im Sinne von \u00a7 267 Abs. 3 Satz 1 StPO nicht zuverl\u00e4ssig beurteilen l\u00e4sst. Entgegen der Auffassung des Generalbundesanwalts kann der Schuldumfang nicht aus einem R\u00fcckschluss aus den festgestellten Wirkstoffgehalten der letzten sichergestellten Pflanzungen der jeweiligen Plantagen ermittelt werden. Ein derartiger Vergleich w\u00fcrde - wie dies etwa im Fall 14 geschehen, in den genannten F\u00e4llen aber unterblieben ist - voraussetzen, dass bei den sichergestellten Pflanzen \u00fcber deren Zahl hinaus auch die Gewichtsmenge angegeben ist. Da die Aufhebung der Strafausspr\u00fcche F\u00e4lle betrifft, die sowohl zeitlich vor als auch nach den Z\u00e4surwirkungen entfaltenden Urteilen liegen, f\u00fchrt dies zur Aufhebung beider Gesamtstrafen.</p>\n            </dd>\n         </dl>\n         <dl class=\"RspDL\">\n            <dt>\n               <a name=\"rd_4\">4</a>\n            </dt>\n            <dd>\n               <p>Im \u00dcbrigen weist der Senat darauf hin, dass die Bemessung der Gesamtfreiheitsstrafen in ihrem Verh\u00e4ltnis zueinander an Hand der Urteilsgr\u00fcnde, insbesondere der verh\u00e4ngten Einzelstrafen (UA 15R), nur schwer nachzuvollziehen ist.</p>\n            </dd>\n         </dl>\n         <dl class=\"RspDL\">\n            <dt>\n               <a name=\"rd_5\">5</a>\n            </dt>\n            <dd>\n               <p>Der Schuldspruch nach \u00a7 29a Abs. 1 Nr. 2 BtMG bleibt von dem dargelegten Rechtsfehler unber\u00fchrt. Angesichts der in den Urteilsgr\u00fcnden mitgeteilten Erntemengen kann der Senat ausschlie\u00dfen, dass in den betreffenden F\u00e4llen der Grenzwert zur nicht geringen Menge unterschritten ist.</p>\n            </dd>\n         </dl>\n         <dl class=\"RspDL\">\n            <dt>\n               <a name=\"rd_6\">6</a>\n            </dt>\n            <dd>\n               <p>3. Auch die Anordnung der Unterbringung des Angeklagten in einer Entziehungsanstalt hat keinen Bestand. Die Begr\u00fcndung des Landgerichts f\u00fcr die Ma\u00dfregel ersch\u00f6pft sich unter schlichter Bezugnahme auf den Sachverst\u00e4ndigen ohne eigenst\u00e4ndige W\u00fcrdigung in einer Wiedergabe des Gesetzeswortlauts (UA 16). Dies gen\u00fcgt unter den gegebenen Umst\u00e4nden nicht den Anforderungen an die Urteilsgr\u00fcnde nach \u00a7 267 Abs. 6 Satz 1 StPO. Der Senat vermag an Hand der rudiment\u00e4ren Ausf\u00fchrungen des Urteils nicht zu \u00fcberpr\u00fcfen, ob das Landgericht die Voraussetzungen des \u00a7 64 StGB rechtsfehlerfrei bejaht hat. Mit R\u00fccksicht auf die Tatbeitr\u00e4ge des Angeklagten, der nach den Feststellungen zumindest bei einigen der betriebenen Hanfplantagen als \"Kopf der Unternehmung\" fungierte (UA 15), sowie auf seine - zahlreichen - Vorstrafen, denen sich eine \"Drogenkarriere\" des Angeklagten gerade nicht entnehmen l\u00e4sst, verstanden sich die Annahme eines Hanges, des symptomatischen Zusammenhangs eines etwaigen Hangs mit den begangenen Straftaten sowie einer positiven Gefahrprognose im Sinne des \u00a7 64 StGB auch nicht von selbst.</p>\n            </dd>\n         </dl>\n         <dl class=\"RspDL\">\n            <dt>\n               <a name=\"rd_7\">7</a>\n            </dt>\n            <dd>\n               <p>Zutreffend weist der Generalbundesanwalt schlie\u00dflich darauf hin, dass die Strafkammer mit der Anordnung des Vorwegvollzugs \"von jeweils einem Jahr und f\u00fcnf Monaten bez\u00fcglich beider Gesamtfreiheitsstrafen\" rechtsfehlerhaft davon abgesehen hat, die voraussichtliche Dauer der Unterbringung bestimmt festzusetzen. Auch wenn wie hier wegen der Z\u00e4surwirkung einer Vorverurteilung zwei Gesamtstrafen gebildet werden m\u00fcssen, ist die Vorschrift \u00fcber die Reihenfolge der Vollstreckung (\u00a7 67 StGB) auf beide Strafen anzuwenden, so dass auch die Sollvorschrift des \u00a7 67 Abs. 2 Satz 2 StGB f\u00fcr beide Strafen nicht getrennt, sondern einheitlich gilt (vgl. BGH, Beschl. v. 19. Januar 2010 - 3 StR 499/09). Bei der Berechnung des Vorwegvollzugs nach \u00a7 67 Abs. 2 Satz 2 StGB ist somit von der Summe beider Gesamtstrafen und der H\u00e4lfte hiervon auszugehen.</p>\n            </dd>\n         </dl>\n         <dl class=\"RspDL\">\n            <dt/>\n            <dd>\n               <p/>\n            </dd>\n         </dl>\n         <dl class=\"RspDL\">\n            <dt/>\n            <dd>\n               <p>Rissing-van Saan\u00a0\u00a0\u00a0\u00a0\u00a0\u00a0\u00a0\u00a0\u00a0\u00a0\u00a0\u00a0\u00a0\u00a0\u00a0\u00a0\u00a0\u00a0\u00a0\u00a0\u00a0\u00a0\u00a0\u00a0\u00a0\u00a0Schmitt\u00a0\u00a0\u00a0\u00a0\u00a0\u00a0\u00a0\u00a0\u00a0\u00a0\u00a0\u00a0\u00a0\u00a0\u00a0\u00a0\u00a0\u00a0\u00a0\u00a0\u00a0\u00a0\u00a0\u00a0\u00a0\u00a0Krehl</p>\n            </dd>\n         </dl>\n         <dl class=\"RspDL\">\n            <dt/>\n            <dd>\n               <p>\u00a0\u00a0\u00a0\u00a0\u00a0\u00a0\u00a0\u00a0\u00a0\u00a0\u00a0\u00a0\u00a0\u00a0\u00a0\u00a0\u00a0\u00a0\u00a0\u00a0\u00a0\u00a0\u00a0\u00a0\u00a0\u00a0\u00a0\u00a0Eschelbach\u00a0\u00a0\u00a0\u00a0\u00a0\u00a0\u00a0\u00a0\u00a0\u00a0\u00a0\u00a0\u00a0\u00a0\u00a0\u00a0\u00a0\u00a0\u00a0\u00a0\u00a0\u00a0\u00a0\u00a0\u00a0\u00a0\u00a0Ott</p>\n            </dd>\n         </dl>\n         <dl class=\"RspDL\">\n            <dt/>\n            <dd>\n               <p/>\n            </dd>\n         </dl>\n      </div>\n   ", "accessRights": "public", "gerort": "", "entschDatum": "20100707", "coverage": "Deutschland", "titel": "\n      <dl class=\"RspDL\">\n         <dt/>\n         <dd>\n            <p>Reihenfolge der Vollstreckung: Berechnung des Vorwegvollzugs der Strafe vor der Ma\u00dfregel bei Verh\u00e4ngung mehrerer Strafen</p>\n         </dd>\n      </dl>\n   ", "ecli": "", "identifier": "http://www.rechtsprechung-im-internet.de/jportal/?quelle=jlink&docid=JURE100068641&psml=bsjrsprod.psml&max=true", "spruchkoerper": "2. Strafsenat", "vorinstanz": "vorgehend LG Aachen, 1. Dezember 2009, Az: 68 KLs 29/09 - 804 Js 48/09, Urteil\n   ", "doknr": "JURE100068641", "abweichendeMeinung": "", "tenor": "\n      <div>\n         <dl class=\"RspDL\">\n            <dt/>\n            <dd>\n               <p>1. Der Antrag des Angeklagten auf Wiedereinsetzung in den vorigen Stand wird verworfen.</p>\n            </dd>\n         </dl>\n         <dl class=\"RspDL\">\n            <dt/>\n            <dd>\n               <p>2. Auf die Revision des Angeklagten wird das Urteil des Landgerichts Aachen vom 1. Dezember 2009 mit den Feststellungen aufgehoben</p>\n            </dd>\n         </dl>\n         <dl class=\"RspDL\">\n            <dt/>\n            <dd>\n               <p style=\"margin-left:18pt\">a) im Strafausspruch in den F\u00e4llen 1-6, 8-11, 16, 17, 20 und 21 der Anklageschrift der Staatsanwaltschaft Aachen vom 22. Oktober 2009 (Az.: 804 Js 48/09),</p>\n            </dd>\n         </dl>\n         <dl class=\"RspDL\">\n            <dt/>\n            <dd>\n               <p style=\"margin-left:18pt\">b) in den Gesamtstrafenausspr\u00fcchen</p>\n            </dd>\n         </dl>\n         <dl class=\"RspDL\">\n            <dt/>\n            <dd>\n               <p style=\"margin-left:18pt\">c) und im Ausspruch \u00fcber die Ma\u00dfregel.</p>\n            </dd>\n         </dl>\n         <dl class=\"RspDL\">\n            <dt/>\n            <dd>\n               <p>3. Im Umfang der Aufhebung wird die Sache zu neuer Verhandlung und Entscheidung, auch \u00fcber die Kosten des Rechtsmittels, an eine andere Strafkammer des Landgerichts Aachen zur\u00fcckverwiesen.</p>\n            </dd>\n         </dl>\n         <dl class=\"RspDL\">\n            <dt/>\n            <dd>\n               <p>4. Die weitergehende Revision wird verworfen.</p>\n            </dd>\n         </dl>\n         <dl class=\"RspDL\">\n            <dt/>\n            <dd>\n               <p/>\n            </dd>\n         </dl>\n      </div>\n   ", "regionAbk": "DEU"}