{"publisher": "BMJV", "tatbestand": "", "absaetze": [{"num": "1", "textProcessed": ["landgericht", "angeklagt", "gefahr", "korperverletz", "gemass", "abs", "nr", "stgb", "freiheitsstraf", "vier", "jahr", "verurteilt", "nebenklag", "verfolgt", "sachrug", "gestutzt", "revision", "verurteil", "versucht", "totschlag", "rechtsmittel", "erfolg"], "text": "Das Landgericht hat den Angeklagten wegen gef\u00e4hrlicher K\u00f6rperverletzung gem\u00e4\u00df \u00a7 224 Abs. 1 Nr. 2 und 5 StGB zu einer Freiheitsstrafe von vier Jahren verurteilt. Der Nebenkl\u00e4ger verfolgt mit seiner auf die Sachr\u00fcge gest\u00fctzten Revision dessen Verurteilung wegen versuchten Totschlags. Das Rechtsmittel hat Erfolg."}, {"num": "2", "textProcessed": ["landgericht", "folgend", "feststell", "getroff"], "text": "Das Landgericht hat folgende Feststellungen getroffen:"}, {"num": "3", "textProcessed": ["angeklagt", "trainiert", "kampfsportl", "handelt", "zusamm", "landsleut", "jahr", "raum", "aach", "rauschgift", "kilobereich", "aufgrund", "revierstreit", "somm", "auseinandersetz", "grupp", "kosovar", "brud", "gekomm", "dabei", "wurd", "angeklagt", "zusammengeschlag", "fuhlt", "fortan", "gedemutigt", "ehr", "verletzt", "weshalb", "rach", "sann"], "text": "1. Der Angeklagte, ein trainierter Kampfsportler, handelte zusammen mit Landsleuten in den Jahren 2005/2006 im Raum Aachen mit Rauschgift im Kilobereich. Aufgrund von Revierstreitigkeiten war es im Sommer 2005 zu einer Auseinandersetzung mit einer Gruppe um die kosovarischen Br\u00fcder A.\u00a0gekommen. Dabei wurde der Angeklagte von S.\u00a0und L.\u00a0A.\u00a0zusammengeschlagen und f\u00fchlte sich fortan gedem\u00fctigt und in seiner Ehre verletzt, weshalb er auf Rache sann."}, {"num": "4", "textProcessed": ["marz", "uhr", "hielt", "angeklagt", "freund", "eingang", "aach", "kinos", "traf", "drei", "brud", "zufall", "gleich", "kino", "besuch", "wollt", "sofort", "sturzt", "schlug", "kurz", "wortwechsel", "gesicht", "ubrig", "anwes", "met", "abseit", "hielt", "trat", "brud", "seit", "entwickelt", "zunach", "verbal", "auseinandersetz", "gegenseit", "beschimpf", "sowi", "gerangel", "zeitpunkt", "hatt", "angeklagt", "weggeh", "weglauf", "provoziert", "gefahrensituation", "entzieh", "jedoch", "bevorsteh", "auseinandersetz", "geh", "mess", "gurtel", "schlag", "geeignet", "kett", "hand", "hielt", "angeklagt", "cm", "lang", "machet", "bewaffnet", "gunst", "angeklagt", "geht", "landgericht", "davon", "machet", "mitgefuhrt", "vorangegang", "gerangel", "entwendet", "schlug", "angeklagt", "kenntnis", "gefahr", "waff", "wuchtig", "verletz", "totungsabsicht", "passiv", "verhalt", "kontrahent", "dabei", "traf", "hand", "kopf", "scharf", "kling", "machet", "drang", "kopfhaut", "verursacht", "cm", "lang", "fleischwund", "schalt", "stuck", "knochern", "schadeldach", "ab", "trennt", "teil", "kopfschwart", "schadel", "genannt", "skalpier", "verletz", "angeklagt", "fluchtart", "tatort", "verliess", "begann", "geschadigt", "sofort", "stark", "blut", "notarzt", "erstversorg", "wurd", "stationar", "behandelt", "rechtzeit", "hilf", "moglicherweis", "verblutet", "geringfug", "verandert", "auftreffwinkel", "machet", "schadeldeck", "vollstand", "durchdrung", "lebenswicht", "gehirnfunktion", "beeintrachtigt", "word", "hand", "kopfverletz", "verheilt", "zuruckgeblieb", "stark", "narbenbild", "ober", "kopf", "haar", "mehr", "wachs", "sowi", "psychisch", "beeintracht", "stark", "angstgefuhl"], "text": "2. Am 12. M\u00e4rz 2009 gegen 23.30 Uhr hielt sich der Angeklagte mit Freunden vor dem Eingang eines Aachener Kinos auf. Dort traf er auf die drei Br\u00fcder S., B.\u00a0und D.\u00a0A., die zuf\u00e4llig das gleiche Kino besuchen wollten. Sofort st\u00fcrzte er sich auf S.\u00a0A.\u00a0und schlug diesem nach kurzem Wortwechsel ins Gesicht. W\u00e4hrend sich die \u00fcbrigen Anwesenden einige Meter abseits hielten, traten B.\u00a0und D.\u00a0ihrem Bruder zur Seite und es entwickelte sich zun\u00e4chst eine verbale Auseinandersetzung mit gegenseitigen Beschimpfungen sowie ein Gerangel. Zu diesem Zeitpunkt h\u00e4tte sich der Angeklagte durch Weggehen oder Weglaufen der von ihm provozierten Gefahrensituation entziehen k\u00f6nnen, er wollte jedoch der bevorstehenden Auseinandersetzung nicht aus dem Wege gehen. W\u00e4hrend S.\u00a0A.\u00a0ein Messer und D.\u00a0A.\u00a0einen G\u00fcrtel oder eine zum Schlagen geeignete Kette in H\u00e4nden hielten, war der Angeklagte mit einer 40-70 cm langen Machete bewaffnet. Zu Gunsten des Angeklagten geht das Landgericht davon aus, dieser habe die Machete nicht mitgef\u00fchrt, sondern w\u00e4hrend des vorangegangenen Gerangels B.\u00a0A.\u00a0entwendet. Nun schlug der Angeklagte in Kenntnis der Gef\u00e4hrlichkeit der Waffe wuchtig - mit Verletzungs- aber ohne T\u00f6tungsabsicht - auf seine sich jetzt passiv verhaltenden Kontrahenten ein. Dabei traf er D.\u00a0A.\u00a0an der Hand und am Kopf. Die scharfe Klinge der Machete drang in die Kopfhaut ein, verursachte eine 9 cm lange Fleischwunde, sch\u00e4lte ein St\u00fcck des kn\u00f6chernen Sch\u00e4deldachs ab und trennte einen Teil der Kopfschwarte vom Sch\u00e4del (so genannte Skalpierungs-Verletzung). W\u00e4hrend der Angeklagte fluchtartig den Tatort verlie\u00df, begann der Gesch\u00e4digte sofort stark zu bluten. Nach not\u00e4rztlicher Erstversorgung wurde er station\u00e4r behandelt. Ohne rechtzeitige Hilfe w\u00e4re er m\u00f6glicherweise verblutet, bei einem nur geringf\u00fcgig ver\u00e4nderten Auftreffwinkel der Machete w\u00e4re die Sch\u00e4deldecke vollst\u00e4ndig durchdrungen und lebenswichtige Gehirnfunktionen w\u00e4ren beeintr\u00e4chtigt worden. So aber sind Hand und Kopfverletzungen verheilt, zur\u00fcckgeblieben ist eine starke Narbenbildung am oberen Kopf, wo keine Haare mehr wachsen, sowie psychische Beeintr\u00e4chtigungen wie starke Angstgef\u00fchle."}, {"num": "5", "textProcessed": ["zumind", "bedingt", "totungsvorsatz", "angeklagt", "landgericht", "festzustell", "vermocht", "tot", "mensch", "uberwind", "hoh", "hemmschwell", "erford", "konn", "ausgeschloss", "dass", "angeklagt", "lebensgefahr", "verletz", "ausgegang", "sei", "tod", "kontrahent", "billig", "kauf", "genomm", "zumal", "dynam", "gescheh", "gehandelt", "zufall", "besitz", "machet", "gelangt"], "text": "3. Zumindest bedingten T\u00f6tungsvorsatz des Angeklagten hat das Landgericht nicht festzustellen vermocht. Weil das T\u00f6ten eines Menschen die \u00dcberwindung einer hohen Hemmschwelle erfordere, k\u00f6nne nicht ausgeschlossen werden, dass der Angeklagte nicht von lebensgef\u00e4hrlichen Verletzungen ausgegangen sei und den Tod seines Kontrahenten nicht billigend in Kauf genommen habe, zumal es sich um ein dynamisches Geschehen gehandelt habe und er zuf\u00e4llig in den Besitz der Machete gelangt war."}, {"num": "6", "textProcessed": ["erwag", "landgericht", "bedingt", "totungsvorsatz", "verneint", "halt", "revisionsrecht", "nachpruf", "stand"], "text": "Die Erw\u00e4gungen, mit denen das Landgericht bedingten T\u00f6tungsvorsatz verneint hat, halten revisionsrechtlicher Nachpr\u00fcfung nicht stand:"}, {"num": "7", "textProcessed": ["zunach", "frag", "bedingt", "vorsatz", "aussagekraft", "weis", "angeklagt", "auseinandersetz", "bewusst", "herbeigefuhrt", "besitz", "machet", "gelangt", "entscheid", "vielmehr", "vorstellungsbild", "kontrahent", "bewaffnet", "schlagwerkzeug", "wusst", "geeignet", "schwerst", "verletz", "verursach", "angriff"], "text": "Zun\u00e4chst ist es f\u00fcr die Frage bedingten Vorsatzes ohne Aussagekraft, auf welche Weise der Angeklagte, der die Auseinandersetzung bewusst herbeigef\u00fchrt hat, in den Besitz der Machete gelangt ist. Entscheidend ist vielmehr sein Vorstellungsbild, als er seinen Kontrahenten bewaffnet mit einem Schlagwerkzeug, das - wie er wusste - geeignet war, schwerste Verletzungen zu verursachen, angriff."}, {"num": "8", "textProcessed": ["soweit", "schwurgericht", "erhoht", "hemmschwell", "totungsdelikt", "verweist", "genugt", "bloss", "hinweis", "allein", "vernein", "zumind", "bedingt", "totungsvorsatz", "vielmehr", "stet", "berucksicht", "umstand", "einzelfall", "sorgfalt", "pruf", "tat", "gefahr", "handeln", "durchfuhrt", "obwohl", "moglich", "todlich", "verletz", "rechnet", "tod", "opf", "billig", "kauf", "nimmt", "ausserst", "gefahr", "gewalthandl", "nah", "lieg", "ausbleib", "todeserfolg", "glucklich", "zufall", "erschein", "bghr", "stgb", "abs", "vorsatz", "bedingt", "bgh", "nstz", "erford", "stet", "umfass", "wurdig", "objektiv", "subjektiv", "tatumstand", "namlich", "konkret", "tatsituation", "angriffsweis", "lag", "abwehrmog", "opf", "psychisch", "verfass", "tat", "motivation", "bghr", "stgb", "abs", "vorsatz", "bedingt", "fisch", "stgb", "aufl", "rn"], "text": "Soweit das Schwurgericht auf die erh\u00f6hte Hemmschwelle bei T\u00f6tungsdelikten verweist, gen\u00fcgt hier der blo\u00dfe Hinweis f\u00fcr sich allein nicht f\u00fcr eine Verneinung zumindest bedingten T\u00f6tungsvorsatzes. Vielmehr ist stets unter Ber\u00fccksichtigung aller Umst\u00e4nde des Einzelfalles sorgf\u00e4ltig zu pr\u00fcfen, ob ein T\u00e4ter, der sein gef\u00e4hrliches Handeln durchf\u00fchrt, obwohl er mit der M\u00f6glichkeit t\u00f6dlicher Verletzung rechnet, den Tod des Opfers billigend in Kauf nimmt. Dies wird bei \u00e4u\u00dferst gef\u00e4hrlichen Gewalthandlungen nahe liegen wenn - wie hier - das Ausbleiben des Todeserfolgs nur als gl\u00fccklicher Zufall erscheinen kann (BGHR StGB \u00a7 212 Abs. 1 Vorsatz, bedingter 3, 5, 33, 35 und 38; BGH NStZ 2007, 150 f). Erforderlich ist stets eine umfassende W\u00fcrdigung der objektiven und subjektiven Tatumst\u00e4nde, n\u00e4mlich der konkreten Tatsituation und Angriffsweise, Lage und Abwehrm\u00f6glichkeit des Opfers, der psychischen Verfassung des T\u00e4ters und seiner Motivation (BGHR StGB \u00a7 212 Abs. 1 Vorsatz bedingter 39; Fischer, StGB 57. Aufl. \u00a7 212 Rn. 7 m.w.N.)."}, {"num": "9", "textProcessed": ["anforder", "angefocht", "urteil", "gerecht", "fehl", "bereit", "ausfuhr", "vorstellungsbild", "gestand", "tatgescheh", "bereu", "ua", "angeklagt", "beginn", "angriff", "landgericht", "stellt", "ledig", "darauf", "ab", "dass", "dynam", "angeklagt", "mehr", "kontrollierbar", "gescheh", "gehandelt", "spricht", "jedoch", "vielmehr", "bedingt", "totungsvorsatz", "insbesond", "ersicht", "wieso", "angeklagt", "unkontrolliert", "voll", "wucht", "kopf", "opf", "gefuhrt", "schlag", "geringfug", "auftreffwinkel", "todlich", "ernsthaft", "ausbleib", "entsprech", "erfolg", "vertraut"], "text": "Diesen Anforderungen wird das angefochtene Urteil nicht gerecht. So fehlen bereits Ausf\u00fchrungen zum Vorstellungsbild des gest\u00e4ndigen, das Tatgeschehen aber nicht bereuenden (UA 26) Angeklagten bei Beginn seines Angriffs. Das Landgericht stellt lediglich darauf ab, dass es sich um ein dynamisches, von dem Angeklagten nicht mehr kontrollierbares Geschehen gehandelt habe. Dies spricht hier jedoch nicht gegen sondern vielmehr f\u00fcr einen bedingten T\u00f6tungsvorsatz. Insbesondere ist nicht ersichtlich, wieso der Angeklagte bei unkontrollierten, mit voller Wucht gegen den Kopf seines Opfers gef\u00fchrten Schl\u00e4gen, von denen jeder bei geringf\u00fcgig anderem Auftreffwinkel t\u00f6dlich gewesen w\u00e4re, ernsthaft auf das Ausbleiben eines entsprechenden Erfolgs vertraut haben sollte."}, {"num": "10", "textProcessed": ["neu", "tatricht", "prufung", "bedingt", "vorsatz", "angriff", "zugrund", "liegend", "motivlag", "angeklagt", "einzubezieh", "ehr", "gekrankt", "wut", "rachsucht", "auseinandersetz", "preis", "suchend", "angeklagt", "konkret", "situation", "moglich", "erkannt", "totung", "opf", "zumind", "gleichgult", "dass", "tod", "moglicherweis", "unerwunscht", "steht", "annahm", "bedingt", "vorsatz", "entgeg", "bghr", "stgb", "abs", "vorsatz", "bedingt"], "text": "Der neue Tatrichter wird bei der Pr\u00fcfung bedingten Vorsatzes auch die dem Angriff zugrunde liegende Motivlage des Angeklagten einzubeziehen haben. So k\u00f6nnte dem in seiner Ehre gekr\u00e4nkten, aus Wut- und Rachsucht die Auseinandersetzung um jeden Preis suchenden Angeklagten die in der konkreten Situation als m\u00f6glich erkannte T\u00f6tung seines Opfers zumindest gleichg\u00fcltig gewesen sein. Dass ihm dessen Tod m\u00f6glicherweise unerw\u00fcnscht war, steht der Annahme bedingten Vorsatzes nicht entgegen (BGHR StGB \u00a7 212 Abs. 1 Vorsatz, bedingter 42, 51)."}], "norm": ["\u00a7 15 StGB", "\u00a7 22 StGB", "\u00a7 23 StGB", "\u00a7 212 StGB", "\u00a7 224 StGB", "\u00a7 261 StPO", "\u00a7 267 StPO"], "doktyp": "Urteil", "regionLong": "Bundesrepublik Deutschland", "sonstlt": "", "gruendeProcessed": ["landgericht", "angeklagt", "gefahr", "korperverletz", "gemass", "abs", "nr", "stgb", "freiheitsstraf", "vier", "jahr", "verurteilt", "nebenklag", "verfolgt", "sachrug", "gestutzt", "revision", "verurteil", "versucht", "totschlag", "rechtsmittel", "erfolg", "landgericht", "folgend", "feststell", "getroff", "angeklagt", "trainiert", "kampfsportl", "handelt", "zusamm", "landsleut", "jahr", "raum", "aach", "rauschgift", "kilobereich", "aufgrund", "revierstreit", "somm", "auseinandersetz", "grupp", "kosovar", "brud", "gekomm", "dabei", "wurd", "angeklagt", "zusammengeschlag", "fuhlt", "fortan", "gedemutigt", "ehr", "verletzt", "weshalb", "rach", "sann", "marz", "uhr", "hielt", "angeklagt", "freund", "eingang", "aach", "kinos", "traf", "drei", "brud", "zufall", "gleich", "kino", "besuch", "wollt", "sofort", "sturzt", "schlug", "kurz", "wortwechsel", "gesicht", "ubrig", "anwes", "met", "abseit", "hielt", "trat", "brud", "seit", "entwickelt", "zunach", "verbal", "auseinandersetz", "gegenseit", "beschimpf", "sowi", "gerangel", "zeitpunkt", "hatt", "angeklagt", "weggeh", "weglauf", "provoziert", "gefahrensituation", "entzieh", "jedoch", "bevorsteh", "auseinandersetz", "geh", "mess", "gurtel", "schlag", "geeignet", "kett", "hand", "hielt", "angeklagt", "cm", "lang", "machet", "bewaffnet", "gunst", "angeklagt", "geht", "landgericht", "davon", "machet", "mitgefuhrt", "vorangegang", "gerangel", "entwendet", "schlug", "angeklagt", "kenntnis", "gefahr", "waff", "wuchtig", "verletz", "totungsabsicht", "passiv", "verhalt", "kontrahent", "dabei", "traf", "hand", "kopf", "scharf", "kling", "machet", "drang", "kopfhaut", "verursacht", "cm", "lang", "fleischwund", "schalt", "stuck", "knochern", "schadeldach", "ab", "trennt", "teil", "kopfschwart", "schadel", "genannt", "skalpier", "verletz", "angeklagt", "fluchtart", "tatort", "verliess", "begann", "geschadigt", "sofort", "stark", "blut", "notarzt", "erstversorg", "wurd", "stationar", "behandelt", "rechtzeit", "hilf", "moglicherweis", "verblutet", "geringfug", "verandert", "auftreffwinkel", "machet", "schadeldeck", "vollstand", "durchdrung", "lebenswicht", "gehirnfunktion", "beeintrachtigt", "word", "hand", "kopfverletz", "verheilt", "zuruckgeblieb", "stark", "narbenbild", "ober", "kopf", "haar", "mehr", "wachs", "sowi", "psychisch", "beeintracht", "stark", "angstgefuhl", "zumind", "bedingt", "totungsvorsatz", "angeklagt", "landgericht", "festzustell", "vermocht", "tot", "mensch", "uberwind", "hoh", "hemmschwell", "erford", "konn", "ausgeschloss", "dass", "angeklagt", "lebensgefahr", "verletz", "ausgegang", "sei", "tod", "kontrahent", "billig", "kauf", "genomm", "zumal", "dynam", "gescheh", "gehandelt", "zufall", "besitz", "machet", "gelangt", "ii", "erwag", "landgericht", "bedingt", "totungsvorsatz", "verneint", "halt", "revisionsrecht", "nachpruf", "stand", "zunach", "frag", "bedingt", "vorsatz", "aussagekraft", "weis", "angeklagt", "auseinandersetz", "bewusst", "herbeigefuhrt", "besitz", "machet", "gelangt", "entscheid", "vielmehr", "vorstellungsbild", "kontrahent", "bewaffnet", "schlagwerkzeug", "wusst", "geeignet", "schwerst", "verletz", "verursach", "angriff", "soweit", "schwurgericht", "erhoht", "hemmschwell", "totungsdelikt", "verweist", "genugt", "bloss", "hinweis", "allein", "vernein", "zumind", "bedingt", "totungsvorsatz", "vielmehr", "stet", "berucksicht", "umstand", "einzelfall", "sorgfalt", "pruf", "tat", "gefahr", "handeln", "durchfuhrt", "obwohl", "moglich", "todlich", "verletz", "rechnet", "tod", "opf", "billig", "kauf", "nimmt", "ausserst", "gefahr", "gewalthandl", "nah", "lieg", "ausbleib", "todeserfolg", "glucklich", "zufall", "erschein", "bghr", "stgb", "abs", "vorsatz", "bedingt", "bgh", "nstz", "erford", "stet", "umfass", "wurdig", "objektiv", "subjektiv", "tatumstand", "namlich", "konkret", "tatsituation", "angriffsweis", "lag", "abwehrmog", "opf", "psychisch", "verfass", "tat", "motivation", "bghr", "stgb", "abs", "vorsatz", "bedingt", "fisch", "stgb", "aufl", "rn", "anforder", "angefocht", "urteil", "gerecht", "fehl", "bereit", "ausfuhr", "vorstellungsbild", "gestand", "tatgescheh", "bereu", "ua", "angeklagt", "beginn", "angriff", "landgericht", "stellt", "ledig", "darauf", "ab", "dass", "dynam", "angeklagt", "mehr", "kontrollierbar", "gescheh", "gehandelt", "spricht", "jedoch", "vielmehr", "bedingt", "totungsvorsatz", "insbesond", "ersicht", "wieso", "angeklagt", "unkontrolliert", "voll", "wucht", "kopf", "opf", "gefuhrt", "schlag", "geringfug", "auftreffwinkel", "todlich", "ernsthaft", "ausbleib", "entsprech", "erfolg", "vertraut", "neu", "tatricht", "prufung", "bedingt", "vorsatz", "angriff", "zugrund", "liegend", "motivlag", "angeklagt", "einzubezieh", "ehr", "gekrankt", "wut", "rachsucht", "auseinandersetz", "preis", "suchend", "angeklagt", "konkret", "situation", "moglich", "erkannt", "totung", "opf", "zumind", "gleichgult", "dass", "tod", "moglicherweis", "unerwunscht", "steht", "annahm", "bedingt", "vorsatz", "entgeg", "bghr", "stgb", "abs", "vorsatz", "bedingt", "rissing", "van", "saan", "appl", "schmitt", "eschelbach", "ott"], "mitwirkung": "", "aktenzeichen": "2 StR 531/10", "language": "deutsch", "gertyp": "BGH", "leitsatz": "", "gruende": "\n      <div>\n         <dl class=\"RspDL\">\n            <dt>\n               <a name=\"rd_1\">1</a>\n            </dt>\n            <dd>\n               <p>Das Landgericht hat den Angeklagten wegen gef\u00e4hrlicher K\u00f6rperverletzung gem\u00e4\u00df \u00a7 224 Abs. 1 Nr. 2 und 5 StGB zu einer Freiheitsstrafe von vier Jahren verurteilt. Der Nebenkl\u00e4ger verfolgt mit seiner auf die Sachr\u00fcge gest\u00fctzten Revision dessen Verurteilung wegen versuchten Totschlags. Das Rechtsmittel hat Erfolg.</p>\n            </dd>\n         </dl>\n         <dl class=\"RspDL\">\n            <dt/>\n            <dd>\n               <p/>\n            </dd>\n         </dl>\n         <dl class=\"RspDL\">\n            <dt/>\n            <dd>\n               <p>I.</p>\n            </dd>\n         </dl>\n         <dl class=\"RspDL\">\n            <dt/>\n            <dd>\n               <p/>\n            </dd>\n         </dl>\n         <dl class=\"RspDL\">\n            <dt>\n               <a name=\"rd_2\">2</a>\n            </dt>\n            <dd>\n               <p>Das Landgericht hat folgende Feststellungen getroffen:</p>\n            </dd>\n         </dl>\n         <dl class=\"RspDL\">\n            <dt/>\n            <dd>\n               <p/>\n            </dd>\n         </dl>\n         <dl class=\"RspDL\">\n            <dt>\n               <a name=\"rd_3\">3</a>\n            </dt>\n            <dd>\n               <p>1. Der Angeklagte, ein trainierter Kampfsportler, handelte zusammen mit Landsleuten in den Jahren 2005/2006 im Raum Aachen mit Rauschgift im Kilobereich. Aufgrund von Revierstreitigkeiten war es im Sommer 2005 zu einer Auseinandersetzung mit einer Gruppe um die kosovarischen Br\u00fcder A.\u00a0gekommen. Dabei wurde der Angeklagte von S.\u00a0und L.\u00a0A.\u00a0zusammengeschlagen und f\u00fchlte sich fortan gedem\u00fctigt und in seiner Ehre verletzt, weshalb er auf Rache sann.</p>\n            </dd>\n         </dl>\n         <dl class=\"RspDL\">\n            <dt/>\n            <dd>\n               <p/>\n            </dd>\n         </dl>\n         <dl class=\"RspDL\">\n            <dt>\n               <a name=\"rd_4\">4</a>\n            </dt>\n            <dd>\n               <p>2. Am 12. M\u00e4rz 2009 gegen 23.30 Uhr hielt sich der Angeklagte mit Freunden vor dem Eingang eines Aachener Kinos auf. Dort traf er auf die drei Br\u00fcder S., B.\u00a0und D.\u00a0A., die zuf\u00e4llig das gleiche Kino besuchen wollten. Sofort st\u00fcrzte er sich auf S.\u00a0A.\u00a0und schlug diesem nach kurzem Wortwechsel ins Gesicht. W\u00e4hrend sich die \u00fcbrigen Anwesenden einige Meter abseits hielten, traten B.\u00a0und D.\u00a0ihrem Bruder zur Seite und es entwickelte sich zun\u00e4chst eine verbale Auseinandersetzung mit gegenseitigen Beschimpfungen sowie ein Gerangel. Zu diesem Zeitpunkt h\u00e4tte sich der Angeklagte durch Weggehen oder Weglaufen der von ihm provozierten Gefahrensituation entziehen k\u00f6nnen, er wollte jedoch der bevorstehenden Auseinandersetzung nicht aus dem Wege gehen. W\u00e4hrend S.\u00a0A.\u00a0ein Messer und D.\u00a0A.\u00a0einen G\u00fcrtel oder eine zum Schlagen geeignete Kette in H\u00e4nden hielten, war der Angeklagte mit einer 40-70 cm langen Machete bewaffnet. Zu Gunsten des Angeklagten geht das Landgericht davon aus, dieser habe die Machete nicht mitgef\u00fchrt, sondern w\u00e4hrend des vorangegangenen Gerangels B.\u00a0A.\u00a0entwendet. Nun schlug der Angeklagte in Kenntnis der Gef\u00e4hrlichkeit der Waffe wuchtig - mit Verletzungs- aber ohne T\u00f6tungsabsicht - auf seine sich jetzt passiv verhaltenden Kontrahenten ein. Dabei traf er D.\u00a0A.\u00a0an der Hand und am Kopf. Die scharfe Klinge der Machete drang in die Kopfhaut ein, verursachte eine 9 cm lange Fleischwunde, sch\u00e4lte ein St\u00fcck des kn\u00f6chernen Sch\u00e4deldachs ab und trennte einen Teil der Kopfschwarte vom Sch\u00e4del (so genannte Skalpierungs-Verletzung). W\u00e4hrend der Angeklagte fluchtartig den Tatort verlie\u00df, begann der Gesch\u00e4digte sofort stark zu bluten. Nach not\u00e4rztlicher Erstversorgung wurde er station\u00e4r behandelt. Ohne rechtzeitige Hilfe w\u00e4re er m\u00f6glicherweise verblutet, bei einem nur geringf\u00fcgig ver\u00e4nderten Auftreffwinkel der Machete w\u00e4re die Sch\u00e4deldecke vollst\u00e4ndig durchdrungen und lebenswichtige Gehirnfunktionen w\u00e4ren beeintr\u00e4chtigt worden. So aber sind Hand und Kopfverletzungen verheilt, zur\u00fcckgeblieben ist eine starke Narbenbildung am oberen Kopf, wo keine Haare mehr wachsen, sowie psychische Beeintr\u00e4chtigungen wie starke Angstgef\u00fchle.</p>\n            </dd>\n         </dl>\n         <dl class=\"RspDL\">\n            <dt/>\n            <dd>\n               <p/>\n            </dd>\n         </dl>\n         <dl class=\"RspDL\">\n            <dt>\n               <a name=\"rd_5\">5</a>\n            </dt>\n            <dd>\n               <p>3. Zumindest bedingten T\u00f6tungsvorsatz des Angeklagten hat das Landgericht nicht festzustellen vermocht. Weil das T\u00f6ten eines Menschen die \u00dcberwindung einer hohen Hemmschwelle erfordere, k\u00f6nne nicht ausgeschlossen werden, dass der Angeklagte nicht von lebensgef\u00e4hrlichen Verletzungen ausgegangen sei und den Tod seines Kontrahenten nicht billigend in Kauf genommen habe, zumal es sich um ein dynamisches Geschehen gehandelt habe und er zuf\u00e4llig in den Besitz der Machete gelangt war.</p>\n            </dd>\n         </dl>\n         <dl class=\"RspDL\">\n            <dt/>\n            <dd>\n               <p/>\n            </dd>\n         </dl>\n         <dl class=\"RspDL\">\n            <dt/>\n            <dd>\n               <p>II.</p>\n            </dd>\n         </dl>\n         <dl class=\"RspDL\">\n            <dt/>\n            <dd>\n               <p/>\n            </dd>\n         </dl>\n         <dl class=\"RspDL\">\n            <dt>\n               <a name=\"rd_6\">6</a>\n            </dt>\n            <dd>\n               <p>Die Erw\u00e4gungen, mit denen das Landgericht bedingten T\u00f6tungsvorsatz verneint hat, halten revisionsrechtlicher Nachpr\u00fcfung nicht stand:</p>\n            </dd>\n         </dl>\n         <dl class=\"RspDL\">\n            <dt/>\n            <dd>\n               <p/>\n            </dd>\n         </dl>\n         <dl class=\"RspDL\">\n            <dt>\n               <a name=\"rd_7\">7</a>\n            </dt>\n            <dd>\n               <p>Zun\u00e4chst ist es f\u00fcr die Frage bedingten Vorsatzes ohne Aussagekraft, auf welche Weise der Angeklagte, der die Auseinandersetzung bewusst herbeigef\u00fchrt hat, in den Besitz der Machete gelangt ist. Entscheidend ist vielmehr sein Vorstellungsbild, als er seinen Kontrahenten bewaffnet mit einem Schlagwerkzeug, das - wie er wusste - geeignet war, schwerste Verletzungen zu verursachen, angriff.</p>\n            </dd>\n         </dl>\n         <dl class=\"RspDL\">\n            <dt/>\n            <dd>\n               <p/>\n            </dd>\n         </dl>\n         <dl class=\"RspDL\">\n            <dt>\n               <a name=\"rd_8\">8</a>\n            </dt>\n            <dd>\n               <p>Soweit das Schwurgericht auf die erh\u00f6hte Hemmschwelle bei T\u00f6tungsdelikten verweist, gen\u00fcgt hier der blo\u00dfe Hinweis f\u00fcr sich allein nicht f\u00fcr eine Verneinung zumindest bedingten T\u00f6tungsvorsatzes. Vielmehr ist stets unter Ber\u00fccksichtigung aller Umst\u00e4nde des Einzelfalles sorgf\u00e4ltig zu pr\u00fcfen, ob ein T\u00e4ter, der sein gef\u00e4hrliches Handeln durchf\u00fchrt, obwohl er mit der M\u00f6glichkeit t\u00f6dlicher Verletzung rechnet, den Tod des Opfers billigend in Kauf nimmt. Dies wird bei \u00e4u\u00dferst gef\u00e4hrlichen Gewalthandlungen nahe liegen wenn - wie hier - das Ausbleiben des Todeserfolgs nur als gl\u00fccklicher Zufall erscheinen kann (BGHR StGB \u00a7 212 Abs. 1 Vorsatz, bedingter 3, 5, 33, 35 und 38; BGH NStZ 2007, 150 f). Erforderlich ist stets eine umfassende W\u00fcrdigung der objektiven und subjektiven Tatumst\u00e4nde, n\u00e4mlich der konkreten Tatsituation und Angriffsweise, Lage und Abwehrm\u00f6glichkeit des Opfers, der psychischen Verfassung des T\u00e4ters und seiner Motivation (BGHR StGB \u00a7 212 Abs. 1 Vorsatz bedingter 39; Fischer, StGB 57. Aufl. \u00a7 212 Rn. 7 m.w.N.).</p>\n            </dd>\n         </dl>\n         <dl class=\"RspDL\">\n            <dt/>\n            <dd>\n               <p/>\n            </dd>\n         </dl>\n         <dl class=\"RspDL\">\n            <dt>\n               <a name=\"rd_9\">9</a>\n            </dt>\n            <dd>\n               <p>Diesen Anforderungen wird das angefochtene Urteil nicht gerecht. So fehlen bereits Ausf\u00fchrungen zum Vorstellungsbild des gest\u00e4ndigen, das Tatgeschehen aber nicht bereuenden (UA 26) Angeklagten bei Beginn seines Angriffs. Das Landgericht stellt lediglich darauf ab, dass es sich um ein dynamisches, von dem Angeklagten nicht mehr kontrollierbares Geschehen gehandelt habe. Dies spricht hier jedoch nicht gegen sondern vielmehr f\u00fcr einen bedingten T\u00f6tungsvorsatz. Insbesondere ist nicht ersichtlich, wieso der Angeklagte bei unkontrollierten, mit voller Wucht gegen den Kopf seines Opfers gef\u00fchrten Schl\u00e4gen, von denen jeder bei geringf\u00fcgig anderem Auftreffwinkel t\u00f6dlich gewesen w\u00e4re, ernsthaft auf das Ausbleiben eines entsprechenden Erfolgs vertraut haben sollte.</p>\n            </dd>\n         </dl>\n         <dl class=\"RspDL\">\n            <dt/>\n            <dd>\n               <p/>\n            </dd>\n         </dl>\n         <dl class=\"RspDL\">\n            <dt>\n               <a name=\"rd_10\">10</a>\n            </dt>\n            <dd>\n               <p>Der neue Tatrichter wird bei der Pr\u00fcfung bedingten Vorsatzes auch die dem Angriff zugrunde liegende Motivlage des Angeklagten einzubeziehen haben. So k\u00f6nnte dem in seiner Ehre gekr\u00e4nkten, aus Wut- und Rachsucht die Auseinandersetzung um jeden Preis suchenden Angeklagten die in der konkreten Situation als m\u00f6glich erkannte T\u00f6tung seines Opfers zumindest gleichg\u00fcltig gewesen sein. Dass ihm dessen Tod m\u00f6glicherweise unerw\u00fcnscht war, steht der Annahme bedingten Vorsatzes nicht entgegen (BGHR StGB \u00a7 212 Abs. 1 Vorsatz, bedingter 42, 51).</p>\n            </dd>\n         </dl>\n         <dl class=\"RspDL\">\n            <dt/>\n            <dd>\n               <p/>\n            </dd>\n         </dl>\n         <dl class=\"RspDL\">\n            <dt/>\n            <dd>\n               <p>Rissing-van Saan\u00a0\u00a0\u00a0\u00a0\u00a0\u00a0\u00a0\u00a0\u00a0\u00a0\u00a0\u00a0\u00a0\u00a0\u00a0\u00a0\u00a0\u00a0\u00a0\u00a0\u00a0\u00a0\u00a0\u00a0\u00a0\u00a0\u00a0\u00a0\u00a0\u00a0\u00a0\u00a0\u00a0\u00a0Appl\u00a0\u00a0\u00a0\u00a0\u00a0\u00a0\u00a0\u00a0\u00a0\u00a0\u00a0\u00a0\u00a0\u00a0\u00a0\u00a0\u00a0\u00a0\u00a0\u00a0\u00a0\u00a0\u00a0\u00a0\u00a0\u00a0\u00a0\u00a0\u00a0Schmitt</p>\n            </dd>\n         </dl>\n         <dl class=\"RspDL\">\n            <dt/>\n            <dd>\n               <p>\u00a0\u00a0\u00a0\u00a0\u00a0\u00a0\u00a0\u00a0\u00a0\u00a0\u00a0\u00a0\u00a0\u00a0\u00a0\u00a0\u00a0\u00a0\u00a0\u00a0\u00a0\u00a0\u00a0\u00a0\u00a0\u00a0\u00a0\u00a0\u00a0\u00a0\u00a0\u00a0Eschelbach\u00a0\u00a0\u00a0\u00a0\u00a0\u00a0\u00a0\u00a0\u00a0\u00a0\u00a0\u00a0\u00a0\u00a0\u00a0\u00a0\u00a0\u00a0\u00a0\u00a0\u00a0\u00a0\u00a0\u00a0\u00a0\u00a0\u00a0\u00a0Ott</p>\n            </dd>\n         </dl>\n         <dl class=\"RspDL\">\n            <dt/>\n            <dd>\n               <p/>\n            </dd>\n         </dl>\n      </div>\n   ", "accessRights": "public", "gerort": "", "entschDatum": "20101215", "coverage": "Deutschland", "titel": "\n      <dl class=\"RspDL\">\n         <dt/>\n         <dd>\n            <p>Versuchter Totschlag: Anforderungen an die Feststellung bedingten T\u00f6tungsvorsatzes</p>\n         </dd>\n      </dl>\n   ", "ecli": "", "identifier": "http://www.rechtsprechung-im-internet.de/jportal/?quelle=jlink&docid=JURE110001483&psml=bsjrsprod.psml&max=true", "spruchkoerper": "2. Strafsenat", "vorinstanz": "vorgehend LG Aachen, 5. M\u00e4rz 2010, Az: 52 Ks 401 Js 153/09 - 9/09, Urteil\n   ", "doknr": "JURE110001483", "abweichendeMeinung": "", "tenor": "\n      <div>\n         <dl class=\"RspDL\">\n            <dt/>\n            <dd>\n               <p>Auf die Revision des Nebenkl\u00e4gers wird das Urteil des Landgerichts Aachen vom 5. M\u00e4rz 2010 mit den Feststellungen aufgehoben.</p>\n            </dd>\n         </dl>\n         <dl class=\"RspDL\">\n            <dt/>\n            <dd>\n               <p/>\n            </dd>\n         </dl>\n         <dl class=\"RspDL\">\n            <dt/>\n            <dd>\n               <p>Die Sache wird zu neuer Verhandlung und Entscheidung, auch \u00fcber die Kosten des Rechtsmittels, an eine andere als Schwurgericht zust\u00e4ndige Strafkammer des Landgerichts zur\u00fcckverwiesen.</p>\n            </dd>\n         </dl>\n         <dl class=\"RspDL\">\n            <dt/>\n            <dd>\n               <p/>\n            </dd>\n         </dl>\n         <dl class=\"RspDL\">\n            <dt/>\n            <dd>\n               <p>Von Rechts wegen</p>\n            </dd>\n         </dl>\n         <dl class=\"RspDL\">\n            <dt/>\n            <dd>\n               <p/>\n            </dd>\n         </dl>\n      </div>\n   ", "regionAbk": "DEU"}