{"publisher": "BMJV", "tatbestand": "", "absaetze": [{"num": "1", "textProcessed": ["landgericht", "angeklagt", "schwer", "bandendiebstahl", "funf", "fall", "darunt", "fall", "ziff", "ii", "gewerbsmass", "bandenhehlerei", "gewerbsmass", "bandenbetrug", "wohnungseinbruchdiebstahl", "zwei", "fall", "sowi", "diebstahl", "drei", "fall", "gesamtfreiheitsstraf", "funf", "jahr", "sowi", "revidier", "mitangeklagt", "raub", "schwer", "bandendiebstahl", "sech", "fall", "darunt", "fall", "ziff", "ii", "sowi", "wohnungseinbruchdiebstahl", "gesamtfreiheitsstraf", "vier", "jahr", "verurteilt", "verletz", "formell", "materiell", "recht", "gestutzt", "revision", "angeklagt", "fuhrt", "sachrug", "geringfug", "schuldspruch", "ubrig", "unbegrundet", "sinn", "abs", "stpo"], "text": "Das Landgericht hat den Angeklagten A.\u00a0wegen schweren Bandendiebstahls in f\u00fcnf F\u00e4llen (darunter der Fall Ziffer II.16.), gewerbsm\u00e4\u00dfiger Bandenhehlerei, gewerbsm\u00e4\u00dfigen Bandenbetrugs, Wohnungseinbruchdiebstahls in zwei F\u00e4llen sowie Diebstahls in drei F\u00e4llen zu einer Gesamtfreiheitsstrafe von f\u00fcnf Jahren sowie den nicht revidierenden Mitangeklagten K.\u00a0wegen Raubes, schweren Bandendiebstahls in sechs F\u00e4llen (darunter der Fall Ziffer II.16.) sowie Wohnungseinbruchdiebstahls zu einer Gesamtfreiheitsstrafe von vier Jahren verurteilt. Die auf die Verletzung formellen und materiellen Rechts gest\u00fctzte Revision des Angeklagten f\u00fchrt auf die Sachr\u00fcge hin zu einer geringf\u00fcgigen \u00c4nderung des Schuldspruchs. Im \u00dcbrigen ist sie unbegr\u00fcndet im Sinne des \u00a7 349 Abs. 2 StPO."}, {"num": "2", "textProcessed": ["generalbundesanwalt", "ausgefuhrt"], "text": "Der Generalbundesanwalt hat dazu ausgef\u00fchrt:"}, {"num": "3", "textProcessed": ["fall", "ziff", "ii", "verurteil", "vollendet", "schwer", "bandendiebstahl", "ind", "bestand", "ausweis", "feststell", "bezog", "bandenabred", "entwend", "hochwert", "pkw", "zwischenzeit", "umfrisi", "verausser", "gutglaub", "kund", "ua", "nachd", "fall", "ziff", "ii", "pkw", "entwendet", "konnt", "zufall", "tatort", "befand", "schwer", "bandendiebstahl", "versuchsstadium", "hinausgelangt", "steht", "vollendet", "wohnungseinbruchdiebstahl", "tatein", "vgl", "bghst", "ff", "ff", "angeklagt", "beabsichtigt", "bereit", "beim", "einsteig", "wohnung", "kfz", "schlussel", "ausserhalb", "bandenabred", "hochwert", "gegenstand", "entwend", "vgl", "fall", "ziff", "ii", "beantragt", "schuldspruchander", "steht", "stpo", "entgeg", "umfass", "gestand", "angeklagt", "geandert", "schuldvorwurf", "gescheh", "hatt", "verteidigt"], "text": "\"Im Fall Ziffer II.16. kann die Verurteilung wegen (vollendeten) schweren Bandendiebstahls indes keinen Bestand haben. Ausweislich der Feststellungen bezog sich die Bandenabrede auf die Entwendung von hochwertigen PKW und - nach zwischenzeitlichem Umfrisieren - deren Ver\u00e4u\u00dferung an gutgl\u00e4ubige Kunden (UA S. 22 und 38). Nachdem im Fall Ziffer II.16. der PKW nicht entwendet werden konnte, da er sich zuf\u00e4llig nicht am Tatort befand, ist der schwere Bandendiebstahl nicht \u00fcber das Versuchsstadium hinausgelangt. Dieser steht mit dem vollendeten Wohnungseinbruchdiebstahl in Tateinheit (vgl. BGHSt 10, 230 ff.; 21, 78 ff. m.w.N.). Der Angeklagte beabsichtigte bereits beim Einsteigen in die Wohnung, dort nicht nur den KFZ-Schl\u00fcssel, sondern - au\u00dferhalb der Bandenabrede - auch andere hochwertige Gegenst\u00e4nde zu entwenden (vgl. Fall Ziffer II.11.). Der beantragten Schuldspruch\u00e4nderung steht \u00a7 265 StPO nicht entgegen, da der umfassend gest\u00e4ndige Angeklagte sich gegen den ge\u00e4nderten Schuldvorwurf nicht anders als geschehen h\u00e4tte verteidigten k\u00f6nnen.\""}, {"num": "4", "textProcessed": ["senat", "verschliess", "erstreckt", "schuldspruchander", "gemass", "stpo", "fall", "ziff", "ii", "mittat", "tatig", "gewes", "revidier", "mitangeklagt"], "text": "Dem kann sich der Senat nicht verschlie\u00dfen und erstreckt die Schuldspruch\u00e4nderung gem\u00e4\u00df \u00a7 357 StPO auf den im Fall Ziffer II.16. als Mitt\u00e4ter t\u00e4tig gewesenen nicht revidierenden Mitangeklagten K."}, {"num": "5", "textProcessed": ["ubereinstimm", "antragsschrift", "generalbundesanwalt", "insoweit", "bezug", "genomm", "schliesst", "senat", "dass", "geringfug", "schuldspruch", "hoh", "fall", "ziff", "ii", "beid", "angeklagt", "verhangt", "einzelstraf", "sowi", "hoh", "gesamtstraf", "beruhrt"], "text": "In \u00dcbereinstimmung mit der Antragsschrift des Generalbundesanwalts, auf die insoweit Bezug genommen wird, schlie\u00dft der Senat aus, dass die geringf\u00fcgige \u00c4nderung des Schuldspruchs die H\u00f6he der im Fall Ziffer II.16. f\u00fcr diese beiden Angeklagten verh\u00e4ngten Einzelstrafen sowie die H\u00f6he der Gesamtstrafen ber\u00fchrt."}], "norm": ["\u00a7 22 StGB", "\u00a7 23 StGB", "\u00a7 52 StGB", "\u00a7 244 Nr 3 StGB", "\u00a7 244a StGB"], "doktyp": "Beschluss", "regionLong": "Bundesrepublik Deutschland", "sonstlt": "", "gruendeProcessed": ["landgericht", "angeklagt", "schwer", "bandendiebstahl", "funf", "fall", "darunt", "fall", "ziff", "ii", "gewerbsmass", "bandenhehlerei", "gewerbsmass", "bandenbetrug", "wohnungseinbruchdiebstahl", "zwei", "fall", "sowi", "diebstahl", "drei", "fall", "gesamtfreiheitsstraf", "funf", "jahr", "sowi", "revidier", "mitangeklagt", "raub", "schwer", "bandendiebstahl", "sech", "fall", "darunt", "fall", "ziff", "ii", "sowi", "wohnungseinbruchdiebstahl", "gesamtfreiheitsstraf", "vier", "jahr", "verurteilt", "verletz", "formell", "materiell", "recht", "gestutzt", "revision", "angeklagt", "fuhrt", "sachrug", "geringfug", "schuldspruch", "ubrig", "unbegrundet", "sinn", "abs", "stpo", "generalbundesanwalt", "ausgefuhrt", "fall", "ziff", "ii", "verurteil", "vollendet", "schwer", "bandendiebstahl", "ind", "bestand", "ausweis", "feststell", "bezog", "bandenabred", "entwend", "hochwert", "pkw", "zwischenzeit", "umfrisi", "verausser", "gutglaub", "kund", "ua", "nachd", "fall", "ziff", "ii", "pkw", "entwendet", "konnt", "zufall", "tatort", "befand", "schwer", "bandendiebstahl", "versuchsstadium", "hinausgelangt", "steht", "vollendet", "wohnungseinbruchdiebstahl", "tatein", "vgl", "bghst", "ff", "ff", "angeklagt", "beabsichtigt", "bereit", "beim", "einsteig", "wohnung", "kfz", "schlussel", "ausserhalb", "bandenabred", "hochwert", "gegenstand", "entwend", "vgl", "fall", "ziff", "ii", "beantragt", "schuldspruchander", "steht", "stpo", "entgeg", "umfass", "gestand", "angeklagt", "geandert", "schuldvorwurf", "gescheh", "hatt", "verteidigt", "senat", "verschliess", "erstreckt", "schuldspruchander", "gemass", "stpo", "fall", "ziff", "ii", "mittat", "tatig", "gewes", "revidier", "mitangeklagt", "ubereinstimm", "antragsschrift", "generalbundesanwalt", "insoweit", "bezug", "genomm", "schliesst", "senat", "dass", "geringfug", "schuldspruch", "hoh", "fall", "ziff", "ii", "beid", "angeklagt", "verhangt", "einzelstraf", "sowi", "hoh", "gesamtstraf", "beruhrt", "rissing", "van", "saan", "roggenbuck", "appl", "cierniak", "schmitt"], "mitwirkung": "", "aktenzeichen": "2 StR 510/09", "language": "deutsch", "gertyp": "BGH", "leitsatz": "", "gruende": "\n      <div>\n         <dl class=\"RspDL\">\n            <dt>\n               <a name=\"rd_1\">1</a>\n            </dt>\n            <dd>\n               <p>Das Landgericht hat den Angeklagten A.\u00a0wegen schweren Bandendiebstahls in f\u00fcnf F\u00e4llen (darunter der Fall Ziffer II.16.), gewerbsm\u00e4\u00dfiger Bandenhehlerei, gewerbsm\u00e4\u00dfigen Bandenbetrugs, Wohnungseinbruchdiebstahls in zwei F\u00e4llen sowie Diebstahls in drei F\u00e4llen zu einer Gesamtfreiheitsstrafe von f\u00fcnf Jahren sowie den nicht revidierenden Mitangeklagten K.\u00a0wegen Raubes, schweren Bandendiebstahls in sechs F\u00e4llen (darunter der Fall Ziffer II.16.) sowie Wohnungseinbruchdiebstahls zu einer Gesamtfreiheitsstrafe von vier Jahren verurteilt. Die auf die Verletzung formellen und materiellen Rechts gest\u00fctzte Revision des Angeklagten f\u00fchrt auf die Sachr\u00fcge hin zu einer geringf\u00fcgigen \u00c4nderung des Schuldspruchs. Im \u00dcbrigen ist sie unbegr\u00fcndet im Sinne des \u00a7 349 Abs. 2 StPO.</p>\n            </dd>\n         </dl>\n         <dl class=\"RspDL\">\n            <dt/>\n            <dd>\n               <p/>\n            </dd>\n         </dl>\n         <dl class=\"RspDL\">\n            <dt>\n               <a name=\"rd_2\">2</a>\n            </dt>\n            <dd>\n               <p>Der Generalbundesanwalt hat dazu ausgef\u00fchrt:</p>\n            </dd>\n         </dl>\n         <dl class=\"RspDL\">\n            <dt/>\n            <dd>\n               <p/>\n            </dd>\n         </dl>\n         <dl class=\"RspDL\">\n            <dt>\n               <a name=\"rd_3\">3</a>\n            </dt>\n            <dd>\n               <p>\"Im Fall Ziffer II.16. kann die Verurteilung wegen (vollendeten) schweren Bandendiebstahls indes keinen Bestand haben. Ausweislich der Feststellungen bezog sich die Bandenabrede auf die Entwendung von hochwertigen PKW und - nach zwischenzeitlichem Umfrisieren - deren Ver\u00e4u\u00dferung an gutgl\u00e4ubige Kunden (UA S. 22 und 38). Nachdem im Fall Ziffer II.16. der PKW nicht entwendet werden konnte, da er sich zuf\u00e4llig nicht am Tatort befand, ist der schwere Bandendiebstahl nicht \u00fcber das Versuchsstadium hinausgelangt. Dieser steht mit dem vollendeten Wohnungseinbruchdiebstahl in Tateinheit (vgl. BGHSt 10, 230 ff.; 21, 78 ff. m.w.N.). Der Angeklagte beabsichtigte bereits beim Einsteigen in die Wohnung, dort nicht nur den KFZ-Schl\u00fcssel, sondern - au\u00dferhalb der Bandenabrede - auch andere hochwertige Gegenst\u00e4nde zu entwenden (vgl. Fall Ziffer II.11.). Der beantragten Schuldspruch\u00e4nderung steht \u00a7 265 StPO nicht entgegen, da der umfassend gest\u00e4ndige Angeklagte sich gegen den ge\u00e4nderten Schuldvorwurf nicht anders als geschehen h\u00e4tte verteidigten k\u00f6nnen.\"</p>\n            </dd>\n         </dl>\n         <dl class=\"RspDL\">\n            <dt/>\n            <dd>\n               <p/>\n            </dd>\n         </dl>\n         <dl class=\"RspDL\">\n            <dt>\n               <a name=\"rd_4\">4</a>\n            </dt>\n            <dd>\n               <p>Dem kann sich der Senat nicht verschlie\u00dfen und erstreckt die Schuldspruch\u00e4nderung gem\u00e4\u00df \u00a7 357 StPO auf den im Fall Ziffer II.16. als Mitt\u00e4ter t\u00e4tig gewesenen nicht revidierenden Mitangeklagten K.</p>\n            </dd>\n         </dl>\n         <dl class=\"RspDL\">\n            <dt/>\n            <dd>\n               <p/>\n            </dd>\n         </dl>\n         <dl class=\"RspDL\">\n            <dt>\n               <a name=\"rd_5\">5</a>\n            </dt>\n            <dd>\n               <p>In \u00dcbereinstimmung mit der Antragsschrift des Generalbundesanwalts, auf die insoweit Bezug genommen wird, schlie\u00dft der Senat aus, dass die geringf\u00fcgige \u00c4nderung des Schuldspruchs die H\u00f6he der im Fall Ziffer II.16. f\u00fcr diese beiden Angeklagten verh\u00e4ngten Einzelstrafen sowie die H\u00f6he der Gesamtstrafen ber\u00fchrt.</p>\n            </dd>\n         </dl>\n         <dl class=\"RspDL\">\n            <dt/>\n            <dd>\n               <p/>\n            </dd>\n         </dl>\n         <dl class=\"RspDL\">\n            <dt/>\n            <dd>\n               <p>Rissing-van Saan\u00a0\u00a0\u00a0\u00a0\u00a0\u00a0\u00a0\u00a0\u00a0\u00a0\u00a0\u00a0\u00a0\u00a0\u00a0\u00a0\u00a0\u00a0\u00a0\u00a0\u00a0\u00a0\u00a0\u00a0\u00a0\u00a0\u00a0\u00a0\u00a0\u00a0\u00a0\u00a0\u00a0\u00a0\u00a0Roggenbuck\u00a0\u00a0\u00a0\u00a0\u00a0\u00a0\u00a0\u00a0\u00a0\u00a0\u00a0\u00a0\u00a0\u00a0\u00a0\u00a0\u00a0\u00a0\u00a0\u00a0\u00a0\u00a0\u00a0\u00a0\u00a0\u00a0\u00a0\u00a0\u00a0\u00a0\u00a0\u00a0\u00a0\u00a0\u00a0\u00a0\u00a0\u00a0\u00a0Appl</p>\n            </dd>\n         </dl>\n         <dl class=\"RspDL\">\n            <dt/>\n            <dd>\n               <p>\u00a0\u00a0\u00a0\u00a0\u00a0\u00a0\u00a0\u00a0\u00a0\u00a0\u00a0\u00a0\u00a0\u00a0\u00a0\u00a0\u00a0\u00a0\u00a0\u00a0\u00a0\u00a0\u00a0\u00a0\u00a0\u00a0\u00a0\u00a0\u00a0\u00a0\u00a0\u00a0\u00a0\u00a0\u00a0Cierniak\u00a0\u00a0\u00a0\u00a0\u00a0\u00a0\u00a0\u00a0\u00a0\u00a0\u00a0\u00a0\u00a0\u00a0\u00a0\u00a0\u00a0\u00a0\u00a0\u00a0\u00a0\u00a0\u00a0\u00a0\u00a0\u00a0\u00a0\u00a0\u00a0\u00a0\u00a0\u00a0\u00a0\u00a0\u00a0\u00a0\u00a0\u00a0\u00a0\u00a0\u00a0\u00a0\u00a0\u00a0Schmitt</p>\n            </dd>\n         </dl>\n         <dl class=\"RspDL\">\n            <dt/>\n            <dd>\n               <p/>\n            </dd>\n         </dl>\n      </div>\n   ", "accessRights": "public", "gerort": "", "entschDatum": "20100226", "coverage": "Deutschland", "titel": "\n      <dl class=\"RspDL\">\n         <dt/>\n         <dd>\n            <p>Wohnungseinbruchdiebstahl und versuchter schwerer Bandendiebstahl in Tateinheit</p>\n         </dd>\n      </dl>\n   ", "ecli": "", "identifier": "http://www.rechtsprechung-im-internet.de/jportal/?quelle=jlink&docid=JURE100059124&psml=bsjrsprod.psml&max=true", "spruchkoerper": "2. Strafsenat", "vorinstanz": "vorgehend LG K\u00f6ln, 3. Juli 2009, Az: 110 - 09/09 - 103 Js 18/08, Urteil\n   ", "doknr": "JURE100059124", "abweichendeMeinung": "", "tenor": "\n      <div>\n         <dl class=\"RspDL\">\n            <dt/>\n            <dd>\n               <p>1. Auf die Revision des Angeklagten wird das Urteil des Landgerichts K\u00f6ln vom 3. Juli 2009, soweit es ihn und den Mitangeklagten K.\u00a0anbelangt, im Schuldspruch dahin abge\u00e4ndert, dass beide Angeklagte im Fall Ziffer II.16. der Urteilsgr\u00fcnde des versuchten schweren Bandendiebstahls in Tateinheit mit Wohnungseinbruchdiebstahl schuldig sind.</p>\n            </dd>\n         </dl>\n         <dl class=\"RspDL\">\n            <dt/>\n            <dd>\n               <p/>\n            </dd>\n         </dl>\n         <dl class=\"RspDL\">\n            <dt/>\n            <dd>\n               <p>2. Die weitergehende Revision des Angeklagten wird verworfen.</p>\n            </dd>\n         </dl>\n         <dl class=\"RspDL\">\n            <dt/>\n            <dd>\n               <p/>\n            </dd>\n         </dl>\n         <dl class=\"RspDL\">\n            <dt/>\n            <dd>\n               <p>3. Der Beschwerdef\u00fchrer hat die Kosten seines Rechtsmittels zu tragen.</p>\n            </dd>\n         </dl>\n         <dl class=\"RspDL\">\n            <dt/>\n            <dd>\n               <p/>\n            </dd>\n         </dl>\n      </div>\n   ", "regionAbk": "DEU"}