{"publisher": "BMJV", "tatbestand": "", "absaetze": [{"num": "1", "textProcessed": ["beschwerd", "wendet", "generalstaatsanwaltschaft", "beschluss", "oberlandesgericht", "frankfurt", "main", "februar", "aufheb", "beschwerdegegn", "ergang", "vollstreckungsbescheid", "vollstreckungsbehord", "verpflichtet", "word", "beschwerdegegn", "beachtung", "rechtsauffass", "oberlandesgericht", "reihenfolg", "vollstreck", "neu", "bescheid"], "text": "Mit ihrer Beschwerde wendet sich die Generalstaatsanwaltschaft gegen den Beschluss des Oberlandesgerichts Frankfurt am Main vom 25. Februar 2010, mit dem unter Aufhebung gegen den Beschwerdegegner ergangener Vollstreckungsbescheide die Vollstreckungsbeh\u00f6rde verpflichtet worden ist, den Beschwerdegegner unter Beachtung der Rechtsauffassung des Oberlandesgerichts \u00fcber die Reihenfolge der Vollstreckung neu zu bescheiden."}, {"num": "2", "textProcessed": ["angefocht", "entscheid", "liegt", "folgend", "sachverhalt", "zugrund"], "text": "Der angefochtenen Entscheidung liegt folgender Sachverhalt zugrunde:"}, {"num": "3", "textProcessed": ["vielfach", "aufgrund", "straftat", "zusammenhang", "betaubungsmittelabhang", "steh", "vorbestraft", "beschwerdegegn", "wurd", "zunach", "abs", "nr", "btmg", "zuruckstellungsfah", "gesamtfreiheitsstraf", "jahr", "sech", "monat", "diebstahl", "zwei", "fall", "sowi", "computerbetrug", "vier", "fall", "urteil", "amtsgericht", "kassel", "juni", "az", "js", "vollstreckt", "zweidrittelverbuss", "juni", "notiert", "seith", "verbusst", "beschwerdegegn", "btmg", "zuruckstellungsfah", "ursprung", "bewahr", "ausgesetzt", "widerruf", "funfmonat", "gesamtfreiheitsstraf", "fahr", "fahrerlaubnis", "zwei", "fall", "urteil", "amtsgericht", "kassel", "juni", "az", "js", "zweidrittelverbuss", "oktob", "strafend", "novemb", "notiert", "daran", "anschliess", "vollstreck", "landgericht", "marburg", "strafvollstreckungskamm", "zuruckstell", "gemass", "btmg", "widerruf", "strafr", "urteil", "landgericht", "kassel", "januar", "sowi", "vollstreck", "letzt", "drittel", "zunach", "bewahr", "ausgesetzt", "widerruf", "ebenfall", "gemass", "abs", "nr", "btmg", "zuruckstellungsfah", "freiheitsstraf", "jahr", "sech", "monat", "urteil", "amtsgericht", "kassel", "august", "letzt", "drittel", "straf", "oben", "genannt", "urteil", "amtsgericht", "kassel", "juni", "notiert", "gesamtstraf", "mai", "berechnet"], "text": "Gegen den vielfach, auch aufgrund von Straftaten, die nicht im Zusammenhang mit seiner Bet\u00e4ubungsmittelabh\u00e4ngigkeit stehen, vorbestraften Beschwerdegegner wurde zun\u00e4chst eine (nach \u00a7 35 Abs. 1, 3 Nr. 1 BtMG zur\u00fcckstellungsf\u00e4hige) Gesamtfreiheitsstrafe von einem Jahr und sechs Monaten wegen Diebstahls in zwei F\u00e4llen sowie Computerbetrugs in vier F\u00e4llen aus dem Urteil des Amtsgerichts Kassel vom 20. Juni 2008 (Az. 3620 Js 42794/07) vollstreckt. Die Zweidrittelverb\u00fc\u00dfung war auf den 27. Juni 2010 notiert. Seither verb\u00fc\u00dft der Beschwerdegegner eine (nicht nach \u00a7 35 BtMG zur\u00fcckstellungsf\u00e4hige) urspr\u00fcnglich zur Bew\u00e4hrung ausgesetzte, dann aber widerrufene f\u00fcnfmonatige Gesamtfreiheitsstrafe wegen Fahrens ohne Fahrerlaubnis in zwei F\u00e4llen aus dem Urteil des Amtsgerichts Kassel vom 14. Juni 2005 (Az. 9821 Js 30581/04). Die Zweidrittelverb\u00fc\u00dfung ist auf den 7. Oktober 2010, das Strafende auf den 27. November 2010 notiert. Daran anschlie\u00dfend sind die Vollstreckung eines durch das Landgericht Marburg \u2013 Strafvollstreckungskammer \u2013 nach einer Zur\u00fcckstellung gem\u00e4\u00df \u00a7 35 BtMG widerrufenen Strafrests aus dem Urteil des Landgerichts Kassel vom 6. Januar 1999 sowie die Vollstreckung des letzten Drittels der zun\u00e4chst zur Bew\u00e4hrung ausgesetzten, dann aber widerrufenen (ebenfalls gem\u00e4\u00df \u00a7 35 Abs. 1, 3 Nr. 1 BtMG zur\u00fcckstellungsf\u00e4higen) Freiheitsstrafe von einem Jahr und sechs Monaten aus dem Urteil des Amtsgerichts Kassel vom 23. August 2007 und des letzten Drittels der Strafe aus dem oben genannten Urteil des Amtsgerichts Kassel vom 20. Juni 2008 notiert. Das Gesamtstrafende ist auf den 11. Mai 2013 berechnet."}, {"num": "4", "textProcessed": ["beschwerdefuhr", "mai", "vollstreckungsreihenfolg", "dahingeh", "beantragt", "dass", "zunach", "abs", "btmg", "zuruckstellungsfah", "straf", "urteil", "amtsgericht", "kassel", "juni", "vollstreck", "sei", "beabsicht", "nachstmog", "zeitpunkt", "antrag", "zuruckstell", "vollstreck", "btmg", "stell", "antrag", "staatsanwaltschaft", "kassel", "bescheid", "juni", "abgelehnt", "dageg", "gerichtet", "beschwerd", "landgericht", "fulda", "strafvollstreckungskamm", "einwend", "abs", "stpo", "beschluss", "septemb", "verworf", "sofort", "beschwerd", "beschwerdegegn", "oberlandesgericht", "frankfurt", "main", "beschluss", "aufgehob", "rechtsweg", "eggvg", "eroffnet", "sei", "wesweg", "zunach", "generalstaatsanwaltschaft", "vorschaltbeschwerd", "entscheid"], "text": "Der Beschwerdef\u00fchrer hat am 25. Mai 2009 eine \u00c4nderung der Vollstreckungsreihenfolge dahingehend beantragt, dass zun\u00e4chst die nicht nach \u00a7 35 Abs. 1 BtMG zur\u00fcckstellungsf\u00e4hige Strafe aus dem Urteil des Amtsgerichts Kassel vom 14. Juni 2005 zu vollstrecken sei, weil er beabsichtige, zum n\u00e4chstm\u00f6glichen Zeitpunkt einen Antrag auf Zur\u00fcckstellung der Vollstreckung nach \u00a7 35 BtMG zu stellen. Diesen Antrag hat die Staatsanwaltschaft Kassel mit Bescheid vom 23. Juni 2009 abgelehnt, eine dagegen gerichtete Beschwerde hat das Landgericht Fulda \u2013 Strafvollstreckungskammer \u2013 als Einwendung nach \u00a7 458 Abs. 2 StPO mit Beschluss vom 16. September 2009 verworfen. Auf die sofortige Beschwerde des Beschwerdegegners hat das Oberlandesgericht Frankfurt am Main diesen Beschluss aufgehoben, weil der Rechtsweg nach \u00a7 23 EGGVG er\u00f6ffnet sei, weswegen zun\u00e4chst die Generalstaatsanwaltschaft \u00fcber die Vorschaltbeschwerde zu entscheiden habe."}, {"num": "5", "textProcessed": ["daraufhin", "ergang", "verwerfungsbescheid", "generalstaatsanwaltschaft", "beschwerdegegn", "oberlandesgericht", "frankfurt", "main", "angeruf", "begrund", "dass", "zuruckstell", "straf", "bereit", "zeitpunkt", "moglich", "sei", "zuruckstellungsfah", "straf", "zwei", "dritteln", "verbusst", "weit", "vollstreck", "unterbroch", "sei", "hob", "oberlandesgericht", "vollstreckungsbescheid", "verpflichtet", "vollstreckungsbehord", "beschwerdegegn", "beachtung", "rechtsauffass", "erneut", "bescheid", "zugleich", "gemass", "eggvg", "rechtsbeschwerd", "sicher", "einheit", "rechtsprech", "zugelass"], "text": "Gegen den daraufhin ergangenen Verwerfungsbescheid der Generalstaatsanwaltschaft hat der Beschwerdegegner das Oberlandesgericht Frankfurt am Main angerufen. Mit der Begr\u00fcndung, dass die Zur\u00fcckstellung einer Strafe bereits in dem Zeitpunkt m\u00f6glich sei, in dem die nicht zur\u00fcckstellungsf\u00e4hige Strafe zu zwei Dritteln verb\u00fc\u00dft und ihre weitere Vollstreckung unterbrochen sei, hob das Oberlandesgericht die Vollstreckungsbescheide auf und verpflichtete die Vollstreckungsbeh\u00f6rde, den Beschwerdegegner unter Beachtung seiner Rechtsauffassung erneut zu bescheiden. Zugleich hat es gem\u00e4\u00df \u00a7 29 EGGVG die Rechtsbeschwerde zur Sicherung einer einheitlichen Rechtsprechung zugelassen."}, {"num": "6", "textProcessed": ["zulass", "rechtsbeschwerd", "generalstaatsanwaltschaft", "entsprech", "stellungnahm", "generalbundesanwalt", "sach", "erfolg", "vgl", "bgh", "beschluss", "august", "ar", "vs", "veroffentlich", "bghst", "bestimmt"], "text": "Die zul\u00e4ssige Rechtsbeschwerde der Generalstaatsanwaltschaft hat \u2013 entsprechend der Stellungnahme des Generalbundesanwalts \u2013 in der Sache Erfolg (vgl. BGH, Beschluss vom 4. August 2010 \u2013 5 AR (VS) 22/10, zur Ver\u00f6ffentlichung in BGHSt bestimmt)."}, {"num": "7", "textProcessed": ["wichtig", "grund", "gemass", "abs", "stvollstro", "abweich", "absatz", "vorschrift", "geregelt", "reihenfolg", "vollstreck", "gebietet", "liegt", "beschwerdegegn", "begehrt", "umkehr", "vollstreckungsreihenfolg", "fruh", "zuruckstell", "strafvollstreck", "abs", "btmg", "erreicht", "steht", "entgeg", "dass", "fahr", "fahrerlaubnis", "zwei", "fall", "ergang", "gesamtfreiheitsstraf", "urteil", "amtsgericht", "kassel", "juni", "weit", "zuruckstellungsfah", "freiheitsstraf", "vollstreck", "vgl", "abs", "nr", "btmg", "zuruckstellungsentscheid", "kommt", "deshalb", "erst", "betracht", "abs", "satz", "nr", "abs", "stpo", "reststrafenaussetz", "straf", "entschied", "word"], "text": "Ein wichtiger Grund, der gem\u00e4\u00df \u00a7 43 Abs. 4 StVollstrO eine Abweichung von der in Absatz 2 und 3 dieser Vorschrift geregelten Reihenfolge der Vollstreckung gebietet, liegt nicht vor. Durch die vom Beschwerdegegner begehrte Umkehr der Vollstreckungsreihenfolge kann eine fr\u00fchere Zur\u00fcckstellung der Strafvollstreckung nach \u00a7 35 Abs. 1, 3 BtMG nicht erreicht werden. Dieser steht entgegen, dass mit der wegen Fahrens ohne Fahrerlaubnis in zwei F\u00e4llen ergangenen Gesamtfreiheitsstrafe aus dem Urteil des Amtsgerichts Kassel vom 14. Juni 2005 eine weitere, nicht zur\u00fcckstellungsf\u00e4hige Freiheitsstrafe zu vollstrecken ist (vgl. \u00a7 35 Abs. 6 Nr. 2 BtMG). Eine Zur\u00fcckstellungsentscheidung kommt deshalb erst in Betracht, wenn nach \u00a7 454b Abs. 2 Satz 1 Nr. 2, Abs. 3 StPO \u00fcber die Reststrafenaussetzung aller Strafen entschieden worden ist."}, {"num": "8", "textProcessed": ["allgemein", "meinung", "darf", "strafvollstreck", "gemass", "btmg", "zuruckgestellt", "verurteilt", "schon", "zeitpunkt", "zuruckstellungsentscheid", "weit", "freiheitsstraf", "vollstreck", "mithin", "widerrufsgrund", "abs", "nr", "btmg", "gegeb", "vgl", "bghst", "korn", "btmg", "aufl", "rdn", "entgeg", "auffass", "oberlandesgericht", "frankfurt", "main", "angefocht", "beschluss", "ergebnis", "ebenso", "olg", "stuttgart", "nstz", "rr", "kornprob", "munchkomm", "stgb", "nebenstrafrecht", "btmg", "rdn", "stellt", "dabei", "abs", "stpo", "vollstreck", "unterbroch", "gemass", "btmg", "zuruckstellungsfah", "straf", "sinn", "abs", "nr", "btmg", "vollstreck", "straf", "dar", "zuruckstell", "weit", "straf", "gemass", "btmg", "hindert", "sinn", "olg", "munch", "nstz", "kg", "beschluss", "april", "vas", "korn", "aao", "rdn"], "text": "1. Nach allgemeiner Meinung darf die Strafvollstreckung nicht gem\u00e4\u00df \u00a7 35 BtMG zur\u00fcckgestellt werden, wenn gegen den Verurteilten schon im Zeitpunkt der Zur\u00fcckstellungsentscheidung eine weitere Freiheitsstrafe zu vollstrecken ist, mithin der Widerrufsgrund nach \u00a7 35 Abs. 6 Nr. 2 BtMG gegeben ist (vgl. BGHSt 33, 94, 95 f.; K\u00f6rner, BtMG 6. Aufl. \u00a7. 35 Rdn. 116 m.w.N.). Entgegen der Auffassung des Oberlandesgerichts Frankfurt am Main im angefochtenen Beschluss (im Ergebnis ebenso OLG Stuttgart NStZ-RR 2009, 28, 29 f.; Kornprobst in M\u00fcnchKomm-StGB Nebenstrafrecht I \u00a7 35 BtMG Rdn. 130) stellt dabei die nach \u00a7 454b Abs. 2 StPO in ihrer Vollstreckung unterbrochene, nicht gem\u00e4\u00df \u00a7 35 BtMG zur\u00fcckstellungsf\u00e4hige Strafe eine im Sinne des \u00a7 35 Abs. 6 Nr. 2 BtMG zu vollstreckende Strafe dar, die die Zur\u00fcckstellung der weiteren Strafen gem\u00e4\u00df \u00a7 35 BtMG hindert (in diesem Sinne auch OLG M\u00fcnchen NStZ 2000, 223; KG, Beschluss vom 3. April 2009 \u2013 4 VAs 3/09; K\u00f6rner aaO \u00a7 35 Rdn. 316)."}, {"num": "9", "textProcessed": ["strafrechtsanderungsgesetz", "april", "bgbl", "eingefuhrt", "vorschrift", "abs", "satz", "nr", "stpo", "vollstreck", "mehr", "nacheinand", "vollstreck", "zeitig", "freiheitsstraf", "grundsatz", "zweidrittelzeitpunkt", "unterbrech", "regel", "dient", "zweck", "hinsicht", "rest", "straf", "einheit", "entscheid", "aussetz", "bewahr", "ermog", "vgl", "regierungsentwurf", "btdruck", "bericht", "rechtsausschuss", "bundestag", "btdruck"], "text": "a) Nach der durch das 23. Strafrechts\u00e4nderungsgesetz vom 13. April 1986 (BGBl I S. 393) eingef\u00fchrten Vorschrift des \u00a7 454b Abs. 2 Satz 1 Nr. 2 StPO ist die Vollstreckung mehrerer nacheinander zu vollstreckender zeitiger Freiheitsstrafen grunds\u00e4tzlich zum Zweidrittelzeitpunkt zu unterbrechen. Die Regelung dient dem Zweck, hinsichtlich der Reste aller Strafen eine einheitliche Entscheidung \u00fcber die Aussetzung zur Bew\u00e4hrung zu erm\u00f6glichen (vgl. Regierungsentwurf in BTDrucks. 10/2720 S. 15; Bericht des Rechtsausschusses des Bundestages in BTDrucks. 10/4391 S. 19)."}, {"num": "10", "textProcessed": ["aa", "aufgrund", "insoweit", "eindeut", "entscheid", "gesetzgeb", "scheidet", "zunach", "angefocht", "beschluss", "verkannt", "beschwerdegegn", "vorrang", "erstrebt", "vollstand", "vorabvollstreck", "zuruckstellungsfah", "straf", "vollstreckungsreihenfolg", "abs", "stvollstro", "zwingend"], "text": "aa) Aufgrund dieser insoweit eindeutigen Entscheidung des Gesetzgebers scheidet zun\u00e4chst \u2013 was im angefochtenen Beschluss auch nicht verkannt wird \u2013 die vom Beschwerdegegner vorrangig erstrebte vollst\u00e4ndige Vorabvollstreckung der nicht zur\u00fcckstellungsf\u00e4higen Strafe nach \u00c4nderung der Vollstreckungsreihenfolge (\u00a7 43 Abs. 4 StVollstrO) zwingend aus."}, {"num": "11", "textProcessed": ["bb", "abs", "stpo", "ermoglicht", "unterbrech", "vollstreck", "zweidrittelzeitpunkt", "ledig", "zweck", "vollstreck", "weit", "freiheitsstraf", "vorschrift", "schafft", "hingeg", "grundlag", "strafvollstreck", "ermoglich", "therapi", "zuruckstell", "strafvollstreck", "btmg", "unterbrech", "hatt", "gesetzgeb", "zuletzt", "genannt", "moglich", "eroffn", "ausdruck", "regel", "erford", "verurteilt", "gemass", "btmg", "therapi", "unterzieht", "befindet", "mehr", "strafvollzug", "verdeutlicht", "wortlaut", "abs", "btmg", "danach", "vollstreck", "straf", "zuruckgestellt", "straf", "mithin", "gerad", "vollstreckt", "dementsprech", "gehort", "therapiezeit", "strafvollstreck", "eigent", "sinn", "vielmehr", "btmg", "straf", "anzurechn"], "text": "bb) \u00a7 454b Abs. 2 StPO erm\u00f6glicht eine Unterbrechung der Vollstreckung zum Zweidrittelzeitpunkt lediglich zum Zweck der Vollstreckung weiterer Freiheitsstrafen. Die Vorschrift schafft hingegen nicht die Grundlage, die Strafvollstreckung zur Erm\u00f6glichung einer Therapie nach Zur\u00fcckstellung der Strafvollstreckung nach \u00a7 35 BtMG zu unterbrechen. H\u00e4tte der Gesetzgeber die zuletzt genannte M\u00f6glichkeit er\u00f6ffnen wollen, so w\u00e4re eine ausdr\u00fcckliche Regelung erforderlich gewesen. Denn ein Verurteilter, der sich gem\u00e4\u00df \u00a7 35 BtMG einer Therapie unterzieht, befindet sich nicht mehr im Strafvollzug. Dies verdeutlicht der Wortlaut von \u00a7 35 Abs. 1 BtMG. Danach wird die Vollstreckung der Strafe \"zur\u00fcckgestellt\", die Strafe mithin gerade nicht vollstreckt. Dementsprechend geh\u00f6rt die Therapiezeit nicht zur Strafvollstreckung im eigentlichen Sinne. Vielmehr ist sie nach \u00a7 36 BtMG auf die Strafe anzurechnen."}, {"num": "12", "textProcessed": ["vollstreckungsunterbrech", "abs", "stpo", "belasst", "jeweil", "betroff", "straf", "weiterhin", "stadium", "vollstreck", "deshalb", "vollstreck", "sinn", "abs", "nr", "btmg"], "text": "b) Die Vollstreckungsunterbrechung nach \u00a7 454b Abs. 2 StPO bel\u00e4sst die jeweils von ihr betroffene Strafe weiterhin im Stadium der Vollstreckung. Sie ist deshalb eine \"zu vollstreckende\" im Sinne des \u00a7 35 Abs. 6 Nr. 2 BtMG."}, {"num": "13", "textProcessed": ["unterbrech", "stellt", "gesetzgeb", "vorlieg", "voraussetz", "zwingend", "angeordnet", "verfahrensmassnahm", "dar", "vorweggenomm", "vgl", "kg", "aao", "prognost", "erwag", "raum", "lasst", "allein", "zweck", "weit", "vollstreck", "mindest", "straf", "weit", "verlauf", "einheit", "entscheid", "aussetz", "reststraf", "ermog", "vgl", "oben", "lit", "vollstreckungsstadium", "dauert", "demnach", "hinsicht", "samtlich", "betroff", "straf", "einheit", "entscheid", "fort", "beendet", "vollstreck", "erst", "positiv", "entscheid", "stgb", "vorbehalt", "legalbewahr", "teil", "strafvollstreck", "verzichtet", "vgl", "stree", "schonk", "schrod", "stgb", "aufl", "rdn", "vollstand", "vollstreck", "jeweil", "straf"], "text": "Die Unterbrechung stellt eine vom Gesetzgeber bei Vorliegen der Voraussetzungen zwingend angeordnete Verfahrensma\u00dfnahme dar, die f\u00fcr \u2013 vorweggenommene (vgl. KG aaO) \u2013 prognostische Erw\u00e4gungen keinen Raum l\u00e4sst. Ihr alleiniger Zweck ist es, nach weiterer Vollstreckung mindestens einer Strafe im weiteren Verlauf die einheitliche Entscheidung \u00fcber die Aussetzung der Reststrafen zu erm\u00f6glichen (vgl. oben lit. a). Das Vollstreckungsstadium dauert demnach hinsichtlich s\u00e4mtlicher betroffener Strafen bis zu dieser (einheitlichen) Entscheidung fort. Beendet wird die Vollstreckung erst mit der (positiven) Entscheidung nach \u00a7 57 StGB, durch die \u2013 unter dem Vorbehalt der Legalbew\u00e4hrung \u2013 auf einen Teil der Strafvollstreckung verzichtet wird (vgl. Stree in Sch\u00f6nke/Schr\u00f6der, StGB 27. Aufl. \u00a7 57 Rdn. 2), oder nach vollst\u00e4ndiger Vollstreckung der jeweiligen Strafe."}, {"num": "14", "textProcessed": ["normzweck", "abs", "btmg", "spricht", "dafur", "zuruckstell", "straf", "erst", "entscheid", "reststrafenaussetz", "zuruckstellungsfah", "straf", "ermog"], "text": "c) Auch der Normzweck des \u00a7 35 Abs. 6 BtMG spricht daf\u00fcr, die Zur\u00fcckstellung einer Strafe erst nach der Entscheidung \u00fcber die Reststrafenaussetzung einer nicht zur\u00fcckstellungsf\u00e4higen Strafe zu erm\u00f6glichen."}, {"num": "15", "textProcessed": ["abs", "nr", "btmg", "verhind", "dass", "erfolgreich", "therapiert", "verurteilt", "beendig", "therapi", "strafvollzug", "gelangt", "dadurch", "behandlungserfolg", "gefahrdet", "vgl", "kornprob", "aao", "btmg", "rdn", "gefahr", "betroff", "fall", "auszuschliess", "folgt", "erst", "lini", "daraus", "dass", "prognos", "rahm", "reststrafenaussetz", "abs", "satz", "btmg", "gegenub", "allgemein", "regel", "abs", "stgb", "sucht", "verurteilt", "bedingt", "besond", "gelt", "nament", "vorleb", "verurteilt", "gering", "roll", "spiel", "vgl", "web", "btmg", "aufl", "rdn", "ff", "kornprob", "aao", "rdn", "ff", "korn", "aao", "rdn", "ff", "deshalb", "denkbar", "dass", "prognos", "hinsicht", "begeh", "straftat", "aufgrund", "betaubungsmittelabhang", "hinblick", "erfolgreich", "durchlauf", "therapi", "positiv", "ausfallt", "wohingeg", "legalbewahr", "betroff", "vielfach", "tat", "aufgrund", "neigung", "unabhang", "drogensucht", "straftat", "begeh", "negativ", "beurteil", "uberdi", "regel", "verschied", "spruchkorp", "zustand", "reststrafenaussetz", "stgb", "gemass", "stpo", "zumeist", "strafvollstreckungskamm", "reststrafenaussetz", "btmg", "gemass", "abs", "satz", "btmg", "gericht", "erst", "rechtszug", "dass", "desweg", "divergier", "entscheid", "besorg", "besteht", "mithin", "theoret", "risiko", "dass", "erfolgreich", "therapiert", "abs", "btmg", "gerad", "verhind", "erneut", "strafvollzug", "gelangt"], "text": "\u00a7 35 Abs. 6 Nr. 2 BtMG will verhindern, dass ein erfolgreich therapierter Verurteilter nach Beendigung der Therapie wieder in den Strafvollzug gelangt, weil dadurch der Behandlungserfolg wieder gef\u00e4hrdet werden k\u00f6nnte (vgl. Kornprobst aaO \u00a7 35 BtMG Rdn. 215). Eine solche Gefahr ist in den betroffenen F\u00e4llen nicht auszuschlie\u00dfen. Dies folgt in erster Linie daraus, dass f\u00fcr die Prognose im Rahmen der Reststrafenaussetzung nach \u00a7 36 Abs. 1 Satz 3 BtMG gegen\u00fcber der allgemeinen Regelung nach \u00a7 57 Abs. 1 StGB durch die Sucht des Verurteilten bedingte Besonderheiten gelten; namentlich kann das Vorleben des Verurteilten eine geringere Rolle spielen (vgl. Weber, BtMG 3. Aufl. \u00a7 36 Rdn. 58 ff.; Kornprobst aaO \u00a7 36 Rdn. 50 ff.; K\u00f6rner aaO \u00a7 36 Rdn. 62 ff.). Es ist deshalb denkbar, dass die Prognose hinsichtlich der Begehung von Straftaten aufgrund der Bet\u00e4ubungsmittelabh\u00e4ngigkeit im Hinblick auf die erfolgreich durchlaufene Therapie positiv ausf\u00e4llt, wohingegen die Legalbew\u00e4hrung des betroffenen (Vielfach-) T\u00e4ters aufgrund dessen Neigung, auch unabh\u00e4ngig von seiner Drogensucht Straftaten zu begehen, negativ zu beurteilen ist.\u00a0\u00a0\u00dcberdies sind in der Regel verschiedene Spruchk\u00f6rper zust\u00e4ndig (bei der Reststrafenaussetzung nach \u00a7 57 StGB gem\u00e4\u00df \u00a7 462a StPO zumeist die Strafvollstreckungskammer; bei der Reststrafenaussetzung nach \u00a7 36 BtMG gem\u00e4\u00df \u00a7 36 Abs. 5 Satz 1 BtMG das Gericht des ersten Rechtszuges), so dass auch deswegen divergierende Entscheidungen zu besorgen sind. Es besteht mithin das nicht nur theoretische Risiko, dass der erfolgreich Therapierte \u2013 was \u00a7 35 Abs. 6 BtMG gerade verhindern will \u2013 erneut in den Strafvollzug gelangt."}, {"num": "16", "textProcessed": ["analog", "anwend", "abs", "stpo", "blick", "zuruckstell", "erfolg", "therapi", "schofberg", "nstz", "scheidet", "ermangelt", "bereit", "erkennbar", "planwidr", "regelungsluck", "schweig", "gesetzgeb", "nachvollziehbar", "ergebnis", "vielmehr", "abgeleitet", "dass", "fallgestalt", "beurteil", "einheit", "entscheid", "reststrafenaussetz", "vorrang", "einraumt"], "text": "d) Eine analoge Anwendung des \u00a7 454b Abs. 2 StPO mit Blick auf die nach der Zur\u00fcckstellung erfolgende Therapie (so Sch\u00f6fberger NStZ 2005, 441, 442) scheidet aus. Es ermangelt bereits einer erkennbar planwidrigen Regelungsl\u00fccke. Aus dem Schweigen des Gesetzgebers kann \u2013 bei nachvollziehbaren Ergebnissen \u2013 vielmehr auch abgeleitet werden, dass er in Fallgestaltungen wie der hier zu beurteilenden der Einheitlichkeit der Entscheidung \u00fcber die Reststrafenaussetzung den Vorrang einr\u00e4umt."}, {"num": "17", "textProcessed": ["weit", "aufklar", "entscheidungserheb", "tatsach", "erford", "senat", "entscheidet", "deshalb", "gemass", "abs", "satz", "famfg", "sach"], "text": "2. Eine weitere Aufkl\u00e4rung entscheidungserheblicher Tatsachen ist nicht erforderlich. Der Senat entscheidet deshalb gem\u00e4\u00df \u00a7 74 Abs. 6 Satz 1 FamFG in der Sache selbst."}, {"num": "18", "textProcessed": ["oberlandesgericht", "vorgenomm", "festsetz", "geschaftswert", "unterliegt", "unanfechtbar", "abs", "satz", "kosto", "aufheb", "senat", "weist", "jedoch", "darauf", "dass", "fall", "beurteil", "regelmass", "mindestwert", "orienti", "vgl", "kissel", "may", "gvg", "aufl", "eggvg", "rdn", "schoreit", "kk", "aufl", "eggvg", "rdn"], "text": "3. Die durch das Oberlandesgericht vorgenommene Festsetzung des Gesch\u00e4ftswerts unterliegt \u2013 weil unanfechtbar (\u00a7 30 Abs. 3 Satz 2 KostO) \u2013 nicht der Aufhebung. Der Senat weist jedoch darauf hin, dass sich diese in F\u00e4llen wie dem hier zu beurteilenden regelm\u00e4\u00dfig am Mindestwert zu orientieren hat (vgl. Kissel/Mayer, GVG 6. Aufl. \u00a7 30 EGGVG Rdn. 7; Schoreit in KK 6. Aufl. \u00a7 30 EGGVG Rdn. 7)."}], "norm": ["\u00a7 35 Nr 2 BtMG", "\u00a7 454b StPO"], "doktyp": "Beschluss", "regionLong": "Bundesrepublik Deutschland", "sonstlt": "", "gruendeProcessed": ["beschwerd", "wendet", "generalstaatsanwaltschaft", "beschluss", "oberlandesgericht", "frankfurt", "main", "februar", "aufheb", "beschwerdegegn", "ergang", "vollstreckungsbescheid", "vollstreckungsbehord", "verpflichtet", "word", "beschwerdegegn", "beachtung", "rechtsauffass", "oberlandesgericht", "reihenfolg", "vollstreck", "neu", "bescheid", "angefocht", "entscheid", "liegt", "folgend", "sachverhalt", "zugrund", "vielfach", "aufgrund", "straftat", "zusammenhang", "betaubungsmittelabhang", "steh", "vorbestraft", "beschwerdegegn", "wurd", "zunach", "abs", "nr", "btmg", "zuruckstellungsfah", "gesamtfreiheitsstraf", "jahr", "sech", "monat", "diebstahl", "zwei", "fall", "sowi", "computerbetrug", "vier", "fall", "urteil", "amtsgericht", "kassel", "juni", "az", "js", "vollstreckt", "zweidrittelverbuss", "juni", "notiert", "seith", "verbusst", "beschwerdegegn", "btmg", "zuruckstellungsfah", "ursprung", "bewahr", "ausgesetzt", "widerruf", "funfmonat", "gesamtfreiheitsstraf", "fahr", "fahrerlaubnis", "zwei", "fall", "urteil", "amtsgericht", "kassel", "juni", "az", "js", "zweidrittelverbuss", "oktob", "strafend", "novemb", "notiert", "daran", "anschliess", "vollstreck", "landgericht", "marburg", "strafvollstreckungskamm", "zuruckstell", "gemass", "btmg", "widerruf", "strafr", "urteil", "landgericht", "kassel", "januar", "sowi", "vollstreck", "letzt", "drittel", "zunach", "bewahr", "ausgesetzt", "widerruf", "ebenfall", "gemass", "abs", "nr", "btmg", "zuruckstellungsfah", "freiheitsstraf", "jahr", "sech", "monat", "urteil", "amtsgericht", "kassel", "august", "letzt", "drittel", "straf", "oben", "genannt", "urteil", "amtsgericht", "kassel", "juni", "notiert", "gesamtstraf", "mai", "berechnet", "beschwerdefuhr", "mai", "vollstreckungsreihenfolg", "dahingeh", "beantragt", "dass", "zunach", "abs", "btmg", "zuruckstellungsfah", "straf", "urteil", "amtsgericht", "kassel", "juni", "vollstreck", "sei", "beabsicht", "nachstmog", "zeitpunkt", "antrag", "zuruckstell", "vollstreck", "btmg", "stell", "antrag", "staatsanwaltschaft", "kassel", "bescheid", "juni", "abgelehnt", "dageg", "gerichtet", "beschwerd", "landgericht", "fulda", "strafvollstreckungskamm", "einwend", "abs", "stpo", "beschluss", "septemb", "verworf", "sofort", "beschwerd", "beschwerdegegn", "oberlandesgericht", "frankfurt", "main", "beschluss", "aufgehob", "rechtsweg", "eggvg", "eroffnet", "sei", "wesweg", "zunach", "generalstaatsanwaltschaft", "vorschaltbeschwerd", "entscheid", "daraufhin", "ergang", "verwerfungsbescheid", "generalstaatsanwaltschaft", "beschwerdegegn", "oberlandesgericht", "frankfurt", "main", "angeruf", "begrund", "dass", "zuruckstell", "straf", "bereit", "zeitpunkt", "moglich", "sei", "zuruckstellungsfah", "straf", "zwei", "dritteln", "verbusst", "weit", "vollstreck", "unterbroch", "sei", "hob", "oberlandesgericht", "vollstreckungsbescheid", "verpflichtet", "vollstreckungsbehord", "beschwerdegegn", "beachtung", "rechtsauffass", "erneut", "bescheid", "zugleich", "gemass", "eggvg", "rechtsbeschwerd", "sicher", "einheit", "rechtsprech", "zugelass", "ii", "zulass", "rechtsbeschwerd", "generalstaatsanwaltschaft", "entsprech", "stellungnahm", "generalbundesanwalt", "sach", "erfolg", "vgl", "bgh", "beschluss", "august", "ar", "vs", "veroffentlich", "bghst", "bestimmt", "wichtig", "grund", "gemass", "abs", "stvollstro", "abweich", "absatz", "vorschrift", "geregelt", "reihenfolg", "vollstreck", "gebietet", "liegt", "beschwerdegegn", "begehrt", "umkehr", "vollstreckungsreihenfolg", "fruh", "zuruckstell", "strafvollstreck", "abs", "btmg", "erreicht", "steht", "entgeg", "dass", "fahr", "fahrerlaubnis", "zwei", "fall", "ergang", "gesamtfreiheitsstraf", "urteil", "amtsgericht", "kassel", "juni", "weit", "zuruckstellungsfah", "freiheitsstraf", "vollstreck", "vgl", "abs", "nr", "btmg", "zuruckstellungsentscheid", "kommt", "deshalb", "erst", "betracht", "abs", "satz", "nr", "abs", "stpo", "reststrafenaussetz", "straf", "entschied", "word", "allgemein", "meinung", "darf", "strafvollstreck", "gemass", "btmg", "zuruckgestellt", "verurteilt", "schon", "zeitpunkt", "zuruckstellungsentscheid", "weit", "freiheitsstraf", "vollstreck", "mithin", "widerrufsgrund", "abs", "nr", "btmg", "gegeb", "vgl", "bghst", "korn", "btmg", "aufl", "rdn", "entgeg", "auffass", "oberlandesgericht", "frankfurt", "main", "angefocht", "beschluss", "ergebnis", "ebenso", "olg", "stuttgart", "nstz", "rr", "kornprob", "munchkomm", "stgb", "nebenstrafrecht", "btmg", "rdn", "stellt", "dabei", "abs", "stpo", "vollstreck", "unterbroch", "gemass", "btmg", "zuruckstellungsfah", "straf", "sinn", "abs", "nr", "btmg", "vollstreck", "straf", "dar", "zuruckstell", "weit", "straf", "gemass", "btmg", "hindert", "sinn", "olg", "munch", "nstz", "kg", "beschluss", "april", "vas", "korn", "aao", "rdn", "strafrechtsanderungsgesetz", "april", "bgbl", "eingefuhrt", "vorschrift", "abs", "satz", "nr", "stpo", "vollstreck", "mehr", "nacheinand", "vollstreck", "zeitig", "freiheitsstraf", "grundsatz", "zweidrittelzeitpunkt", "unterbrech", "regel", "dient", "zweck", "hinsicht", "rest", "straf", "einheit", "entscheid", "aussetz", "bewahr", "ermog", "vgl", "regierungsentwurf", "btdruck", "bericht", "rechtsausschuss", "bundestag", "btdruck", "aa", "aufgrund", "insoweit", "eindeut", "entscheid", "gesetzgeb", "scheidet", "zunach", "angefocht", "beschluss", "verkannt", "beschwerdegegn", "vorrang", "erstrebt", "vollstand", "vorabvollstreck", "zuruckstellungsfah", "straf", "vollstreckungsreihenfolg", "abs", "stvollstro", "zwingend", "bb", "abs", "stpo", "ermoglicht", "unterbrech", "vollstreck", "zweidrittelzeitpunkt", "ledig", "zweck", "vollstreck", "weit", "freiheitsstraf", "vorschrift", "schafft", "hingeg", "grundlag", "strafvollstreck", "ermoglich", "therapi", "zuruckstell", "strafvollstreck", "btmg", "unterbrech", "hatt", "gesetzgeb", "zuletzt", "genannt", "moglich", "eroffn", "ausdruck", "regel", "erford", "verurteilt", "gemass", "btmg", "therapi", "unterzieht", "befindet", "mehr", "strafvollzug", "verdeutlicht", "wortlaut", "abs", "btmg", "danach", "vollstreck", "straf", "zuruckgestellt", "straf", "mithin", "gerad", "vollstreckt", "dementsprech", "gehort", "therapiezeit", "strafvollstreck", "eigent", "sinn", "vielmehr", "btmg", "straf", "anzurechn", "vollstreckungsunterbrech", "abs", "stpo", "belasst", "jeweil", "betroff", "straf", "weiterhin", "stadium", "vollstreck", "deshalb", "vollstreck", "sinn", "abs", "nr", "btmg", "unterbrech", "stellt", "gesetzgeb", "vorlieg", "voraussetz", "zwingend", "angeordnet", "verfahrensmassnahm", "dar", "vorweggenomm", "vgl", "kg", "aao", "prognost", "erwag", "raum", "lasst", "allein", "zweck", "weit", "vollstreck", "mindest", "straf", "weit", "verlauf", "einheit", "entscheid", "aussetz", "reststraf", "ermog", "vgl", "oben", "lit", "vollstreckungsstadium", "dauert", "demnach", "hinsicht", "samtlich", "betroff", "straf", "einheit", "entscheid", "fort", "beendet", "vollstreck", "erst", "positiv", "entscheid", "stgb", "vorbehalt", "legalbewahr", "teil", "strafvollstreck", "verzichtet", "vgl", "stree", "schonk", "schrod", "stgb", "aufl", "rdn", "vollstand", "vollstreck", "jeweil", "straf", "normzweck", "abs", "btmg", "spricht", "dafur", "zuruckstell", "straf", "erst", "entscheid", "reststrafenaussetz", "zuruckstellungsfah", "straf", "ermog", "abs", "nr", "btmg", "verhind", "dass", "erfolgreich", "therapiert", "verurteilt", "beendig", "therapi", "strafvollzug", "gelangt", "dadurch", "behandlungserfolg", "gefahrdet", "vgl", "kornprob", "aao", "btmg", "rdn", "gefahr", "betroff", "fall", "auszuschliess", "folgt", "erst", "lini", "daraus", "dass", "prognos", "rahm", "reststrafenaussetz", "abs", "satz", "btmg", "gegenub", "allgemein", "regel", "abs", "stgb", "sucht", "verurteilt", "bedingt", "besond", "gelt", "nament", "vorleb", "verurteilt", "gering", "roll", "spiel", "vgl", "web", "btmg", "aufl", "rdn", "ff", "kornprob", "aao", "rdn", "ff", "korn", "aao", "rdn", "ff", "deshalb", "denkbar", "dass", "prognos", "hinsicht", "begeh", "straftat", "aufgrund", "betaubungsmittelabhang", "hinblick", "erfolgreich", "durchlauf", "therapi", "positiv", "ausfallt", "wohingeg", "legalbewahr", "betroff", "vielfach", "tat", "aufgrund", "neigung", "unabhang", "drogensucht", "straftat", "begeh", "negativ", "beurteil", "uberdi", "regel", "verschied", "spruchkorp", "zustand", "reststrafenaussetz", "stgb", "gemass", "stpo", "zumeist", "strafvollstreckungskamm", "reststrafenaussetz", "btmg", "gemass", "abs", "satz", "btmg", "gericht", "erst", "rechtszug", "dass", "desweg", "divergier", "entscheid", "besorg", "besteht", "mithin", "theoret", "risiko", "dass", "erfolgreich", "therapiert", "abs", "btmg", "gerad", "verhind", "erneut", "strafvollzug", "gelangt", "analog", "anwend", "abs", "stpo", "blick", "zuruckstell", "erfolg", "therapi", "schofberg", "nstz", "scheidet", "ermangelt", "bereit", "erkennbar", "planwidr", "regelungsluck", "schweig", "gesetzgeb", "nachvollziehbar", "ergebnis", "vielmehr", "abgeleitet", "dass", "fallgestalt", "beurteil", "einheit", "entscheid", "reststrafenaussetz", "vorrang", "einraumt", "weit", "aufklar", "entscheidungserheb", "tatsach", "erford", "senat", "entscheidet", "deshalb", "gemass", "abs", "satz", "famfg", "sach", "oberlandesgericht", "vorgenomm", "festsetz", "geschaftswert", "unterliegt", "unanfechtbar", "abs", "satz", "kosto", "aufheb", "senat", "weist", "jedoch", "darauf", "dass", "fall", "beurteil", "regelmass", "mindestwert", "orienti", "vgl", "kissel", "may", "gvg", "aufl", "eggvg", "rdn", "schoreit", "kk", "aufl", "eggvg", "rdn", "braus", "solin", "stojanovi\u0107", "schaal", "jag", "konig"], "mitwirkung": "", "aktenzeichen": "5 AR (VS) 23/10", "language": "deutsch", "gertyp": "BGH", "leitsatz": "\n      <div>\n         <dl class=\"RspDL\">\n            <dt/>\n            <dd>\n               <p>1. Eine nach \u00a7 454b Abs. 2 StPO unterbrochene, nicht gem\u00e4\u00df \u00a7 35 BtMG zur\u00fcckstellungsf\u00e4hige Strafe stellt eine im Sinne des \u00a7 35 Abs. 6 Nr. 2 BtMG zu vollstreckende Strafe dar, die die Zur\u00fcckstellung einer weiteren Strafe nach \u00a7 35 BtMG hindert.</p>\n            </dd>\n         </dl>\n         <dl class=\"RspDL\">\n            <dt/>\n            <dd>\n               <p>2. Zitierungen: Entgegen OLG Stuttgart, 22. Oktober 2008, 4 Ws 202/08, NStZ-RR 2009, 28, 29 f.; Best\u00e4tigung OLG M\u00fcnchen, 2. Dezember 1999, 2 Ws 1168/99, NStZ 2000, 223 und KG Berlin, 3. April 2009, 4 VAs 3/09.</p>\n            </dd>\n         </dl>\n         <dl class=\"RspDL\">\n            <dt/>\n            <dd>\n               <p/>\n            </dd>\n         </dl>\n      </div>\n   ", "gruende": "\n      <div>\n         <dl class=\"RspDL\">\n            <dt/>\n            <dd>\n               <p/>\n            </dd>\n         </dl>\n         <dl class=\"RspDL\">\n            <dt>\n               <a name=\"rd_1\">1</a>\n            </dt>\n            <dd>\n               <p>Mit ihrer Beschwerde wendet sich die Generalstaatsanwaltschaft gegen den Beschluss des Oberlandesgerichts Frankfurt am Main vom 25. Februar 2010, mit dem unter Aufhebung gegen den Beschwerdegegner ergangener Vollstreckungsbescheide die Vollstreckungsbeh\u00f6rde verpflichtet worden ist, den Beschwerdegegner unter Beachtung der Rechtsauffassung des Oberlandesgerichts \u00fcber die Reihenfolge der Vollstreckung neu zu bescheiden.</p>\n            </dd>\n         </dl>\n         <dl class=\"RspDL\">\n            <dt/>\n            <dd>\n               <p/>\n            </dd>\n         </dl>\n         <dl class=\"RspDL\">\n            <dt/>\n            <dd>\n               <p style=\"margin-left:90pt\">I.</p>\n            </dd>\n         </dl>\n         <dl class=\"RspDL\">\n            <dt/>\n            <dd>\n               <p/>\n            </dd>\n         </dl>\n         <dl class=\"RspDL\">\n            <dt>\n               <a name=\"rd_2\">2</a>\n            </dt>\n            <dd>\n               <p>Der angefochtenen Entscheidung liegt folgender Sachverhalt zugrunde:</p>\n            </dd>\n         </dl>\n         <dl class=\"RspDL\">\n            <dt/>\n            <dd>\n               <p/>\n            </dd>\n         </dl>\n         <dl class=\"RspDL\">\n            <dt>\n               <a name=\"rd_3\">3</a>\n            </dt>\n            <dd>\n               <p>Gegen den vielfach, auch aufgrund von Straftaten, die nicht im Zusammenhang mit seiner Bet\u00e4ubungsmittelabh\u00e4ngigkeit stehen, vorbestraften Beschwerdegegner wurde zun\u00e4chst eine (nach \u00a7 35 Abs. 1, 3 Nr. 1 BtMG zur\u00fcckstellungsf\u00e4hige) Gesamtfreiheitsstrafe von einem Jahr und sechs Monaten wegen Diebstahls in zwei F\u00e4llen sowie Computerbetrugs in vier F\u00e4llen aus dem Urteil des Amtsgerichts Kassel vom 20. Juni 2008 (Az. 3620 Js 42794/07) vollstreckt. Die Zweidrittelverb\u00fc\u00dfung war auf den 27. Juni 2010 notiert. Seither verb\u00fc\u00dft der Beschwerdegegner eine (nicht nach \u00a7 35 BtMG zur\u00fcckstellungsf\u00e4hige) urspr\u00fcnglich zur Bew\u00e4hrung ausgesetzte, dann aber widerrufene f\u00fcnfmonatige Gesamtfreiheitsstrafe wegen Fahrens ohne Fahrerlaubnis in zwei F\u00e4llen aus dem Urteil des Amtsgerichts Kassel vom 14. Juni 2005 (Az. 9821 Js 30581/04). Die Zweidrittelverb\u00fc\u00dfung ist auf den 7. Oktober 2010, das Strafende auf den 27. November 2010 notiert. Daran anschlie\u00dfend sind die Vollstreckung eines durch das Landgericht Marburg \u2013 Strafvollstreckungskammer \u2013 nach einer Zur\u00fcckstellung gem\u00e4\u00df \u00a7 35 BtMG widerrufenen Strafrests aus dem Urteil des Landgerichts Kassel vom 6. Januar 1999 sowie die Vollstreckung des letzten Drittels der zun\u00e4chst zur Bew\u00e4hrung ausgesetzten, dann aber widerrufenen (ebenfalls gem\u00e4\u00df \u00a7 35 Abs. 1, 3 Nr. 1 BtMG zur\u00fcckstellungsf\u00e4higen) Freiheitsstrafe von einem Jahr und sechs Monaten aus dem Urteil des Amtsgerichts Kassel vom 23. August 2007 und des letzten Drittels der Strafe aus dem oben genannten Urteil des Amtsgerichts Kassel vom 20. Juni 2008 notiert. Das Gesamtstrafende ist auf den 11. Mai 2013 berechnet.</p>\n            </dd>\n         </dl>\n         <dl class=\"RspDL\">\n            <dt/>\n            <dd>\n               <p/>\n            </dd>\n         </dl>\n         <dl class=\"RspDL\">\n            <dt>\n               <a name=\"rd_4\">4</a>\n            </dt>\n            <dd>\n               <p>Der Beschwerdef\u00fchrer hat am 25. Mai 2009 eine \u00c4nderung der Vollstreckungsreihenfolge dahingehend beantragt, dass zun\u00e4chst die nicht nach \u00a7 35 Abs. 1 BtMG zur\u00fcckstellungsf\u00e4hige Strafe aus dem Urteil des Amtsgerichts Kassel vom 14. Juni 2005 zu vollstrecken sei, weil er beabsichtige, zum n\u00e4chstm\u00f6glichen Zeitpunkt einen Antrag auf Zur\u00fcckstellung der Vollstreckung nach \u00a7 35 BtMG zu stellen. Diesen Antrag hat die Staatsanwaltschaft Kassel mit Bescheid vom 23. Juni 2009 abgelehnt, eine dagegen gerichtete Beschwerde hat das Landgericht Fulda \u2013 Strafvollstreckungskammer \u2013 als Einwendung nach \u00a7 458 Abs. 2 StPO mit Beschluss vom 16. September 2009 verworfen. Auf die sofortige Beschwerde des Beschwerdegegners hat das Oberlandesgericht Frankfurt am Main diesen Beschluss aufgehoben, weil der Rechtsweg nach \u00a7 23 EGGVG er\u00f6ffnet sei, weswegen zun\u00e4chst die Generalstaatsanwaltschaft \u00fcber die Vorschaltbeschwerde zu entscheiden habe.</p>\n            </dd>\n         </dl>\n         <dl class=\"RspDL\">\n            <dt/>\n            <dd>\n               <p/>\n            </dd>\n         </dl>\n         <dl class=\"RspDL\">\n            <dt>\n               <a name=\"rd_5\">5</a>\n            </dt>\n            <dd>\n               <p>Gegen den daraufhin ergangenen Verwerfungsbescheid der Generalstaatsanwaltschaft hat der Beschwerdegegner das Oberlandesgericht Frankfurt am Main angerufen. Mit der Begr\u00fcndung, dass die Zur\u00fcckstellung einer Strafe bereits in dem Zeitpunkt m\u00f6glich sei, in dem die nicht zur\u00fcckstellungsf\u00e4hige Strafe zu zwei Dritteln verb\u00fc\u00dft und ihre weitere Vollstreckung unterbrochen sei, hob das Oberlandesgericht die Vollstreckungsbescheide auf und verpflichtete die Vollstreckungsbeh\u00f6rde, den Beschwerdegegner unter Beachtung seiner Rechtsauffassung erneut zu bescheiden. Zugleich hat es gem\u00e4\u00df \u00a7 29 EGGVG die Rechtsbeschwerde zur Sicherung einer einheitlichen Rechtsprechung zugelassen.</p>\n            </dd>\n         </dl>\n         <dl class=\"RspDL\">\n            <dt/>\n            <dd>\n               <p/>\n            </dd>\n         </dl>\n         <dl class=\"RspDL\">\n            <dt/>\n            <dd>\n               <p style=\"margin-left:90pt\">II.</p>\n            </dd>\n         </dl>\n         <dl class=\"RspDL\">\n            <dt/>\n            <dd>\n               <p/>\n            </dd>\n         </dl>\n         <dl class=\"RspDL\">\n            <dt>\n               <a name=\"rd_6\">6</a>\n            </dt>\n            <dd>\n               <p>Die zul\u00e4ssige Rechtsbeschwerde der Generalstaatsanwaltschaft hat \u2013 entsprechend der Stellungnahme des Generalbundesanwalts \u2013 in der Sache Erfolg (vgl. BGH, Beschluss vom 4. August 2010 \u2013 5 AR (VS) 22/10, zur Ver\u00f6ffentlichung in BGHSt bestimmt).</p>\n            </dd>\n         </dl>\n         <dl class=\"RspDL\">\n            <dt/>\n            <dd>\n               <p/>\n            </dd>\n         </dl>\n         <dl class=\"RspDL\">\n            <dt>\n               <a name=\"rd_7\">7</a>\n            </dt>\n            <dd>\n               <p>Ein wichtiger Grund, der gem\u00e4\u00df \u00a7 43 Abs. 4 StVollstrO eine Abweichung von der in Absatz 2 und 3 dieser Vorschrift geregelten Reihenfolge der Vollstreckung gebietet, liegt nicht vor. Durch die vom Beschwerdegegner begehrte Umkehr der Vollstreckungsreihenfolge kann eine fr\u00fchere Zur\u00fcckstellung der Strafvollstreckung nach \u00a7 35 Abs. 1, 3 BtMG nicht erreicht werden. Dieser steht entgegen, dass mit der wegen Fahrens ohne Fahrerlaubnis in zwei F\u00e4llen ergangenen Gesamtfreiheitsstrafe aus dem Urteil des Amtsgerichts Kassel vom 14. Juni 2005 eine weitere, nicht zur\u00fcckstellungsf\u00e4hige Freiheitsstrafe zu vollstrecken ist (vgl. \u00a7 35 Abs. 6 Nr. 2 BtMG). Eine Zur\u00fcckstellungsentscheidung kommt deshalb erst in Betracht, wenn nach \u00a7 454b Abs. 2 Satz 1 Nr. 2, Abs. 3 StPO \u00fcber die Reststrafenaussetzung aller Strafen entschieden worden ist.</p>\n            </dd>\n         </dl>\n         <dl class=\"RspDL\">\n            <dt/>\n            <dd>\n               <p/>\n            </dd>\n         </dl>\n         <dl class=\"RspDL\">\n            <dt>\n               <a name=\"rd_8\">8</a>\n            </dt>\n            <dd>\n               <p>1. Nach allgemeiner Meinung darf die Strafvollstreckung nicht gem\u00e4\u00df \u00a7 35 BtMG zur\u00fcckgestellt werden, wenn gegen den Verurteilten schon im Zeitpunkt der Zur\u00fcckstellungsentscheidung eine weitere Freiheitsstrafe zu vollstrecken ist, mithin der Widerrufsgrund nach \u00a7 35 Abs. 6 Nr. 2 BtMG gegeben ist (vgl. BGHSt 33, 94, 95 f.; K\u00f6rner, BtMG 6. Aufl. \u00a7. 35 Rdn. 116 m.w.N.). Entgegen der Auffassung des Oberlandesgerichts Frankfurt am Main im angefochtenen Beschluss (im Ergebnis ebenso OLG Stuttgart NStZ-RR 2009, 28, 29 f.; Kornprobst in M\u00fcnchKomm-StGB Nebenstrafrecht I \u00a7 35 BtMG Rdn. 130) stellt dabei die nach \u00a7 454b Abs. 2 StPO in ihrer Vollstreckung unterbrochene, nicht gem\u00e4\u00df \u00a7 35 BtMG zur\u00fcckstellungsf\u00e4hige Strafe eine im Sinne des \u00a7 35 Abs. 6 Nr. 2 BtMG zu vollstreckende Strafe dar, die die Zur\u00fcckstellung der weiteren Strafen gem\u00e4\u00df \u00a7 35 BtMG hindert (in diesem Sinne auch OLG M\u00fcnchen NStZ 2000, 223; KG, Beschluss vom 3. April 2009 \u2013 4 VAs 3/09; K\u00f6rner aaO \u00a7 35 Rdn. 316).</p>\n            </dd>\n         </dl>\n         <dl class=\"RspDL\">\n            <dt/>\n            <dd>\n               <p/>\n            </dd>\n         </dl>\n         <dl class=\"RspDL\">\n            <dt>\n               <a name=\"rd_9\">9</a>\n            </dt>\n            <dd>\n               <p>a) Nach der durch das 23. Strafrechts\u00e4nderungsgesetz vom 13. April 1986 (BGBl I S. 393) eingef\u00fchrten Vorschrift des \u00a7 454b Abs. 2 Satz 1 Nr. 2 StPO ist die Vollstreckung mehrerer nacheinander zu vollstreckender zeitiger Freiheitsstrafen grunds\u00e4tzlich zum Zweidrittelzeitpunkt zu unterbrechen. Die Regelung dient dem Zweck, hinsichtlich der Reste aller Strafen eine einheitliche Entscheidung \u00fcber die Aussetzung zur Bew\u00e4hrung zu erm\u00f6glichen (vgl. Regierungsentwurf in BTDrucks. 10/2720 S. 15; Bericht des Rechtsausschusses des Bundestages in BTDrucks. 10/4391 S. 19).</p>\n            </dd>\n         </dl>\n         <dl class=\"RspDL\">\n            <dt/>\n            <dd>\n               <p/>\n            </dd>\n         </dl>\n         <dl class=\"RspDL\">\n            <dt>\n               <a name=\"rd_10\">10</a>\n            </dt>\n            <dd>\n               <p>aa) Aufgrund dieser insoweit eindeutigen Entscheidung des Gesetzgebers scheidet zun\u00e4chst \u2013 was im angefochtenen Beschluss auch nicht verkannt wird \u2013 die vom Beschwerdegegner vorrangig erstrebte vollst\u00e4ndige Vorabvollstreckung der nicht zur\u00fcckstellungsf\u00e4higen Strafe nach \u00c4nderung der Vollstreckungsreihenfolge (\u00a7 43 Abs. 4 StVollstrO) zwingend aus.</p>\n            </dd>\n         </dl>\n         <dl class=\"RspDL\">\n            <dt/>\n            <dd>\n               <p/>\n            </dd>\n         </dl>\n         <dl class=\"RspDL\">\n            <dt>\n               <a name=\"rd_11\">11</a>\n            </dt>\n            <dd>\n               <p>bb) \u00a7 454b Abs. 2 StPO erm\u00f6glicht eine Unterbrechung der Vollstreckung zum Zweidrittelzeitpunkt lediglich zum Zweck der Vollstreckung weiterer Freiheitsstrafen. Die Vorschrift schafft hingegen nicht die Grundlage, die Strafvollstreckung zur Erm\u00f6glichung einer Therapie nach Zur\u00fcckstellung der Strafvollstreckung nach \u00a7 35 BtMG zu unterbrechen. H\u00e4tte der Gesetzgeber die zuletzt genannte M\u00f6glichkeit er\u00f6ffnen wollen, so w\u00e4re eine ausdr\u00fcckliche Regelung erforderlich gewesen. Denn ein Verurteilter, der sich gem\u00e4\u00df \u00a7 35 BtMG einer Therapie unterzieht, befindet sich nicht mehr im Strafvollzug. Dies verdeutlicht der Wortlaut von \u00a7 35 Abs. 1 BtMG. Danach wird die Vollstreckung der Strafe \"zur\u00fcckgestellt\", die Strafe mithin gerade nicht vollstreckt. Dementsprechend geh\u00f6rt die Therapiezeit nicht zur Strafvollstreckung im eigentlichen Sinne. Vielmehr ist sie nach \u00a7 36 BtMG auf die Strafe anzurechnen.</p>\n            </dd>\n         </dl>\n         <dl class=\"RspDL\">\n            <dt/>\n            <dd>\n               <p/>\n            </dd>\n         </dl>\n         <dl class=\"RspDL\">\n            <dt>\n               <a name=\"rd_12\">12</a>\n            </dt>\n            <dd>\n               <p>b) Die Vollstreckungsunterbrechung nach \u00a7 454b Abs. 2 StPO bel\u00e4sst die jeweils von ihr betroffene Strafe weiterhin im Stadium der Vollstreckung. Sie ist deshalb eine \"zu vollstreckende\" im Sinne des \u00a7 35 Abs. 6 Nr. 2 BtMG.</p>\n            </dd>\n         </dl>\n         <dl class=\"RspDL\">\n            <dt/>\n            <dd>\n               <p/>\n            </dd>\n         </dl>\n         <dl class=\"RspDL\">\n            <dt>\n               <a name=\"rd_13\">13</a>\n            </dt>\n            <dd>\n               <p>Die Unterbrechung stellt eine vom Gesetzgeber bei Vorliegen der Voraussetzungen zwingend angeordnete Verfahrensma\u00dfnahme dar, die f\u00fcr \u2013 vorweggenommene (vgl. KG aaO) \u2013 prognostische Erw\u00e4gungen keinen Raum l\u00e4sst. Ihr alleiniger Zweck ist es, nach weiterer Vollstreckung mindestens einer Strafe im weiteren Verlauf die einheitliche Entscheidung \u00fcber die Aussetzung der Reststrafen zu erm\u00f6glichen (vgl. oben lit. a). Das Vollstreckungsstadium dauert demnach hinsichtlich s\u00e4mtlicher betroffener Strafen bis zu dieser (einheitlichen) Entscheidung fort. Beendet wird die Vollstreckung erst mit der (positiven) Entscheidung nach \u00a7 57 StGB, durch die \u2013 unter dem Vorbehalt der Legalbew\u00e4hrung \u2013 auf einen Teil der Strafvollstreckung verzichtet wird (vgl. Stree in Sch\u00f6nke/Schr\u00f6der, StGB 27. Aufl. \u00a7 57 Rdn. 2), oder nach vollst\u00e4ndiger Vollstreckung der jeweiligen Strafe.</p>\n            </dd>\n         </dl>\n         <dl class=\"RspDL\">\n            <dt/>\n            <dd>\n               <p/>\n            </dd>\n         </dl>\n         <dl class=\"RspDL\">\n            <dt>\n               <a name=\"rd_14\">14</a>\n            </dt>\n            <dd>\n               <p>c) Auch der Normzweck des \u00a7 35 Abs. 6 BtMG spricht daf\u00fcr, die Zur\u00fcckstellung einer Strafe erst nach der Entscheidung \u00fcber die Reststrafenaussetzung einer nicht zur\u00fcckstellungsf\u00e4higen Strafe zu erm\u00f6glichen.</p>\n            </dd>\n         </dl>\n         <dl class=\"RspDL\">\n            <dt/>\n            <dd>\n               <p/>\n            </dd>\n         </dl>\n         <dl class=\"RspDL\">\n            <dt>\n               <a name=\"rd_15\">15</a>\n            </dt>\n            <dd>\n               <p>\u00a7 35 Abs. 6 Nr. 2 BtMG will verhindern, dass ein erfolgreich therapierter Verurteilter nach Beendigung der Therapie wieder in den Strafvollzug gelangt, weil dadurch der Behandlungserfolg wieder gef\u00e4hrdet werden k\u00f6nnte (vgl. Kornprobst aaO \u00a7 35 BtMG Rdn. 215). Eine solche Gefahr ist in den betroffenen F\u00e4llen nicht auszuschlie\u00dfen. Dies folgt in erster Linie daraus, dass f\u00fcr die Prognose im Rahmen der Reststrafenaussetzung nach \u00a7 36 Abs. 1 Satz 3 BtMG gegen\u00fcber der allgemeinen Regelung nach \u00a7 57 Abs. 1 StGB durch die Sucht des Verurteilten bedingte Besonderheiten gelten; namentlich kann das Vorleben des Verurteilten eine geringere Rolle spielen (vgl. Weber, BtMG 3. Aufl. \u00a7 36 Rdn. 58 ff.; Kornprobst aaO \u00a7 36 Rdn. 50 ff.; K\u00f6rner aaO \u00a7 36 Rdn. 62 ff.). Es ist deshalb denkbar, dass die Prognose hinsichtlich der Begehung von Straftaten aufgrund der Bet\u00e4ubungsmittelabh\u00e4ngigkeit im Hinblick auf die erfolgreich durchlaufene Therapie positiv ausf\u00e4llt, wohingegen die Legalbew\u00e4hrung des betroffenen (Vielfach-) T\u00e4ters aufgrund dessen Neigung, auch unabh\u00e4ngig von seiner Drogensucht Straftaten zu begehen, negativ zu beurteilen ist.\u00a0\u00a0\u00dcberdies sind in der Regel verschiedene Spruchk\u00f6rper zust\u00e4ndig (bei der Reststrafenaussetzung nach \u00a7 57 StGB gem\u00e4\u00df \u00a7 462a StPO zumeist die Strafvollstreckungskammer; bei der Reststrafenaussetzung nach \u00a7 36 BtMG gem\u00e4\u00df \u00a7 36 Abs. 5 Satz 1 BtMG das Gericht des ersten Rechtszuges), so dass auch deswegen divergierende Entscheidungen zu besorgen sind. Es besteht mithin das nicht nur theoretische Risiko, dass der erfolgreich Therapierte \u2013 was \u00a7 35 Abs. 6 BtMG gerade verhindern will \u2013 erneut in den Strafvollzug gelangt.</p>\n            </dd>\n         </dl>\n         <dl class=\"RspDL\">\n            <dt/>\n            <dd>\n               <p/>\n            </dd>\n         </dl>\n         <dl class=\"RspDL\">\n            <dt>\n               <a name=\"rd_16\">16</a>\n            </dt>\n            <dd>\n               <p>d) Eine analoge Anwendung des \u00a7 454b Abs. 2 StPO mit Blick auf die nach der Zur\u00fcckstellung erfolgende Therapie (so Sch\u00f6fberger NStZ 2005, 441, 442) scheidet aus. Es ermangelt bereits einer erkennbar planwidrigen Regelungsl\u00fccke. Aus dem Schweigen des Gesetzgebers kann \u2013 bei nachvollziehbaren Ergebnissen \u2013 vielmehr auch abgeleitet werden, dass er in Fallgestaltungen wie der hier zu beurteilenden der Einheitlichkeit der Entscheidung \u00fcber die Reststrafenaussetzung den Vorrang einr\u00e4umt.</p>\n            </dd>\n         </dl>\n         <dl class=\"RspDL\">\n            <dt/>\n            <dd>\n               <p/>\n            </dd>\n         </dl>\n         <dl class=\"RspDL\">\n            <dt>\n               <a name=\"rd_17\">17</a>\n            </dt>\n            <dd>\n               <p>2. Eine weitere Aufkl\u00e4rung entscheidungserheblicher Tatsachen ist nicht erforderlich. Der Senat entscheidet deshalb gem\u00e4\u00df \u00a7 74 Abs. 6 Satz 1 FamFG in der Sache selbst.</p>\n            </dd>\n         </dl>\n         <dl class=\"RspDL\">\n            <dt/>\n            <dd>\n               <p/>\n            </dd>\n         </dl>\n         <dl class=\"RspDL\">\n            <dt>\n               <a name=\"rd_18\">18</a>\n            </dt>\n            <dd>\n               <p>3. Die durch das Oberlandesgericht vorgenommene Festsetzung des Gesch\u00e4ftswerts unterliegt \u2013 weil unanfechtbar (\u00a7 30 Abs. 3 Satz 2 KostO) \u2013 nicht der Aufhebung. Der Senat weist jedoch darauf hin, dass sich diese in F\u00e4llen wie dem hier zu beurteilenden regelm\u00e4\u00dfig am Mindestwert zu orientieren hat (vgl. Kissel/Mayer, GVG 6. Aufl. \u00a7 30 EGGVG Rdn. 7; Schoreit in KK 6. Aufl. \u00a7 30 EGGVG Rdn. 7).</p>\n            </dd>\n         </dl>\n         <dl class=\"RspDL\">\n            <dt/>\n            <dd>\n               <p/>\n            </dd>\n         </dl>\n         <dl class=\"RspDL\">\n            <dt/>\n            <dd>\n               <p>Brause\u00a0\u00a0\u00a0\u00a0\u00a0\u00a0\u00a0\u00a0\u00a0\u00a0\u00a0\u00a0\u00a0\u00a0\u00a0\u00a0\u00a0\u00a0\u00a0\u00a0\u00a0\u00a0\u00a0\u00a0\u00a0\u00a0\u00a0\u00a0Solin-Stojanovi\u0107\u00a0\u00a0\u00a0\u00a0\u00a0\u00a0\u00a0\u00a0\u00a0\u00a0\u00a0\u00a0\u00a0\u00a0\u00a0\u00a0\u00a0\u00a0\u00a0Schaal</p>\n            </dd>\n         </dl>\n         <dl class=\"RspDL\">\n            <dt/>\n            <dd>\n               <p/>\n            </dd>\n         </dl>\n         <dl class=\"RspDL\">\n            <dt/>\n            <dd>\n               <p>\u00a0\u00a0\u00a0\u00a0\u00a0\u00a0\u00a0\u00a0\u00a0\u00a0\u00a0\u00a0\u00a0\u00a0\u00a0\u00a0\u00a0\u00a0\u00a0\u00a0\u00a0\u00a0\u00a0\u00a0\u00a0\u00a0\u00a0\u00a0\u00a0\u00a0\u00a0J\u00e4ger\u00a0\u00a0\u00a0\u00a0\u00a0\u00a0\u00a0\u00a0\u00a0\u00a0\u00a0\u00a0\u00a0\u00a0\u00a0\u00a0\u00a0\u00a0\u00a0\u00a0\u00a0\u00a0\u00a0\u00a0\u00a0\u00a0\u00a0\u00a0\u00a0\u00a0\u00a0\u00a0K\u00f6nig</p>\n            </dd>\n         </dl>\n         <dl class=\"RspDL\">\n            <dt/>\n            <dd>\n               <p/>\n            </dd>\n         </dl>\n      </div>\n   ", "accessRights": "public", "gerort": "", "entschDatum": "20100804", "coverage": "Deutschland", "titel": "\n      <dl class=\"RspDL\">\n         <dt/>\n         <dd>\n            <p>Strafvollstreckung bei Bet\u00e4ubungmittelabh\u00e4ngigen: Zur\u00fcckstellung der Vollstreckung bei einer nach Teilverb\u00fc\u00dfung zu vollstreckenden zur\u00fcckgestellten Strafe</p>\n         </dd>\n      </dl>\n   ", "ecli": "", "identifier": "http://www.rechtsprechung-im-internet.de/jportal/?quelle=jlink&docid=JURE100068638&psml=bsjrsprod.psml&max=true", "spruchkoerper": "5. Strafsenat", "vorinstanz": "vorgehend OLG Frankfurt, 25. Februar 2010, Az: 3 VAs 7/10, Beschluss\n   ", "doknr": "JURE100068638", "abweichendeMeinung": "", "tenor": "\n      <div>\n         <dl class=\"RspDL\">\n            <dt/>\n            <dd>\n               <p/>\n            </dd>\n         </dl>\n         <dl class=\"RspDL\">\n            <dt/>\n            <dd>\n               <p style=\"margin-left:72pt\">Auf die Beschwerde der Generalstaatsanwaltschaft wird der Beschluss des Oberlandesgerichts Frankfurt am Main vom 25. Februar 2010 in Ziff. 1 und 2 aufgehoben.</p>\n            </dd>\n         </dl>\n         <dl class=\"RspDL\">\n            <dt/>\n            <dd>\n               <p/>\n            </dd>\n         </dl>\n         <dl class=\"RspDL\">\n            <dt/>\n            <dd>\n               <p style=\"margin-left:72pt\">Der Antrag des Beschwerdegegners auf gerichtliche Entscheidung gegen den Bescheid der Generalstaatsanwaltschaft Frankfurt am Main vom 21. Dezember 2009 wird zur\u00fcckgewiesen.</p>\n            </dd>\n         </dl>\n         <dl class=\"RspDL\">\n            <dt/>\n            <dd>\n               <p/>\n            </dd>\n         </dl>\n         <dl class=\"RspDL\">\n            <dt/>\n            <dd>\n               <p style=\"margin-left:72pt\">Der Beschwerdegegner tr\u00e4gt die Kosten des Verfahrens.</p>\n            </dd>\n         </dl>\n         <dl class=\"RspDL\">\n            <dt/>\n            <dd>\n               <p/>\n            </dd>\n         </dl>\n      </div>\n   ", "regionAbk": "DEU"}