{"publisher": "BMJV", "tatbestand": "", "absaetze": [], "norm": ["\u00a7 25  StGB", "\u00a7 46 StGB", "\u00a7 29 S 1 Nr 1 BtMG", "\u00a7 30a BtMG"], "doktyp": "Beschluss", "regionLong": "Bundesrepublik Deutschland", "sonstlt": "", "gruendeProcessed": [], "mitwirkung": "", "aktenzeichen": "3 StR 89/10", "language": "deutsch", "gertyp": "BGH", "leitsatz": "", "gruende": "", "accessRights": "public", "gerort": "", "entschDatum": "20100415", "coverage": "Deutschland", "titel": "\n      <dl class=\"RspDL\">\n         <dt/>\n         <dd>\n            <p>Bandenhandel mit Bet\u00e4ubungsmitteln: Strafzumessung und Doppelverwertungsverbot</p>\n         </dd>\n      </dl>\n   ", "ecli": "", "identifier": "http://www.rechtsprechung-im-internet.de/jportal/?quelle=jlink&docid=JURE100061969&psml=bsjrsprod.psml&max=true", "spruchkoerper": "3. Strafsenat", "vorinstanz": "vorgehend LG Hannover, 27. November 2009, Az: 96 KLs 22/09 - 6231 Js 38399/09, Urteil\n   ", "doknr": "JURE100061969", "abweichendeMeinung": "", "tenor": "\n      <div>\n         <dl class=\"RspDL\">\n            <dt/>\n            <dd>\n               <p style=\"margin-left:18pt\">Die Revision des Angeklagten gegen das Urteil des Landgerichts\u00a0Hannover vom 27. November 2009 wird als unbegr\u00fcndet verworfen, da die Nachpr\u00fcfung des Urteils auf Grund der Revisionsrechtfertigung keinen Rechtsfehler zum Nachteil des Angeklagten ergeben hat (\u00a7 349 Abs. 2 StPO).</p>\n            </dd>\n         </dl>\n         <dl class=\"RspDL\">\n            <dt/>\n            <dd>\n               <p style=\"margin-left:18pt\">Der Beschwerdef\u00fchrer hat die Kosten des Rechtsmittels zu tragen.</p>\n            </dd>\n         </dl>\n         <dl class=\"RspDL\">\n            <dt/>\n            <dd>\n               <p/>\n            </dd>\n         </dl>\n         <dl class=\"RspDL\">\n            <dt/>\n            <dd>\n               <p>Erg\u00e4nzend bemerkt der Senat:</p>\n            </dd>\n         </dl>\n         <dl class=\"RspDL\">\n            <dt/>\n            <dd>\n               <p/>\n            </dd>\n         </dl>\n         <dl class=\"RspDL\">\n            <dt/>\n            <dd>\n               <p>Das Landgericht hat sowohl bei der Strafrahmenwahl als auch bei der konkreten Strafzumessung zu Lasten des Angeklagten ber\u00fccksichtigt, dass sich dieser mit den anderen Bandenmitgliedern nicht aus pers\u00f6nlichen Gr\u00fcnden, sondern \"nur zur Erlangung des wirtschaftlichen Ziels des Verkaufs von Drogen\" zusammengeschlossen habe. Diese Erw\u00e4gung verst\u00f6\u00dft gegen \u00a7 46 Abs. 3 StGB; denn mit dem Straftatbestand des Bandenhandels mit Bet\u00e4ubungsmitteln in nicht geringer Menge ist eine solche Intention wegen der f\u00fcr das Handeltreiben vorausgesetzten Eigenn\u00fctzigkeit jedenfalls bei t\u00e4terschaftlicher Begehungsweise notwendig verkn\u00fcpft. Soweit sich das Landgericht in diesem Punkt auf das Urteil des Senats vom 18. Juni 2009 (NStZ-RR 2009, 320, 321) st\u00fctzt, hat es die dortigen Ausf\u00fchrungen missverstanden. Denn in jener Entscheidung hat der Senat die <span style=\"text-decoration:underline\">strafmildernde</span> Erw\u00e4gung gebilligt, dass die Bande sich prim\u00e4r aus pers\u00f6nlicher Verbundenheit zusammengeschlossen habe und daher nicht dem Bild der \u00fcblichen Bandenkriminalit\u00e4t entspreche.</p>\n            </dd>\n         </dl>\n         <dl class=\"RspDL\">\n            <dt/>\n            <dd>\n               <p/>\n            </dd>\n         </dl>\n         <dl class=\"RspDL\">\n            <dt/>\n            <dd>\n               <p>Auf dem aufgezeigten Rechtsfehler beruht das Urteil indes nicht. Der Senat kann im Hinblick auf die sonstigen Zumessungserw\u00e4gungen des Landgerichts und die nur drei Monate \u00fcber dem gesetzlichen Mindestma\u00df festgesetzte Freiheitsstrafe (die Annahme eines minder schweren Falls kam nach den Umst\u00e4nden, insbesondere auch wegen der gehandelten Bet\u00e4ubungsmittelmenge, ersichtlich nicht in Betracht) ausschlie\u00dfen, dass das Landgericht ohne die rechtsfehlerhafte \u00dcberlegung auf eine niedrigere Strafe erkannt h\u00e4tte.</p>\n            </dd>\n         </dl>\n         <dl class=\"RspDL\">\n            <dt/>\n            <dd>\n               <p/>\n            </dd>\n         </dl>\n         <dl class=\"RspDL\">\n            <dt/>\n            <dd>\n               <p>Becker\u00a0\u00a0\u00a0\u00a0\u00a0\u00a0\u00a0\u00a0\u00a0\u00a0\u00a0\u00a0\u00a0\u00a0\u00a0\u00a0\u00a0\u00a0\u00a0\u00a0\u00a0\u00a0\u00a0\u00a0\u00a0\u00a0\u00a0\u00a0\u00a0\u00a0\u00a0\u00a0\u00a0\u00a0\u00a0\u00a0\u00a0\u00a0\u00a0\u00a0Pfister\u00a0\u00a0\u00a0\u00a0\u00a0\u00a0\u00a0\u00a0\u00a0\u00a0\u00a0\u00a0\u00a0\u00a0\u00a0\u00a0\u00a0\u00a0\u00a0\u00a0\u00a0\u00a0\u00a0\u00a0\u00a0\u00a0\u00a0\u00a0\u00a0\u00a0\u00a0\u00a0\u00a0\u00a0\u00a0\u00a0\u00a0\u00a0\u00a0von Lienen</p>\n            </dd>\n         </dl>\n         <dl class=\"RspDL\">\n            <dt/>\n            <dd>\n               <p>\u00a0\u00a0\u00a0\u00a0\u00a0\u00a0\u00a0\u00a0\u00a0\u00a0\u00a0\u00a0\u00a0\u00a0\u00a0\u00a0\u00a0\u00a0\u00a0\u00a0\u00a0\u00a0\u00a0\u00a0\u00a0Sch\u00e4fer\u00a0\u00a0\u00a0\u00a0\u00a0\u00a0\u00a0\u00a0\u00a0\u00a0\u00a0\u00a0\u00a0\u00a0\u00a0\u00a0\u00a0\u00a0\u00a0\u00a0\u00a0\u00a0\u00a0\u00a0\u00a0\u00a0\u00a0\u00a0\u00a0\u00a0\u00a0\u00a0\u00a0\u00a0\u00a0\u00a0\u00a0\u00a0Mayer</p>\n            </dd>\n         </dl>\n         <dl class=\"RspDL\">\n            <dt/>\n            <dd>\n               <p/>\n            </dd>\n         </dl>\n      </div>\n   ", "regionAbk": "DEU"}