{"publisher": "BMJV", "tatbestand": "", "absaetze": [], "norm": ["\u00a7 25 StGB", "\u00a7 251 StGB"], "doktyp": "Beschluss", "regionLong": "Bundesrepublik Deutschland", "sonstlt": "", "gruendeProcessed": [], "mitwirkung": "", "aktenzeichen": "3 StR 133/10", "language": "deutsch", "gertyp": "BGH", "leitsatz": "", "gruende": "", "accessRights": "public", "gerort": "", "entschDatum": "20100722", "coverage": "Deutschland", "titel": "\n      <dl class=\"RspDL\">\n         <dt/>\n         <dd>\n            <p>Raub mit Todesfolge: Zurechnung \u00fcber die Grunds\u00e4tze der \"sukzessiven Mitt\u00e4terschaft\"</p>\n         </dd>\n      </dl>\n   ", "ecli": "", "identifier": "http://www.rechtsprechung-im-internet.de/jportal/?quelle=jlink&docid=JURE100071317&psml=bsjrsprod.psml&max=true", "spruchkoerper": "3. Strafsenat", "vorinstanz": "vorgehend LG Stade, 13. Mai 2009, Az: 10 Ks 132 Js 13120/07, Urteil\n   ", "doknr": "JURE100071317", "abweichendeMeinung": "", "tenor": "\n      <div>\n         <dl class=\"RspDL\">\n            <dt/>\n            <dd>\n               <p style=\"margin-left:36pt\">1. Die Revisionen der Angeklagten gegen das Urteil des Landgerichts Stade vom 13. Mai 2009 werden als unbegr\u00fcndet verworfen, da die Nachpr\u00fcfung des Urteils auf Grund der Revisionsrechtfertigungen keinen Rechtsfehler zum Nachteil der Angeklagten ergeben hat (\u00a7 349 Abs. 2 StPO).</p>\n            </dd>\n         </dl>\n         <dl class=\"RspDL\">\n            <dt/>\n            <dd>\n               <p/>\n            </dd>\n         </dl>\n         <dl class=\"RspDL\">\n            <dt/>\n            <dd>\n               <p style=\"margin-left:36pt\">2. Die sofortige Beschwerde des Angeklagten\u00a0<strong>D.</strong> gegen die Kosten- und Auslagenentscheidung des vorgenannten Urteils wird verworfen, weil diese Entscheidung der Sach- und Rechtslage entspricht.</p>\n            </dd>\n         </dl>\n         <dl class=\"RspDL\">\n            <dt/>\n            <dd>\n               <p style=\"margin-left:36pt\">3. Jeder Beschwerdef\u00fchrer hat die Kosten seines Rechtsmittels und die den Nebenkl\u00e4gern im Revisionsverfahren entstandenen notwendigen Auslagen zu tragen.</p>\n            </dd>\n         </dl>\n         <dl class=\"RspDL\">\n            <dt/>\n            <dd>\n               <p/>\n            </dd>\n         </dl>\n         <dl class=\"RspDL\">\n            <dt/>\n            <dd>\n               <p>Erg\u00e4nzend zur Antragsschrift des Generalbundesanwalts bemerkt der Senat:</p>\n            </dd>\n         </dl>\n         <dl class=\"RspDL\">\n            <dt/>\n            <dd>\n               <p>\n                  <span style=\"text-decoration:underline\">1. Zur Verfahrensr\u00fcge Nr. 7. des Angeklagten C.</span>\n               </p>\n            </dd>\n         </dl>\n         <dl class=\"RspDL\">\n            <dt/>\n            <dd>\n               <p/>\n            </dd>\n         </dl>\n         <dl class=\"RspDL\">\n            <dt/>\n            <dd>\n               <p>Zwar hat das Landgericht den Beweisantrag auf Vernehmung der Gesch\u00e4digten des Raub\u00fcberfalls vom 23. Januar 2007 in L.\u00a0rechtsfehlerhaft mit der Begr\u00fcndung zur\u00fcckgewiesen, die Beweisbehauptungen seien aufs Geratewohl ins Blaue hinein aufgestellt, sodass es sich in Wahrheit um einen nicht ernstlich gemeinten, zum Schein gestellten Beweisantrag handele. Der Senat kann jedoch ausschlie\u00dfen, dass das Urteil auf diesem Rechtsfehler beruht. Nach dem Ergebnis der von der Strafkammer durchgef\u00fchrten Beweisaufnahme wurde bei dem Raub\u00fcberfall keine Beute gemacht. Aus dem verlesenen DNA-Gutachten ergibt sich, dass die Angeklagten V.\u00a0und P.\u00a0als Mitverursacher der am Tatort sichergestellten Spuren ausscheiden (UA S. 146).</p>\n            </dd>\n         </dl>\n         <dl class=\"RspDL\">\n            <dt/>\n            <dd>\n               <p/>\n            </dd>\n         </dl>\n         <dl class=\"RspDL\">\n            <dt/>\n            <dd>\n               <p>\n                  <span style=\"text-decoration:underline\">2. Zur Sachr\u00fcge des Angeklagten V.</span>\n               </p>\n            </dd>\n         </dl>\n         <dl class=\"RspDL\">\n            <dt/>\n            <dd>\n               <p/>\n            </dd>\n         </dl>\n         <dl class=\"RspDL\">\n            <dt/>\n            <dd>\n               <p>Das Landgericht hat den Angeklagten im Ergebnis zu Recht wegen Raubes mit Todesfolge (\u00a7 251 StGB) verurteilt.</p>\n            </dd>\n         </dl>\n         <dl class=\"RspDL\">\n            <dt/>\n            <dd>\n               <p/>\n            </dd>\n         </dl>\n         <dl class=\"RspDL\">\n            <dt/>\n            <dd>\n               <p>Es bestehen Bedenken, ob dem Angeklagten V.\u00a0das vors\u00e4tzliche Erschie\u00dfen der Opfer F.\u00a0und W.\u00a0durch den Mitangeklagten\u00a0C., der nach dem gemeinsamen Tatplan die geladene Selbstladepistole lediglich zur Drohung verwenden sollte, \u00fcber die Grunds\u00e4tze der \"sukzessiven Mitt\u00e4terschaft\" deshalb zugerechnet werden kann, weil er sich nach der von ihm erkannten T\u00f6tung weiter an der Durchf\u00fchrung des Raub\u00fcberfalls beteiligte. Gegen die Rechtsprechung, die dies bejaht (vgl. BGH, Urteil vom 18. Dezember 2007 - 1 StR 301/07, NStZ 2008, 280), werden von der Literatur Einwendungen von Gewicht erhoben (Walter NStZ 2008, 548, 553 f.; Sch\u00fcnemann in LK 12. Aufl. \u00a7 25 Rn. 197 ff.). Der Senat muss die Rechtsfrage nicht entscheiden; denn die getroffenen Feststellungen tragen den Schuldspruch mit einer anderen Begr\u00fcndung.</p>\n            </dd>\n         </dl>\n         <dl class=\"RspDL\">\n            <dt/>\n            <dd>\n               <p/>\n            </dd>\n         </dl>\n         <dl class=\"RspDL\">\n            <dt/>\n            <dd>\n               <p>Wie sich aus dem Gesamtzusammenhang der Urteilsgr\u00fcnde ergibt (UA S. 182), schob der Angeklagte nach dem von ihm erkannten Mitt\u00e4terexzess des Mitangeklagten C.\u00a0seine urspr\u00fcnglichen Bedenken hinsichtlich des Einsatzes der Schusswaffe beiseite und billigte weitere von ihm als m\u00f6glich erachtete Gewalthandlungen mit der geladenen Pistole. Damit hat sich sein ge\u00e4nderter bedingter Vorsatz auf den Einsatz der Schusswaffe gegen die bis dahin noch nicht schwerwiegend verletzten f\u00fcnf weiteren Opfer erstreckt. Er hat hinsichtlich des Todes dieser Menschen im Sinne des \u00a7 251 StGB leichtfertig gehandelt, weil sich ihm wegen des sofortigen Waffeneinsatzes gegen die ersten Opfer F.\u00a0und W.\u00a0kurz zuvor die vors\u00e4tzliche T\u00f6tung der weiteren Opfer durch den Mitangeklagten C.\u00a0als nahe liegende M\u00f6glichkeit aufdr\u00e4ngte.</p>\n            </dd>\n         </dl>\n         <dl class=\"RspDL\">\n            <dt/>\n            <dd>\n               <p/>\n            </dd>\n         </dl>\n         <dl class=\"RspDL\">\n            <dt/>\n            <dd>\n               <p>Es beschwert den Angeklagten nicht, dass das Landgericht bei der Strafzumessung nicht vom Strafrahmen des \u00a7 251 StGB, sondern von dem des \u00a7 250 Abs. 2 StGB ausgegangen ist (UA S. 204 f.).</p>\n            </dd>\n         </dl>\n         <dl class=\"RspDL\">\n            <dt/>\n            <dd>\n               <p/>\n            </dd>\n         </dl>\n         <dl class=\"RspDL\">\n            <dt/>\n            <dd>\n               <p>\n                  <span style=\"text-decoration:underline\">3. Zu den R\u00fcgen der Angeklagten hinsichtlich \u00a7 21 StGB</span>\n               </p>\n            </dd>\n         </dl>\n         <dl class=\"RspDL\">\n            <dt/>\n            <dd>\n               <p/>\n            </dd>\n         </dl>\n         <dl class=\"RspDL\">\n            <dt/>\n            <dd>\n               <p>Die Bejahung einer verminderten Steuerungsf\u00e4higkeit der Angeklagten C., D.\u00a0und V.\u00a0wegen der kurz vor dem Raub\u00fcberfall konsumierten Drogen schied schon nach den Grunds\u00e4tzen der \"actio libera in causa\" aus.</p>\n            </dd>\n         </dl>\n         <dl class=\"RspDL\">\n            <dt/>\n            <dd>\n               <p/>\n            </dd>\n         </dl>\n         <dl class=\"RspDL\">\n            <dt/>\n            <dd>\n               <p>Becker\u00a0\u00a0\u00a0\u00a0\u00a0\u00a0\u00a0\u00a0\u00a0\u00a0\u00a0\u00a0\u00a0\u00a0\u00a0\u00a0\u00a0\u00a0\u00a0\u00a0\u00a0\u00a0\u00a0\u00a0\u00a0\u00a0\u00a0\u00a0\u00a0Pfister\u00a0\u00a0\u00a0\u00a0\u00a0\u00a0\u00a0\u00a0\u00a0\u00a0\u00a0\u00a0\u00a0\u00a0\u00a0\u00a0\u00a0\u00a0\u00a0\u00a0\u00a0\u00a0\u00a0\u00a0\u00a0\u00a0\u00a0\u00a0\u00a0\u00a0\u00a0\u00a0\u00a0\u00a0von Lienen</p>\n            </dd>\n         </dl>\n         <dl class=\"RspDL\">\n            <dt/>\n            <dd>\n               <p>\u00a0\u00a0\u00a0\u00a0\u00a0\u00a0\u00a0\u00a0\u00a0\u00a0\u00a0\u00a0\u00a0\u00a0\u00a0\u00a0\u00a0\u00a0\u00a0Hubert\u00a0\u00a0\u00a0\u00a0\u00a0\u00a0\u00a0\u00a0\u00a0\u00a0\u00a0\u00a0\u00a0\u00a0\u00a0\u00a0\u00a0\u00a0\u00a0\u00a0\u00a0\u00a0\u00a0\u00a0\u00a0\u00a0\u00a0\u00a0\u00a0\u00a0Sch\u00e4fer</p>\n            </dd>\n         </dl>\n      </div>\n   ", "regionAbk": "DEU"}