{"publisher": "BMJV", "tatbestand": "", "absaetze": [], "norm": ["\u00a7 59 StPO", "JuMoG 1"], "doktyp": "Beschluss", "regionLong": "Bundesrepublik Deutschland", "sonstlt": "", "gruendeProcessed": [], "mitwirkung": "", "aktenzeichen": "3 StR 193/10", "language": "deutsch", "gertyp": "BGH", "leitsatz": "", "gruende": "", "accessRights": "public", "gerort": "", "entschDatum": "20100720", "coverage": "Deutschland", "titel": "\n      <dl class=\"RspDL\">\n         <dt/>\n         <dd>\n            <p>\n               <span style=\"color:#000000;\">Zeugenvernehmung im Strafverfahren: Teilweise Vereidigung eines wiederholt vernommenen Zeugen</span>\n            </p>\n         </dd>\n      </dl>\n   ", "ecli": "", "identifier": "http://www.rechtsprechung-im-internet.de/jportal/?quelle=jlink&docid=JURE100069610&psml=bsjrsprod.psml&max=true", "spruchkoerper": "3. Strafsenat", "vorinstanz": "vorgehend LG Osnabr\u00fcck, 27. November 2009, Az: 6 Ks 17/08 - 710 Js 32846/08, Urteil\n   ", "doknr": "JURE100069610", "abweichendeMeinung": "", "tenor": "\n      <div>\n         <dl class=\"RspDL\">\n            <dt/>\n            <dd>\n               <p>Die Revisionen der Angeklagten gegen das Urteil des Landgerichts Osnabr\u00fcck vom 27. November 2009 werden als unbegr\u00fcndet verworfen, da die Nachpr\u00fcfung des Urteils auf Grund der Revisionsrechtfertigungen keinen Rechtsfehler zum Nachteil der Angeklagten ergeben hat (\u00a7 349 Abs. 2 StPO).</p>\n            </dd>\n         </dl>\n         <dl class=\"RspDL\">\n            <dt/>\n            <dd>\n               <p/>\n            </dd>\n         </dl>\n         <dl class=\"RspDL\">\n            <dt/>\n            <dd>\n               <p>Jeder Beschwerdef\u00fchrer hat die Kosten seines Rechtsmittels und die der Nebenkl\u00e4gerin im Revisionsverfahren entstandenen notwendigen Auslagen zu tragen.</p>\n            </dd>\n         </dl>\n         <dl class=\"RspDL\">\n            <dt/>\n            <dd>\n               <p/>\n            </dd>\n         </dl>\n         <dl class=\"RspDL\">\n            <dt/>\n            <dd>\n               <p>Zu der von beiden Angeklagten erhobenen Verfahrensr\u00fcge bemerkt der Senat erg\u00e4nzend:</p>\n            </dd>\n         </dl>\n         <dl class=\"RspDL\">\n            <dt/>\n            <dd>\n               <p/>\n            </dd>\n         </dl>\n         <dl class=\"RspDL\">\n            <dt/>\n            <dd>\n               <p>Die Beanstandung, die Zeugen F.\u00a0und B.\u00a0seien vereidigt worden, obwohl sie der Nichtanzeige einer geplanten Straftat nach \u00a7 138 Abs. 1 Nr. 5 StGB verd\u00e4chtig gewesen seien und deshalb ein Vereidigungsverbot nach \u00a7 60 Nr. 2 StPO bestanden habe, hat keinen Erfolg. Beide Zeugen sind in der Hauptverhandlung mehrfach vernommen und zun\u00e4chst vereidigt, nach ihrer letzten Vernehmung jedoch unvereidigt entlassen worden. Hinsichtlich der Vereidigung eines mehrfach vernommenen Zeugen gilt:</p>\n            </dd>\n         </dl>\n         <dl class=\"RspDL\">\n            <dt/>\n            <dd>\n               <p/>\n            </dd>\n         </dl>\n         <dl class=\"RspDL\">\n            <dt/>\n            <dd>\n               <p>Wird ein Zeuge in einem sp\u00e4teren Abschnitt der Hauptverhandlung nochmals vernommen, bedarf es einer neuen Entscheidung \u00fcber die Vereidigung. Diese bezieht sich grunds\u00e4tzlich auf die gesamte bis dahin erstattete Aussage. Denn der Tatrichter kann fr\u00fchestens nach dem Abschluss der gesamten Aussage alle diejenigen Umst\u00e4nde \u00fcberblicken, die f\u00fcr die Aus\u00fcbung seines Ermessens von Bedeutung sein k\u00f6nnen; dabei bindet ihn seine fr\u00fchere Entscheidung \u00fcber die Vereidigung nicht. Eine unterschiedliche Entscheidung \u00fcber die Vereidigung eines Zeugen kommt - auch bei einer wiederholten Vernehmung - nur f\u00fcr Teile einer Aussage in Betracht, die verschiedene Taten betreffen. Selbst dabei ist aber zu beachten, dass eine Teilvereidigung dann nicht statthaft ist, wenn die Taten in einem inneren Zusammenhang miteinander stehen, insbesondere ein nicht oder nur schwer trennbares Gesamtgeschehen bilden. Ebenso kann ein Eid weder auf einzelne Bekundungen noch auf zeitlich getrennte Abschnitte eines Tatsachenkomplexes beschr\u00e4nkt werden (st. Rspr.; vgl. etwa BGH, Urteil vom 20. Februar 2003 - 3 StR 222/02, BGHSt 48, 221, 232 mwN).</p>\n            </dd>\n         </dl>\n         <dl class=\"RspDL\">\n            <dt/>\n            <dd>\n               <p/>\n            </dd>\n         </dl>\n         <dl class=\"RspDL\">\n            <dt/>\n            <dd>\n               <p>Es besteht auch mit Blick auf die Neufassung der Vereidigungsregeln durch das 1. Justizmodernisierungsgesetz vom 24. August 2004 (BGBl. I S. 2198, vgl. hierzu BGH, Beschluss vom 11. Dezember 2008 - 3 StR 429/08, NStZ 2009, 343; Beschluss vom 12. M\u00e4rz 2009 - 3 StR 568/08, NStZ 2009, 397) kein Anlass, von diesen Grunds\u00e4tzen abzuweichen (vgl. Meyer-Go\u00dfner, StPO, 53. Aufl., \u00a7 59 Rn. 7, \u00a7 60 Rn. 26; KK-Senge, 6. Aufl., \u00a7 59 Rn. 4; SK-StPO/Rogall \u00a7 59 Rn. 11; LR-Ignor/Bertheau, StPO, 26. Aufl., \u00a7 59 Rn. 13 f.). Danach sind die Aussagen der Zeugen - der ma\u00dfgebenden letzten Entscheidung des Landgerichts entsprechend - insgesamt als uneidlich zu werten. Hiermit in Einklang steht, dass die Strafkammer ausweislich der schriftlichen Urteilsgr\u00fcnde bei der Beweisw\u00fcrdigung nicht darauf abgestellt hat, dass die Zeugen unter Eid Angaben gemacht haben. Soweit die Revision versucht, durch die Mitteilung eines Instanzverteidigers darzutun, dass die Aussagen der Zeugen in ihren letzten Vernehmungen lediglich erg\u00e4nzenden Charakter gehabt h\u00e4tten, steht einer entsprechenden Bewertung durch den Senat bereits das revisionsrechtliche Rekonstruktionsverbot entgegen. Im \u00dcbrigen w\u00e4ren die Ausf\u00fchrungen der Revision nicht geeignet, einen Ausnahmefall zu belegen, der eine Teilvereidigung rechtfertigen k\u00f6nnte; denn Gegenstand des Verfahrens war mit der T\u00f6tung des M.\u00a0K.\u00a0nur eine Tat.</p>\n            </dd>\n         </dl>\n         <dl class=\"RspDL\">\n            <dt/>\n            <dd>\n               <p/>\n            </dd>\n         </dl>\n         <dl class=\"RspDL\">\n            <dt/>\n            <dd>\n               <p>Es kommt deshalb nicht entscheidungserheblich darauf an, ob ein Verbot der Vereidigung nach \u00a7 60 Nr. 2 StPO bestanden hat und gegebenenfalls das Urteil des Landgerichts auf einem Versto\u00df gegen diese Vorschrift beruht.</p>\n            </dd>\n         </dl>\n         <dl class=\"RspDL\">\n            <dt/>\n            <dd>\n               <p/>\n            </dd>\n         </dl>\n         <dl class=\"RspDL\">\n            <dt/>\n            <dd>\n               <p>Becker\u00a0\u00a0\u00a0\u00a0\u00a0\u00a0\u00a0\u00a0\u00a0\u00a0\u00a0\u00a0\u00a0\u00a0\u00a0\u00a0\u00a0\u00a0\u00a0\u00a0\u00a0\u00a0\u00a0\u00a0Pfister\u00a0\u00a0\u00a0\u00a0\u00a0\u00a0\u00a0\u00a0\u00a0\u00a0\u00a0\u00a0\u00a0\u00a0\u00a0\u00a0\u00a0\u00a0\u00a0\u00a0\u00a0\u00a0\u00a0\u00a0\u00a0\u00a0\u00a0von Lienen</p>\n            </dd>\n         </dl>\n         <dl class=\"RspDL\">\n            <dt/>\n            <dd>\n               <p>\u00a0\u00a0\u00a0\u00a0\u00a0\u00a0\u00a0\u00a0\u00a0\u00a0\u00a0\u00a0\u00a0\u00a0\u00a0\u00a0Hubert\u00a0\u00a0\u00a0\u00a0\u00a0\u00a0\u00a0\u00a0\u00a0\u00a0\u00a0\u00a0\u00a0\u00a0\u00a0\u00a0\u00a0\u00a0\u00a0\u00a0\u00a0\u00a0\u00a0\u00a0\u00a0Sch\u00e4fer</p>\n            </dd>\n         </dl>\n         <dl class=\"RspDL\">\n            <dt/>\n            <dd>\n               <p/>\n            </dd>\n         </dl>\n      </div>\n   ", "regionAbk": "DEU"}