{"publisher": "BMJV", "tatbestand": "", "absaetze": [{"num": "1", "textProcessed": ["landgericht", "angeklagt", "sexuell", "missbrauch", "schutzbefohl", "fall", "davon", "fall", "tatein", "sexuell", "missbrauch", "kind", "funf", "fall", "tatein", "schwer", "sexuell", "missbrauch", "kind", "zwei", "fall", "tatein", "vorsatz", "korperverletz", "gesamtfreiheitsstraf", "vier", "jahr", "sech", "monat", "verurteilt"], "text": "Das Landgericht hat den Angeklagten wegen sexuellen Missbrauchs von Schutzbefohlenen in 20 F\u00e4llen, davon in 13 F\u00e4llen in Tateinheit mit sexuellem Missbrauch von Kindern, in f\u00fcnf F\u00e4llen in Tateinheit mit schwerem sexuellem Missbrauch von Kindern und in zwei F\u00e4llen in Tateinheit mit vors\u00e4tzlicher K\u00f6rperverletzung zu einer Gesamtfreiheitsstrafe von vier Jahren und sechs Monaten verurteilt."}, {"num": "2", "textProcessed": ["revision", "rugt", "angeklagt", "verletz", "formell", "sachlich", "recht", "rechtsmittel", "verfahrensrug", "einvernahm", "augenschein", "abwes", "angeklagt", "beanstandet", "nr", "stpo", "erfolg"], "text": "Mit seiner Revision r\u00fcgt der Angeklagte die Verletzung formellen und sachlichen Rechts. Das Rechtsmittel hat mit der Verfahrensr\u00fcge, mit der die Einvernahme eines Augenscheins in Abwesenheit des Angeklagten beanstandet wird (\u00a7 338 Nr. 5 StPO), Erfolg."}, {"num": "3", "textProcessed": ["rug", "liegt", "folgend", "sachverhalt", "zugrund"], "text": "1. Der R\u00fcge liegt folgender Sachverhalt zugrunde:"}, {"num": "4", "textProcessed": ["landgericht", "erst", "funft", "hauptverhandlungstag", "geschadigt", "gebor", "zeugin", "stieftocht", "angeklagt", "vernomm", "jeweil", "dau", "vernehm", "entfern", "angeklagt", "gemass", "stpo", "angeordnet", "gelegent", "vernehm", "geschadigt", "funft", "hauptverhandlungstag", "verteid", "fotografi", "vorgelegt", "gegeb", "geschadigt", "vernehm", "genannt", "ortlich", "zeigt", "protokoll", "verhalt", "folgt"], "text": "Das Landgericht hat am ersten und am f\u00fcnften Hauptverhandlungstag die Gesch\u00e4digte, die 1992 geborene Zeugin R.\u00a0(Stieftochter des Angeklagten), vernommen und jeweils f\u00fcr die Dauer der Vernehmung die Entfernung des Angeklagten gem\u00e4\u00df \u00a7 247 StPO angeordnet. Gelegentlich der Vernehmung der Gesch\u00e4digten am f\u00fcnften Hauptverhandlungstag hat die Verteidigung eine Fotografie vorgelegt, welche die Gegebenheiten einer von der Gesch\u00e4digten in ihrer Vernehmung genannten \u00d6rtlichkeit zeigt. Das Protokoll verh\u00e4lt sich dazu wie folgt:"}, {"num": "5", "textProcessed": ["verteid", "angeklagt", "ubergab", "lichtbild", "ortlich", "badezimm", "lichtbild", "wurd", "kamm", "vertret", "staatsanwaltschaft", "sachverstand", "verteid", "zeugin", "augenschein", "genomm", "zeugin", "aussert", "hierzu"], "text": "\u201eDer Verteidiger des Angeklagten \u00fcbergab ein Lichtbild \u00fcber die \u00d6rtlichkeiten des Badezimmers. Das Lichtbild wurde von der Kammer, dem Vertreter der Staatsanwaltschaft, der Sachverst\u00e4ndigen, dem Verteidiger und der Zeugin in Augenschein genommen. Die Zeugin \u00e4u\u00dfert sich hierzu.\u201c"}, {"num": "6", "textProcessed": ["nachd", "angeklagt", "sitzungssaal", "geruf", "wurd", "wurd", "vorsitz", "inhalt", "aussag", "zeugin", "informiert", "angab", "vorgenannt", "lichtbild", "nochmal", "formlich", "augenscheinnahm", "fand", "statt"], "text": "Nachdem der Angeklagte wieder in den Sitzungssaal gerufen wurde, wurde er vom Vorsitzenden \u00fcber den Inhalt der Aussage der Zeugin R.\u00a0informiert, auch zu deren Angaben zum vorgenannten Lichtbild. Eine (nochmalige) f\u00f6rmliche Augenscheinnahme fand nicht statt."}, {"num": "7", "textProcessed": ["verfahrensgang", "begrundet", "absolut", "revisionsgrund", "nr", "stpo", "durchgefuhrt", "augenscheinsnahm", "restriktiv", "auszuleg", "begriff", "vernehm", "stpo", "umfasst", "dass", "entgeg", "abs", "stpo", "teil", "hauptverhandl", "abwes", "angeklagt", "durchgefuhrt", "wurd", "daraus", "resultier", "verfahrensverstoss", "wurd", "geheilt"], "text": "2. Dieser Verfahrensgang begr\u00fcndet den absoluten Revisionsgrund des \u00a7 338 Nr. 5 StPO. Die hier durchgef\u00fchrte Augenscheinsnahme (a) ist vom restriktiv auszulegenden Begriff der Vernehmung i.S.d. \u00a7 247 StPO nicht umfasst (b), so dass entgegen \u00a7 230 Abs. 1 StPO ein Teil der Hauptverhandlung in Abwesenheit des Angeklagten durchgef\u00fchrt wurde. Der daraus resultierende Verfahrensversto\u00df wurde hier auch nicht geheilt (c)."}, {"num": "8", "textProcessed": ["lichtbild", "wurd", "formlich", "augenschein", "genomm", "davon", "ausgegang", "dass", "gegenstand", "lichtbild", "ledig", "teil", "vernehm", "zulass", "vgl", "bgh", "beschluss", "oktob", "str", "vernehmungsbehelf", "herangezog", "wurd", "vorhalt", "urkund", "verwend", "augenscheinsobjekt", "vernehmungsbehelf", "verlauf", "zeugenvernehm", "hatt", "aufnahm", "sitzungsniederschrift", "bedurft", "vgl", "bgh", "beschluss", "dezemb", "str", "nstz", "niederschrift", "hauptverhandl", "jedoch", "bewies", "stpo", "dass", "formlich", "beweisaufnahm", "stattgefund", "umstand", "beweiskraft", "protokoll", "zweifel", "zieh", "konnt", "lieg", "inhalt", "hauptverhandlungsprotokoll", "insoweit", "auslegungsfah", "vgl", "bgh", "beschluss", "mai", "str", "nstz", "rr", "gewahlt", "formulier", "enthalt", "entscheid", "mai", "str", "zugrund", "liegend", "fall", "ind", "unklar", "lasst", "zweifel", "daran", "aufkomm", "dass", "formlich", "augenschein", "durchgefuhrt", "wurd", "ausserd", "durchfuhr", "formlich", "beweisaufnahm", "dienstlich", "stellungnahm", "sitzungsvertret", "staatsanwaltschaft", "bestatigt", "lichtbild", "wurd", "augenschein", "genomm", "senat", "eingeholt", "erganz", "stellungnahm", "berufsricht", "abred", "gestellt", "zeugin", "foto", "vorgehalt", "bzw", "augenschein", "genomm"], "text": "a) Das Lichtbild wurde f\u00f6rmlich in Augenschein genommen. Es kann nicht davon ausgegangen werden, dass das gegenst\u00e4ndliche Lichtbild lediglich - was als Teil der Vernehmung zul\u00e4ssig gewesen w\u00e4re (vgl. BGH, Beschluss vom 23. Oktober 2002 - 1 StR 234/02) - als Vernehmungsbehelf herangezogen wurde. Das Vorhalten von Urkunden und die Verwendung von Augenscheinsobjekten als Vernehmungsbehelfe im Verlauf einer Zeugenvernehmung h\u00e4tten keiner Aufnahme in die Sitzungsniederschrift bedurft (vgl. BGH, Beschluss vom 6. Dezember 2000 - 1 StR 488/00, NStZ 2001, 262). Hier wird durch die Niederschrift \u00fcber die Hauptverhandlung jedoch bewiesen (\u00a7 274 StPO), dass eine f\u00f6rmliche Beweisaufnahme stattgefunden hat. Umst\u00e4nde, die die Beweiskraft des Protokolls in Zweifel ziehen k\u00f6nnten, liegen nicht vor. Zwar ist der Inhalt eines Hauptverhandlungsprotokolls insoweit auslegungsf\u00e4hig (vgl. BGH, Beschluss vom 5. Mai 2004 - 2 StR 492/03, NStZ-RR 2004, 237). Die hier gew\u00e4hlte Formulierung enth\u00e4lt (anders als in dem der Entscheidung vom 4. Mai 2004 - 1 StR 391/03 - zugrunde liegenden Fall) indes keine Unklarheiten und l\u00e4sst Zweifel daran nicht aufkommen, dass ein f\u00f6rmlicher Augenschein durchgef\u00fchrt wurde. Au\u00dferdem wird die Durchf\u00fchrung einer f\u00f6rmlichen Beweisaufnahme durch die dienstliche Stellungnahme des Sitzungsvertreters der Staatsanwaltschaft best\u00e4tigt (\u201eLichtbild wurde \u2026 in Augenschein genommen\u201c) und auch in den vom Senat eingeholten erg\u00e4nzenden Stellungnahmen der Berufsrichter nicht in Abrede gestellt (\u201eder Zeugin dieses Foto vorgehalten bzw. mit ihr in Augenschein genommen\u201c)."}, {"num": "9", "textProcessed": ["verfahrensvorgang", "begriff", "vernehm", "satz", "stpo", "erfasst", "gesetz", "nah", "bestimmt", "begriff", "regelungszusammenhang", "stpo", "aufgrund", "hoh", "bedeut", "anwes", "angeklagt", "hauptverhandl", "anspruch", "rechtlich", "gehor", "angemess", "verteid", "art", "abs", "gg", "sowi", "art", "abs", "lit", "emrk", "garantiert", "restriktiv", "auszuleg", "bgh", "beschluss", "gross", "senat", "strafsach", "april", "gsst", "rn", "mwn", "wistra", "njw", "erheb", "sachbeweis", "demnach", "eng", "vernehm", "verbund", "teil", "vernehm", "stpo", "angeseh", "vorgang", "selbststand", "verfahrensrecht", "bedeut", "augenscheinsnahm", "abwes", "angeklagt", "dah", "beschluss", "ausschliess", "gedeckt", "somit", "fand", "teil", "hauptverhandl", "abwes", "angeklagt", "statt", "anwes", "gesetz", "vorschreibt", "stpo", "begrundet", "absolut", "revisionsgrund", "nr", "stpo"], "text": "b) Welche Verfahrensvorg\u00e4nge vom Begriff der Vernehmung i.S.d. \u00a7 247 Satz 1 und 2 StPO erfasst werden, wird vom Gesetz nicht n\u00e4her bestimmt. Dieser Begriff ist im Regelungszusammenhang der \u00a7\u00a7 247 und 248 StPO aufgrund der hohen Bedeutung der Anwesenheit des Angeklagten in der Hauptverhandlung, die als Anspruch auf rechtliches Geh\u00f6r und angemessene Verteidigung in Art. 103 Abs. 1 GG sowie durch Art. 6 Abs. 3 lit. c EMRK garantiert wird, restriktiv auszulegen (BGH, Beschluss des Gro\u00dfen Senats f\u00fcr Strafsachen vom 21. April 2010 - GSSt 1/09, Rn. 14 mwN, wistra 2010, 352 = NJW 2010, 2450). Die Erhebung eines Sachbeweises kann demnach, auch wenn er eng mit der Vernehmung verbunden ist, nicht als Teil der Vernehmung i.S.d. \u00a7 247 StPO angesehen werden, sondern ist ein Vorgang mit einer selbstst\u00e4ndigen verfahrensrechtlichen Bedeutung. Die Augenscheinsnahme in Abwesenheit des Angeklagten war daher vom Beschluss \u00fcber seine Ausschlie\u00dfung nicht gedeckt. Somit fand ein Teil der Hauptverhandlung in Abwesenheit des Angeklagten statt, dessen Anwesenheit das Gesetz vorschreibt (\u00a7\u00a7 230, 247 StPO). Dies begr\u00fcndet den absoluten Revisionsgrund des \u00a7 338 Nr. 5 StPO."}, {"num": "10", "textProcessed": ["verfahrensfehl", "wurd", "geheilt", "hatt", "erfolgt", "wiederhol", "augenscheinseinnahm", "weit", "hauptverhandl", "anwes", "angeklagt", "erfolg", "formlich", "augenscheinseinnahm", "dergestalt", "wiederholt", "dass", "gericht", "verfahrensbeteiligt", "augenscheinsobjekt", "nochmal", "besicht", "vielmehr", "hatt", "besicht", "augenscheinsobjekt", "angeklagt", "unterricht", "gemass", "satz", "stpo", "ausgereicht", "weiterhin", "anwes", "verfahrensbeteiligt", "moglich", "neu", "augenscheinsnahm", "bgh", "urteil", "novemb", "str", "mwn", "nstz", "ind", "lasst", "wesent", "formlich", "stpo", "schweigend", "protokoll", "hauptverhandl", "feststell", "dass", "augenschein", "wenigst", "weis", "nachgeholt", "word", "soweit", "dienstlich", "stellungnahm", "entnehm", "lichtbild", "sei", "thematisiert", "soweit", "erinn", "hochheb", "vorgezeigt", "word", "vermag", "negativ", "beweiskraft", "protokoll", "entkraft"], "text": "c) Der Verfahrensfehler wurde nicht geheilt. Dies h\u00e4tte nur durch eine - hier nicht erfolgte - Wiederholung der Augenscheinseinnahme w\u00e4hrend der weiteren Hauptverhandlung in Anwesenheit des Angeklagten erfolgen k\u00f6nnen. Zwar muss die f\u00f6rmliche Augenscheinseinnahme nicht dergestalt wiederholt werden, dass das Gericht und die Verfahrensbeteiligten das Augenscheinsobjekt nochmals besichtigen. Vielmehr h\u00e4tte die Besichtigung des Augenscheinsobjekts durch den Angeklagten w\u00e4hrend seiner Unterrichtung gem\u00e4\u00df \u00a7 247 Satz 4 StPO ausgereicht, wenn die weiterhin anwesenden Verfahrensbeteiligten die M\u00f6glichkeit einer neuerlichen Augenscheinsnahme hatten (BGH, Urteil vom 11. November 2009 - 5 StR 530/08 mwN, NStZ 2010, 162). Indes l\u00e4sst sich aus dem zu dieser wesentlichen F\u00f6rmlichkeit (\u00a7 274 StPO) schweigenden Protokoll zur Hauptverhandlung nicht feststellen, dass der Augenschein - wenigstens - in dieser Weise nachgeholt worden w\u00e4re. Soweit den dienstlichen Stellungnahmen zu entnehmen ist, das Lichtbild sei \u201ethematisiert\u201c oder (soweit erinnerlich durch Hochheben) vorgezeigt worden, vermag dies die - negative - Beweiskraft des Protokolls nicht zu entkr\u00e4ften."}, {"num": "11", "textProcessed": ["vorlieg", "absolut", "revisionsgrund", "nr", "stpo", "fuhrt", "aufheb", "urteil", "dass", "darauf", "ankommt", "urteil", "tatsach", "verfahrensfehl", "beruh"], "text": "3. Das Vorliegen eines absoluten Revisionsgrunds (\u00a7 338 Nr. 5 StPO) f\u00fchrt zur Aufhebung des Urteils, ohne dass es darauf ankommt, ob das Urteil tats\u00e4chlich auf dem Verfahrensfehler beruhen kann."}, {"num": "12", "textProcessed": ["fall", "denkgesetz", "ausgeschloss", "dass", "urteil", "verfahrensfehl", "beruht", "vgl", "bgh", "beschluss", "mai", "str", "liegt", "senat", "braucht", "entscheid", "derart", "hatt", "angenomm", "augenschein", "genomm", "lichtbild", "angeklagt", "stammt", "sogar", "gefertigt", "wurd", "zweifel", "unterlieg", "dass", "augenscheinsobjekt", "entnehm", "tatsach", "mindest", "gut", "kennt", "foto", "augenscheinsnahm", "vorgelegt", "word", "wed", "protokoll", "erganz", "eingeholt", "dienstlich", "stellungnahm", "erford", "bestimmt", "festgestellt"], "text": "Ein Fall, in dem es denkgesetzlich ausgeschlossen w\u00e4re, dass das Urteil auf dem Verfahrensfehler beruht (vgl. BGH, Beschluss vom 11. Mai 2006 - 4 StR 131/06), liegt nicht vor. Der Senat braucht nicht zu entscheiden, ob derartiges hier h\u00e4tte angenommen werden k\u00f6nnen, wenn das in Augenschein genommene Lichtbild vom Angeklagten selbst stammte oder von diesem sogar selbst gefertigt wurde, es also keinem Zweifel unterliegen kann, dass er die dem Augenscheinsobjekt zu entnehmenden Tatsachen mindestens so gut kennt, als w\u00e4re ihm das Foto zur Augenscheinsnahme vorgelegt worden. Denn dies kann weder aus dem Protokoll noch aus den erg\u00e4nzend eingeholten dienstlichen Stellungnahmen mit der dazu erforderlichen Bestimmtheit festgestellt werden."}], "norm": ["\u00a7 230 StPO", "\u00a7 247 StPO", "\u00a7 274 StPO", "\u00a7 338 Nr 5 StPO"], "doktyp": "Beschluss", "regionLong": "Bundesrepublik Deutschland", "sonstlt": "", "gruendeProcessed": ["landgericht", "angeklagt", "sexuell", "missbrauch", "schutzbefohl", "fall", "davon", "fall", "tatein", "sexuell", "missbrauch", "kind", "funf", "fall", "tatein", "schwer", "sexuell", "missbrauch", "kind", "zwei", "fall", "tatein", "vorsatz", "korperverletz", "gesamtfreiheitsstraf", "vier", "jahr", "sech", "monat", "verurteilt", "revision", "rugt", "angeklagt", "verletz", "formell", "sachlich", "recht", "rechtsmittel", "verfahrensrug", "einvernahm", "augenschein", "abwes", "angeklagt", "beanstandet", "nr", "stpo", "erfolg", "rug", "liegt", "folgend", "sachverhalt", "zugrund", "landgericht", "erst", "funft", "hauptverhandlungstag", "geschadigt", "gebor", "zeugin", "stieftocht", "angeklagt", "vernomm", "jeweil", "dau", "vernehm", "entfern", "angeklagt", "gemass", "stpo", "angeordnet", "gelegent", "vernehm", "geschadigt", "funft", "hauptverhandlungstag", "verteid", "fotografi", "vorgelegt", "gegeb", "geschadigt", "vernehm", "genannt", "ortlich", "zeigt", "protokoll", "verhalt", "folgt", "verteid", "angeklagt", "ubergab", "lichtbild", "ortlich", "badezimm", "lichtbild", "wurd", "kamm", "vertret", "staatsanwaltschaft", "sachverstand", "verteid", "zeugin", "augenschein", "genomm", "zeugin", "aussert", "hierzu", "nachd", "angeklagt", "sitzungssaal", "geruf", "wurd", "wurd", "vorsitz", "inhalt", "aussag", "zeugin", "informiert", "angab", "vorgenannt", "lichtbild", "nochmal", "formlich", "augenscheinnahm", "fand", "statt", "verfahrensgang", "begrundet", "absolut", "revisionsgrund", "nr", "stpo", "durchgefuhrt", "augenscheinsnahm", "restriktiv", "auszuleg", "begriff", "vernehm", "stpo", "umfasst", "dass", "entgeg", "abs", "stpo", "teil", "hauptverhandl", "abwes", "angeklagt", "durchgefuhrt", "wurd", "daraus", "resultier", "verfahrensverstoss", "wurd", "geheilt", "lichtbild", "wurd", "formlich", "augenschein", "genomm", "davon", "ausgegang", "dass", "gegenstand", "lichtbild", "ledig", "teil", "vernehm", "zulass", "vgl", "bgh", "beschluss", "oktob", "str", "vernehmungsbehelf", "herangezog", "wurd", "vorhalt", "urkund", "verwend", "augenscheinsobjekt", "vernehmungsbehelf", "verlauf", "zeugenvernehm", "hatt", "aufnahm", "sitzungsniederschrift", "bedurft", "vgl", "bgh", "beschluss", "dezemb", "str", "nstz", "niederschrift", "hauptverhandl", "jedoch", "bewies", "stpo", "dass", "formlich", "beweisaufnahm", "stattgefund", "umstand", "beweiskraft", "protokoll", "zweifel", "zieh", "konnt", "lieg", "inhalt", "hauptverhandlungsprotokoll", "insoweit", "auslegungsfah", "vgl", "bgh", "beschluss", "mai", "str", "nstz", "rr", "gewahlt", "formulier", "enthalt", "entscheid", "mai", "str", "zugrund", "liegend", "fall", "ind", "unklar", "lasst", "zweifel", "daran", "aufkomm", "dass", "formlich", "augenschein", "durchgefuhrt", "wurd", "ausserd", "durchfuhr", "formlich", "beweisaufnahm", "dienstlich", "stellungnahm", "sitzungsvertret", "staatsanwaltschaft", "bestatigt", "lichtbild", "wurd", "augenschein", "genomm", "senat", "eingeholt", "erganz", "stellungnahm", "berufsricht", "abred", "gestellt", "zeugin", "foto", "vorgehalt", "bzw", "augenschein", "genomm", "verfahrensvorgang", "begriff", "vernehm", "satz", "stpo", "erfasst", "gesetz", "nah", "bestimmt", "begriff", "regelungszusammenhang", "stpo", "aufgrund", "hoh", "bedeut", "anwes", "angeklagt", "hauptverhandl", "anspruch", "rechtlich", "gehor", "angemess", "verteid", "art", "abs", "gg", "sowi", "art", "abs", "lit", "emrk", "garantiert", "restriktiv", "auszuleg", "bgh", "beschluss", "gross", "senat", "strafsach", "april", "gsst", "rn", "mwn", "wistra", "njw", "erheb", "sachbeweis", "demnach", "eng", "vernehm", "verbund", "teil", "vernehm", "stpo", "angeseh", "vorgang", "selbststand", "verfahrensrecht", "bedeut", "augenscheinsnahm", "abwes", "angeklagt", "dah", "beschluss", "ausschliess", "gedeckt", "somit", "fand", "teil", "hauptverhandl", "abwes", "angeklagt", "statt", "anwes", "gesetz", "vorschreibt", "stpo", "begrundet", "absolut", "revisionsgrund", "nr", "stpo", "verfahrensfehl", "wurd", "geheilt", "hatt", "erfolgt", "wiederhol", "augenscheinseinnahm", "weit", "hauptverhandl", "anwes", "angeklagt", "erfolg", "formlich", "augenscheinseinnahm", "dergestalt", "wiederholt", "dass", "gericht", "verfahrensbeteiligt", "augenscheinsobjekt", "nochmal", "besicht", "vielmehr", "hatt", "besicht", "augenscheinsobjekt", "angeklagt", "unterricht", "gemass", "satz", "stpo", "ausgereicht", "weiterhin", "anwes", "verfahrensbeteiligt", "moglich", "neu", "augenscheinsnahm", "bgh", "urteil", "novemb", "str", "mwn", "nstz", "ind", "lasst", "wesent", "formlich", "stpo", "schweigend", "protokoll", "hauptverhandl", "feststell", "dass", "augenschein", "wenigst", "weis", "nachgeholt", "word", "soweit", "dienstlich", "stellungnahm", "entnehm", "lichtbild", "sei", "thematisiert", "soweit", "erinn", "hochheb", "vorgezeigt", "word", "vermag", "negativ", "beweiskraft", "protokoll", "entkraft", "vorlieg", "absolut", "revisionsgrund", "nr", "stpo", "fuhrt", "aufheb", "urteil", "dass", "darauf", "ankommt", "urteil", "tatsach", "verfahrensfehl", "beruh", "fall", "denkgesetz", "ausgeschloss", "dass", "urteil", "verfahrensfehl", "beruht", "vgl", "bgh", "beschluss", "mai", "str", "liegt", "senat", "braucht", "entscheid", "derart", "hatt", "angenomm", "augenschein", "genomm", "lichtbild", "angeklagt", "stammt", "sogar", "gefertigt", "wurd", "zweifel", "unterlieg", "dass", "augenscheinsobjekt", "entnehm", "tatsach", "mindest", "gut", "kennt", "foto", "augenscheinsnahm", "vorgelegt", "word", "wed", "protokoll", "erganz", "eingeholt", "dienstlich", "stellungnahm", "erford", "bestimmt", "festgestellt", "nack", "rothfuss", "hebenstreit", "elf", "graf"], "mitwirkung": "", "aktenzeichen": "1 StR 264/10", "language": "deutsch", "gertyp": "BGH", "leitsatz": "", "gruende": "\n      <div>\n         <dl class=\"RspDL\">\n            <dt>\n               <a name=\"rd_1\">1</a>\n            </dt>\n            <dd>\n               <p>Das Landgericht hat den Angeklagten wegen sexuellen Missbrauchs von Schutzbefohlenen in 20 F\u00e4llen, davon in 13 F\u00e4llen in Tateinheit mit sexuellem Missbrauch von Kindern, in f\u00fcnf F\u00e4llen in Tateinheit mit schwerem sexuellem Missbrauch von Kindern und in zwei F\u00e4llen in Tateinheit mit vors\u00e4tzlicher K\u00f6rperverletzung zu einer Gesamtfreiheitsstrafe von vier Jahren und sechs Monaten verurteilt.</p>\n            </dd>\n         </dl>\n         <dl class=\"RspDL\">\n            <dt/>\n            <dd>\n               <p/>\n            </dd>\n         </dl>\n         <dl class=\"RspDL\">\n            <dt>\n               <a name=\"rd_2\">2</a>\n            </dt>\n            <dd>\n               <p>Mit seiner Revision r\u00fcgt der Angeklagte die Verletzung formellen und sachlichen Rechts. Das Rechtsmittel hat mit der Verfahrensr\u00fcge, mit der die Einvernahme eines Augenscheins in Abwesenheit des Angeklagten beanstandet wird (\u00a7 338 Nr. 5 StPO), Erfolg.</p>\n            </dd>\n         </dl>\n         <dl class=\"RspDL\">\n            <dt/>\n            <dd>\n               <p/>\n            </dd>\n         </dl>\n         <dl class=\"RspDL\">\n            <dt>\n               <a name=\"rd_3\">3</a>\n            </dt>\n            <dd>\n               <p>1. Der R\u00fcge liegt folgender Sachverhalt zugrunde:</p>\n            </dd>\n         </dl>\n         <dl class=\"RspDL\">\n            <dt/>\n            <dd>\n               <p/>\n            </dd>\n         </dl>\n         <dl class=\"RspDL\">\n            <dt>\n               <a name=\"rd_4\">4</a>\n            </dt>\n            <dd>\n               <p>Das Landgericht hat am ersten und am f\u00fcnften Hauptverhandlungstag die Gesch\u00e4digte, die 1992 geborene Zeugin R.\u00a0(Stieftochter des Angeklagten), vernommen und jeweils f\u00fcr die Dauer der Vernehmung die Entfernung des Angeklagten gem\u00e4\u00df \u00a7 247 StPO angeordnet. Gelegentlich der Vernehmung der Gesch\u00e4digten am f\u00fcnften Hauptverhandlungstag hat die Verteidigung eine Fotografie vorgelegt, welche die Gegebenheiten einer von der Gesch\u00e4digten in ihrer Vernehmung genannten \u00d6rtlichkeit zeigt. Das Protokoll verh\u00e4lt sich dazu wie folgt:</p>\n            </dd>\n         </dl>\n         <dl class=\"RspDL\">\n            <dt/>\n            <dd>\n               <p/>\n            </dd>\n         </dl>\n         <dl class=\"RspDL\">\n            <dt>\n               <a name=\"rd_5\">5</a>\n            </dt>\n            <dd>\n               <p>\u201eDer Verteidiger des Angeklagten \u00fcbergab ein Lichtbild \u00fcber die \u00d6rtlichkeiten des Badezimmers. Das Lichtbild wurde von der Kammer, dem Vertreter der Staatsanwaltschaft, der Sachverst\u00e4ndigen, dem Verteidiger und der Zeugin in Augenschein genommen. Die Zeugin \u00e4u\u00dfert sich hierzu.\u201c</p>\n            </dd>\n         </dl>\n         <dl class=\"RspDL\">\n            <dt/>\n            <dd>\n               <p/>\n            </dd>\n         </dl>\n         <dl class=\"RspDL\">\n            <dt>\n               <a name=\"rd_6\">6</a>\n            </dt>\n            <dd>\n               <p>Nachdem der Angeklagte wieder in den Sitzungssaal gerufen wurde, wurde er vom Vorsitzenden \u00fcber den Inhalt der Aussage der Zeugin R.\u00a0informiert, auch zu deren Angaben zum vorgenannten Lichtbild. Eine (nochmalige) f\u00f6rmliche Augenscheinnahme fand nicht statt.</p>\n            </dd>\n         </dl>\n         <dl class=\"RspDL\">\n            <dt/>\n            <dd>\n               <p/>\n            </dd>\n         </dl>\n         <dl class=\"RspDL\">\n            <dt>\n               <a name=\"rd_7\">7</a>\n            </dt>\n            <dd>\n               <p>2. Dieser Verfahrensgang begr\u00fcndet den absoluten Revisionsgrund des \u00a7 338 Nr. 5 StPO. Die hier durchgef\u00fchrte Augenscheinsnahme (a) ist vom restriktiv auszulegenden Begriff der Vernehmung i.S.d. \u00a7 247 StPO nicht umfasst (b), so dass entgegen \u00a7 230 Abs. 1 StPO ein Teil der Hauptverhandlung in Abwesenheit des Angeklagten durchgef\u00fchrt wurde. Der daraus resultierende Verfahrensversto\u00df wurde hier auch nicht geheilt (c).</p>\n            </dd>\n         </dl>\n         <dl class=\"RspDL\">\n            <dt/>\n            <dd>\n               <p/>\n            </dd>\n         </dl>\n         <dl class=\"RspDL\">\n            <dt>\n               <a name=\"rd_8\">8</a>\n            </dt>\n            <dd>\n               <p>a) Das Lichtbild wurde f\u00f6rmlich in Augenschein genommen. Es kann nicht davon ausgegangen werden, dass das gegenst\u00e4ndliche Lichtbild lediglich - was als Teil der Vernehmung zul\u00e4ssig gewesen w\u00e4re (vgl. BGH, Beschluss vom 23. Oktober 2002 - 1 StR 234/02) - als Vernehmungsbehelf herangezogen wurde. Das Vorhalten von Urkunden und die Verwendung von Augenscheinsobjekten als Vernehmungsbehelfe im Verlauf einer Zeugenvernehmung h\u00e4tten keiner Aufnahme in die Sitzungsniederschrift bedurft (vgl. BGH, Beschluss vom 6. Dezember 2000 - 1 StR 488/00, NStZ 2001, 262). Hier wird durch die Niederschrift \u00fcber die Hauptverhandlung jedoch bewiesen (\u00a7 274 StPO), dass eine f\u00f6rmliche Beweisaufnahme stattgefunden hat. Umst\u00e4nde, die die Beweiskraft des Protokolls in Zweifel ziehen k\u00f6nnten, liegen nicht vor. Zwar ist der Inhalt eines Hauptverhandlungsprotokolls insoweit auslegungsf\u00e4hig (vgl. BGH, Beschluss vom 5. Mai 2004 - 2 StR 492/03, NStZ-RR 2004, 237). Die hier gew\u00e4hlte Formulierung enth\u00e4lt (anders als in dem der Entscheidung vom 4. Mai 2004 - 1 StR 391/03 - zugrunde liegenden Fall) indes keine Unklarheiten und l\u00e4sst Zweifel daran nicht aufkommen, dass ein f\u00f6rmlicher Augenschein durchgef\u00fchrt wurde. Au\u00dferdem wird die Durchf\u00fchrung einer f\u00f6rmlichen Beweisaufnahme durch die dienstliche Stellungnahme des Sitzungsvertreters der Staatsanwaltschaft best\u00e4tigt (\u201eLichtbild wurde \u2026 in Augenschein genommen\u201c) und auch in den vom Senat eingeholten erg\u00e4nzenden Stellungnahmen der Berufsrichter nicht in Abrede gestellt (\u201eder Zeugin dieses Foto vorgehalten bzw. mit ihr in Augenschein genommen\u201c).</p>\n            </dd>\n         </dl>\n         <dl class=\"RspDL\">\n            <dt/>\n            <dd>\n               <p/>\n            </dd>\n         </dl>\n         <dl class=\"RspDL\">\n            <dt>\n               <a name=\"rd_9\">9</a>\n            </dt>\n            <dd>\n               <p>b) Welche Verfahrensvorg\u00e4nge vom Begriff der Vernehmung i.S.d. \u00a7 247 Satz 1 und 2 StPO erfasst werden, wird vom Gesetz nicht n\u00e4her bestimmt. Dieser Begriff ist im Regelungszusammenhang der \u00a7\u00a7 247 und 248 StPO aufgrund der hohen Bedeutung der Anwesenheit des Angeklagten in der Hauptverhandlung, die als Anspruch auf rechtliches Geh\u00f6r und angemessene Verteidigung in Art. 103 Abs. 1 GG sowie durch Art. 6 Abs. 3 lit. c EMRK garantiert wird, restriktiv auszulegen (BGH, Beschluss des Gro\u00dfen Senats f\u00fcr Strafsachen vom 21. April 2010 - GSSt 1/09, Rn. 14 mwN, wistra 2010, 352 = NJW 2010, 2450). Die Erhebung eines Sachbeweises kann demnach, auch wenn er eng mit der Vernehmung verbunden ist, nicht als Teil der Vernehmung i.S.d. \u00a7 247 StPO angesehen werden, sondern ist ein Vorgang mit einer selbstst\u00e4ndigen verfahrensrechtlichen Bedeutung. Die Augenscheinsnahme in Abwesenheit des Angeklagten war daher vom Beschluss \u00fcber seine Ausschlie\u00dfung nicht gedeckt. Somit fand ein Teil der Hauptverhandlung in Abwesenheit des Angeklagten statt, dessen Anwesenheit das Gesetz vorschreibt (\u00a7\u00a7 230, 247 StPO). Dies begr\u00fcndet den absoluten Revisionsgrund des \u00a7 338 Nr. 5 StPO.</p>\n            </dd>\n         </dl>\n         <dl class=\"RspDL\">\n            <dt/>\n            <dd>\n               <p/>\n            </dd>\n         </dl>\n         <dl class=\"RspDL\">\n            <dt>\n               <a name=\"rd_10\">10</a>\n            </dt>\n            <dd>\n               <p>c) Der Verfahrensfehler wurde nicht geheilt. Dies h\u00e4tte nur durch eine - hier nicht erfolgte - Wiederholung der Augenscheinseinnahme w\u00e4hrend der weiteren Hauptverhandlung in Anwesenheit des Angeklagten erfolgen k\u00f6nnen. Zwar muss die f\u00f6rmliche Augenscheinseinnahme nicht dergestalt wiederholt werden, dass das Gericht und die Verfahrensbeteiligten das Augenscheinsobjekt nochmals besichtigen. Vielmehr h\u00e4tte die Besichtigung des Augenscheinsobjekts durch den Angeklagten w\u00e4hrend seiner Unterrichtung gem\u00e4\u00df \u00a7 247 Satz 4 StPO ausgereicht, wenn die weiterhin anwesenden Verfahrensbeteiligten die M\u00f6glichkeit einer neuerlichen Augenscheinsnahme hatten (BGH, Urteil vom 11. November 2009 - 5 StR 530/08 mwN, NStZ 2010, 162). Indes l\u00e4sst sich aus dem zu dieser wesentlichen F\u00f6rmlichkeit (\u00a7 274 StPO) schweigenden Protokoll zur Hauptverhandlung nicht feststellen, dass der Augenschein - wenigstens - in dieser Weise nachgeholt worden w\u00e4re. Soweit den dienstlichen Stellungnahmen zu entnehmen ist, das Lichtbild sei \u201ethematisiert\u201c oder (soweit erinnerlich durch Hochheben) vorgezeigt worden, vermag dies die - negative - Beweiskraft des Protokolls nicht zu entkr\u00e4ften.</p>\n            </dd>\n         </dl>\n         <dl class=\"RspDL\">\n            <dt/>\n            <dd>\n               <p/>\n            </dd>\n         </dl>\n         <dl class=\"RspDL\">\n            <dt>\n               <a name=\"rd_11\">11</a>\n            </dt>\n            <dd>\n               <p>3. Das Vorliegen eines absoluten Revisionsgrunds (\u00a7 338 Nr. 5 StPO) f\u00fchrt zur Aufhebung des Urteils, ohne dass es darauf ankommt, ob das Urteil tats\u00e4chlich auf dem Verfahrensfehler beruhen kann.</p>\n            </dd>\n         </dl>\n         <dl class=\"RspDL\">\n            <dt/>\n            <dd>\n               <p/>\n            </dd>\n         </dl>\n         <dl class=\"RspDL\">\n            <dt>\n               <a name=\"rd_12\">12</a>\n            </dt>\n            <dd>\n               <p>Ein Fall, in dem es denkgesetzlich ausgeschlossen w\u00e4re, dass das Urteil auf dem Verfahrensfehler beruht (vgl. BGH, Beschluss vom 11. Mai 2006 - 4 StR 131/06), liegt nicht vor. Der Senat braucht nicht zu entscheiden, ob derartiges hier h\u00e4tte angenommen werden k\u00f6nnen, wenn das in Augenschein genommene Lichtbild vom Angeklagten selbst stammte oder von diesem sogar selbst gefertigt wurde, es also keinem Zweifel unterliegen kann, dass er die dem Augenscheinsobjekt zu entnehmenden Tatsachen mindestens so gut kennt, als w\u00e4re ihm das Foto zur Augenscheinsnahme vorgelegt worden. Denn dies kann weder aus dem Protokoll noch aus den erg\u00e4nzend eingeholten dienstlichen Stellungnahmen mit der dazu erforderlichen Bestimmtheit festgestellt werden.</p>\n            </dd>\n         </dl>\n         <dl class=\"RspDL\">\n            <dt/>\n            <dd>\n               <p/>\n            </dd>\n         </dl>\n         <dl class=\"RspDL\">\n            <dt/>\n            <dd>\n               <p>Nack\u00a0\u00a0\u00a0\u00a0\u00a0\u00a0\u00a0\u00a0\u00a0\u00a0\u00a0\u00a0\u00a0\u00a0\u00a0\u00a0\u00a0\u00a0\u00a0\u00a0\u00a0\u00a0\u00a0\u00a0\u00a0\u00a0\u00a0\u00a0\u00a0\u00a0\u00a0\u00a0\u00a0Rothfu\u00df\u00a0\u00a0\u00a0\u00a0\u00a0\u00a0\u00a0\u00a0\u00a0\u00a0\u00a0\u00a0\u00a0\u00a0\u00a0\u00a0\u00a0\u00a0\u00a0\u00a0\u00a0\u00a0\u00a0\u00a0\u00a0\u00a0\u00a0\u00a0\u00a0\u00a0\u00a0Hebenstreit</p>\n            </dd>\n         </dl>\n         <dl class=\"RspDL\">\n            <dt/>\n            <dd>\n               <p>\u00a0\u00a0\u00a0\u00a0\u00a0\u00a0\u00a0\u00a0\u00a0\u00a0\u00a0\u00a0\u00a0\u00a0\u00a0\u00a0\u00a0\u00a0\u00a0\u00a0Elf\u00a0\u00a0\u00a0\u00a0\u00a0\u00a0\u00a0\u00a0\u00a0\u00a0\u00a0\u00a0\u00a0\u00a0\u00a0\u00a0\u00a0\u00a0\u00a0\u00a0\u00a0\u00a0\u00a0\u00a0\u00a0\u00a0\u00a0\u00a0\u00a0\u00a0\u00a0\u00a0\u00a0\u00a0\u00a0\u00a0\u00a0\u00a0\u00a0\u00a0Graf</p>\n            </dd>\n         </dl>\n         <dl class=\"RspDL\">\n            <dt/>\n            <dd>\n               <p/>\n            </dd>\n         </dl>\n      </div>\n   ", "accessRights": "public", "gerort": "", "entschDatum": "20101005", "coverage": "Deutschland", "titel": "\n      <dl class=\"RspDL\">\n         <dt/>\n         <dd>\n            <p>Strafverfahren: Absoluter Revisionsgrund bei Augenscheinseinnahme in Abwesenheit des Angeklagten</p>\n         </dd>\n      </dl>\n   ", "ecli": "", "identifier": "http://www.rechtsprechung-im-internet.de/jportal/?quelle=jlink&docid=JURE100072715&psml=bsjrsprod.psml&max=true", "spruchkoerper": "1. Strafsenat", "vorinstanz": "vorgehend LG Regensburg, 3. Dezember 2009, Az: KLs 122 Js 3582/08 jug, Urteil\n   ", "doknr": "JURE100072715", "abweichendeMeinung": "", "tenor": "\n      <div>\n         <dl class=\"RspDL\">\n            <dt/>\n            <dd>\n               <p>Auf die Revision des Angeklagten wird das Urteil des Landgerichts Regensburg vom 3. Dezember 2009 mit den Feststellungen aufgehoben.</p>\n            </dd>\n         </dl>\n         <dl class=\"RspDL\">\n            <dt/>\n            <dd>\n               <p/>\n            </dd>\n         </dl>\n         <dl class=\"RspDL\">\n            <dt/>\n            <dd>\n               <p>Die Sache wird zu neuer Verhandlung und Entscheidung, auch \u00fcber die Kosten des Rechtsmittels, an eine andere Strafkammer des Landgerichts zur\u00fcckverwiesen.</p>\n            </dd>\n         </dl>\n         <dl class=\"RspDL\">\n            <dt/>\n            <dd>\n               <p/>\n            </dd>\n         </dl>\n      </div>\n   ", "regionAbk": "DEU"}