{"publisher": "BMJV", "tatbestand": "", "absaetze": [], "norm": ["\u00a7 249 StPO", "\u00a7 273 StPO"], "doktyp": "Beschluss", "regionLong": "Bundesrepublik Deutschland", "sonstlt": "", "gruendeProcessed": [], "mitwirkung": "", "aktenzeichen": "1 StR 181/10", "language": "deutsch", "gertyp": "BGH", "leitsatz": "", "gruende": "", "accessRights": "public", "gerort": "", "entschDatum": "20100608", "coverage": "Deutschland", "titel": "\n      <dl class=\"RspDL\">\n         <dt/>\n         <dd>\n            <p>Strafverfahren: Protokollierung einer ausschnittsweisen Verlesung</p>\n         </dd>\n      </dl>\n   ", "ecli": "", "identifier": "http://www.rechtsprechung-im-internet.de/jportal/?quelle=jlink&docid=JURE100065067&psml=bsjrsprod.psml&max=true", "spruchkoerper": "1. Strafsenat", "vorinstanz": "vorgehend LG Ingolstadt, 3. November 2009, Az: KLs 12 Js 16388/08, Urteil\n   ", "doknr": "JURE100065067", "abweichendeMeinung": "", "tenor": "\n      <div>\n         <dl class=\"RspDL\">\n            <dt/>\n            <dd>\n               <p style=\"margin-left:36pt\">Die Revision des Angeklagten gegen das Urteil des Landgerichts Ingolstadt vom 3. November 2009 wird als unbegr\u00fcndet verworfen, da die Nachpr\u00fcfung des Urteils auf Grund der Revisionsrechtfertigung keinen Rechtsfehler zum Nachteil des Angeklagten ergeben hat (\u00a7 349 Abs. 2 StPO).</p>\n            </dd>\n         </dl>\n         <dl class=\"RspDL\">\n            <dt/>\n            <dd>\n               <p style=\"margin-left:36pt\">Der Beschwerdef\u00fchrer hat die Kosten des Rechtsmittels und die der Nebenkl\u00e4gerin im Revisionsverfahren entstandenen notwendigen Auslagen zu tragen.</p>\n            </dd>\n         </dl>\n         <dl class=\"RspDL\">\n            <dt/>\n            <dd>\n               <p/>\n            </dd>\n         </dl>\n         <dl class=\"RspDL\">\n            <dt/>\n            <dd>\n               <p>Erg\u00e4nzend bemerkt der Senat:</p>\n            </dd>\n         </dl>\n         <dl class=\"RspDL\">\n            <dt/>\n            <dd>\n               <p/>\n            </dd>\n         </dl>\n         <dl class=\"RspDL\">\n            <dt/>\n            <dd>\n               <p>Es kann dahinstehen, ob die R\u00fcge (Nr. III) der Verletzung des \u00a7 244 Abs. 5 StPO im Hinblick auf die Darlegungserfordernisse des \u00a7 344 Absatz 2 Satz 2 StPO in zul\u00e4ssiger Form erhoben wurde.</p>\n            </dd>\n         </dl>\n         <dl class=\"RspDL\">\n            <dt/>\n            <dd>\n               <p/>\n            </dd>\n         </dl>\n         <dl class=\"RspDL\">\n            <dt/>\n            <dd>\n               <p>Denn es kann jedenfalls ausgeschlossen werden, dass das Urteil auf einer Nichtber\u00fccksichtigung des in der Revisionsbegr\u00fcndung zitierten Gespr\u00e4chsteils beruhen kann. Die Strafkammer hat aufgrund einer sehr ausf\u00fchrlichen und sorgf\u00e4ltigen Beweisw\u00fcrdigung ihre \u00dcberzeugung von der Glaubhaftigkeit der umfassenden und sehr differenzierten Angaben der Gesch\u00e4digten gewonnen, insbesondere von deren Erlebnisbezug. Das Landgericht hat sich dabei mit allen in Frage stehenden Gegenhypothesen auseinandergesetzt, so auch mit der M\u00f6glichkeit einer Fremdsuggestion. Daf\u00fcr, so die Strafkammer, w\u00e4re die Mutter der Gesch\u00e4digten grunds\u00e4tzlich in Betracht gekommen. Die Strafkammer hat es jedoch schon rechtsfehlerfrei ausgeschlossen, dass es in der K\u00fcrze der f\u00fcr eine Einflussnahme zur Verf\u00fcgung stehenden Zeit m\u00f6glich gewesen w\u00e4re, eine derartig komplexe Aussage der Tochter zu suggerieren (UA S. 67). Au\u00dferdem ergab die in der Hauptverhandlung umfassend angeh\u00f6rte (Privat-)aufzeichnung der Befragung der Gesch\u00e4digten am 21. September 2009 durch die Mutter und die Zeugin K.\u00a0ausweislich der Urteilsgr\u00fcnde (UA S. 68) \u201enicht, dass die Zeugin [die Gesch\u00e4digte] in suggestiver Weise befragt wurde\u201c. Darauf, dass sich die Mutter in dem in Frage stehenden Gespr\u00e4chsausschnitt vom Tag zuvor einer entsprechenden Einflussm\u00f6glichkeit zu ber\u00fchmen scheint, kommt es daher nicht an.</p>\n            </dd>\n         </dl>\n         <dl class=\"RspDL\">\n            <dt/>\n            <dd>\n               <p/>\n            </dd>\n         </dl>\n         <dl class=\"RspDL\">\n            <dt/>\n            <dd>\n               <p>Der Senat weist erneut darauf hin, dass es bei einer nur ausschnittsweisen Verlesung eines Schriftst\u00fccks - bzw., wie hier, einer nur teilweisen Anh\u00f6rung eines aufgenommenen Gespr\u00e4chs - der genauen Bezeichnung der verlesenen bzw. angeh\u00f6rten Abschnitte in der Sitzungsniederschrift bedarf. Die blo\u00dfe Dokumentation einer \u201eteilweisen\u201c Verlesung oder Anh\u00f6rung gen\u00fcgt in aller Regel nicht (vgl. Senatsbeschl\u00fcsse vom 17. Juli 2003 - 1 StR 34/03; 25. Oktober 2006 - 1 StR 424/06; 21. November 2006 - 1 StR 477/06).</p>\n            </dd>\n         </dl>\n         <dl class=\"RspDL\">\n            <dt/>\n            <dd>\n               <p/>\n            </dd>\n         </dl>\n         <dl class=\"RspDL\">\n            <dt/>\n            <dd>\n               <p>Eine Revisionsgegenerkl\u00e4rung der Staatsanwaltschaft (\u00a7 347 Abs. 1 Satz 2 StPO) h\u00e4tte im vorliegenden Fall m\u00f6glicherweise zur Kl\u00e4rung des Umfangs der Anh\u00f6rung des aufgezeichneten Gespr\u00e4chs in der Hauptverhandlung beitragen k\u00f6nnen und w\u00e4re deshalb zweckm\u00e4\u00dfig gewesen (vgl. BGH, Beschl\u00fcsse vom 24. Oktober 2006 - 1 StR 503/06 Rdn. 10; 11. April 2007 - 3 StR 114/07 Rdn. 11; 19. Februar 2008 - 1 StR 62/08).</p>\n            </dd>\n         </dl>\n         <dl class=\"RspDL\">\n            <dt/>\n            <dd>\n               <p/>\n            </dd>\n         </dl>\n         <dl class=\"RspDL\">\n            <dt/>\n            <dd>\n               <p>Nack\u00a0\u00a0\u00a0\u00a0\u00a0\u00a0\u00a0\u00a0\u00a0\u00a0\u00a0\u00a0\u00a0\u00a0\u00a0\u00a0\u00a0\u00a0\u00a0\u00a0\u00a0\u00a0\u00a0\u00a0\u00a0\u00a0\u00a0\u00a0Rothfu\u00df\u00a0\u00a0\u00a0\u00a0\u00a0\u00a0\u00a0\u00a0\u00a0\u00a0\u00a0\u00a0\u00a0\u00a0\u00a0\u00a0\u00a0\u00a0\u00a0\u00a0\u00a0\u00a0\u00a0\u00a0\u00a0\u00a0\u00a0\u00a0\u00a0\u00a0\u00a0Hebenstreit</p>\n            </dd>\n         </dl>\n         <dl class=\"RspDL\">\n            <dt/>\n            <dd>\n               <p>\u00a0\u00a0\u00a0\u00a0\u00a0\u00a0\u00a0\u00a0\u00a0\u00a0\u00a0\u00a0\u00a0\u00a0\u00a0\u00a0\u00a0Graf\u00a0\u00a0\u00a0\u00a0\u00a0\u00a0\u00a0\u00a0\u00a0\u00a0\u00a0\u00a0\u00a0\u00a0\u00a0\u00a0\u00a0\u00a0\u00a0\u00a0\u00a0\u00a0\u00a0\u00a0\u00a0\u00a0\u00a0\u00a0\u00a0\u00a0\u00a0\u00a0\u00a0Sander</p>\n            </dd>\n         </dl>\n         <dl class=\"RspDL\">\n            <dt/>\n            <dd>\n               <p/>\n            </dd>\n         </dl>\n      </div>\n   ", "regionAbk": "DEU"}