{"publisher": "BMJV", "tatbestand": "", "absaetze": [{"num": "1", "textProcessed": ["angeschuldigt", "wurd", "aufgrund", "haftbefehl", "ermittlungsricht", "bundesgerichtshof", "februar", "bgs", "februar", "festgenomm", "befindet", "seit", "februar", "untersuchungshaft"], "text": "Der Angeschuldigte wurde aufgrund des Haftbefehls des Ermittlungsrichters des Bundesgerichtshofs vom 18. Februar 2010 (6 BGs 16/10) am 24. Februar 2010 festgenommen und befindet sich seit dem 25. Februar 2010 in Untersuchungshaft."}, {"num": "2", "textProcessed": ["gegenstand", "haftbefehl", "vorwurf", "angeschuldigt", "tatig", "fuhrungsfunktionar", "dhkp", "devrimci", "halk", "kurtulus", "partisi", "cephesi", "revolutionar", "volksbefreiungspartei", "front", "novemb", "end", "marz", "mitglied", "verein", "ausland", "beteiligt", "zweck", "tatig", "darauf", "gerichtet", "mord", "stgb", "totschlag", "stgb", "begeh", "sowi", "januar", "februar", "wiederholt", "ausland", "besitz", "erford", "aufenthaltstitel", "hilf", "geleistet", "dass", "unerlaubt", "bundesgebiet", "einreist", "generalbundesanwalt", "august", "anklag", "angeschuldigt", "oberlandesgericht", "dusseldorf", "erhob", "wirft", "angeschuldigt", "zeit", "oktob", "april", "mitglied", "dhkp", "beteiligt", "januar", "januar", "sowi", "februar", "mitglied", "band", "fortgesetzt", "begeh", "straftat", "verbund", "wiederholt", "ausland", "besitz", "erford", "aufenthaltstitel", "hilf", "geleistet", "dass", "unerlaubt", "bundesgebiet", "einreist", "oberlandesgericht", "fortdau", "untersuchungshaft", "erford", "gehalt", "begrund", "ausgefuhrt", "halt", "angeschuldigt", "anklageschrift", "last", "gelegt", "tat", "dringend", "verdacht", "antrag", "generalbundesanwalt", "besteh", "haftbefehl", "aufzuheb", "neu", "haftbefehl", "umfang", "anklag", "ersetz", "oberlandesgericht", "entschied"], "text": "1. Gegenstand des Haftbefehls ist der Vorwurf, der Angeschuldigte habe sich durch seine T\u00e4tigkeit als F\u00fchrungsfunktion\u00e4r der DHKP-C (Devrimci Halk Kurtulus Partisi - Cephesi = Revolution\u00e4re Volksbefreiungspartei/-front) vom 5. November 2008 bis Ende M\u00e4rz 2009 als Mitglied an einer Vereinigung im Ausland beteiligt, deren Zwecke und deren T\u00e4tigkeit darauf gerichtet sind, Mord (\u00a7 211 StGB) oder Totschlag (\u00a7 212 StGB) zu begehen, sowie am 29. Januar und 5. Februar 2009 wiederholt einem Ausl\u00e4nder, der nicht im Besitz des erforderlichen Aufenthaltstitels ist, dazu Hilfe geleistet, dass er unerlaubt in das Bundesgebiet einreist. Der Generalbundesanwalt hat unter dem 9. August 2010 Anklage gegen den Angeschuldigten zum Oberlandesgericht D\u00fcsseldorf erhoben. Mit dieser wirft er dem Angeschuldigten vor, sich in der Zeit vom 7. Oktober 2002 bis zum 9. April 2009 als Mitglied an der DHKP-C beteiligt zu haben und am 4. und 5. Januar, am 29. Januar sowie am 5. Februar 2009 als Mitglied einer Bande, die sich zur fortgesetzten Begehung solcher Straftaten verbunden hat, wiederholt einem Ausl\u00e4nder, der nicht im Besitz des erforderlichen Aufenthaltstitels ist, dazu Hilfe geleistet zu haben, dass er unerlaubt in das Bundesgebiet einreist. Das Oberlandesgericht hat die Fortdauer der Untersuchungshaft f\u00fcr erforderlich gehalten und zur Begr\u00fcndung ausgef\u00fchrt, es halte den Angeschuldigten der ihm in der Anklageschrift zur Last gelegten Taten dringend verd\u00e4chtig. \u00dcber den Antrag des Generalbundesanwalts, den bestehenden Haftbefehl aufzuheben und durch einen neuen Haftbefehl im Umfang der Anklage zu ersetzen, hat das Oberlandesgericht noch nicht entschieden."}, {"num": "3", "textProcessed": ["voraussetz", "fortdau", "untersuchungshaft", "sech", "monat", "hinaus", "lieg", "haftprufungsverfahr", "stpo", "massgeb", "grundlag", "vorwurf", "angeschuldigt", "haftbefehl", "ermittlungsricht", "bundesgerichtshof", "februar", "gemacht"], "text": "Die Voraussetzungen f\u00fcr die Fortdauer der Untersuchungshaft \u00fcber sechs Monate hinaus liegen auf der - im Haftpr\u00fcfungsverfahren nach den \u00a7\u00a7 121 f. StPO ma\u00dfgebenden - Grundlage des Vorwurfs, der dem Angeschuldigten in dem Haftbefehl des Ermittlungsrichters des Bundesgerichtshofs vom 18. Februar 2010 gemacht wird, vor."}, {"num": "4", "textProcessed": ["bisher", "ergebnis", "ermittl", "sinn", "dringend", "tatverdacht", "folgend", "gescheh", "auszugeh"], "text": "2. Nach dem bisherigen Ergebnis der Ermittlungen ist im Sinne eines dringenden Tatverdachts von folgendem Geschehen auszugehen:"}, {"num": "5", "textProcessed": ["marxist", "leninist", "orientiert", "hierarch", "zentralist", "aufgebaut", "gruppier", "dhkp", "verfolgt", "ziel", "bewaffnet", "kampf", "umsturz", "polit", "verhaltnis", "turkei", "herbeizufuhr", "kommunist", "gesellschaftsordn", "erricht", "seit", "jahr", "zahlreich", "brand", "sprengstoffanschlag", "bekannt", "reprasentant", "turkisch", "staat", "mitglied", "turkisch", "justizbehord", "turkisch", "arme", "gerichtet", "hinsicht", "diesbezug", "einzel", "ausfuhr", "haftbefehl", "ermittlungsricht", "bundesgerichtshof", "bezug", "genomm", "dhkp", "ausserhalb", "turkei", "westeuropa", "aktiv", "besteh", "organisationsein", "parteifunktionar", "komite", "geleitet", "aufgab", "sog", "ruckfront", "insbesond", "finanziell", "mittel", "beschaff", "weis", "begeh", "terrorist", "anschlag", "turkei", "unterstutz", "daneb", "europa", "kampf", "rekrutiert", "zud", "ausstatt", "gesorgt", "sowi", "ruckzugsraum", "mitglied", "organisation", "geschaff"], "text": "Die marxistisch-leninistisch orientierte, hierarchisch und zentralistisch aufgebaute Gruppierung DHKP-C verfolgt das Ziel, durch \"bewaffneten Kampf\" einen Umsturz der politischen Verh\u00e4ltnisse in der T\u00fcrkei herbeizuf\u00fchren und dort eine kommunistische Gesellschaftsordnung zu errichten. Sie hat sich seit dem Jahre 1994 zu zahlreichen Brand- und Sprengstoffanschl\u00e4gen bekannt, die u. a. gegen Repr\u00e4sentanten des t\u00fcrkischen Staates, Mitglieder t\u00fcrkischer Justizbeh\u00f6rden und der t\u00fcrkischen Armee gerichtet waren. Hinsichtlich der diesbez\u00fcglichen Einzelheiten wird auf die Ausf\u00fchrungen in dem Haftbefehl des Ermittlungsrichters des Bundesgerichtshofs Bezug genommen. Die DHKP-C ist auch au\u00dferhalb der T\u00fcrkei, vor allem in Westeuropa, aktiv. Hier bestehen Organisationseinheiten, die von Parteifunktion\u00e4ren oder -komitees geleitet werden. Die Aufgabe dieser sog. R\u00fcckfront ist es insbesondere, finanzielle Mittel zu beschaffen und auf diese Weise die Begehung der terroristischen Anschl\u00e4ge in der T\u00fcrkei zu unterst\u00fctzen. Daneben werden in Europa K\u00e4mpfer rekrutiert; zudem wird f\u00fcr deren Ausstattung gesorgt sowie ein R\u00fcckzugsraum f\u00fcr Mitglieder der Organisation geschaffen."}, {"num": "6", "textProcessed": ["angeschuldigt", "arbeitet", "professionell", "kad", "verein", "nachfolg", "novemb", "festgenomm", "ubernahm", "vorubergeh", "aufgab", "deutschlandverantwort", "tatig", "funktion", "koordiniert", "aktivitat", "organisation", "deutschland", "beschaff", "geld", "eingebund", "leitet", "januar", "treff", "verschied", "dhkp", "gebietsverantwort", "koln", "wesent", "einzel", "spendenkampagn", "besproch", "wurd", "end", "marz", "arbeitet", "neu", "deutschlandverantwort", "gesondert", "verfolgt", "aufgab", "unterstutzt"], "text": "Der Angeschuldigte arbeitete als professioneller Kader f\u00fcr die Vereinigung. Als Nachfolger der am 5. November 2008 festgenommenen E.\u00a0\u00fcbernahm er vor\u00fcbergehend deren Aufgaben und war als Deutschlandverantwortlicher t\u00e4tig. In dieser Funktion koordinierte er die Aktivit\u00e4ten der Organisation in Deutschland. Er war vor allem auch in die Beschaffung von Geldern eingebunden. U. a. leitete er am 30. Januar 2009 ein Treffen verschiedener DHKP-C-Gebietsverantwortlicher in K\u00f6ln, bei dem wesentliche Einzelheiten zur \"Spendenkampagne\" besprochen wurden. Bis Ende M\u00e4rz 2009 arbeitete er den neuen Deutschlandverantwortlichen, den gesondert Verfolgten \u00d6., in dessen Aufgaben ein und unterst\u00fctzte ihn."}, {"num": "7", "textProcessed": ["dringend", "verdacht", "dass", "angeschuldigt", "mitglied", "dhkp", "beteiligt", "ergibt", "insbesond", "einlass", "sowi", "erkenntnis", "rahm", "verdeckt", "ermittlungsmassnahm", "etwa", "uberwach", "telekommunikation", "gewonn", "wurd", "hinsicht", "einzel", "nimmt", "senat", "inhalt", "anklageschrift", "bezug"], "text": "3. Der dringende Verdacht, dass der Angeschuldigte sich als Mitglied an der DHKP-C beteiligt hat, ergibt sich insbesondere aus seiner Einlassung sowie Erkenntnissen, die im Rahmen verdeckter Ermittlungsma\u00dfnahmen, etwa der \u00dcberwachung der Telekommunikation, gewonnen wurden. Hinsichtlich der Einzelheiten nimmt der Senat auf den Inhalt der Anklageschrift Bezug."}, {"num": "8", "textProcessed": ["danach", "besteht", "dringend", "tatverdacht", "dass", "angeschuldigt", "abs", "nr", "abs", "stgb", "strafbar", "gemacht", "dabei", "dahinsteh", "allerding", "nah", "liegt", "vgl", "etwa", "uneingeschrankt", "listung", "dhkp", "terrorist", "verein", "ratsbeschluss", "eg", "juni", "zuletzt", "juni", "eg", "durchfuhr", "art", "abs", "vo", "eg", "dezemb", "hintergrund", "dhkp", "materiell", "rechtlich", "insgesamt", "ausland", "terrorist", "verein", "anzuseh", "haftbefehl", "annimmt", "ledig", "innerhalb", "organisation", "terrorist", "verein", "gebildet", "neb", "bestimmt", "funktionar", "ausfuhr", "anschlag", "betraut", "kad", "turkei", "jedenfall", "kad", "mitglied", "angehor", "europa", "ausland", "herausgehob", "funktion", "dhkp", "tatig", "obliegt", "spendensamml", "bewaffnet", "kampf", "erford", "finanziell", "mittel", "beschaff", "vgl", "schon", "bgh", "beschluss", "mai", "ak", "ergebnis", "bisher", "ermittl", "gehort", "angeschuldigt", "deutschlandverantwort", "eng", "funktionarskreis"], "text": "4. Danach besteht der dringende Tatverdacht, dass sich der Angeschuldigte nach den \u00a7 129a Abs. 1 Nr. 1, \u00a7 129b Abs. 1 StGB strafbar gemacht hat. Dabei kann hier dahinstehen, ob - was allerdings nahe liegt (vgl. etwa auch die uneingeschr\u00e4nkte Listung der DHKP-C als terroristische Vereinigung in den Ratsbeschl\u00fcssen 2002/460/EG vom 17. Juni 2002 und zuletzt vom 28. Juni 2007 - 2007/445/EG - zur Durchf\u00fchrung von Art. 2 Abs. 3 der VO (EG) 2580/2001 vom 27. Dezember 2001) - vor diesem Hintergrund die DHKP-C materiell-rechtlich insgesamt als ausl\u00e4ndische terroristische Vereinigung anzusehen ist, oder ob - wie der Haftbefehl annimmt - sich lediglich innerhalb dieser Organisation eine terroristische Vereinigung gebildet hat, der neben bestimmten Funktion\u00e4ren und den mit der Ausf\u00fchrung der Anschl\u00e4ge betrauten Kadern in der T\u00fcrkei jedenfalls auch solche Kader als Mitglieder angeh\u00f6ren, die im europ\u00e4ischen Ausland in herausgehobenen Funktionen f\u00fcr die DHKP-C t\u00e4tig sind und denen es obliegt, u. a. durch Spendensammlungen die f\u00fcr den bewaffneten Kampf erforderlichen finanziellen Mittel zu beschaffen (vgl. schon BGH, Beschluss vom 29. Mai 2009 - AK 8-10/09). Denn nach dem Ergebnis der bisherigen Ermittlungen geh\u00f6rte der Angeschuldigte als Deutschlandverantwortlicher diesem engeren Funktion\u00e4rskreis an."}, {"num": "9", "textProcessed": ["erford", "ermacht", "strafrecht", "verfolg", "bereit", "begang", "kunftig", "tat", "deutschland", "zusammenhang", "terrorist", "verein", "steh", "innerhalb", "fuhrungskad", "dhkp", "fuhrung", "dursun", "karatas", "turkei", "gebildet", "bundesministerium", "justiz", "juli", "erteilt", "abs", "satz", "stgb", "zusammenhang", "hinsicht", "angeschuldigt", "last", "gelegt", "tat", "unabhang", "davon", "gegeb", "umfang", "verein", "materiell", "rechtlich", "bestimm"], "text": "Die erforderliche Erm\u00e4chtigung zur strafrechtlichen Verfolgung bereits begangener und k\u00fcnftiger Taten in Deutschland, \"die im Zusammenhang mit der terroristischen Vereinigung stehen, die sich innerhalb des F\u00fchrungskaders der DHKP-C unter der F\u00fchrung von Dursun KARATAS in der T\u00fcrkei gebildet hat\", hat das Bundesministerium der Justiz am 29. Juli 2003 erteilt (\u00a7 129b Abs. 1 Satz 3 und 4 StGB). Dieser Zusammenhang ist hinsichtlich der dem Angeschuldigten zur Last gelegten Taten unabh\u00e4ngig davon gegeben, wie der Umfang der Vereinigung materiell-rechtlich zu bestimmen ist."}, {"num": "10", "textProcessed": ["strafbar", "angeschuldigt", "steht", "entgeg", "dass", "derzeit", "stand", "ermittl", "seit", "spatest", "anfang", "jahr", "zusammenarbeit", "bundesnachrichtendien", "angeworb", "verpflichtet", "wurd", "angeschuldigt", "hintergrund", "tatbestand", "voraussetz", "abs", "nr", "stgb", "erfullt", "handeln", "allenfall", "entsprech", "anwend", "verdeckt", "ermittl", "stpo", "verdeckt", "operier", "polizeibeamt", "geltend", "grundsatz", "eng", "voraussetz", "rechtfert", "notstand", "stgb", "gerechtfertigt", "vgl", "fisch", "stgb", "aufl", "rn", "mwn", "hierfur", "besteh", "jedoch", "aufgrund", "bisher", "einlass", "angeschuldigt", "sonstig", "ermittlungsergebnis", "anhaltspunkt"], "text": "Der Strafbarkeit des Angeschuldigten steht nicht entgegen, dass er nach dem derzeitigen Stand der Ermittlungen seit sp\u00e4testens Anfang des Jahres 2003 f\u00fcr eine Zusammenarbeit mit dem Bundesnachrichtendienst angeworben und verpflichtet wurde. Der Angeschuldigte hat auch vor diesem Hintergrund die tatbestandlichen Voraussetzungen der \u00a7\u00a7 129b, 129a Abs. 1 Nr. 1 StGB erf\u00fcllt. Sein Handeln k\u00f6nnte allenfalls in entsprechender Anwendung der f\u00fcr verdeckte Ermittler i.S.d. \u00a7 110a StPO und verdeckt operierende Polizeibeamte geltenden Grunds\u00e4tze unter den engen Voraussetzungen des rechtfertigenden Notstands nach \u00a7 34 StGB gerechtfertigt sein (vgl. Fischer, StGB, 57. Aufl., \u00a7 129 Rn. 37 mwN). Hierf\u00fcr bestehen jedoch aufgrund der bisherigen Einlassung des Angeschuldigten und der sonstigen Ermittlungsergebnisse keine Anhaltspunkte."}, {"num": "11", "textProcessed": ["angeschuldigt", "mitgliedschaft", "beteil", "terrorist", "verein", "ausland", "abs", "nr", "stgb", "dringend", "verdacht", "liegt", "haftgrund", "schwerkriminalitat", "abs", "stpo", "aufgrund", "haftbefehl", "nah", "dargelegt", "umstand", "berucksicht", "langjahr", "mitarbeit", "beim", "bundesnachrichtendien", "auszuschliess", "dass", "freiheit", "belass", "verfahr", "entzieh"], "text": "5. Da der Angeschuldigte der mitgliedschaftlichen Beteiligung an einer terroristischen Vereinigung im Ausland (\u00a7 129a Abs. 1 Nr. 1, \u00a7 129b StGB) dringend verd\u00e4chtig ist, liegt der Haftgrund der Schwerkriminalit\u00e4t (\u00a7 112 Abs. 3 StPO) vor. Es ist aufgrund der in dem Haftbefehl n\u00e4her dargelegten Umst\u00e4nde auch bei Ber\u00fccksichtigung seiner langj\u00e4hrigen Mitarbeit beim Bundesnachrichtendienst nicht auszuschlie\u00dfen, dass er sich, in Freiheit belassen, dem Verfahren entziehen wird."}, {"num": "12", "textProcessed": ["blick", "insbesond", "kontakt", "angeschuldigt", "langjahr", "hochrang", "mitglied", "international", "agier", "ausland", "terrorist", "verein", "knupf", "lag", "vermog", "wenig", "einschneid", "massnahm", "abs", "stpo", "erwart", "begrund", "dass", "zweck", "untersuchungshaft", "erreicht"], "text": "Mit Blick insbesondere auf die Kontakte, die der Angeschuldigte als langj\u00e4hriges hochrangiges Mitglied einer international agierenden ausl\u00e4ndischen terroristischen Vereinigung zu kn\u00fcpfen in der Lage war, verm\u00f6gen weniger einschneidende Ma\u00dfnahmen nach \u00a7 116 Abs. 1 StPO nicht die Erwartung zu begr\u00fcnden, dass durch sie der Zweck der Untersuchungshaft auch erreicht werden kann."}, {"num": "13", "textProcessed": ["besond", "voraussetz", "fortdau", "untersuchungshaft", "sech", "monat", "hinaus", "abs", "stpo", "lieg", "besond", "schwierig", "besond", "umfang", "ermittl", "urteil", "zugelass", "rechtfert", "fortdau", "untersuchungshaft", "verfahr", "bislang", "haftsach", "gebot", "beschleun", "gefuhrt", "word", "seit", "festnahm", "angeschuldigt", "wurd", "zahlreich", "ermittlungsmassnahm", "durchgefuhrt", "wurd", "angeschuldigt", "insgesamt", "neun", "termin", "vernomm", "trotz", "gross", "umfang", "ermittl", "anklag", "bereit", "erhob", "word"], "text": "6. Die besonderen Voraussetzungen f\u00fcr die Fortdauer der Untersuchungshaft \u00fcber sechs Monate hinaus (\u00a7 121 Abs. 1 StPO) liegen vor. Die besondere Schwierigkeit und der besondere Umfang der Ermittlungen haben ein Urteil noch nicht zugelassen und rechtfertigen die Fortdauer der Untersuchungshaft. Das Verfahren ist bislang mit der in Haftsachen gebotenen Beschleunigung gef\u00fchrt worden. Seit der Festnahme des Angeschuldigten wurden zahlreiche Ermittlungsma\u00dfnahmen durchgef\u00fchrt. U. a. wurde der Angeschuldigte an insgesamt neun Terminen vernommen. Trotz des gro\u00dfen Umfangs der Ermittlungen ist die Anklage bereits erhoben worden."}, {"num": "14", "textProcessed": ["weit", "vollzug", "untersuchungshaft", "steht", "angeschuldigt", "haftbefehl", "erhob", "tatvorwurf", "derzeit", "auss", "verhaltnis", "abs", "satz", "stpo", "umstand", "dass", "angeklagt", "lang", "zeitraum", "nachrichtendienst", "quell", "tatig", "darf", "jedoch", "weit", "verlauf", "verfahr", "blick", "gerat", "dabei", "darauf", "bedacht", "nehm", "dass", "angeklagt", "gegebenenfall", "nachteil", "daraus", "erwachs", "darf", "dass", "bundesnachrichtendien", "behordenerklar", "juli", "hinaus", "weit", "angab", "tatig", "angeschuldigt", "insbesond", "fuhrungsperson", "angeschuldigt", "zeug", "hiesig", "strafverfahr", "verfug", "steh", "vgl", "bgh", "urteil", "marz", "str", "bghst", "einfluss", "bundesnachrichtendien", "mitwirk", "angeschuldigt", "dhkp", "gegebenenfall", "abhang", "art", "intensitat", "gunst", "angeschuldigt", "strafzumess", "auszuwirk", "vgl", "etwa", "bgh", "beschluss", "novemb", "str", "bghr", "stgb", "abs", "mann", "urteil", "novemb", "str", "bghst", "beschluss", "dezemb", "str", "nstz", "urteil", "mai", "str", "bghst", "blick", "derzeit", "ermittlungsstand", "infolg", "einfluss", "bundesnachrichtendien", "strafbar", "verhalt", "angeschuldigt", "reduziert", "straferwart", "vergleich", "anklageschrift", "deutlich", "gering", "tatvorwurf", "haftbefehl", "ermittlungsricht", "bundesgerichtshof", "oberlandesgericht", "ind", "zeitnah", "generalbundesanwalt", "beantragt", "erweiter", "haftbefehl", "befind"], "text": "7. Der weitere Vollzug der Untersuchungshaft steht zu den gegen den Angeschuldigten in dem Haftbefehl erhobenen Tatvorw\u00fcrfen derzeit noch nicht au\u00dfer Verh\u00e4ltnis (\u00a7 120 Abs. 1 Satz 1 StPO). Der Umstand, dass der Angeklagte \u00fcber einen langen Zeitraum als nachrichtendienstliche Quelle t\u00e4tig war, darf jedoch im weiteren Verlauf des Verfahrens nicht aus dem Blick geraten. Dabei wird darauf Bedacht zu nehmen sein, dass dem Angeklagten gegebenenfalls kein Nachteil daraus erwachsen darf, dass der Bundesnachrichtendienst \u00fcber die Beh\u00f6rdenerkl\u00e4rung vom 14. Juli 2010 hinaus keine weiteren Angaben zu der T\u00e4tigkeit des Angeschuldigten machen und insbesondere die F\u00fchrungsperson des Angeschuldigten als Zeuge im hiesigen Strafverfahren nicht zur Verf\u00fcgung stehen wird (vgl. BGH, Urteil vom 4. M\u00e4rz 2004 - 3 StR 218/03, BGHSt 49, 112). Der Einfluss des Bundesnachrichtendienstes auf die Mitwirkung des Angeschuldigten in der DHKP-C wird sich gegebenenfalls - abh\u00e4ngig von der Art und Intensit\u00e4t - zu Gunsten des Angeschuldigten bei der Strafzumessung auszuwirken haben (vgl. etwa BGH, Beschluss vom 17. November 1999 - 3 StR 435/99, BGHR StGB \u00a7 46 Abs. 1 V-Mann 13; Urteil vom 18. November 1999 -\u00a0\u00a01 StR 221/99, BGHSt 45, 321; Beschluss vom 2. Dezember 1999 - 3 StR 479/99, NStZ 2000, 207; Urteil vom 30. Mai 2001 - 1 StR 42/01, BGHSt 47, 44). Mit Blick auf die nach derzeitigem Ermittlungsstand infolge des Einflusses des Bundesnachrichtendienstes auf das strafbare Verhalten des Angeschuldigten reduzierte Straferwartung und dem im Vergleich zur Anklageschrift deutlich geringeren Tatvorwurf in dem Haftbefehl des Ermittlungsrichters des Bundesgerichtshofs wird das Oberlandesgericht indes zeitnah \u00fcber die vom Generalbundesanwalt beantragte Erweiterung des Haftbefehls zu befinden haben."}], "norm": ["\u00a7 34 StGB", "\u00a7 46 StGB", "\u00a7 129a Nr 1 StGB", "\u00a7 129b StGB", "\u00a7 110a StPO", "Art 2 S 3 EGV 2580/2001", "EGBes 460/2002", "EGBes 445/2007"], "doktyp": "Beschluss", "regionLong": "Bundesrepublik Deutschland", "sonstlt": "", "gruendeProcessed": ["angeschuldigt", "wurd", "aufgrund", "haftbefehl", "ermittlungsricht", "bundesgerichtshof", "februar", "bgs", "februar", "festgenomm", "befindet", "seit", "februar", "untersuchungshaft", "gegenstand", "haftbefehl", "vorwurf", "angeschuldigt", "tatig", "fuhrungsfunktionar", "dhkp", "devrimci", "halk", "kurtulus", "partisi", "cephesi", "revolutionar", "volksbefreiungspartei", "front", "novemb", "end", "marz", "mitglied", "verein", "ausland", "beteiligt", "zweck", "tatig", "darauf", "gerichtet", "mord", "stgb", "totschlag", "stgb", "begeh", "sowi", "januar", "februar", "wiederholt", "ausland", "besitz", "erford", "aufenthaltstitel", "hilf", "geleistet", "dass", "unerlaubt", "bundesgebiet", "einreist", "generalbundesanwalt", "august", "anklag", "angeschuldigt", "oberlandesgericht", "dusseldorf", "erhob", "wirft", "angeschuldigt", "zeit", "oktob", "april", "mitglied", "dhkp", "beteiligt", "januar", "januar", "sowi", "februar", "mitglied", "band", "fortgesetzt", "begeh", "straftat", "verbund", "wiederholt", "ausland", "besitz", "erford", "aufenthaltstitel", "hilf", "geleistet", "dass", "unerlaubt", "bundesgebiet", "einreist", "oberlandesgericht", "fortdau", "untersuchungshaft", "erford", "gehalt", "begrund", "ausgefuhrt", "halt", "angeschuldigt", "anklageschrift", "last", "gelegt", "tat", "dringend", "verdacht", "antrag", "generalbundesanwalt", "besteh", "haftbefehl", "aufzuheb", "neu", "haftbefehl", "umfang", "anklag", "ersetz", "oberlandesgericht", "entschied", "voraussetz", "fortdau", "untersuchungshaft", "sech", "monat", "hinaus", "lieg", "haftprufungsverfahr", "stpo", "massgeb", "grundlag", "vorwurf", "angeschuldigt", "haftbefehl", "ermittlungsricht", "bundesgerichtshof", "februar", "gemacht", "bisher", "ergebnis", "ermittl", "sinn", "dringend", "tatverdacht", "folgend", "gescheh", "auszugeh", "marxist", "leninist", "orientiert", "hierarch", "zentralist", "aufgebaut", "gruppier", "dhkp", "verfolgt", "ziel", "bewaffnet", "kampf", "umsturz", "polit", "verhaltnis", "turkei", "herbeizufuhr", "kommunist", "gesellschaftsordn", "erricht", "seit", "jahr", "zahlreich", "brand", "sprengstoffanschlag", "bekannt", "reprasentant", "turkisch", "staat", "mitglied", "turkisch", "justizbehord", "turkisch", "arme", "gerichtet", "hinsicht", "diesbezug", "einzel", "ausfuhr", "haftbefehl", "ermittlungsricht", "bundesgerichtshof", "bezug", "genomm", "dhkp", "ausserhalb", "turkei", "westeuropa", "aktiv", "besteh", "organisationsein", "parteifunktionar", "komite", "geleitet", "aufgab", "sog", "ruckfront", "insbesond", "finanziell", "mittel", "beschaff", "weis", "begeh", "terrorist", "anschlag", "turkei", "unterstutz", "daneb", "europa", "kampf", "rekrutiert", "zud", "ausstatt", "gesorgt", "sowi", "ruckzugsraum", "mitglied", "organisation", "geschaff", "angeschuldigt", "arbeitet", "professionell", "kad", "verein", "nachfolg", "novemb", "festgenomm", "ubernahm", "vorubergeh", "aufgab", "deutschlandverantwort", "tatig", "funktion", "koordiniert", "aktivitat", "organisation", "deutschland", "beschaff", "geld", "eingebund", "leitet", "januar", "treff", "verschied", "dhkp", "gebietsverantwort", "koln", "wesent", "einzel", "spendenkampagn", "besproch", "wurd", "end", "marz", "arbeitet", "neu", "deutschlandverantwort", "gesondert", "verfolgt", "aufgab", "unterstutzt", "dringend", "verdacht", "dass", "angeschuldigt", "mitglied", "dhkp", "beteiligt", "ergibt", "insbesond", "einlass", "sowi", "erkenntnis", "rahm", "verdeckt", "ermittlungsmassnahm", "etwa", "uberwach", "telekommunikation", "gewonn", "wurd", "hinsicht", "einzel", "nimmt", "senat", "inhalt", "anklageschrift", "bezug", "danach", "besteht", "dringend", "tatverdacht", "dass", "angeschuldigt", "abs", "nr", "abs", "stgb", "strafbar", "gemacht", "dabei", "dahinsteh", "allerding", "nah", "liegt", "vgl", "etwa", "uneingeschrankt", "listung", "dhkp", "terrorist", "verein", "ratsbeschluss", "eg", "juni", "zuletzt", "juni", "eg", "durchfuhr", "art", "abs", "vo", "eg", "dezemb", "hintergrund", "dhkp", "materiell", "rechtlich", "insgesamt", "ausland", "terrorist", "verein", "anzuseh", "haftbefehl", "annimmt", "ledig", "innerhalb", "organisation", "terrorist", "verein", "gebildet", "neb", "bestimmt", "funktionar", "ausfuhr", "anschlag", "betraut", "kad", "turkei", "jedenfall", "kad", "mitglied", "angehor", "europa", "ausland", "herausgehob", "funktion", "dhkp", "tatig", "obliegt", "spendensamml", "bewaffnet", "kampf", "erford", "finanziell", "mittel", "beschaff", "vgl", "schon", "bgh", "beschluss", "mai", "ak", "ergebnis", "bisher", "ermittl", "gehort", "angeschuldigt", "deutschlandverantwort", "eng", "funktionarskreis", "erford", "ermacht", "strafrecht", "verfolg", "bereit", "begang", "kunftig", "tat", "deutschland", "zusammenhang", "terrorist", "verein", "steh", "innerhalb", "fuhrungskad", "dhkp", "fuhrung", "dursun", "karatas", "turkei", "gebildet", "bundesministerium", "justiz", "juli", "erteilt", "abs", "satz", "stgb", "zusammenhang", "hinsicht", "angeschuldigt", "last", "gelegt", "tat", "unabhang", "davon", "gegeb", "umfang", "verein", "materiell", "rechtlich", "bestimm", "strafbar", "angeschuldigt", "steht", "entgeg", "dass", "derzeit", "stand", "ermittl", "seit", "spatest", "anfang", "jahr", "zusammenarbeit", "bundesnachrichtendien", "angeworb", "verpflichtet", "wurd", "angeschuldigt", "hintergrund", "tatbestand", "voraussetz", "abs", "nr", "stgb", "erfullt", "handeln", "allenfall", "entsprech", "anwend", "verdeckt", "ermittl", "stpo", "verdeckt", "operier", "polizeibeamt", "geltend", "grundsatz", "eng", "voraussetz", "rechtfert", "notstand", "stgb", "gerechtfertigt", "vgl", "fisch", "stgb", "aufl", "rn", "mwn", "hierfur", "besteh", "jedoch", "aufgrund", "bisher", "einlass", "angeschuldigt", "sonstig", "ermittlungsergebnis", "anhaltspunkt", "angeschuldigt", "mitgliedschaft", "beteil", "terrorist", "verein", "ausland", "abs", "nr", "stgb", "dringend", "verdacht", "liegt", "haftgrund", "schwerkriminalitat", "abs", "stpo", "aufgrund", "haftbefehl", "nah", "dargelegt", "umstand", "berucksicht", "langjahr", "mitarbeit", "beim", "bundesnachrichtendien", "auszuschliess", "dass", "freiheit", "belass", "verfahr", "entzieh", "blick", "insbesond", "kontakt", "angeschuldigt", "langjahr", "hochrang", "mitglied", "international", "agier", "ausland", "terrorist", "verein", "knupf", "lag", "vermog", "wenig", "einschneid", "massnahm", "abs", "stpo", "erwart", "begrund", "dass", "zweck", "untersuchungshaft", "erreicht", "besond", "voraussetz", "fortdau", "untersuchungshaft", "sech", "monat", "hinaus", "abs", "stpo", "lieg", "besond", "schwierig", "besond", "umfang", "ermittl", "urteil", "zugelass", "rechtfert", "fortdau", "untersuchungshaft", "verfahr", "bislang", "haftsach", "gebot", "beschleun", "gefuhrt", "word", "seit", "festnahm", "angeschuldigt", "wurd", "zahlreich", "ermittlungsmassnahm", "durchgefuhrt", "wurd", "angeschuldigt", "insgesamt", "neun", "termin", "vernomm", "trotz", "gross", "umfang", "ermittl", "anklag", "bereit", "erhob", "word", "weit", "vollzug", "untersuchungshaft", "steht", "angeschuldigt", "haftbefehl", "erhob", "tatvorwurf", "derzeit", "auss", "verhaltnis", "abs", "satz", "stpo", "umstand", "dass", "angeklagt", "lang", "zeitraum", "nachrichtendienst", "quell", "tatig", "darf", "jedoch", "weit", "verlauf", "verfahr", "blick", "gerat", "dabei", "darauf", "bedacht", "nehm", "dass", "angeklagt", "gegebenenfall", "nachteil", "daraus", "erwachs", "darf", "dass", "bundesnachrichtendien", "behordenerklar", "juli", "hinaus", "weit", "angab", "tatig", "angeschuldigt", "insbesond", "fuhrungsperson", "angeschuldigt", "zeug", "hiesig", "strafverfahr", "verfug", "steh", "vgl", "bgh", "urteil", "marz", "str", "bghst", "einfluss", "bundesnachrichtendien", "mitwirk", "angeschuldigt", "dhkp", "gegebenenfall", "abhang", "art", "intensitat", "gunst", "angeschuldigt", "strafzumess", "auszuwirk", "vgl", "etwa", "bgh", "beschluss", "novemb", "str", "bghr", "stgb", "abs", "mann", "urteil", "novemb", "str", "bghst", "beschluss", "dezemb", "str", "nstz", "urteil", "mai", "str", "bghst", "blick", "derzeit", "ermittlungsstand", "infolg", "einfluss", "bundesnachrichtendien", "strafbar", "verhalt", "angeschuldigt", "reduziert", "straferwart", "vergleich", "anklageschrift", "deutlich", "gering", "tatvorwurf", "haftbefehl", "ermittlungsricht", "bundesgerichtshof", "oberlandesgericht", "ind", "zeitnah", "generalbundesanwalt", "beantragt", "erweiter", "haftbefehl", "befind", "beck", "lien", "schaf"], "mitwirkung": "", "aktenzeichen": "AK 12/10", "language": "deutsch", "gertyp": "BGH", "leitsatz": "", "gruende": "\n      <div>\n         <dl class=\"RspDL\">\n            <dt>\n               <a name=\"rd_1\">1</a>\n            </dt>\n            <dd>\n               <p>Der Angeschuldigte wurde aufgrund des Haftbefehls des Ermittlungsrichters des Bundesgerichtshofs vom 18. Februar 2010 (6 BGs 16/10) am 24. Februar 2010 festgenommen und befindet sich seit dem 25. Februar 2010 in Untersuchungshaft.</p>\n            </dd>\n         </dl>\n         <dl class=\"RspDL\">\n            <dt/>\n            <dd>\n               <p/>\n            </dd>\n         </dl>\n         <dl class=\"RspDL\">\n            <dt>\n               <a name=\"rd_2\">2</a>\n            </dt>\n            <dd>\n               <p>1. Gegenstand des Haftbefehls ist der Vorwurf, der Angeschuldigte habe sich durch seine T\u00e4tigkeit als F\u00fchrungsfunktion\u00e4r der DHKP-C (Devrimci Halk Kurtulus Partisi - Cephesi = Revolution\u00e4re Volksbefreiungspartei/-front) vom 5. November 2008 bis Ende M\u00e4rz 2009 als Mitglied an einer Vereinigung im Ausland beteiligt, deren Zwecke und deren T\u00e4tigkeit darauf gerichtet sind, Mord (\u00a7 211 StGB) oder Totschlag (\u00a7 212 StGB) zu begehen, sowie am 29. Januar und 5. Februar 2009 wiederholt einem Ausl\u00e4nder, der nicht im Besitz des erforderlichen Aufenthaltstitels ist, dazu Hilfe geleistet, dass er unerlaubt in das Bundesgebiet einreist. Der Generalbundesanwalt hat unter dem 9. August 2010 Anklage gegen den Angeschuldigten zum Oberlandesgericht D\u00fcsseldorf erhoben. Mit dieser wirft er dem Angeschuldigten vor, sich in der Zeit vom 7. Oktober 2002 bis zum 9. April 2009 als Mitglied an der DHKP-C beteiligt zu haben und am 4. und 5. Januar, am 29. Januar sowie am 5. Februar 2009 als Mitglied einer Bande, die sich zur fortgesetzten Begehung solcher Straftaten verbunden hat, wiederholt einem Ausl\u00e4nder, der nicht im Besitz des erforderlichen Aufenthaltstitels ist, dazu Hilfe geleistet zu haben, dass er unerlaubt in das Bundesgebiet einreist. Das Oberlandesgericht hat die Fortdauer der Untersuchungshaft f\u00fcr erforderlich gehalten und zur Begr\u00fcndung ausgef\u00fchrt, es halte den Angeschuldigten der ihm in der Anklageschrift zur Last gelegten Taten dringend verd\u00e4chtig. \u00dcber den Antrag des Generalbundesanwalts, den bestehenden Haftbefehl aufzuheben und durch einen neuen Haftbefehl im Umfang der Anklage zu ersetzen, hat das Oberlandesgericht noch nicht entschieden.</p>\n            </dd>\n         </dl>\n         <dl class=\"RspDL\">\n            <dt/>\n            <dd>\n               <p/>\n            </dd>\n         </dl>\n         <dl class=\"RspDL\">\n            <dt>\n               <a name=\"rd_3\">3</a>\n            </dt>\n            <dd>\n               <p>Die Voraussetzungen f\u00fcr die Fortdauer der Untersuchungshaft \u00fcber sechs Monate hinaus liegen auf der - im Haftpr\u00fcfungsverfahren nach den \u00a7\u00a7 121 f. StPO ma\u00dfgebenden - Grundlage des Vorwurfs, der dem Angeschuldigten in dem Haftbefehl des Ermittlungsrichters des Bundesgerichtshofs vom 18. Februar 2010 gemacht wird, vor.</p>\n            </dd>\n         </dl>\n         <dl class=\"RspDL\">\n            <dt/>\n            <dd>\n               <p/>\n            </dd>\n         </dl>\n         <dl class=\"RspDL\">\n            <dt>\n               <a name=\"rd_4\">4</a>\n            </dt>\n            <dd>\n               <p>2. Nach dem bisherigen Ergebnis der Ermittlungen ist im Sinne eines dringenden Tatverdachts von folgendem Geschehen auszugehen:</p>\n            </dd>\n         </dl>\n         <dl class=\"RspDL\">\n            <dt/>\n            <dd>\n               <p/>\n            </dd>\n         </dl>\n         <dl class=\"RspDL\">\n            <dt>\n               <a name=\"rd_5\">5</a>\n            </dt>\n            <dd>\n               <p>Die marxistisch-leninistisch orientierte, hierarchisch und zentralistisch aufgebaute Gruppierung DHKP-C verfolgt das Ziel, durch \"bewaffneten Kampf\" einen Umsturz der politischen Verh\u00e4ltnisse in der T\u00fcrkei herbeizuf\u00fchren und dort eine kommunistische Gesellschaftsordnung zu errichten. Sie hat sich seit dem Jahre 1994 zu zahlreichen Brand- und Sprengstoffanschl\u00e4gen bekannt, die u. a. gegen Repr\u00e4sentanten des t\u00fcrkischen Staates, Mitglieder t\u00fcrkischer Justizbeh\u00f6rden und der t\u00fcrkischen Armee gerichtet waren. Hinsichtlich der diesbez\u00fcglichen Einzelheiten wird auf die Ausf\u00fchrungen in dem Haftbefehl des Ermittlungsrichters des Bundesgerichtshofs Bezug genommen. Die DHKP-C ist auch au\u00dferhalb der T\u00fcrkei, vor allem in Westeuropa, aktiv. Hier bestehen Organisationseinheiten, die von Parteifunktion\u00e4ren oder -komitees geleitet werden. Die Aufgabe dieser sog. R\u00fcckfront ist es insbesondere, finanzielle Mittel zu beschaffen und auf diese Weise die Begehung der terroristischen Anschl\u00e4ge in der T\u00fcrkei zu unterst\u00fctzen. Daneben werden in Europa K\u00e4mpfer rekrutiert; zudem wird f\u00fcr deren Ausstattung gesorgt sowie ein R\u00fcckzugsraum f\u00fcr Mitglieder der Organisation geschaffen.</p>\n            </dd>\n         </dl>\n         <dl class=\"RspDL\">\n            <dt/>\n            <dd>\n               <p/>\n            </dd>\n         </dl>\n         <dl class=\"RspDL\">\n            <dt>\n               <a name=\"rd_6\">6</a>\n            </dt>\n            <dd>\n               <p>Der Angeschuldigte arbeitete als professioneller Kader f\u00fcr die Vereinigung. Als Nachfolger der am 5. November 2008 festgenommenen E.\u00a0\u00fcbernahm er vor\u00fcbergehend deren Aufgaben und war als Deutschlandverantwortlicher t\u00e4tig. In dieser Funktion koordinierte er die Aktivit\u00e4ten der Organisation in Deutschland. Er war vor allem auch in die Beschaffung von Geldern eingebunden. U. a. leitete er am 30. Januar 2009 ein Treffen verschiedener DHKP-C-Gebietsverantwortlicher in K\u00f6ln, bei dem wesentliche Einzelheiten zur \"Spendenkampagne\" besprochen wurden. Bis Ende M\u00e4rz 2009 arbeitete er den neuen Deutschlandverantwortlichen, den gesondert Verfolgten \u00d6., in dessen Aufgaben ein und unterst\u00fctzte ihn.</p>\n            </dd>\n         </dl>\n         <dl class=\"RspDL\">\n            <dt/>\n            <dd>\n               <p/>\n            </dd>\n         </dl>\n         <dl class=\"RspDL\">\n            <dt>\n               <a name=\"rd_7\">7</a>\n            </dt>\n            <dd>\n               <p>3. Der dringende Verdacht, dass der Angeschuldigte sich als Mitglied an der DHKP-C beteiligt hat, ergibt sich insbesondere aus seiner Einlassung sowie Erkenntnissen, die im Rahmen verdeckter Ermittlungsma\u00dfnahmen, etwa der \u00dcberwachung der Telekommunikation, gewonnen wurden. Hinsichtlich der Einzelheiten nimmt der Senat auf den Inhalt der Anklageschrift Bezug.</p>\n            </dd>\n         </dl>\n         <dl class=\"RspDL\">\n            <dt/>\n            <dd>\n               <p/>\n            </dd>\n         </dl>\n         <dl class=\"RspDL\">\n            <dt>\n               <a name=\"rd_8\">8</a>\n            </dt>\n            <dd>\n               <p>4. Danach besteht der dringende Tatverdacht, dass sich der Angeschuldigte nach den \u00a7 129a Abs. 1 Nr. 1, \u00a7 129b Abs. 1 StGB strafbar gemacht hat. Dabei kann hier dahinstehen, ob - was allerdings nahe liegt (vgl. etwa auch die uneingeschr\u00e4nkte Listung der DHKP-C als terroristische Vereinigung in den Ratsbeschl\u00fcssen 2002/460/EG vom 17. Juni 2002 und zuletzt vom 28. Juni 2007 - 2007/445/EG - zur Durchf\u00fchrung von Art. 2 Abs. 3 der VO (EG) 2580/2001 vom 27. Dezember 2001) - vor diesem Hintergrund die DHKP-C materiell-rechtlich insgesamt als ausl\u00e4ndische terroristische Vereinigung anzusehen ist, oder ob - wie der Haftbefehl annimmt - sich lediglich innerhalb dieser Organisation eine terroristische Vereinigung gebildet hat, der neben bestimmten Funktion\u00e4ren und den mit der Ausf\u00fchrung der Anschl\u00e4ge betrauten Kadern in der T\u00fcrkei jedenfalls auch solche Kader als Mitglieder angeh\u00f6ren, die im europ\u00e4ischen Ausland in herausgehobenen Funktionen f\u00fcr die DHKP-C t\u00e4tig sind und denen es obliegt, u. a. durch Spendensammlungen die f\u00fcr den bewaffneten Kampf erforderlichen finanziellen Mittel zu beschaffen (vgl. schon BGH, Beschluss vom 29. Mai 2009 - AK 8-10/09). Denn nach dem Ergebnis der bisherigen Ermittlungen geh\u00f6rte der Angeschuldigte als Deutschlandverantwortlicher diesem engeren Funktion\u00e4rskreis an.</p>\n            </dd>\n         </dl>\n         <dl class=\"RspDL\">\n            <dt/>\n            <dd>\n               <p/>\n            </dd>\n         </dl>\n         <dl class=\"RspDL\">\n            <dt>\n               <a name=\"rd_9\">9</a>\n            </dt>\n            <dd>\n               <p>Die erforderliche Erm\u00e4chtigung zur strafrechtlichen Verfolgung bereits begangener und k\u00fcnftiger Taten in Deutschland, \"die im Zusammenhang mit der terroristischen Vereinigung stehen, die sich innerhalb des F\u00fchrungskaders der DHKP-C unter der F\u00fchrung von Dursun KARATAS in der T\u00fcrkei gebildet hat\", hat das Bundesministerium der Justiz am 29. Juli 2003 erteilt (\u00a7 129b Abs. 1 Satz 3 und 4 StGB). Dieser Zusammenhang ist hinsichtlich der dem Angeschuldigten zur Last gelegten Taten unabh\u00e4ngig davon gegeben, wie der Umfang der Vereinigung materiell-rechtlich zu bestimmen ist.</p>\n            </dd>\n         </dl>\n         <dl class=\"RspDL\">\n            <dt/>\n            <dd>\n               <p/>\n            </dd>\n         </dl>\n         <dl class=\"RspDL\">\n            <dt>\n               <a name=\"rd_10\">10</a>\n            </dt>\n            <dd>\n               <p>Der Strafbarkeit des Angeschuldigten steht nicht entgegen, dass er nach dem derzeitigen Stand der Ermittlungen seit sp\u00e4testens Anfang des Jahres 2003 f\u00fcr eine Zusammenarbeit mit dem Bundesnachrichtendienst angeworben und verpflichtet wurde. Der Angeschuldigte hat auch vor diesem Hintergrund die tatbestandlichen Voraussetzungen der \u00a7\u00a7 129b, 129a Abs. 1 Nr. 1 StGB erf\u00fcllt. Sein Handeln k\u00f6nnte allenfalls in entsprechender Anwendung der f\u00fcr verdeckte Ermittler i.S.d. \u00a7 110a StPO und verdeckt operierende Polizeibeamte geltenden Grunds\u00e4tze unter den engen Voraussetzungen des rechtfertigenden Notstands nach \u00a7 34 StGB gerechtfertigt sein (vgl. Fischer, StGB, 57. Aufl., \u00a7 129 Rn. 37 mwN). Hierf\u00fcr bestehen jedoch aufgrund der bisherigen Einlassung des Angeschuldigten und der sonstigen Ermittlungsergebnisse keine Anhaltspunkte.</p>\n            </dd>\n         </dl>\n         <dl class=\"RspDL\">\n            <dt/>\n            <dd>\n               <p/>\n            </dd>\n         </dl>\n         <dl class=\"RspDL\">\n            <dt>\n               <a name=\"rd_11\">11</a>\n            </dt>\n            <dd>\n               <p>5. Da der Angeschuldigte der mitgliedschaftlichen Beteiligung an einer terroristischen Vereinigung im Ausland (\u00a7 129a Abs. 1 Nr. 1, \u00a7 129b StGB) dringend verd\u00e4chtig ist, liegt der Haftgrund der Schwerkriminalit\u00e4t (\u00a7 112 Abs. 3 StPO) vor. Es ist aufgrund der in dem Haftbefehl n\u00e4her dargelegten Umst\u00e4nde auch bei Ber\u00fccksichtigung seiner langj\u00e4hrigen Mitarbeit beim Bundesnachrichtendienst nicht auszuschlie\u00dfen, dass er sich, in Freiheit belassen, dem Verfahren entziehen wird.</p>\n            </dd>\n         </dl>\n         <dl class=\"RspDL\">\n            <dt/>\n            <dd>\n               <p/>\n            </dd>\n         </dl>\n         <dl class=\"RspDL\">\n            <dt>\n               <a name=\"rd_12\">12</a>\n            </dt>\n            <dd>\n               <p>Mit Blick insbesondere auf die Kontakte, die der Angeschuldigte als langj\u00e4hriges hochrangiges Mitglied einer international agierenden ausl\u00e4ndischen terroristischen Vereinigung zu kn\u00fcpfen in der Lage war, verm\u00f6gen weniger einschneidende Ma\u00dfnahmen nach \u00a7 116 Abs. 1 StPO nicht die Erwartung zu begr\u00fcnden, dass durch sie der Zweck der Untersuchungshaft auch erreicht werden kann.</p>\n            </dd>\n         </dl>\n         <dl class=\"RspDL\">\n            <dt/>\n            <dd>\n               <p/>\n            </dd>\n         </dl>\n         <dl class=\"RspDL\">\n            <dt>\n               <a name=\"rd_13\">13</a>\n            </dt>\n            <dd>\n               <p>6. Die besonderen Voraussetzungen f\u00fcr die Fortdauer der Untersuchungshaft \u00fcber sechs Monate hinaus (\u00a7 121 Abs. 1 StPO) liegen vor. Die besondere Schwierigkeit und der besondere Umfang der Ermittlungen haben ein Urteil noch nicht zugelassen und rechtfertigen die Fortdauer der Untersuchungshaft. Das Verfahren ist bislang mit der in Haftsachen gebotenen Beschleunigung gef\u00fchrt worden. Seit der Festnahme des Angeschuldigten wurden zahlreiche Ermittlungsma\u00dfnahmen durchgef\u00fchrt. U. a. wurde der Angeschuldigte an insgesamt neun Terminen vernommen. Trotz des gro\u00dfen Umfangs der Ermittlungen ist die Anklage bereits erhoben worden.</p>\n            </dd>\n         </dl>\n         <dl class=\"RspDL\">\n            <dt/>\n            <dd>\n               <p/>\n            </dd>\n         </dl>\n         <dl class=\"RspDL\">\n            <dt>\n               <a name=\"rd_14\">14</a>\n            </dt>\n            <dd>\n               <p>7. Der weitere Vollzug der Untersuchungshaft steht zu den gegen den Angeschuldigten in dem Haftbefehl erhobenen Tatvorw\u00fcrfen derzeit noch nicht au\u00dfer Verh\u00e4ltnis (\u00a7 120 Abs. 1 Satz 1 StPO). Der Umstand, dass der Angeklagte \u00fcber einen langen Zeitraum als nachrichtendienstliche Quelle t\u00e4tig war, darf jedoch im weiteren Verlauf des Verfahrens nicht aus dem Blick geraten. Dabei wird darauf Bedacht zu nehmen sein, dass dem Angeklagten gegebenenfalls kein Nachteil daraus erwachsen darf, dass der Bundesnachrichtendienst \u00fcber die Beh\u00f6rdenerkl\u00e4rung vom 14. Juli 2010 hinaus keine weiteren Angaben zu der T\u00e4tigkeit des Angeschuldigten machen und insbesondere die F\u00fchrungsperson des Angeschuldigten als Zeuge im hiesigen Strafverfahren nicht zur Verf\u00fcgung stehen wird (vgl. BGH, Urteil vom 4. M\u00e4rz 2004 - 3 StR 218/03, BGHSt 49, 112). Der Einfluss des Bundesnachrichtendienstes auf die Mitwirkung des Angeschuldigten in der DHKP-C wird sich gegebenenfalls - abh\u00e4ngig von der Art und Intensit\u00e4t - zu Gunsten des Angeschuldigten bei der Strafzumessung auszuwirken haben (vgl. etwa BGH, Beschluss vom 17. November 1999 - 3 StR 435/99, BGHR StGB \u00a7 46 Abs. 1 V-Mann 13; Urteil vom 18. November 1999 -\u00a0\u00a01 StR 221/99, BGHSt 45, 321; Beschluss vom 2. Dezember 1999 - 3 StR 479/99, NStZ 2000, 207; Urteil vom 30. Mai 2001 - 1 StR 42/01, BGHSt 47, 44). Mit Blick auf die nach derzeitigem Ermittlungsstand infolge des Einflusses des Bundesnachrichtendienstes auf das strafbare Verhalten des Angeschuldigten reduzierte Straferwartung und dem im Vergleich zur Anklageschrift deutlich geringeren Tatvorwurf in dem Haftbefehl des Ermittlungsrichters des Bundesgerichtshofs wird das Oberlandesgericht indes zeitnah \u00fcber die vom Generalbundesanwalt beantragte Erweiterung des Haftbefehls zu befinden haben.</p>\n            </dd>\n         </dl>\n         <dl class=\"RspDL\">\n            <dt/>\n            <dd>\n               <p/>\n            </dd>\n         </dl>\n         <dl class=\"RspDL\">\n            <dt/>\n            <dd>\n               <p>Becker\u00a0\u00a0\u00a0\u00a0\u00a0\u00a0\u00a0\u00a0\u00a0\u00a0\u00a0\u00a0\u00a0\u00a0\u00a0\u00a0\u00a0\u00a0\u00a0\u00a0\u00a0\u00a0\u00a0\u00a0\u00a0\u00a0\u00a0\u00a0\u00a0\u00a0\u00a0\u00a0\u00a0\u00a0\u00a0\u00a0\u00a0\u00a0von Lienen\u00a0\u00a0\u00a0\u00a0\u00a0\u00a0\u00a0\u00a0\u00a0\u00a0\u00a0\u00a0\u00a0\u00a0\u00a0\u00a0\u00a0\u00a0\u00a0\u00a0\u00a0\u00a0\u00a0\u00a0\u00a0\u00a0\u00a0\u00a0\u00a0\u00a0\u00a0\u00a0\u00a0\u00a0Sch\u00e4fer</p>\n            </dd>\n         </dl>\n         <dl class=\"RspDL\">\n            <dt/>\n            <dd>\n               <p/>\n            </dd>\n         </dl>\n      </div>\n   ", "accessRights": "public", "gerort": "", "entschDatum": "20100916", "coverage": "Deutschland", "titel": "\n      <dl class=\"RspDL\">\n         <dt/>\n         <dd>\n            <p>Untersuchungshaft \u00fcber sechs Monate: Mitgliedschaft in einer ausl\u00e4ndischen terroristischen Vereinigung bei T\u00e4tigkeit als F\u00fchrungfunktion\u00e4r der DHKP-C; rechtfertigender Notstand f\u00fcr Unterst\u00fctzungsleistungen bei Anwerbung des T\u00e4ters durch den Bundesnachrichtendienst</p>\n         </dd>\n      </dl>\n   ", "ecli": "", "identifier": "http://www.rechtsprechung-im-internet.de/jportal/?quelle=jlink&docid=JURE100070689&psml=bsjrsprod.psml&max=true", "spruchkoerper": "3. Strafsenat", "vorinstanz": "", "doknr": "JURE100070689", "abweichendeMeinung": "", "tenor": "\n      <div>\n         <dl class=\"RspDL\">\n            <dt/>\n            <dd>\n               <p>Die Untersuchungshaft hat fortzudauern.</p>\n            </dd>\n         </dl>\n         <dl class=\"RspDL\">\n            <dt/>\n            <dd>\n               <p/>\n            </dd>\n         </dl>\n         <dl class=\"RspDL\">\n            <dt/>\n            <dd>\n               <p>Eine etwa erforderliche weitere Haftpr\u00fcfung durch den Bundesgerichtshof findet in drei Monaten statt.</p>\n            </dd>\n         </dl>\n         <dl class=\"RspDL\">\n            <dt/>\n            <dd>\n               <p/>\n            </dd>\n         </dl>\n         <dl class=\"RspDL\">\n            <dt/>\n            <dd>\n               <p>Bis zu diesem Zeitpunkt wird die Haftpr\u00fcfung dem Oberlandesgericht D\u00fcsseldorf \u00fcbertragen.</p>\n            </dd>\n         </dl>\n         <dl class=\"RspDL\">\n            <dt/>\n            <dd>\n               <p/>\n            </dd>\n         </dl>\n      </div>\n   ", "regionAbk": "DEU"}