{"publisher": "BMJV", "tatbestand": "", "absaetze": [{"num": "1", "textProcessed": ["landgericht", "angeklagt", "handeltreib", "betaubungsmitteln", "gering", "meng", "drei", "fall", "fall", "ii", "ii", "urteilsgrund", "sowi", "handeltreib", "betaubungsmitteln", "drei", "fall", "fall", "ii", "urteilsgrund", "gesamtfreiheitsstraf", "drei", "jahr", "drei", "monat", "verurteilt", "last", "verfall", "angeordnet", "wirksam", "strafausspruch", "beschrankt", "rug", "verletz", "materiell", "recht", "gestutzt", "revision", "angeklagt", "beschlussformel", "ersicht", "teilerfolg", "weitergeh", "rechtsmittel", "unbegrundet", "sinn", "abs", "stpo"], "text": "Das Landgericht hat den Angeklagten wegen Handeltreibens mit Bet\u00e4ubungsmitteln in nicht geringer Menge in drei F\u00e4llen (F\u00e4lle 1, 2 und 6; II. 1. und II. 3. der Urteilsgr\u00fcnde) sowie wegen Handeltreibens mit Bet\u00e4ubungsmitteln in drei F\u00e4llen (F\u00e4lle 3 bis 5; II. 2. der Urteilsgr\u00fcnde) zu der Gesamtfreiheitsstrafe von drei Jahren und drei Monaten verurteilt. Weiter hat es zu seinen Lasten den Verfall von 4.190 \u20ac angeordnet. Die wirksam auf den Strafausspruch beschr\u00e4nkte, auf die R\u00fcge der Verletzung materiellen Rechts gest\u00fctzte Revision des Angeklagten hat den aus der Beschlussformel ersichtlichen Teilerfolg; das weitergehende Rechtsmittel ist unbegr\u00fcndet im Sinne von \u00a7 349 Abs. 2 StPO."}, {"num": "2", "textProcessed": ["bemess", "einzelstraf", "fall", "gesamtstraf", "halt", "rechtlich", "uberpruf", "stand", "generalbundesanwalt", "hierzu", "antragsschrift", "ausgefuhrt"], "text": "Die Bemessung der Einzelstrafen in den F\u00e4llen 1, 2 und 6 und der Gesamtstrafe h\u00e4lt rechtlicher \u00dcberpr\u00fcfung nicht stand. Der Generalbundesanwalt hat hierzu in seiner Antragsschrift ausgef\u00fchrt:"}, {"num": "3", "textProcessed": ["schliesst", "senat"], "text": "Dem schlie\u00dft sich der Senat an."}], "norm": ["\u00a7 31 Nr 1 BtMG"], "doktyp": "Beschluss", "regionLong": "Bundesrepublik Deutschland", "sonstlt": "", "gruendeProcessed": ["landgericht", "angeklagt", "handeltreib", "betaubungsmitteln", "gering", "meng", "drei", "fall", "fall", "ii", "ii", "urteilsgrund", "sowi", "handeltreib", "betaubungsmitteln", "drei", "fall", "fall", "ii", "urteilsgrund", "gesamtfreiheitsstraf", "drei", "jahr", "drei", "monat", "verurteilt", "last", "verfall", "angeordnet", "wirksam", "strafausspruch", "beschrankt", "rug", "verletz", "materiell", "recht", "gestutzt", "revision", "angeklagt", "beschlussformel", "ersicht", "teilerfolg", "weitergeh", "rechtsmittel", "unbegrundet", "sinn", "abs", "stpo", "bemess", "einzelstraf", "fall", "gesamtstraf", "halt", "rechtlich", "uberpruf", "stand", "generalbundesanwalt", "hierzu", "antragsschrift", "ausgefuhrt", "strafkamm", "unterlass", "fall", "anwend", "nr", "btmg", "pruf", "obwohl", "ausweis", "urteilsgrund", "ausdruck", "erorter", "gedrangt", "seh", "bgh", "schoreit", "nstz", "bghr", "btmg", "nr", "prufungspflicht", "senat", "nstz", "rr", "angeklagt", "wurd", "oktob", "aufgrund", "fall", "betreff", "tatgescheh", "festgenomm", "nachd", "sicherstell", "insgesamt", "kilogramm", "marihuana", "angeklagt", "mitangeklagt", "genutzt", "pkw", "gekomm", "ua", "anschliess", "verantwort", "vernehm", "polizei", "gab", "aufgefund", "marihuana", "sei", "ausliefer", "mitangeklagt", "bestimmt", "bereit", "zuvor", "schon", "zwei", "geleg", "ermittlungsbehord", "dahin", "unbekannt", "vorlieg", "fall", "gegenstand", "urteil", "jeweil", "kilogramm", "marihuana", "vorher", "bestell", "geliefert", "ua", "einlass", "angeklagt", "hauptverhandl", "dahingeh", "klargestellt", "dass", "oktob", "pkw", "aufgefund", "marihuana", "anteil", "kilogramm", "bestimmt", "sei", "anson", "aussag", "hinsicht", "kerngescheh", "unverandert", "wiederholt", "ua", "hierauf", "landgericht", "verurteil", "mitangeklagt", "fall", "ledig", "teilgestand", "eingelass", "ubrig", "vorwurf", "bestritt", "gestutzt", "ua", "angeklagt", "rahm", "strafzumess", "uberdi", "ausdruck", "zugut", "gehalt", "dass", "weitreich", "tataufklar", "beigetrag", "ua", "urteilsgrund", "lag", "dah", "nah", "dass", "angeklagt", "freiwill", "benenn", "abnehm", "zeit", "meng", "preis", "konkretisiert", "betaubungsmittelverkauf", "fall", "gemass", "nr", "btmg", "beigetrag", "tat", "eig", "tatbeitrag", "hinaus", "aufzuklar", "ermittlungsbehord", "fall", "aufgrund", "pkw", "sichergestellt", "betaubungsmittelmeng", "bekund", "zeug", "ko", "bereit", "hinweis", "moglich", "beteil", "abnehm", "steht", "angeklagt", "insoweit", "herbeigefuhrt", "aufklarungserfolg", "jedoch", "entgeg", "angab", "zumind", "sicher", "grundlag", "dafur", "geschaff", "tatbeteil", "nachzuweis", "bghr", "btmg", "nr", "aufdeck", "bgh", "nstz", "rr", "senat", "nstz", "rr", "dargelegt", "rechtsfehl", "beruht", "strafausspruch", "landgericht", "zugun", "angeklagt", "gestandnis", "aufklarungshilf", "berucksichtigt", "ua", "urteilsgrund", "lass", "jedoch", "erkenn", "dass", "moglich", "gepruft", "aufgrund", "vorlieg", "voraussetz", "nr", "btmg", "mind", "schwer", "fall", "abs", "btmg", "bejah", "straf", "nr", "btmg", "abs", "stgb", "gemildert", "strafrahm", "entnehm", "bghr", "btmg", "abs", "strafrahmenwahl", "bghr", "btmg", "ermess", "bgh", "nstz", "zwingt", "aufheb", "fall", "verhangt", "einzelstraf", "gesamtstrafenausspruch", "strafzumessungsrelevant", "feststell", "besteh", "bleib", "ausschliess", "rechtsanwendungsfehl", "vorliegt", "weit", "widerspruch", "stehend", "feststell", "neu", "tatricht", "treff", "schliesst", "senat", "sost", "scheibl", "ribgh", "pfist", "befindet", "sichim", "urlaub", "dahergehindert", "unterschreib", "hubert", "sost", "scheibl", "schaf", "may"], "mitwirkung": "", "aktenzeichen": "3 StR 297/10", "language": "deutsch", "gertyp": "BGH", "leitsatz": "", "gruende": "\n      <div>\n         <dl class=\"RspDL\">\n            <dt>\n               <a name=\"rd_1\">1</a>\n            </dt>\n            <dd>\n               <p>Das Landgericht hat den Angeklagten wegen Handeltreibens mit Bet\u00e4ubungsmitteln in nicht geringer Menge in drei F\u00e4llen (F\u00e4lle 1, 2 und 6; II. 1. und II. 3. der Urteilsgr\u00fcnde) sowie wegen Handeltreibens mit Bet\u00e4ubungsmitteln in drei F\u00e4llen (F\u00e4lle 3 bis 5; II. 2. der Urteilsgr\u00fcnde) zu der Gesamtfreiheitsstrafe von drei Jahren und drei Monaten verurteilt. Weiter hat es zu seinen Lasten den Verfall von 4.190 \u20ac angeordnet. Die wirksam auf den Strafausspruch beschr\u00e4nkte, auf die R\u00fcge der Verletzung materiellen Rechts gest\u00fctzte Revision des Angeklagten hat den aus der Beschlussformel ersichtlichen Teilerfolg; das weitergehende Rechtsmittel ist unbegr\u00fcndet im Sinne von \u00a7 349 Abs. 2 StPO.</p>\n            </dd>\n         </dl>\n         <dl class=\"RspDL\">\n            <dt/>\n            <dd>\n               <p/>\n            </dd>\n         </dl>\n         <dl class=\"RspDL\">\n            <dt>\n               <a name=\"rd_2\">2</a>\n            </dt>\n            <dd>\n               <p>Die Bemessung der Einzelstrafen in den F\u00e4llen 1, 2 und 6 und der Gesamtstrafe h\u00e4lt rechtlicher \u00dcberpr\u00fcfung nicht stand. Der Generalbundesanwalt hat hierzu in seiner Antragsschrift ausgef\u00fchrt:</p>\n            </dd>\n         </dl>\n         <dl class=\"RspDL\">\n            <dt/>\n            <dd>\n               <p/>\n            </dd>\n         </dl>\n         <dl class=\"RspDL\">\n            <dt/>\n            <dd>\n               <p style=\"margin-left:36pt\">\"Die Strafkammer hat es unterlassen, f\u00fcr die F\u00e4lle 1, 2 und 6 \u2026 die Anwendung von \u00a7 31 S. 1 Nr. 1 BtMG zu pr\u00fcfen, obwohl sie sich ausweislich der Urteilsgr\u00fcnde zu einer ausdr\u00fccklichen Er\u00f6rterung gedr\u00e4ngt sehen musste (BGH bei Schoreit NStZ 1987, 64; BGHR BtMG \u00a7 31 Nr. 1 Pr\u00fcfungspflicht 1; Senat NStZ-RR 2009, 58 f.).</p>\n            </dd>\n         </dl>\n         <dl class=\"RspDL\">\n            <dt/>\n            <dd>\n               <p/>\n            </dd>\n         </dl>\n         <dl class=\"RspDL\">\n            <dt/>\n            <dd>\n               <p style=\"margin-left:36pt\">Der Angeklagte wurde am 3. Oktober 2009 aufgrund des Fall 6 betreffenden Tatgeschehens festgenommen, nachdem es zur Sicherstellung von insgesamt 7,2 Kilogramm Marihuana in einem von dem Angeklagten und dem Mitangeklagten S.\u00a0genutzten Pkw gekommen war (UA S. 11-17). In seiner anschlie\u00dfenden verantwortlichen Vernehmung durch die Polizei gab er an, das aufgefundene Marihuana sei zur Auslieferung an den Mitangeklagten K.\u00a0bestimmt gewesen. Bereits zuvor habe er schon bei zwei Gelegenheiten - die den Ermittlungsbeh\u00f6rden bis dahin unbekannt waren und vorliegend als F\u00e4lle 1 und 2 Gegenstand des Urteils sind - jeweils 5 Kilogramm Marihuana nach vorheriger Bestellung an K.\u00a0geliefert (UA S. 20-23). Diese Einlassung hat der Angeklagte in der Hauptverhandlung dahingehend klargestellt, dass von dem am 3. Oktober 2009 in dem Pkw aufgefundenen Marihuana ein Anteil von 5 Kilogramm f\u00fcr K.\u00a0bestimmt gewesen sei. Ansonsten hat er seine Aussage hinsichtlich des Kerngeschehens unver\u00e4ndert wiederholt (UA S. 21-23). Hierauf hat das Landgericht auch die Verurteilung des Mitangeklagten K.\u00a0- der sich zu Fall 6 lediglich teilgest\u00e4ndig eingelassen und die \u00fcbrigen Vorw\u00fcrfe bestritten hatte - gest\u00fctzt (UA S. 17-27). Dem Angeklagten hat es Rahmen der Strafzumessung \u00fcberdies ausdr\u00fccklich zugute gehalten, dass dieser 'weitreichend zu Tataufkl\u00e4rung (...) beigetragen' habe (UA S. 32).</p>\n            </dd>\n         </dl>\n         <dl class=\"RspDL\">\n            <dt/>\n            <dd>\n               <p/>\n            </dd>\n         </dl>\n         <dl class=\"RspDL\">\n            <dt/>\n            <dd>\n               <p/>\n            </dd>\n         </dl>\n         <dl class=\"RspDL\">\n            <dt/>\n            <dd>\n               <p style=\"margin-left:36pt\">Nach den Urteilsgr\u00fcnden lag es daher nahe, dass der Angeklagte durch die freiwillige Benennung seines Abnehmers K.\u00a0und der nach Zeit, Menge und Preis konkretisierten Bet\u00e4ubungsmittelverk\u00e4ufe in den F\u00e4llen 1, 2 und 6 gem\u00e4\u00df \u00a7 31 S. 1 Nr. 1 BtMG dazu beigetragen hat, diese Taten \u00fcber seinen eigenen Tatbeitrag hinaus aufzukl\u00e4ren. Zwar hatten die Ermittlungsbeh\u00f6rden im Fall 6 aufgrund der in dem Pkw sichergestellten Bet\u00e4ubungsmittelmenge und den Bekundungen des Zeugen K\u00f6.\u00a0bereits Hinweise auf eine m\u00f6gliche Beteiligung K.'s als Abnehmer. Dies steht einem durch den Angeklagten auch insoweit herbeigef\u00fchrten Aufkl\u00e4rungserfolg jedoch nicht entgegen, denn er hat mit seinen Angaben zu K.\u00a0zumindest eine sicherere Grundlage daf\u00fcr geschaffen, diesem die Tatbeteiligung nachzuweisen (BGHR BtMG \u00a7 31 Nr. 1 Aufdeckung 18, 19 und 25; BGH NStZ-RR 1996, 181, Senat NStZ-RR 2009, 58 f.). ...</p>\n            </dd>\n         </dl>\n         <dl class=\"RspDL\">\n            <dt/>\n            <dd>\n               <p/>\n            </dd>\n         </dl>\n         <dl class=\"RspDL\">\n            <dt/>\n            <dd>\n               <p style=\"margin-left:36pt\">Auf dem dargelegten Rechtsfehler beruht der Strafausspruch auch. Zwar hat das Landgericht zugunsten des Angeklagten sein Gest\u00e4ndnis und die Aufkl\u00e4rungshilfe ber\u00fccksichtigt (UA S. 32). Die Urteilsgr\u00fcnde lassen jedoch nicht erkennen, dass es die M\u00f6glichkeit gepr\u00fcft hat, aufgrund des Vorliegens der Voraussetzungen des \u00a7 31 S. 1 Nr. 1 BtMG minder schwere F\u00e4lle nach \u00a7 29a Abs. 2 BtMG zu bejahen oder die Strafe dem nach \u00a7 31 S. 1 Nr. 1 BtMG, \u00a7 49 Abs. 1 StGB gemilderten Strafrahmen zu entnehmen (BGHR BtMG \u00a7 30 Abs. 2 Strafrahmenwahl 2; BGHR BtMG \u00a7 31 Ermessen 1; BGH NStZ 1996, 181). Dies zwingt zur Aufhebung der f\u00fcr die F\u00e4lle 1, 2 und 6 verh\u00e4ngten Einzelstrafen und damit auch des Gesamtstrafenausspruchs. Die strafzumessungsrelevanten Feststellungen k\u00f6nnen bestehen bleiben, da ausschlie\u00dflich ein Rechtsanwendungsfehler vorliegt. \u2026 Weitere, dazu nicht in Widerspruch stehende Feststellungen kann der neue Tatrichter treffen.\"</p>\n            </dd>\n         </dl>\n         <dl class=\"RspDL\">\n            <dt/>\n            <dd>\n               <p/>\n            </dd>\n         </dl>\n         <dl class=\"RspDL\">\n            <dt>\n               <a name=\"rd_3\">3</a>\n            </dt>\n            <dd>\n               <p>Dem schlie\u00dft sich der Senat an.</p>\n            </dd>\n         </dl>\n         <dl class=\"RspDL\">\n            <dt/>\n            <dd>\n               <p/>\n            </dd>\n         </dl>\n         <dl class=\"RspDL\">\n            <dt/>\n            <dd>\n               <table border=\"0\" cellpadding=\"0\" cellspacing=\"0\" class=\"Rsp\">\n                  <tr>\n                     <td colspan=\"1\" rowspan=\"1\" valign=\"top\">\n                        <p>Sost-Scheible\u00a0\u00a0\u00a0\u00a0\u00a0</p>\n                     </td>\n                     <td colspan=\"1\" rowspan=\"1\" valign=\"top\">\n                        <p/>\n                     </td>\n                     <td colspan=\"1\" rowspan=\"1\" valign=\"top\">\n                        <p>RiBGH Pfister befindet sich<br/>im Urlaub und ist daher<br/>gehindert zu unterschreiben.</p>\n                     </td>\n                     <td colspan=\"1\" rowspan=\"1\" valign=\"top\">\n                        <p/>\n                     </td>\n                     <td colspan=\"1\" rowspan=\"1\" valign=\"top\">\n                        <p>Hubert</p>\n                     </td>\n                  </tr>\n                  <tr>\n                     <td colspan=\"1\" rowspan=\"1\" valign=\"top\">\n                        <p/>\n                     </td>\n                     <td colspan=\"1\" rowspan=\"1\" valign=\"top\">\n                        <p/>\n                     </td>\n                     <td colspan=\"1\" rowspan=\"1\" valign=\"top\">\n                        <p style=\"text-align:center\">Sost-Scheible</p>\n                     </td>\n                     <td colspan=\"1\" rowspan=\"1\" valign=\"top\">\n                        <p/>\n                     </td>\n                     <td colspan=\"1\" rowspan=\"1\" valign=\"top\">\n                        <p/>\n                     </td>\n                  </tr>\n                  <tr>\n                     <td colspan=\"1\" rowspan=\"1\" valign=\"top\">\n                        <p/>\n                     </td>\n                     <td colspan=\"1\" rowspan=\"1\" valign=\"top\">\n                        <p>Sch\u00e4fer\u00a0\u00a0\u00a0\u00a0\u00a0</p>\n                     </td>\n                     <td colspan=\"1\" rowspan=\"1\" valign=\"top\">\n                        <p/>\n                     </td>\n                     <td colspan=\"1\" rowspan=\"1\" valign=\"top\">\n                        <p>\u00a0\u00a0\u00a0\u00a0\u00a0Mayer\u00a0\u00a0\u00a0\u00a0\u00a0</p>\n                     </td>\n                     <td colspan=\"1\" rowspan=\"1\" valign=\"top\">\n                        <p/>\n                     </td>\n                  </tr>\n               </table>\n            </dd>\n         </dl>\n         <dl class=\"RspDL\">\n            <dt/>\n            <dd>\n               <p/>\n            </dd>\n         </dl>\n      </div>\n   ", "accessRights": "public", "gerort": "", "entschDatum": "20100831", "coverage": "Deutschland", "titel": "\n      <dl class=\"RspDL\">\n         <dt/>\n         <dd>\n            <p>Strafverfahren wegen unerlaubten Handeltreibens mit Bet\u00e4ubungsmitteln in nicht geringer Menge: Er\u00f6rterungspflicht f\u00fcr eine m\u00f6gliche Strafmilderung wegen Aufkl\u00e4rungshilfe</p>\n         </dd>\n      </dl>\n   ", "ecli": "", "identifier": "http://www.rechtsprechung-im-internet.de/jportal/?quelle=jlink&docid=JURE100071740&psml=bsjrsprod.psml&max=true", "spruchkoerper": "3. Strafsenat", "vorinstanz": "vorgehend LG Hildesheim, 8. April 2010, Az: 26 KLs 18 Js 29975/09, Urteil\n   ", "doknr": "JURE100071740", "abweichendeMeinung": "", "tenor": "\n      <div>\n         <dl class=\"RspDL\">\n            <dt/>\n            <dd>\n               <p>1. Auf die Revision des Angeklagten wird das Urteil des Landgerichts Hildesheim vom 8. April 2010, soweit es ihn betrifft, im Strafausspruch in den F\u00e4llen 1, 2 und 6 (II. 1. und II. 3. der Urteilsgr\u00fcnde) sowie im Ausspruch \u00fcber die Gesamtstrafe aufgehoben; die zugeh\u00f6rigen Feststellungen bleiben aufrechterhalten.</p>\n            </dd>\n         </dl>\n         <dl class=\"RspDL\">\n            <dt/>\n            <dd>\n               <p/>\n            </dd>\n         </dl>\n         <dl class=\"RspDL\">\n            <dt/>\n            <dd>\n               <p>Im Umfang der Aufhebung wird die Sache zu neuer Verhandlung und Entscheidung, auch \u00fcber die Kosten des Rechtsmittels, an eine andere Strafkammer des Landgerichts zur\u00fcckverwiesen.</p>\n            </dd>\n         </dl>\n         <dl class=\"RspDL\">\n            <dt/>\n            <dd>\n               <p/>\n            </dd>\n         </dl>\n         <dl class=\"RspDL\">\n            <dt/>\n            <dd>\n               <p>2. Die weitergehende Revision wird verworfen.</p>\n            </dd>\n         </dl>\n         <dl class=\"RspDL\">\n            <dt/>\n            <dd>\n               <p/>\n            </dd>\n         </dl>\n      </div>\n   ", "regionAbk": "DEU"}