{"publisher": "BMJV", "tatbestand": "", "absaetze": [{"num": "1", "textProcessed": ["verfug", "vorsitz", "august", "antragstell", "pflichtverteid", "revisionshauptverhandl", "bestellt", "word", "verfahrensteil", "bundesgerichtshof", "entscheid", "bewill", "pauschvergut", "beruf", "abs", "satz", "abs", "satz", "rvg"], "text": "Mit Verf\u00fcgung des Vorsitzenden vom 16. August 2010 war der Antragsteller zum Pflichtverteidiger f\u00fcr die Revisionshauptverhandlung bestellt worden. F\u00fcr diesen Verfahrensteil ist der Bundesgerichtshof zur Entscheidung \u00fcber die Bewilligung einer Pauschverg\u00fctung berufen (\u00a7 51 Abs. 2 Satz 2 i.V.m. \u00a7 51 Abs. 1 Satz 1 RVG)."}, {"num": "2", "textProcessed": ["anhor", "bundeskass", "halt", "senat", "gesetz", "gebuhr", "hinausgeh", "pauschvergut", "hoh", "gerechtfertigt", "angemess"], "text": "Nach Anh\u00f6rung der Bundeskasse h\u00e4lt der Senat eine \u00fcber die gesetzliche Geb\u00fchr hinausgehende Pauschverg\u00fctung in H\u00f6he von 2.000 \u20ac f\u00fcr gerechtfertigt und angemessen. "}, {"num": "3", "textProcessed": ["vorbereit", "wahrnehm", "hauptverhandl", "antragstell", "eingeh", "besond", "umfangreich", "schwierig", "fragestell", "betaubungsmittelstrafrecht", "befass", "bislang", "gangig", "kommentarliteratur", "erortert", "word", "revisionshauptverhandl", "wich", "zud", "erheb", "ublich", "zeitumfang", "ab", "zwei", "sachverstand", "wirkung", "gesundheit", "folg", "verfahrensgegenstand", "medikament", "hor", "sachverstand", "vermittelt", "erkenntnis", "dementsprech", "schlussvortrag", "hauptverhandl", "berucksicht"], "text": "Zur Vorbereitung und Wahrnehmung der Hauptverhandlung hatte sich der Antragsteller eingehend mit besonders umfangreichen und schwierigen Fragestellungen aus dem Bet\u00e4ubungsmittelstrafrecht zu befassen, die bislang noch nicht einmal in der g\u00e4ngigen Kommentarliteratur er\u00f6rtert worden sind. Die Revisionshauptverhandlung wich zudem erheblich von dem \u00fcblichen Zeitumfang ab. So waren zwei Sachverst\u00e4ndige zu den Wirkungen und gesundheitlichen Folgen der verfahrensgegenst\u00e4ndlichen Medikamente zu h\u00f6ren. Die durch die Sachverst\u00e4ndigen vermittelten Erkenntnisse waren dementsprechend im Schlussvortrag in der Hauptverhandlung zu ber\u00fccksichtigen. "}, {"num": "4", "textProcessed": ["pflichtverteid", "hierdurch", "erwachs", "aufwand", "uberstieg", "erheb", "ublich", "revision", "verbund", "aufwand", "senat", "festgesetzt", "erhoht", "pauschbetrag", "angemess", "weis", "rechnung", "getrag", "demgegenub", "kommt", "weit", "erhoh", "dreifach", "wahlverteidigerhochstgebuhr", "pflichtverteid", "beantragt", "word", "betracht"], "text": "Der dem Pflichtverteidiger hierdurch erwachsene Aufwand \u00fcberstieg damit erheblich den \u00fcblichen mit einer Revision verbundenen Aufwand. Dem wird durch den vom Senat festgesetzten erh\u00f6hten Pauschbetrag in angemessener Weise Rechnung getragen; demgegen\u00fcber kommt eine weitere Erh\u00f6hung auf das Dreifache einer Wahlverteidigerh\u00f6chstgeb\u00fchr, wie dies von dem Pflichtverteidiger beantragt worden ist, nicht in Betracht."}], "norm": ["\u00a7 51 RVG"], "doktyp": "Beschluss", "regionLong": "Bundesrepublik Deutschland", "sonstlt": "", "gruendeProcessed": ["verfug", "vorsitz", "august", "antragstell", "pflichtverteid", "revisionshauptverhandl", "bestellt", "word", "verfahrensteil", "bundesgerichtshof", "entscheid", "bewill", "pauschvergut", "beruf", "abs", "satz", "abs", "satz", "rvg", "anhor", "bundeskass", "halt", "senat", "gesetz", "gebuhr", "hinausgeh", "pauschvergut", "hoh", "gerechtfertigt", "angemess", "vorbereit", "wahrnehm", "hauptverhandl", "antragstell", "eingeh", "besond", "umfangreich", "schwierig", "fragestell", "betaubungsmittelstrafrecht", "befass", "bislang", "gangig", "kommentarliteratur", "erortert", "word", "revisionshauptverhandl", "wich", "zud", "erheb", "ublich", "zeitumfang", "ab", "zwei", "sachverstand", "wirkung", "gesundheit", "folg", "verfahrensgegenstand", "medikament", "hor", "sachverstand", "vermittelt", "erkenntnis", "dementsprech", "schlussvortrag", "hauptverhandl", "berucksicht", "pflichtverteid", "hierdurch", "erwachs", "aufwand", "uberstieg", "erheb", "ublich", "revision", "verbund", "aufwand", "senat", "festgesetzt", "erhoht", "pauschbetrag", "angemess", "weis", "rechnung", "getrag", "demgegenub", "kommt", "weit", "erhoh", "dreifach", "wahlverteidigerhochstgebuhr", "pflichtverteid", "beantragt", "word", "betracht", "nack", "wahl", "graf", "jag", "sand"], "mitwirkung": "", "aktenzeichen": "1 StR 579/09", "language": "deutsch", "gertyp": "BGH", "leitsatz": "", "gruende": "\n      <div>\n         <dl class=\"RspDL\">\n            <dt/>\n            <dd>\n               <p/>\n            </dd>\n         </dl>\n         <dl class=\"RspDL\">\n            <dt>\n               <a name=\"rd_1\">1</a>\n            </dt>\n            <dd>\n               <p>Mit Verf\u00fcgung des Vorsitzenden vom 16. August 2010 war der Antragsteller zum Pflichtverteidiger f\u00fcr die Revisionshauptverhandlung bestellt worden. F\u00fcr diesen Verfahrensteil ist der Bundesgerichtshof zur Entscheidung \u00fcber die Bewilligung einer Pauschverg\u00fctung berufen (\u00a7 51 Abs. 2 Satz 2 i.V.m. \u00a7 51 Abs. 1 Satz 1 RVG).</p>\n            </dd>\n         </dl>\n         <dl class=\"RspDL\">\n            <dt/>\n            <dd>\n               <p/>\n            </dd>\n         </dl>\n         <dl class=\"RspDL\">\n            <dt>\n               <a name=\"rd_2\">2</a>\n            </dt>\n            <dd>\n               <p>Nach Anh\u00f6rung der Bundeskasse h\u00e4lt der Senat eine \u00fcber die gesetzliche Geb\u00fchr hinausgehende Pauschverg\u00fctung in H\u00f6he von 2.000 \u20ac f\u00fcr gerechtfertigt und angemessen. </p>\n            </dd>\n         </dl>\n         <dl class=\"RspDL\">\n            <dt/>\n            <dd>\n               <p/>\n            </dd>\n         </dl>\n         <dl class=\"RspDL\">\n            <dt>\n               <a name=\"rd_3\">3</a>\n            </dt>\n            <dd>\n               <p>Zur Vorbereitung und Wahrnehmung der Hauptverhandlung hatte sich der Antragsteller eingehend mit besonders umfangreichen und schwierigen Fragestellungen aus dem Bet\u00e4ubungsmittelstrafrecht zu befassen, die bislang noch nicht einmal in der g\u00e4ngigen Kommentarliteratur er\u00f6rtert worden sind. Die Revisionshauptverhandlung wich zudem erheblich von dem \u00fcblichen Zeitumfang ab. So waren zwei Sachverst\u00e4ndige zu den Wirkungen und gesundheitlichen Folgen der verfahrensgegenst\u00e4ndlichen Medikamente zu h\u00f6ren. Die durch die Sachverst\u00e4ndigen vermittelten Erkenntnisse waren dementsprechend im Schlussvortrag in der Hauptverhandlung zu ber\u00fccksichtigen. </p>\n            </dd>\n         </dl>\n         <dl class=\"RspDL\">\n            <dt/>\n            <dd>\n               <p/>\n            </dd>\n         </dl>\n         <dl class=\"RspDL\">\n            <dt>\n               <a name=\"rd_4\">4</a>\n            </dt>\n            <dd>\n               <p>Der dem Pflichtverteidiger hierdurch erwachsene Aufwand \u00fcberstieg damit erheblich den \u00fcblichen mit einer Revision verbundenen Aufwand. Dem wird durch den vom Senat festgesetzten erh\u00f6hten Pauschbetrag in angemessener Weise Rechnung getragen; demgegen\u00fcber kommt eine weitere Erh\u00f6hung auf das Dreifache einer Wahlverteidigerh\u00f6chstgeb\u00fchr, wie dies von dem Pflichtverteidiger beantragt worden ist, nicht in Betracht.</p>\n            </dd>\n         </dl>\n         <dl class=\"RspDL\">\n            <dt/>\n            <dd>\n               <p/>\n            </dd>\n         </dl>\n         <dl class=\"RspDL\">\n            <dt/>\n            <dd>\n               <p/>\n            </dd>\n         </dl>\n         <dl class=\"RspDL\">\n            <dt/>\n            <dd>\n               <p/>\n            </dd>\n         </dl>\n         <dl class=\"RspDL\">\n            <dt/>\n            <dd>\n               <p>Nack\u00a0\u00a0\u00a0\u00a0\u00a0\u00a0\u00a0\u00a0\u00a0\u00a0\u00a0\u00a0\u00a0\u00a0\u00a0\u00a0\u00a0\u00a0\u00a0\u00a0\u00a0Wahl\u00a0\u00a0\u00a0\u00a0\u00a0\u00a0\u00a0\u00a0\u00a0\u00a0\u00a0\u00a0\u00a0\u00a0\u00a0\u00a0\u00a0\u00a0\u00a0\u00a0\u00a0\u00a0\u00a0Graf</p>\n            </dd>\n         </dl>\n         <dl class=\"RspDL\">\n            <dt/>\n            <dd>\n               <p>\u00a0\u00a0\u00a0\u00a0\u00a0\u00a0\u00a0\u00a0\u00a0J\u00e4ger\u00a0\u00a0\u00a0\u00a0\u00a0\u00a0\u00a0\u00a0\u00a0\u00a0\u00a0\u00a0\u00a0\u00a0\u00a0\u00a0\u00a0\u00a0\u00a0\u00a0\u00a0\u00a0\u00a0Sander</p>\n            </dd>\n         </dl>\n         <dl class=\"RspDL\">\n            <dt/>\n            <dd>\n               <p/>\n            </dd>\n         </dl>\n         <dl class=\"RspDL\">\n            <dt/>\n            <dd>\n               <p/>\n            </dd>\n         </dl>\n         <dl class=\"RspDL\">\n            <dt/>\n            <dd>\n               <p/>\n            </dd>\n         </dl>\n         <dl class=\"RspDL\">\n            <dt/>\n            <dd>\n               <p/>\n            </dd>\n         </dl>\n         <dl class=\"RspDL\">\n            <dt/>\n            <dd>\n               <p/>\n            </dd>\n         </dl>\n      </div>\n   ", "accessRights": "public", "gerort": "", "entschDatum": "20110221", "coverage": "Deutschland", "titel": "\n      <dl class=\"RspDL\">\n         <dt/>\n         <dd>\n            <p>Pflichtverteidigerverg\u00fctung: Bemessung der Pauschgeb\u00fchr f\u00fcr die Revisionshauptverhandlung</p>\n         </dd>\n      </dl>\n   ", "ecli": "", "identifier": "http://www.rechtsprechung-im-internet.de/jportal/?quelle=jlink&docid=JURE110004974&psml=bsjrsprod.psml&max=true", "spruchkoerper": "1. Strafsenat", "vorinstanz": "vorgehend LG M\u00fcnchen I, 3. April 2009, Az: 9 KLs 361 Js 38416/07c\n   ", "doknr": "JURE110004974", "abweichendeMeinung": "", "tenor": "\n      <div>\n         <dl class=\"RspDL\">\n            <dt/>\n            <dd>\n               <p/>\n            </dd>\n         </dl>\n         <dl class=\"RspDL\">\n            <dt/>\n            <dd>\n               <p style=\"margin-left:36pt\">Dem gerichtlich bestellten Verteidiger, Rechtsanwalt G.\u00a0\u00a0\u00a0\u00a0\u00a0\u00a0\u00a0aus M\u00fcnchen, wird f\u00fcr die Revisionshauptverhandlung anstelle der gesetzlichen Geb\u00fchr eine Pauschverg\u00fctung in H\u00f6he von 2.000 \u20ac bewilligt.</p>\n            </dd>\n         </dl>\n         <dl class=\"RspDL\">\n            <dt/>\n            <dd>\n               <p/>\n            </dd>\n         </dl>\n      </div>\n   ", "regionAbk": "DEU"}