{"publisher": "BMJV", "tatbestand": "", "absaetze": [{"num": "1", "textProcessed": ["landgericht", "angeklagt", "raub", "fall", "ii", "gefahr", "korperverletz", "tatein", "verstoss", "waffengesetz", "fall", "ii", "einbezieh", "geldstraf", "fruh", "urteil", "gesamtfreiheitsstraf", "zwei", "jahr", "verurteilt", "vollstreck", "bewahr", "ausgesetzt", "hiergeg", "gerichtet", "revision", "angeklagt", "verletz", "formell", "materiell", "recht", "beanstandet", "verfahrensrug", "fall", "ii", "gesamtstrafenausspruch", "erfolg", "ubrig", "rechtsmittel", "unbegrundet", "sinn", "abs", "stpo"], "text": "Das Landgericht hat den Angeklagten wegen Raubes (Fall II. 1) und wegen gef\u00e4hrlicher K\u00f6rperverletzung in Tateinheit mit \"Versto\u00df gegen das Waffengesetz\" (Fall II. 2) unter Einbeziehung einer Geldstrafe aus einem fr\u00fcheren Urteil zu einer Gesamtfreiheitsstrafe von zwei Jahren verurteilt und deren Vollstreckung zur Bew\u00e4hrung ausgesetzt. Die hiergegen gerichtete Revision des Angeklagten, mit der er die Verletzung formellen und materiellen Rechts beanstandet, hat mit einer Verfahrensr\u00fcge zum Fall II. 1 und zum Gesamtstrafenausspruch Erfolg. Im \u00dcbrigen ist das Rechtsmittel unbegr\u00fcndet im Sinne des \u00a7 349 Abs. 2 StPO."}, {"num": "2", "textProcessed": ["rug", "landgericht", "beweisantrag", "rechtsfehlerhaft", "weis", "abgelehnt", "greift"], "text": "Die R\u00fcge, das Landgericht habe einen Beweisantrag in rechtsfehlerhafter Weise abgelehnt, greift durch."}, {"num": "3", "textProcessed": ["feststell", "fall", "ii", "ergriff", "angeklagt", "spat", "geschadigt", "begleit", "zeug", "befand", "link", "hand", "schult", "legt", "arm", "zog", "einsehbar", "eingangsbereich", "spielothek", "nahm", "gewaltsam"], "text": "1. Nach den Feststellungen zum Fall II. 1 ergriff der Angeklagte den sp\u00e4teren Gesch\u00e4digten, der sich in Begleitung des Zeugen H.\u00a0befand, mit der linken Hand an der Schulter, legte den Arm um ihn und zog ihn gegen dessen Willen in den nicht einsehbaren Eingangsbereich einer Spielothek. Dort nahm er ihm gewaltsam 120 \u20ac weg."}, {"num": "4", "textProcessed": ["landgericht", "verurteil", "angeklagt", "tat", "bestritt", "wesent", "angab", "tatopf", "gestutzt", "aussag", "deshalb", "glaubhaft", "angeseh", "zeug", "polizei", "vernehm", "vortatgescheh", "ubereinstimm", "geschadigt", "angegeb", "angeklagt", "tatopf", "weggezog", "sei", "spielothek", "gegang", "polizei", "aussag", "zeug", "wurd", "vernehmungsbeamt", "hauptverhandl", "eingefuhrt", "person", "einvernahm", "zeug", "stattgefund"], "text": "Das Landgericht hat die Verurteilung des Angeklagten, der die Tat bestritten hat, im Wesentlichen auf die Angaben des Tatopfers gest\u00fctzt. Dessen Aussage hat es auch deshalb als glaubhaft angesehen, weil der Zeuge H.\u00a0bei seiner polizeilichen Vernehmung zum Vortatgeschehen in \u00dcbereinstimmung mit dem Gesch\u00e4digten angegeben habe, der Angeklagte habe das Tatopfer \"von ihm weggezogen\" und sei mit ihm in die Spielothek gegangen. Die polizeiliche Aussage des Zeugen H.\u00a0wurde \u00fcber den Vernehmungsbeamten in die Hauptverhandlung eingef\u00fchrt; eine pers\u00f6nliche Einvernahme des Zeugen hat nicht stattgefunden."}, {"num": "5", "textProcessed": ["angeklagt", "ziel", "glaubhaft", "aussag", "geschadigt", "erschutt", "vernehm", "zeug", "beweis", "dafur", "beantragt", "dass", "tatopf", "angeklagt", "freiwill", "durchgang", "spielothek", "gefolgt", "hierzu", "angeklagt", "sinn", "notigungshandl", "gezwung", "word", "sei", "antrag", "landgericht", "begrund", "zuruckgewies", "behauptet", "tatsach", "sei", "ersicht", "tatsach", "entscheid", "bedeut", "entscheid", "sei", "allein", "gescheh", "eingangsbereich", "spielothek", "indiztatsach", "dass", "tatopf", "angeklagt", "dorthin", "freiwill", "gefolgt", "sei", "lass", "moglich", "zwingend", "schluss", "dass", "wegnahm", "geld", "einsehbar", "eingangsbereich", "spielothek", "gewaltanwend", "erfolgt", "sei", "schluss", "woll", "strafkamm", "jedoch", "zieh"], "text": "2. Der Angeklagte hat mit dem Ziel, die Glaubhaftigkeit der Aussage des Gesch\u00e4digten zu ersch\u00fcttern, die Vernehmung des Zeugen H.\u00a0zum Beweis daf\u00fcr beantragt, dass das Tatopfer dem Angeklagten freiwillig in den Durchgang der Spielothek gefolgt und hierzu von dem Angeklagten nicht im Sinne einer N\u00f6tigungshandlung gezwungen worden sei. Diesen Antrag hat das Landgericht mit der Begr\u00fcndung zur\u00fcckgewiesen, die behauptete Tatsache sei - ersichtlich tats\u00e4chlich - f\u00fcr die Entscheidung ohne Bedeutung. Entscheidend sei allein das Geschehen im Eingangsbereich der Spielothek. Die Indiztatsache, dass das Tatopfer dem Angeklagten dorthin freiwillig gefolgt sei, lasse nur den m\u00f6glichen, nicht aber den zwingenden Schluss zu, dass die Wegnahme des Geldes im nicht einsehbaren Eingangsbereich der Spielothek ohne Gewaltanwendung erfolgt sei. Diesen Schluss wolle die Strafkammer jedoch nicht ziehen."}, {"num": "6", "textProcessed": ["antrag", "beschwerdefuhr", "genugt", "beweisantrag", "stellend", "anforder", "insbesond", "hinreich", "bestimmt", "tatsach", "behauptet", "sinngerecht", "ausleg", "antrag", "erkennbar", "dahin", "versteh", "zeug", "bekund", "dass", "geschadigt", "widerstreb", "zwangseinwirk", "angeklagt", "eingangsbereich", "spielothek", "gefolgt"], "text": "a) Der Antrag des Beschwerdef\u00fchrers gen\u00fcgt den an einen Beweisantrag zu stellenden Anforderungen. Insbesondere wird eine hinreichend bestimmte Tatsache behauptet; denn bei sinngerechter Auslegung war der Antrag erkennbar dahin zu verstehen, der Zeuge H.\u00a0werde bekunden, dass der Gesch\u00e4digte ohne Widerstreben und ohne Zwangseinwirkung durch den Angeklagten diesem in den Eingangsbereich der Spielothek gefolgt ist."}, {"num": "7", "textProcessed": ["rug", "verletz", "abs", "satz", "stpo", "sinn", "abs", "satz", "stpo", "zulass", "erhob", "revision", "teilt", "sowohl", "inhalt", "beweisantrag", "nebst", "begrund", "gericht", "ablehnungsbeschluss", "wortlaut", "wed", "beweisantrag", "ablehnungsbeschluss", "aktenbestandteil", "bezug", "genomm", "wurd", "fehlerhaft", "gerichtsbeschluss", "bereit", "begrund", "verbind", "urteilsgrund", "ergibt", "bedurft", "entgeg", "auffass", "generalbundesanwalt", "weit", "darleg", "begrund", "rug", "vgl", "low", "rosenberg", "beck", "stpo", "aufl", "rn"], "text": "b) Die R\u00fcge der Verletzung des \u00a7 244 Abs. 3 Satz 2 StPO ist auch im Sinne des \u00a7 344 Abs. 2 Satz 2 StPO zul\u00e4ssig erhoben. Die Revision teilt sowohl den Inhalt des Beweisantrags nebst Begr\u00fcndung als auch den gerichtlichen Ablehnungsbeschluss im Wortlaut mit. Da weder im Beweisantrag noch im Ablehnungsbeschluss Aktenbestandteile in Bezug genommen wurden und sich die Fehlerhaftigkeit des Gerichtsbeschlusses bereits aus dessen Begr\u00fcndung in Verbindung mit den Urteilsgr\u00fcnden ergibt, bedurfte es entgegen der Auffassung des Generalbundesanwalts weiterer Darlegungen zur Begr\u00fcndung der R\u00fcge nicht (vgl. L\u00f6we/Rosenberg/ Becker, StPO, 26. Aufl., \u00a7 244 Rn. 372)."}, {"num": "8", "textProcessed": ["ablehn", "beantragt", "beweiserheb", "halt", "rechtlich", "nachpruf", "stand"], "text": "c) Die Ablehnung der beantragten Beweiserhebung h\u00e4lt rechtlicher Nachpr\u00fcfung nicht stand."}, {"num": "9", "textProcessed": ["treffend", "entscheid", "bedeut", "beweis", "gestellt", "indiz", "hilfstatsach", "zusammenhang", "gegenstand", "urteilsfind", "besteht", "trotz", "zusammenhang", "fall", "erwiesensein", "geeignet", "entscheid", "irgendwi", "beeinfluss", "mey", "gossn", "stpo", "aufl", "rn", "mwn", "tatricht", "grundsatz", "verwehrt", "indiztatsach", "entscheid", "bedeutungslos", "betracht", "moglich", "beweisschluss", "antragstell", "erstrebt", "zieh", "annahm", "tatsach", "bedeutungslos", "festhalt", "lass", "darf", "urteil", "widerspruch", "ablehnungsbegrund", "setz", "st", "rspr", "bgh", "beschluss", "februar", "str", "nstz", "rr", "mwn"], "text": "F\u00fcr die zu treffende Entscheidung ohne Bedeutung ist eine unter Beweis gestellte Indiz- oder Hilfstatsache nur dann, wenn ein Zusammenhang zwischen ihr und dem Gegenstand der Urteilsfindung nicht besteht oder wenn sie trotz eines solchen Zusammenhangs selbst im Falle ihres Erwiesenseins nicht geeignet ist, die Entscheidung irgendwie zu beeinflussen (Meyer-Go\u00dfner, StPO, 53. Aufl., \u00a7 244 Rn. 56 mwN). Zwar ist es dem Tatrichter grunds\u00e4tzlich nicht verwehrt, Indiztatsachen als f\u00fcr die Entscheidung bedeutungslos zu betrachten, wenn er einen m\u00f6glichen Beweisschluss, den der Antragsteller erstrebt, nicht ziehen will. Er muss sich dann aber an seiner Annahme tats\u00e4chlicher Bedeutungslosigkeit festhalten lassen und darf sich im Urteil nicht in Widerspruch zu der Ablehnungsbegr\u00fcndung setzen (st. Rspr.; BGH, Beschluss vom 8. Februar 2000 - 4 StR 592/99, NStZ-RR 2000, 210 mwN)."}, {"num": "10", "textProcessed": ["jedoch", "gescheh", "rahm", "glaubwurdigkeitsbeurteil", "tatopf", "landgericht", "ubereinstimm", "angab", "zeug", "geschadigt", "vortatgescheh", "glaubhaft", "angab", "opf", "tat", "ii", "geschloss", "erkenn", "gegeb", "dass", "gescheh", "entgeg", "ablehnungsbeschluss", "geaussert", "auffass", "bedeut", "beurteil", "glaubwurd", "hauptbelastungszeug", "beigemess", "hierin", "liegt", "verstoss", "abs", "satz", "stpo"], "text": "Dies ist hier jedoch geschehen. Im Rahmen der Glaubw\u00fcrdigkeitsbeurteilung des Tatopfers hat das Landgericht auch aus den \u00fcbereinstimmenden Angaben des Zeugen H.\u00a0und des Gesch\u00e4digten zu dem Vortatgeschehen auf die Glaubhaftigkeit der Angaben des Opfers zur Tat II. 1 geschlossen. Damit hat es zu erkennen gegeben, dass es diesem Geschehen entgegen der im Ablehnungsbeschluss ge\u00e4u\u00dferten Auffassung Bedeutung f\u00fcr die Beurteilung der Glaubw\u00fcrdigkeit des Hauptbelastungszeugen beigemessen hat. Hierin liegt ein Versto\u00df gegen \u00a7 244 Abs. 3 Satz 2 StPO."}, {"num": "11", "textProcessed": ["fall", "ii", "gegeb", "sachlag", "eigent", "raubgescheh", "aussag", "aussag", "steht", "vermag", "senat", "beruh", "urteil", "verfahrensverstoss", "auszuschliess"], "text": "Bei der im Fall II. 1 gegebenen Sachlage, bei der zum eigentlichen Raubgeschehen Aussage gegen Aussage steht, vermag der Senat ein Beruhen des Urteils auf dem Verfahrensversto\u00df nicht auszuschlie\u00dfen."}, {"num": "12", "textProcessed": ["aufheb", "urteil", "fall", "ii", "zieht", "aufheb", "gesamtstraf"], "text": "3. Die Aufhebung des Urteils im Fall II. 1 zieht die Aufhebung der Gesamtstrafe nach sich."}], "norm": ["\u00a7 244 S 2 StPO"], "doktyp": "Beschluss", "regionLong": "Bundesrepublik Deutschland", "sonstlt": "", "gruendeProcessed": ["landgericht", "angeklagt", "raub", "fall", "ii", "gefahr", "korperverletz", "tatein", "verstoss", "waffengesetz", "fall", "ii", "einbezieh", "geldstraf", "fruh", "urteil", "gesamtfreiheitsstraf", "zwei", "jahr", "verurteilt", "vollstreck", "bewahr", "ausgesetzt", "hiergeg", "gerichtet", "revision", "angeklagt", "verletz", "formell", "materiell", "recht", "beanstandet", "verfahrensrug", "fall", "ii", "gesamtstrafenausspruch", "erfolg", "ubrig", "rechtsmittel", "unbegrundet", "sinn", "abs", "stpo", "rug", "landgericht", "beweisantrag", "rechtsfehlerhaft", "weis", "abgelehnt", "greift", "feststell", "fall", "ii", "ergriff", "angeklagt", "spat", "geschadigt", "begleit", "zeug", "befand", "link", "hand", "schult", "legt", "arm", "zog", "einsehbar", "eingangsbereich", "spielothek", "nahm", "gewaltsam", "landgericht", "verurteil", "angeklagt", "tat", "bestritt", "wesent", "angab", "tatopf", "gestutzt", "aussag", "deshalb", "glaubhaft", "angeseh", "zeug", "polizei", "vernehm", "vortatgescheh", "ubereinstimm", "geschadigt", "angegeb", "angeklagt", "tatopf", "weggezog", "sei", "spielothek", "gegang", "polizei", "aussag", "zeug", "wurd", "vernehmungsbeamt", "hauptverhandl", "eingefuhrt", "person", "einvernahm", "zeug", "stattgefund", "angeklagt", "ziel", "glaubhaft", "aussag", "geschadigt", "erschutt", "vernehm", "zeug", "beweis", "dafur", "beantragt", "dass", "tatopf", "angeklagt", "freiwill", "durchgang", "spielothek", "gefolgt", "hierzu", "angeklagt", "sinn", "notigungshandl", "gezwung", "word", "sei", "antrag", "landgericht", "begrund", "zuruckgewies", "behauptet", "tatsach", "sei", "ersicht", "tatsach", "entscheid", "bedeut", "entscheid", "sei", "allein", "gescheh", "eingangsbereich", "spielothek", "indiztatsach", "dass", "tatopf", "angeklagt", "dorthin", "freiwill", "gefolgt", "sei", "lass", "moglich", "zwingend", "schluss", "dass", "wegnahm", "geld", "einsehbar", "eingangsbereich", "spielothek", "gewaltanwend", "erfolgt", "sei", "schluss", "woll", "strafkamm", "jedoch", "zieh", "antrag", "beschwerdefuhr", "genugt", "beweisantrag", "stellend", "anforder", "insbesond", "hinreich", "bestimmt", "tatsach", "behauptet", "sinngerecht", "ausleg", "antrag", "erkennbar", "dahin", "versteh", "zeug", "bekund", "dass", "geschadigt", "widerstreb", "zwangseinwirk", "angeklagt", "eingangsbereich", "spielothek", "gefolgt", "rug", "verletz", "abs", "satz", "stpo", "sinn", "abs", "satz", "stpo", "zulass", "erhob", "revision", "teilt", "sowohl", "inhalt", "beweisantrag", "nebst", "begrund", "gericht", "ablehnungsbeschluss", "wortlaut", "wed", "beweisantrag", "ablehnungsbeschluss", "aktenbestandteil", "bezug", "genomm", "wurd", "fehlerhaft", "gerichtsbeschluss", "bereit", "begrund", "verbind", "urteilsgrund", "ergibt", "bedurft", "entgeg", "auffass", "generalbundesanwalt", "weit", "darleg", "begrund", "rug", "vgl", "low", "rosenberg", "beck", "stpo", "aufl", "rn", "ablehn", "beantragt", "beweiserheb", "halt", "rechtlich", "nachpruf", "stand", "treffend", "entscheid", "bedeut", "beweis", "gestellt", "indiz", "hilfstatsach", "zusammenhang", "gegenstand", "urteilsfind", "besteht", "trotz", "zusammenhang", "fall", "erwiesensein", "geeignet", "entscheid", "irgendwi", "beeinfluss", "mey", "gossn", "stpo", "aufl", "rn", "mwn", "tatricht", "grundsatz", "verwehrt", "indiztatsach", "entscheid", "bedeutungslos", "betracht", "moglich", "beweisschluss", "antragstell", "erstrebt", "zieh", "annahm", "tatsach", "bedeutungslos", "festhalt", "lass", "darf", "urteil", "widerspruch", "ablehnungsbegrund", "setz", "st", "rspr", "bgh", "beschluss", "februar", "str", "nstz", "rr", "mwn", "jedoch", "gescheh", "rahm", "glaubwurdigkeitsbeurteil", "tatopf", "landgericht", "ubereinstimm", "angab", "zeug", "geschadigt", "vortatgescheh", "glaubhaft", "angab", "opf", "tat", "ii", "geschloss", "erkenn", "gegeb", "dass", "gescheh", "entgeg", "ablehnungsbeschluss", "geaussert", "auffass", "bedeut", "beurteil", "glaubwurd", "hauptbelastungszeug", "beigemess", "hierin", "liegt", "verstoss", "abs", "satz", "stpo", "fall", "ii", "gegeb", "sachlag", "eigent", "raubgescheh", "aussag", "aussag", "steht", "vermag", "senat", "beruh", "urteil", "verfahrensverstoss", "auszuschliess", "aufheb", "urteil", "fall", "ii", "zieht", "aufheb", "gesamtstraf", "beck", "pfist", "sost", "scheibl", "hubert", "may"], "mitwirkung": "", "aktenzeichen": "3 StR 250/10", "language": "deutsch", "gertyp": "BGH", "leitsatz": "", "gruende": "\n      <div>\n         <dl class=\"RspDL\">\n            <dt>\n               <a name=\"rd_1\">1</a>\n            </dt>\n            <dd>\n               <p>Das Landgericht hat den Angeklagten wegen Raubes (Fall II. 1) und wegen gef\u00e4hrlicher K\u00f6rperverletzung in Tateinheit mit \"Versto\u00df gegen das Waffengesetz\" (Fall II. 2) unter Einbeziehung einer Geldstrafe aus einem fr\u00fcheren Urteil zu einer Gesamtfreiheitsstrafe von zwei Jahren verurteilt und deren Vollstreckung zur Bew\u00e4hrung ausgesetzt. Die hiergegen gerichtete Revision des Angeklagten, mit der er die Verletzung formellen und materiellen Rechts beanstandet, hat mit einer Verfahrensr\u00fcge zum Fall II. 1 und zum Gesamtstrafenausspruch Erfolg. Im \u00dcbrigen ist das Rechtsmittel unbegr\u00fcndet im Sinne des \u00a7 349 Abs. 2 StPO.</p>\n            </dd>\n         </dl>\n         <dl class=\"RspDL\">\n            <dt/>\n            <dd>\n               <p/>\n            </dd>\n         </dl>\n         <dl class=\"RspDL\">\n            <dt>\n               <a name=\"rd_2\">2</a>\n            </dt>\n            <dd>\n               <p>Die R\u00fcge, das Landgericht habe einen Beweisantrag in rechtsfehlerhafter Weise abgelehnt, greift durch.</p>\n            </dd>\n         </dl>\n         <dl class=\"RspDL\">\n            <dt/>\n            <dd>\n               <p/>\n            </dd>\n         </dl>\n         <dl class=\"RspDL\">\n            <dt>\n               <a name=\"rd_3\">3</a>\n            </dt>\n            <dd>\n               <p>1. Nach den Feststellungen zum Fall II. 1 ergriff der Angeklagte den sp\u00e4teren Gesch\u00e4digten, der sich in Begleitung des Zeugen H.\u00a0befand, mit der linken Hand an der Schulter, legte den Arm um ihn und zog ihn gegen dessen Willen in den nicht einsehbaren Eingangsbereich einer Spielothek. Dort nahm er ihm gewaltsam 120 \u20ac weg.</p>\n            </dd>\n         </dl>\n         <dl class=\"RspDL\">\n            <dt/>\n            <dd>\n               <p/>\n            </dd>\n         </dl>\n         <dl class=\"RspDL\">\n            <dt>\n               <a name=\"rd_4\">4</a>\n            </dt>\n            <dd>\n               <p>Das Landgericht hat die Verurteilung des Angeklagten, der die Tat bestritten hat, im Wesentlichen auf die Angaben des Tatopfers gest\u00fctzt. Dessen Aussage hat es auch deshalb als glaubhaft angesehen, weil der Zeuge H.\u00a0bei seiner polizeilichen Vernehmung zum Vortatgeschehen in \u00dcbereinstimmung mit dem Gesch\u00e4digten angegeben habe, der Angeklagte habe das Tatopfer \"von ihm weggezogen\" und sei mit ihm in die Spielothek gegangen. Die polizeiliche Aussage des Zeugen H.\u00a0wurde \u00fcber den Vernehmungsbeamten in die Hauptverhandlung eingef\u00fchrt; eine pers\u00f6nliche Einvernahme des Zeugen hat nicht stattgefunden.</p>\n            </dd>\n         </dl>\n         <dl class=\"RspDL\">\n            <dt/>\n            <dd>\n               <p/>\n            </dd>\n         </dl>\n         <dl class=\"RspDL\">\n            <dt>\n               <a name=\"rd_5\">5</a>\n            </dt>\n            <dd>\n               <p>2. Der Angeklagte hat mit dem Ziel, die Glaubhaftigkeit der Aussage des Gesch\u00e4digten zu ersch\u00fcttern, die Vernehmung des Zeugen H.\u00a0zum Beweis daf\u00fcr beantragt, dass das Tatopfer dem Angeklagten freiwillig in den Durchgang der Spielothek gefolgt und hierzu von dem Angeklagten nicht im Sinne einer N\u00f6tigungshandlung gezwungen worden sei. Diesen Antrag hat das Landgericht mit der Begr\u00fcndung zur\u00fcckgewiesen, die behauptete Tatsache sei - ersichtlich tats\u00e4chlich - f\u00fcr die Entscheidung ohne Bedeutung. Entscheidend sei allein das Geschehen im Eingangsbereich der Spielothek. Die Indiztatsache, dass das Tatopfer dem Angeklagten dorthin freiwillig gefolgt sei, lasse nur den m\u00f6glichen, nicht aber den zwingenden Schluss zu, dass die Wegnahme des Geldes im nicht einsehbaren Eingangsbereich der Spielothek ohne Gewaltanwendung erfolgt sei. Diesen Schluss wolle die Strafkammer jedoch nicht ziehen.</p>\n            </dd>\n         </dl>\n         <dl class=\"RspDL\">\n            <dt/>\n            <dd>\n               <p/>\n            </dd>\n         </dl>\n         <dl class=\"RspDL\">\n            <dt>\n               <a name=\"rd_6\">6</a>\n            </dt>\n            <dd>\n               <p>a) Der Antrag des Beschwerdef\u00fchrers gen\u00fcgt den an einen Beweisantrag zu stellenden Anforderungen. Insbesondere wird eine hinreichend bestimmte Tatsache behauptet; denn bei sinngerechter Auslegung war der Antrag erkennbar dahin zu verstehen, der Zeuge H.\u00a0werde bekunden, dass der Gesch\u00e4digte ohne Widerstreben und ohne Zwangseinwirkung durch den Angeklagten diesem in den Eingangsbereich der Spielothek gefolgt ist.</p>\n            </dd>\n         </dl>\n         <dl class=\"RspDL\">\n            <dt/>\n            <dd>\n               <p/>\n            </dd>\n         </dl>\n         <dl class=\"RspDL\">\n            <dt>\n               <a name=\"rd_7\">7</a>\n            </dt>\n            <dd>\n               <p>b) Die R\u00fcge der Verletzung des \u00a7 244 Abs. 3 Satz 2 StPO ist auch im Sinne des \u00a7 344 Abs. 2 Satz 2 StPO zul\u00e4ssig erhoben. Die Revision teilt sowohl den Inhalt des Beweisantrags nebst Begr\u00fcndung als auch den gerichtlichen Ablehnungsbeschluss im Wortlaut mit. Da weder im Beweisantrag noch im Ablehnungsbeschluss Aktenbestandteile in Bezug genommen wurden und sich die Fehlerhaftigkeit des Gerichtsbeschlusses bereits aus dessen Begr\u00fcndung in Verbindung mit den Urteilsgr\u00fcnden ergibt, bedurfte es entgegen der Auffassung des Generalbundesanwalts weiterer Darlegungen zur Begr\u00fcndung der R\u00fcge nicht (vgl. L\u00f6we/Rosenberg/ Becker, StPO, 26. Aufl., \u00a7 244 Rn. 372).</p>\n            </dd>\n         </dl>\n         <dl class=\"RspDL\">\n            <dt/>\n            <dd>\n               <p/>\n            </dd>\n         </dl>\n         <dl class=\"RspDL\">\n            <dt>\n               <a name=\"rd_8\">8</a>\n            </dt>\n            <dd>\n               <p>c) Die Ablehnung der beantragten Beweiserhebung h\u00e4lt rechtlicher Nachpr\u00fcfung nicht stand.</p>\n            </dd>\n         </dl>\n         <dl class=\"RspDL\">\n            <dt/>\n            <dd>\n               <p/>\n            </dd>\n         </dl>\n         <dl class=\"RspDL\">\n            <dt>\n               <a name=\"rd_9\">9</a>\n            </dt>\n            <dd>\n               <p>F\u00fcr die zu treffende Entscheidung ohne Bedeutung ist eine unter Beweis gestellte Indiz- oder Hilfstatsache nur dann, wenn ein Zusammenhang zwischen ihr und dem Gegenstand der Urteilsfindung nicht besteht oder wenn sie trotz eines solchen Zusammenhangs selbst im Falle ihres Erwiesenseins nicht geeignet ist, die Entscheidung irgendwie zu beeinflussen (Meyer-Go\u00dfner, StPO, 53. Aufl., \u00a7 244 Rn. 56 mwN). Zwar ist es dem Tatrichter grunds\u00e4tzlich nicht verwehrt, Indiztatsachen als f\u00fcr die Entscheidung bedeutungslos zu betrachten, wenn er einen m\u00f6glichen Beweisschluss, den der Antragsteller erstrebt, nicht ziehen will. Er muss sich dann aber an seiner Annahme tats\u00e4chlicher Bedeutungslosigkeit festhalten lassen und darf sich im Urteil nicht in Widerspruch zu der Ablehnungsbegr\u00fcndung setzen (st. Rspr.; BGH, Beschluss vom 8. Februar 2000 - 4 StR 592/99, NStZ-RR 2000, 210 mwN).</p>\n            </dd>\n         </dl>\n         <dl class=\"RspDL\">\n            <dt/>\n            <dd>\n               <p/>\n            </dd>\n         </dl>\n         <dl class=\"RspDL\">\n            <dt>\n               <a name=\"rd_10\">10</a>\n            </dt>\n            <dd>\n               <p>Dies ist hier jedoch geschehen. Im Rahmen der Glaubw\u00fcrdigkeitsbeurteilung des Tatopfers hat das Landgericht auch aus den \u00fcbereinstimmenden Angaben des Zeugen H.\u00a0und des Gesch\u00e4digten zu dem Vortatgeschehen auf die Glaubhaftigkeit der Angaben des Opfers zur Tat II. 1 geschlossen. Damit hat es zu erkennen gegeben, dass es diesem Geschehen entgegen der im Ablehnungsbeschluss ge\u00e4u\u00dferten Auffassung Bedeutung f\u00fcr die Beurteilung der Glaubw\u00fcrdigkeit des Hauptbelastungszeugen beigemessen hat. Hierin liegt ein Versto\u00df gegen \u00a7 244 Abs. 3 Satz 2 StPO.</p>\n            </dd>\n         </dl>\n         <dl class=\"RspDL\">\n            <dt/>\n            <dd>\n               <p/>\n            </dd>\n         </dl>\n         <dl class=\"RspDL\">\n            <dt>\n               <a name=\"rd_11\">11</a>\n            </dt>\n            <dd>\n               <p>Bei der im Fall II. 1 gegebenen Sachlage, bei der zum eigentlichen Raubgeschehen Aussage gegen Aussage steht, vermag der Senat ein Beruhen des Urteils auf dem Verfahrensversto\u00df nicht auszuschlie\u00dfen.</p>\n            </dd>\n         </dl>\n         <dl class=\"RspDL\">\n            <dt/>\n            <dd>\n               <p/>\n            </dd>\n         </dl>\n         <dl class=\"RspDL\">\n            <dt>\n               <a name=\"rd_12\">12</a>\n            </dt>\n            <dd>\n               <p>3. Die Aufhebung des Urteils im Fall II. 1 zieht die Aufhebung der Gesamtstrafe nach sich.</p>\n            </dd>\n         </dl>\n         <dl class=\"RspDL\">\n            <dt/>\n            <dd>\n               <p/>\n            </dd>\n         </dl>\n         <dl class=\"RspDL\">\n            <dt/>\n            <dd>\n               <p>Becker\u00a0\u00a0\u00a0\u00a0\u00a0\u00a0\u00a0\u00a0\u00a0\u00a0\u00a0\u00a0\u00a0\u00a0\u00a0\u00a0\u00a0\u00a0\u00a0\u00a0\u00a0\u00a0\u00a0\u00a0\u00a0\u00a0\u00a0\u00a0\u00a0\u00a0\u00a0\u00a0\u00a0\u00a0\u00a0\u00a0\u00a0\u00a0Pfister\u00a0\u00a0\u00a0\u00a0\u00a0\u00a0\u00a0\u00a0\u00a0\u00a0\u00a0\u00a0\u00a0\u00a0\u00a0\u00a0\u00a0\u00a0\u00a0\u00a0\u00a0\u00a0\u00a0\u00a0\u00a0\u00a0\u00a0\u00a0\u00a0\u00a0\u00a0\u00a0\u00a0Sost-Scheible</p>\n            </dd>\n         </dl>\n         <dl class=\"RspDL\">\n            <dt/>\n            <dd>\n               <p>\u00a0\u00a0\u00a0\u00a0\u00a0\u00a0\u00a0\u00a0\u00a0\u00a0\u00a0\u00a0\u00a0\u00a0\u00a0\u00a0\u00a0\u00a0\u00a0\u00a0\u00a0\u00a0\u00a0\u00a0Hubert\u00a0\u00a0\u00a0\u00a0\u00a0\u00a0\u00a0\u00a0\u00a0\u00a0\u00a0\u00a0\u00a0\u00a0\u00a0\u00a0\u00a0\u00a0\u00a0\u00a0\u00a0\u00a0\u00a0\u00a0\u00a0\u00a0\u00a0\u00a0\u00a0\u00a0\u00a0\u00a0\u00a0\u00a0\u00a0Mayer</p>\n            </dd>\n         </dl>\n         <dl class=\"RspDL\">\n            <dt/>\n            <dd>\n               <p/>\n            </dd>\n         </dl>\n         <dl class=\"RspDL\">\n            <dt/>\n            <dd>\n               <p/>\n            </dd>\n         </dl>\n         <dl class=\"RspDL\">\n            <dt/>\n            <dd>\n               <p/>\n            </dd>\n         </dl>\n         <dl class=\"RspDL\">\n            <dt/>\n            <dd>\n               <p/>\n            </dd>\n         </dl>\n         <dl class=\"RspDL\">\n            <dt/>\n            <dd>\n               <p/>\n            </dd>\n         </dl>\n      </div>\n   ", "accessRights": "public", "gerort": "", "entschDatum": "20100720", "coverage": "Deutschland", "titel": "\n      <dl class=\"RspDL\">\n         <dt/>\n         <dd>\n            <p>Strafverfahren: Formerfordernis der Revisionsr\u00fcge wegen Ablehnung eines Beweisantrags; Bedeutungslosigkeit einer unter Beweis gestellten Indiztatsache als Ablehnungsgrund</p>\n         </dd>\n      </dl>\n   ", "ecli": "", "identifier": "http://www.rechtsprechung-im-internet.de/jportal/?quelle=jlink&docid=JURE100069612&psml=bsjrsprod.psml&max=true", "spruchkoerper": "3. Strafsenat", "vorinstanz": "vorgehend LG Hannover, 28. Januar 2010, Az: 98 KLs 3362 Js 95565/08 (10/09), Urteil\n   ", "doknr": "JURE100069612", "abweichendeMeinung": "", "tenor": "\n      <div>\n         <dl class=\"RspDL\">\n            <dt/>\n            <dd>\n               <p>1. Auf die Revision des Angeklagten wird das Urteil des Landgerichts Hannover vom 28. Januar 2010 mit den zugeh\u00f6rigen Feststellungen aufgehoben</p>\n            </dd>\n         </dl>\n         <dl class=\"RspDL\">\n            <dt/>\n            <dd>\n               <p/>\n            </dd>\n         </dl>\n         <dl class=\"RspDL\">\n            <dt/>\n            <dd>\n               <p style=\"margin-left:18pt\">a) im Fall II. 1 der Urteilsgr\u00fcnde,</p>\n            </dd>\n         </dl>\n         <dl class=\"RspDL\">\n            <dt/>\n            <dd>\n               <p style=\"margin-left:18pt\"/>\n            </dd>\n         </dl>\n         <dl class=\"RspDL\">\n            <dt/>\n            <dd>\n               <p style=\"margin-left:18pt\">b) im Ausspruch \u00fcber die Gesamtstrafe.</p>\n            </dd>\n         </dl>\n         <dl class=\"RspDL\">\n            <dt/>\n            <dd>\n               <p/>\n            </dd>\n         </dl>\n         <dl class=\"RspDL\">\n            <dt/>\n            <dd>\n               <p>2. Im Umfang der Aufhebung wird die Sache zu neuer Verhandlung und Entscheidung, auch \u00fcber die Kosten des Rechtsmittels, an eine andere Strafkammer des Landgerichts zur\u00fcckverwiesen.</p>\n            </dd>\n         </dl>\n         <dl class=\"RspDL\">\n            <dt/>\n            <dd>\n               <p/>\n            </dd>\n         </dl>\n         <dl class=\"RspDL\">\n            <dt/>\n            <dd>\n               <p>3. Die weitergehende Revision wird verworfen.</p>\n            </dd>\n         </dl>\n         <dl class=\"RspDL\">\n            <dt/>\n            <dd>\n               <p/>\n            </dd>\n         </dl>\n      </div>\n   ", "regionAbk": "DEU"}