{"publisher": "BMJV", "tatbestand": "", "absaetze": [{"num": "1", "textProcessed": ["landgericht", "angeklagt", "erst", "urteil", "korperverletz", "zwei", "fall", "davon", "fall", "tatein", "bedroh", "freiheitsstraf", "drei", "jahr", "sech", "monat", "einzelstraf", "zwei", "jahr", "sowi", "zwei", "jahr", "sech", "monat", "verurteilt", "sowi", "sicherungsverwahr", "angeordnet", "dageg", "gerichtet", "revision", "angeklagt", "insoweit", "erfolgreich", "senat", "urteil", "strafausspruch", "dahin", "berichtigt", "dass", "angeklagt", "gesamtfreiheitsstraf", "verurteilt", "massregelausspruch", "zugehor", "feststell", "fehlend", "erorter", "unterbring", "entziehungsanstalt", "aufgehob", "sach", "insoweit", "neu", "verhandl", "entscheid", "zuruckverwies", "nunmehr", "landgericht", "sowohl", "massregel", "stgb", "abs", "stgb", "angeordnet", "bestimmt", "dass", "unterbring", "entziehungsanstalt", "zuerst", "vollzieh", "revision", "angeklagt", "richtet", "verfahrensrug", "sowi", "sachlichrecht", "beanstand", "allein", "anordn", "sicherungsverwahr", "rechtsmittel", "bleibt", "erfolg"], "text": "Das Landgericht hatte den Angeklagten in einem ersten Urteil wegen K\u00f6rperverletzung in zwei F\u00e4llen, davon in einem Fall in Tateinheit mit Bedrohung zu einer \"Freiheitsstrafe\" von drei Jahren und sechs Monaten (Einzelstrafen von zwei Jahren sowie zwei Jahren und sechs Monaten) verurteilt sowie die Sicherungsverwahrung angeordnet. Die dagegen gerichtete Revision des Angeklagten war nur insoweit erfolgreich, als der Senat das Urteil im Strafausspruch dahin berichtigt hat, dass der Angeklagte zu einer Gesamtfreiheitsstrafe verurteilt war, und im Ma\u00dfregelausspruch mit den zugeh\u00f6rigen Feststellungen wegen fehlender Er\u00f6rterungen zu einer Unterbringung in einer Entziehungsanstalt aufgehoben und die Sache insoweit zu neuer Verhandlung und Entscheidung zur\u00fcckverwiesen hat. Nunmehr hat das Landgericht sowohl die Ma\u00dfregel nach \u00a7 64 StGB als auch die nach \u00a7 66 Abs. 1 StGB angeordnet und bestimmt, dass die Unterbringung in der Entziehungsanstalt zuerst zu vollziehen ist. Die Revision des Angeklagten richtet sich mit einer Verfahrensr\u00fcge sowie mit sachlichrechtlichen Beanstandungen allein gegen die Anordnung der Sicherungsverwahrung. Das Rechtsmittel bleibt ohne Erfolg."}, {"num": "2", "textProcessed": ["beschrank", "revision", "anordn", "sicherungsverwahr", "wirksam", "beschwerdefuhr", "revisionsangriff", "ausgenomm", "massregel", "stgb", "besteht", "trennbar", "zusammenhang"], "text": "1. Die Beschr\u00e4nkung der Revision auf die Anordnung der Sicherungsverwahrung ist nicht wirksam. Zwischen ihr und der durch den Beschwerdef\u00fchrer vom Revisionsangriff ausgenommenen Ma\u00dfregel nach \u00a7 64 StGB besteht hier ein nicht trennbarer Zusammenhang."}, {"num": "3", "textProcessed": ["rug", "landgericht", "fehlerhaft", "antrag", "einhol", "medizin", "sachverstandigengutacht", "abgelehnt", "versagt", "gutacht", "beweis", "dass", "handlung", "angeklagt", "opf", "beid", "korperverletz", "schwer", "seelisch", "korp", "schad", "herbeigefuhrt", "hierzu", "geeignet", "zutreff", "landgericht", "antrag", "zuruckgewies", "soweit", "beweisbehaupt", "tatsachenk", "umfang", "auswirk", "korperverletz", "find", "steh", "beweisaufnahm", "bindend", "feststell", "schuld", "strafausspruch", "entgeg", "soweit", "antrag", "wertung", "verletz", "nahelieg", "subsumtion", "tat", "sinn", "abs", "nr", "stgb", "abzielt", "handelt", "tatsach", "rechtlich", "einordn", "gericht", "eig", "verantwort", "treff"], "text": "2. Die R\u00fcge, das Landgericht habe fehlerhaft einen Antrag auf Einholung eines medizinischen Sachverst\u00e4ndigengutachtens abgelehnt, versagt. Das Gutachten sollte beweisen, dass die Handlungen des Angeklagten bei dem Opfer der beiden K\u00f6rperverletzungen \"keine schweren seelischen oder k\u00f6rperlichen Sch\u00e4den herbeigef\u00fchrt haben und hierzu auch nicht geeignet waren\". Zutreffend hat das Landgericht den Antrag zur\u00fcckgewiesen. Soweit in der Beweisbehauptung ein Tatsachenkern \u00fcber den Umfang und die Auswirkungen der K\u00f6rperverletzungen zu finden ist, stehen einer Beweisaufnahme die bindenden Feststellungen zum Schuld- und Strafausspruch entgegen. Soweit der Antrag auf eine Wertung der Verletzungen, naheliegend auf eine Subsumtion der Taten unter solche im Sinne von \u00a7 66 Abs. 1 Nr. 3 StGB abzielt, handelt es sich nicht um eine Tatsache, sondern um eine rechtliche Einordnung, die das Gericht in eigener Verantwortung zu treffen hat."}, {"num": "4", "textProcessed": ["unterbring", "angeklagt", "entziehungsanstalt", "halt", "rechtlich", "nachpruf", "stand", "landgericht", "verhang", "freiheitsstraf", "mehr", "drei", "jahr", "abs", "satz", "stgb", "vorgeseh", "entscheid", "teilweis", "vollzug", "straf", "massregel", "unterlass", "ind", "beschwerdefuhr", "sach", "seit", "marz", "haft", "befindet", "inzwisch", "mehr", "halft", "erkannt", "freiheitsstraf", "verbusst", "dass", "entscheid", "vorwegvollzug", "nunmehr", "unterbleib", "vgl", "bgh", "nstz", "rr"], "text": "3. Die Unterbringung des Angeklagten in der Entziehungsanstalt h\u00e4lt rechtlicher Nachpr\u00fcfung stand. Zwar hat das Landgericht die bei der Verh\u00e4ngung von Freiheitsstrafen von mehr als drei Jahren nach \u00a7 67 Abs. 2 Satz 2 StGB vorgesehene Entscheidung \u00fcber einen teilweisen Vollzug der Strafe vor der Ma\u00dfregel unterlassen. Indes hat der Beschwerdef\u00fchrer, der sich in dieser Sache seit dem 16. M\u00e4rz 2008 in Haft befindet, inzwischen mehr als die H\u00e4lfte der erkannten Freiheitsstrafe verb\u00fc\u00dft, so dass die Entscheidung \u00fcber einen Vorwegvollzug nunmehr unterbleiben muss (vgl. BGH NStZ-RR 2009, 233)."}, {"num": "5", "textProcessed": ["frei", "rechtlich", "bedenk", "entgeg", "ansicht", "revision", "generalbundesanwalt", "annahm", "landgericht", "angeklagt", "sei", "hang", "gegeb", "erheb", "straftat", "nament", "opf", "seelisch", "korp", "schwer", "geschadigt", "sei", "deshalb", "allgemein", "gefahr", "abs", "nr", "stgb"], "text": "4. Frei von rechtlichen Bedenken ist - entgegen der Ansicht der Revision und des Generalbundesanwalts - auch die Annahme des Landgerichts, bei dem Angeklagten sei ein Hang gegeben zu erheblichen Straftaten, namentlich zu solchen, durch welche die Opfer seelisch oder k\u00f6rperlich schwer gesch\u00e4digt werden, und er sei deshalb f\u00fcr die Allgemeinheit gef\u00e4hrlich (\u00a7 66 Abs. 1 Nr. 3 StGB)."}, {"num": "6", "textProcessed": ["landgericht", "zutreff", "folgend", "ausgegang", "erheb", "straftat", "versteh", "allgemein", "gesagt", "hinweis", "abs", "nr", "stgb", "tat", "schwer", "korp", "seelisch", "schadig", "opf", "sowi", "red", "steht", "schwer", "wirtschaft", "schad", "stellt", "abschliess", "regel", "dar", "vielmehr", "jenseit", "beispielsfall", "erheb", "umstand", "ergeb", "entscheid", "tat", "allgemein", "gefahr", "erscheint", "straftat", "erwart", "rechtsfried", "empfind", "stor", "st", "rspr", "bghst", "bghr", "stgb", "abs", "erheb", "bgh", "nstz", "beurteil", "anlasstat", "ubrig", "tat", "formell", "voraussetz", "sicherungsverwahr", "gefund", "sinn", "erheb", "symptomat", "hang", "einzelfall", "aufgrund", "sorgfalt", "gesamtwurd", "tat", "tat", "erfolg", "bghst", "dabei", "ggf", "lang", "zurucklieg", "tat", "berucksicht", "vgl", "bgh", "nstz", "stv"], "text": "Das Landgericht ist zutreffend von Folgendem ausgegangen: Was unter \"erheblichen\" Straftaten zu verstehen ist, kann nicht allgemein gesagt werden. Der Hinweis in \u00a7 66 Abs. 1 Nr. 3 StGB auf Taten mit schweren k\u00f6rperlichen oder seelischen Sch\u00e4digungen der Opfer (sowie - was hier nicht in Rede steht - mit schweren wirtschaftlichen Sch\u00e4den) stellt keine abschlie\u00dfende Regelung dar. Vielmehr kann sich jenseits dieser Beispielsf\u00e4lle die Erheblichkeit auch aus anderen Umst\u00e4nden ergeben. Entscheidend ist, ob der T\u00e4ter als f\u00fcr die Allgemeinheit gef\u00e4hrlich erscheint, weil von ihm Straftaten zu erwarten sind, die den Rechtsfrieden empfindlich st\u00f6ren (st. Rspr.; BGHSt 24, 153, 154 f.; BGHR StGB \u00a7 66 Abs. 1 Erheblichkeit 3, 6; BGH NStZ 1986, 165). Die Beurteilung, ob die Anlasstat und die \u00fcbrigen Taten, in denen die formellen Voraussetzungen der Sicherungsverwahrung gefunden werden, in diesem Sinne \"erheblich\" und damit symptomatisch f\u00fcr einen Hang sind, muss im Einzelfall aufgrund einer sorgf\u00e4ltigen Gesamtw\u00fcrdigung des T\u00e4ters und seiner Taten erfolgen (BGHSt 24, 153, 156). Dabei sind ggf. auch l\u00e4nger zur\u00fcckliegende Taten zu ber\u00fccksichtigen (vgl. BGH NStZ 1999, 502, 503; StV 2007, 633)."}, {"num": "7", "textProcessed": ["grundlag", "getroff", "beurteil", "landgericht", "zweit", "anlasstat", "sei", "opf", "seelisch", "korp", "schwer", "geschadigt", "word", "erst", "anlasstat", "sei", "sof", "schadig", "opf", "vorlieg", "jedenfall", "geeignet", "rechtsfried", "empfind", "schwerwieg", "weis", "stor", "rechtsfehlerfrei", "beid", "fall", "bracht", "angeklagt", "wehrlos", "opf", "jeweil", "zahlreich", "faustschlag", "blutend", "verletz", "gesicht", "erst", "tat", "befand", "schlecht", "zustand", "dass", "angeklagt", "stabil", "seitenlag", "verbracht", "befurchtet", "andernfall", "blut", "erstick", "zweit", "tat", "opf", "etwa", "acht", "stund", "bewusstlos", "anschliess", "drei", "tag", "lang", "stationar", "krankenhaus", "behandelt", "wenig", "tag", "auseinanderlieg", "tat", "beging", "angeklagt", "gut", "monat", "entlass", "strafvollzug", "zwolfjahr", "freiheitsstraf", "jahr", "begang", "totungsdelikt", "rest", "neunjahr", "freiheitsstraf", "jahr", "begang", "schwer", "rauber", "erpress", "verbusst", "neb", "symptomtat", "angeklagt", "ebenfall", "jahr", "begang", "gefahr", "eingriff", "strassenverkehr", "aussergewohn", "rucksichtslos", "gezeigt"], "text": "Die auf dieser Grundlage getroffene Beurteilung des Landgerichts, bei der zweiten Anlasstat sei das Opfer seelisch und k\u00f6rperlich schwer gesch\u00e4digt worden und die erste Anlasstat sei - sofern eine solche Sch\u00e4digung des Opfers nicht vorliege - jedenfalls geeignet, den Rechtsfrieden in empfindlicher und schwerwiegender Weise zu st\u00f6ren, ist rechtsfehlerfrei. In beiden F\u00e4llen brachte der Angeklagte seinem wehrlosen Opfer jeweils mit zahlreichen Faustschl\u00e4gen blutende Verletzungen im Gesicht bei. Nach der ersten Tat befand es sich in einem so schlechten Zustand, dass der Angeklagte es selbst in die stabile Seitenlage verbrachte, weil er bef\u00fcrchtete, es werde andernfalls an seinem Blut ersticken. Bei der zweiten Tat war das Opfer etwa acht Stunden bewusstlos und musste anschlie\u00dfend drei Tage lang station\u00e4r im Krankenhaus behandelt werden. Die nur wenige Tage auseinanderliegenden Taten beging der Angeklagte gut einen Monat nach seiner Entlassung aus dem Strafvollzug, wo er eine zw\u00f6lfj\u00e4hrige Freiheitsstrafe wegen eines im Jahr 1993 begangenen T\u00f6tungsdelikts und den Rest einer neunj\u00e4hrigen Freiheitsstrafe u. a. wegen einer im Jahr 1985 begangenen schweren r\u00e4uberischen Erpressung verb\u00fc\u00dft hatte. Neben diesen Symptomtaten hat der Angeklagte auch durch den ebenfalls im Jahr 1985 begangenen gef\u00e4hrlichen Eingriff in den Stra\u00dfenverkehr seine au\u00dfergew\u00f6hnliche R\u00fccksichtslosigkeit gezeigt."}, {"num": "8", "textProcessed": ["ubrig", "darleg", "landgericht", "rechtsfehl", "sachverstand", "berat", "strafkamm", "ausfuhr", "begrundet", "dass", "angeklagt", "dissozial", "person", "gering", "frustrationstoleranz", "extr", "hoh", "aggressionsneig", "handelt", "ausgepragt", "mangel", "opferempathi", "schuldbewusstsein", "fahig", "bestraf", "lern", "auffallt", "vergleichbar", "tat", "hoh", "wahrschein", "erwart"], "text": "Auch die \u00fcbrigen Darlegungen des Landgerichts sind ohne Rechtsfehler: Sachverst\u00e4ndig beraten hat die Strafkammer ausf\u00fchrlich begr\u00fcndet, dass es sich bei dem Angeklagten um eine dissoziale Pers\u00f6nlichkeit mit geringer Frustrationstoleranz und extrem hoher Aggressionsneigung handelt, die durch einen ausgepr\u00e4gten Mangel an Opferempathie, an Schuldbewusstsein und an der F\u00e4higkeit, aus den Bestrafungen zu lernen, auff\u00e4llt und von der vergleichbare Taten mit hoher Wahrscheinlichkeit zu erwarten sind."}], "norm": ["\u00a7 66 Nr 3 StGB", "\u00a7 223 StGB"], "doktyp": "Urteil", "regionLong": "Bundesrepublik Deutschland", "sonstlt": "", "gruendeProcessed": ["landgericht", "angeklagt", "erst", "urteil", "korperverletz", "zwei", "fall", "davon", "fall", "tatein", "bedroh", "freiheitsstraf", "drei", "jahr", "sech", "monat", "einzelstraf", "zwei", "jahr", "sowi", "zwei", "jahr", "sech", "monat", "verurteilt", "sowi", "sicherungsverwahr", "angeordnet", "dageg", "gerichtet", "revision", "angeklagt", "insoweit", "erfolgreich", "senat", "urteil", "strafausspruch", "dahin", "berichtigt", "dass", "angeklagt", "gesamtfreiheitsstraf", "verurteilt", "massregelausspruch", "zugehor", "feststell", "fehlend", "erorter", "unterbring", "entziehungsanstalt", "aufgehob", "sach", "insoweit", "neu", "verhandl", "entscheid", "zuruckverwies", "nunmehr", "landgericht", "sowohl", "massregel", "stgb", "abs", "stgb", "angeordnet", "bestimmt", "dass", "unterbring", "entziehungsanstalt", "zuerst", "vollzieh", "revision", "angeklagt", "richtet", "verfahrensrug", "sowi", "sachlichrecht", "beanstand", "allein", "anordn", "sicherungsverwahr", "rechtsmittel", "bleibt", "erfolg", "beschrank", "revision", "anordn", "sicherungsverwahr", "wirksam", "beschwerdefuhr", "revisionsangriff", "ausgenomm", "massregel", "stgb", "besteht", "trennbar", "zusammenhang", "rug", "landgericht", "fehlerhaft", "antrag", "einhol", "medizin", "sachverstandigengutacht", "abgelehnt", "versagt", "gutacht", "beweis", "dass", "handlung", "angeklagt", "opf", "beid", "korperverletz", "schwer", "seelisch", "korp", "schad", "herbeigefuhrt", "hierzu", "geeignet", "zutreff", "landgericht", "antrag", "zuruckgewies", "soweit", "beweisbehaupt", "tatsachenk", "umfang", "auswirk", "korperverletz", "find", "steh", "beweisaufnahm", "bindend", "feststell", "schuld", "strafausspruch", "entgeg", "soweit", "antrag", "wertung", "verletz", "nahelieg", "subsumtion", "tat", "sinn", "abs", "nr", "stgb", "abzielt", "handelt", "tatsach", "rechtlich", "einordn", "gericht", "eig", "verantwort", "treff", "unterbring", "angeklagt", "entziehungsanstalt", "halt", "rechtlich", "nachpruf", "stand", "landgericht", "verhang", "freiheitsstraf", "mehr", "drei", "jahr", "abs", "satz", "stgb", "vorgeseh", "entscheid", "teilweis", "vollzug", "straf", "massregel", "unterlass", "ind", "beschwerdefuhr", "sach", "seit", "marz", "haft", "befindet", "inzwisch", "mehr", "halft", "erkannt", "freiheitsstraf", "verbusst", "dass", "entscheid", "vorwegvollzug", "nunmehr", "unterbleib", "vgl", "bgh", "nstz", "rr", "frei", "rechtlich", "bedenk", "entgeg", "ansicht", "revision", "generalbundesanwalt", "annahm", "landgericht", "angeklagt", "sei", "hang", "gegeb", "erheb", "straftat", "nament", "opf", "seelisch", "korp", "schwer", "geschadigt", "sei", "deshalb", "allgemein", "gefahr", "abs", "nr", "stgb", "landgericht", "zutreff", "folgend", "ausgegang", "erheb", "straftat", "versteh", "allgemein", "gesagt", "hinweis", "abs", "nr", "stgb", "tat", "schwer", "korp", "seelisch", "schadig", "opf", "sowi", "red", "steht", "schwer", "wirtschaft", "schad", "stellt", "abschliess", "regel", "dar", "vielmehr", "jenseit", "beispielsfall", "erheb", "umstand", "ergeb", "entscheid", "tat", "allgemein", "gefahr", "erscheint", "straftat", "erwart", "rechtsfried", "empfind", "stor", "st", "rspr", "bghst", "bghr", "stgb", "abs", "erheb", "bgh", "nstz", "beurteil", "anlasstat", "ubrig", "tat", "formell", "voraussetz", "sicherungsverwahr", "gefund", "sinn", "erheb", "symptomat", "hang", "einzelfall", "aufgrund", "sorgfalt", "gesamtwurd", "tat", "tat", "erfolg", "bghst", "dabei", "ggf", "lang", "zurucklieg", "tat", "berucksicht", "vgl", "bgh", "nstz", "stv", "grundlag", "getroff", "beurteil", "landgericht", "zweit", "anlasstat", "sei", "opf", "seelisch", "korp", "schwer", "geschadigt", "word", "erst", "anlasstat", "sei", "sof", "schadig", "opf", "vorlieg", "jedenfall", "geeignet", "rechtsfried", "empfind", "schwerwieg", "weis", "stor", "rechtsfehlerfrei", "beid", "fall", "bracht", "angeklagt", "wehrlos", "opf", "jeweil", "zahlreich", "faustschlag", "blutend", "verletz", "gesicht", "erst", "tat", "befand", "schlecht", "zustand", "dass", "angeklagt", "stabil", "seitenlag", "verbracht", "befurchtet", "andernfall", "blut", "erstick", "zweit", "tat", "opf", "etwa", "acht", "stund", "bewusstlos", "anschliess", "drei", "tag", "lang", "stationar", "krankenhaus", "behandelt", "wenig", "tag", "auseinanderlieg", "tat", "beging", "angeklagt", "gut", "monat", "entlass", "strafvollzug", "zwolfjahr", "freiheitsstraf", "jahr", "begang", "totungsdelikt", "rest", "neunjahr", "freiheitsstraf", "jahr", "begang", "schwer", "rauber", "erpress", "verbusst", "neb", "symptomtat", "angeklagt", "ebenfall", "jahr", "begang", "gefahr", "eingriff", "strassenverkehr", "aussergewohn", "rucksichtslos", "gezeigt", "ubrig", "darleg", "landgericht", "rechtsfehl", "sachverstand", "berat", "strafkamm", "ausfuhr", "begrundet", "dass", "angeklagt", "dissozial", "person", "gering", "frustrationstoleranz", "extr", "hoh", "aggressionsneig", "handelt", "ausgepragt", "mangel", "opferempathi", "schuldbewusstsein", "fahig", "bestraf", "lern", "auffallt", "vergleichbar", "tat", "hoh", "wahrschein", "erwart", "sost", "scheibl", "pfist", "lien", "hubert", "schaf"], "mitwirkung": "", "aktenzeichen": "3 StR 568/09", "language": "deutsch", "gertyp": "BGH", "leitsatz": "", "gruende": "\n      <div>\n         <dl class=\"RspDL\">\n            <dt>\n               <a name=\"rd_1\">1</a>\n            </dt>\n            <dd>\n               <p>Das Landgericht hatte den Angeklagten in einem ersten Urteil wegen K\u00f6rperverletzung in zwei F\u00e4llen, davon in einem Fall in Tateinheit mit Bedrohung zu einer \"Freiheitsstrafe\" von drei Jahren und sechs Monaten (Einzelstrafen von zwei Jahren sowie zwei Jahren und sechs Monaten) verurteilt sowie die Sicherungsverwahrung angeordnet. Die dagegen gerichtete Revision des Angeklagten war nur insoweit erfolgreich, als der Senat das Urteil im Strafausspruch dahin berichtigt hat, dass der Angeklagte zu einer Gesamtfreiheitsstrafe verurteilt war, und im Ma\u00dfregelausspruch mit den zugeh\u00f6rigen Feststellungen wegen fehlender Er\u00f6rterungen zu einer Unterbringung in einer Entziehungsanstalt aufgehoben und die Sache insoweit zu neuer Verhandlung und Entscheidung zur\u00fcckverwiesen hat. Nunmehr hat das Landgericht sowohl die Ma\u00dfregel nach \u00a7 64 StGB als auch die nach \u00a7 66 Abs. 1 StGB angeordnet und bestimmt, dass die Unterbringung in der Entziehungsanstalt zuerst zu vollziehen ist. Die Revision des Angeklagten richtet sich mit einer Verfahrensr\u00fcge sowie mit sachlichrechtlichen Beanstandungen allein gegen die Anordnung der Sicherungsverwahrung. Das Rechtsmittel bleibt ohne Erfolg.</p>\n            </dd>\n         </dl>\n         <dl class=\"RspDL\">\n            <dt/>\n            <dd>\n               <p/>\n            </dd>\n         </dl>\n         <dl class=\"RspDL\">\n            <dt>\n               <a name=\"rd_2\">2</a>\n            </dt>\n            <dd>\n               <p>1. Die Beschr\u00e4nkung der Revision auf die Anordnung der Sicherungsverwahrung ist nicht wirksam. Zwischen ihr und der durch den Beschwerdef\u00fchrer vom Revisionsangriff ausgenommenen Ma\u00dfregel nach \u00a7 64 StGB besteht hier ein nicht trennbarer Zusammenhang.</p>\n            </dd>\n         </dl>\n         <dl class=\"RspDL\">\n            <dt/>\n            <dd>\n               <p/>\n            </dd>\n         </dl>\n         <dl class=\"RspDL\">\n            <dt>\n               <a name=\"rd_3\">3</a>\n            </dt>\n            <dd>\n               <p>2. Die R\u00fcge, das Landgericht habe fehlerhaft einen Antrag auf Einholung eines medizinischen Sachverst\u00e4ndigengutachtens abgelehnt, versagt. Das Gutachten sollte beweisen, dass die Handlungen des Angeklagten bei dem Opfer der beiden K\u00f6rperverletzungen \"keine schweren seelischen oder k\u00f6rperlichen Sch\u00e4den herbeigef\u00fchrt haben und hierzu auch nicht geeignet waren\". Zutreffend hat das Landgericht den Antrag zur\u00fcckgewiesen. Soweit in der Beweisbehauptung ein Tatsachenkern \u00fcber den Umfang und die Auswirkungen der K\u00f6rperverletzungen zu finden ist, stehen einer Beweisaufnahme die bindenden Feststellungen zum Schuld- und Strafausspruch entgegen. Soweit der Antrag auf eine Wertung der Verletzungen, naheliegend auf eine Subsumtion der Taten unter solche im Sinne von \u00a7 66 Abs. 1 Nr. 3 StGB abzielt, handelt es sich nicht um eine Tatsache, sondern um eine rechtliche Einordnung, die das Gericht in eigener Verantwortung zu treffen hat.</p>\n            </dd>\n         </dl>\n         <dl class=\"RspDL\">\n            <dt/>\n            <dd>\n               <p/>\n            </dd>\n         </dl>\n         <dl class=\"RspDL\">\n            <dt>\n               <a name=\"rd_4\">4</a>\n            </dt>\n            <dd>\n               <p>3. Die Unterbringung des Angeklagten in der Entziehungsanstalt h\u00e4lt rechtlicher Nachpr\u00fcfung stand. Zwar hat das Landgericht die bei der Verh\u00e4ngung von Freiheitsstrafen von mehr als drei Jahren nach \u00a7 67 Abs. 2 Satz 2 StGB vorgesehene Entscheidung \u00fcber einen teilweisen Vollzug der Strafe vor der Ma\u00dfregel unterlassen. Indes hat der Beschwerdef\u00fchrer, der sich in dieser Sache seit dem 16. M\u00e4rz 2008 in Haft befindet, inzwischen mehr als die H\u00e4lfte der erkannten Freiheitsstrafe verb\u00fc\u00dft, so dass die Entscheidung \u00fcber einen Vorwegvollzug nunmehr unterbleiben muss (vgl. BGH NStZ-RR 2009, 233).</p>\n            </dd>\n         </dl>\n         <dl class=\"RspDL\">\n            <dt/>\n            <dd>\n               <p/>\n            </dd>\n         </dl>\n         <dl class=\"RspDL\">\n            <dt>\n               <a name=\"rd_5\">5</a>\n            </dt>\n            <dd>\n               <p>4. Frei von rechtlichen Bedenken ist - entgegen der Ansicht der Revision und des Generalbundesanwalts - auch die Annahme des Landgerichts, bei dem Angeklagten sei ein Hang gegeben zu erheblichen Straftaten, namentlich zu solchen, durch welche die Opfer seelisch oder k\u00f6rperlich schwer gesch\u00e4digt werden, und er sei deshalb f\u00fcr die Allgemeinheit gef\u00e4hrlich (\u00a7 66 Abs. 1 Nr. 3 StGB).</p>\n            </dd>\n         </dl>\n         <dl class=\"RspDL\">\n            <dt/>\n            <dd>\n               <p/>\n            </dd>\n         </dl>\n         <dl class=\"RspDL\">\n            <dt>\n               <a name=\"rd_6\">6</a>\n            </dt>\n            <dd>\n               <p>Das Landgericht ist zutreffend von Folgendem ausgegangen: Was unter \"erheblichen\" Straftaten zu verstehen ist, kann nicht allgemein gesagt werden. Der Hinweis in \u00a7 66 Abs. 1 Nr. 3 StGB auf Taten mit schweren k\u00f6rperlichen oder seelischen Sch\u00e4digungen der Opfer (sowie - was hier nicht in Rede steht - mit schweren wirtschaftlichen Sch\u00e4den) stellt keine abschlie\u00dfende Regelung dar. Vielmehr kann sich jenseits dieser Beispielsf\u00e4lle die Erheblichkeit auch aus anderen Umst\u00e4nden ergeben. Entscheidend ist, ob der T\u00e4ter als f\u00fcr die Allgemeinheit gef\u00e4hrlich erscheint, weil von ihm Straftaten zu erwarten sind, die den Rechtsfrieden empfindlich st\u00f6ren (st. Rspr.; BGHSt 24, 153, 154 f.; BGHR StGB \u00a7 66 Abs. 1 Erheblichkeit 3, 6; BGH NStZ 1986, 165). Die Beurteilung, ob die Anlasstat und die \u00fcbrigen Taten, in denen die formellen Voraussetzungen der Sicherungsverwahrung gefunden werden, in diesem Sinne \"erheblich\" und damit symptomatisch f\u00fcr einen Hang sind, muss im Einzelfall aufgrund einer sorgf\u00e4ltigen Gesamtw\u00fcrdigung des T\u00e4ters und seiner Taten erfolgen (BGHSt 24, 153, 156). Dabei sind ggf. auch l\u00e4nger zur\u00fcckliegende Taten zu ber\u00fccksichtigen (vgl. BGH NStZ 1999, 502, 503; StV 2007, 633).</p>\n            </dd>\n         </dl>\n         <dl class=\"RspDL\">\n            <dt/>\n            <dd>\n               <p/>\n            </dd>\n         </dl>\n         <dl class=\"RspDL\">\n            <dt>\n               <a name=\"rd_7\">7</a>\n            </dt>\n            <dd>\n               <p>Die auf dieser Grundlage getroffene Beurteilung des Landgerichts, bei der zweiten Anlasstat sei das Opfer seelisch und k\u00f6rperlich schwer gesch\u00e4digt worden und die erste Anlasstat sei - sofern eine solche Sch\u00e4digung des Opfers nicht vorliege - jedenfalls geeignet, den Rechtsfrieden in empfindlicher und schwerwiegender Weise zu st\u00f6ren, ist rechtsfehlerfrei. In beiden F\u00e4llen brachte der Angeklagte seinem wehrlosen Opfer jeweils mit zahlreichen Faustschl\u00e4gen blutende Verletzungen im Gesicht bei. Nach der ersten Tat befand es sich in einem so schlechten Zustand, dass der Angeklagte es selbst in die stabile Seitenlage verbrachte, weil er bef\u00fcrchtete, es werde andernfalls an seinem Blut ersticken. Bei der zweiten Tat war das Opfer etwa acht Stunden bewusstlos und musste anschlie\u00dfend drei Tage lang station\u00e4r im Krankenhaus behandelt werden. Die nur wenige Tage auseinanderliegenden Taten beging der Angeklagte gut einen Monat nach seiner Entlassung aus dem Strafvollzug, wo er eine zw\u00f6lfj\u00e4hrige Freiheitsstrafe wegen eines im Jahr 1993 begangenen T\u00f6tungsdelikts und den Rest einer neunj\u00e4hrigen Freiheitsstrafe u. a. wegen einer im Jahr 1985 begangenen schweren r\u00e4uberischen Erpressung verb\u00fc\u00dft hatte. Neben diesen Symptomtaten hat der Angeklagte auch durch den ebenfalls im Jahr 1985 begangenen gef\u00e4hrlichen Eingriff in den Stra\u00dfenverkehr seine au\u00dfergew\u00f6hnliche R\u00fccksichtslosigkeit gezeigt.</p>\n            </dd>\n         </dl>\n         <dl class=\"RspDL\">\n            <dt/>\n            <dd>\n               <p/>\n            </dd>\n         </dl>\n         <dl class=\"RspDL\">\n            <dt>\n               <a name=\"rd_8\">8</a>\n            </dt>\n            <dd>\n               <p>Auch die \u00fcbrigen Darlegungen des Landgerichts sind ohne Rechtsfehler: Sachverst\u00e4ndig beraten hat die Strafkammer ausf\u00fchrlich begr\u00fcndet, dass es sich bei dem Angeklagten um eine dissoziale Pers\u00f6nlichkeit mit geringer Frustrationstoleranz und extrem hoher Aggressionsneigung handelt, die durch einen ausgepr\u00e4gten Mangel an Opferempathie, an Schuldbewusstsein und an der F\u00e4higkeit, aus den Bestrafungen zu lernen, auff\u00e4llt und von der vergleichbare Taten mit hoher Wahrscheinlichkeit zu erwarten sind.</p>\n            </dd>\n         </dl>\n         <dl class=\"RspDL\">\n            <dt/>\n            <dd>\n               <p/>\n            </dd>\n         </dl>\n         <dl class=\"RspDL\">\n            <dt/>\n            <dd>\n               <p>Sost-Scheible\u00a0\u00a0\u00a0\u00a0\u00a0\u00a0\u00a0\u00a0\u00a0\u00a0\u00a0\u00a0\u00a0\u00a0\u00a0\u00a0\u00a0\u00a0\u00a0\u00a0\u00a0\u00a0\u00a0\u00a0\u00a0\u00a0\u00a0\u00a0\u00a0Pfister\u00a0\u00a0\u00a0\u00a0\u00a0\u00a0\u00a0\u00a0\u00a0\u00a0\u00a0\u00a0\u00a0\u00a0\u00a0\u00a0\u00a0\u00a0\u00a0\u00a0\u00a0\u00a0\u00a0\u00a0\u00a0\u00a0\u00a0\u00a0\u00a0\u00a0\u00a0\u00a0\u00a0von Lienen</p>\n            </dd>\n         </dl>\n         <dl class=\"RspDL\">\n            <dt/>\n            <dd>\n               <p>\u00a0\u00a0\u00a0\u00a0\u00a0\u00a0\u00a0\u00a0\u00a0\u00a0\u00a0\u00a0\u00a0\u00a0\u00a0\u00a0\u00a0\u00a0\u00a0\u00a0\u00a0\u00a0\u00a0\u00a0\u00a0\u00a0\u00a0\u00a0\u00a0Hubert\u00a0\u00a0\u00a0\u00a0\u00a0\u00a0\u00a0\u00a0\u00a0\u00a0\u00a0\u00a0\u00a0\u00a0\u00a0\u00a0\u00a0\u00a0\u00a0\u00a0\u00a0\u00a0\u00a0\u00a0\u00a0\u00a0\u00a0\u00a0\u00a0Sch\u00e4fer</p>\n            </dd>\n         </dl>\n         <dl class=\"RspDL\">\n            <dt/>\n            <dd>\n               <p/>\n            </dd>\n         </dl>\n      </div>\n   ", "accessRights": "public", "gerort": "", "entschDatum": "20100218", "coverage": "Deutschland", "titel": "\n      <dl class=\"RspDL\">\n         <dt/>\n         <dd>\n            <p>Unterbringung in der Sicherungsverwahrung: Pr\u00fcfung des verbrecherischen Hangs des T\u00e4ters; K\u00f6rperverletzung als Symptomtat</p>\n         </dd>\n      </dl>\n   ", "ecli": "", "identifier": "http://www.rechtsprechung-im-internet.de/jportal/?quelle=jlink&docid=JURE100059121&psml=bsjrsprod.psml&max=true", "spruchkoerper": "3. Strafsenat", "vorinstanz": "vorgehend LG D\u00fcsseldorf, 12. August 2009, Az: 12 KLs 32/09 - 110 Js 2034/08, Urteil\n   ", "doknr": "JURE100059121", "abweichendeMeinung": "", "tenor": "\n      <div>\n         <dl class=\"RspDL\">\n            <dt/>\n            <dd>\n               <p>Die Revision des Angeklagten gegen das Urteil des Landgerichts D\u00fcsseldorf vom 12. August 2009 wird verworfen.</p>\n            </dd>\n         </dl>\n         <dl class=\"RspDL\">\n            <dt/>\n            <dd>\n               <p/>\n            </dd>\n         </dl>\n         <dl class=\"RspDL\">\n            <dt/>\n            <dd>\n               <p>Der Beschwerdef\u00fchrer hat die Kosten des Rechtsmittels zu tragen.</p>\n            </dd>\n         </dl>\n         <dl class=\"RspDL\">\n            <dt/>\n            <dd>\n               <p/>\n            </dd>\n         </dl>\n         <dl class=\"RspDL\">\n            <dt/>\n            <dd>\n               <p>Von Rechts wegen</p>\n            </dd>\n         </dl>\n         <dl class=\"RspDL\">\n            <dt/>\n            <dd>\n               <p/>\n            </dd>\n         </dl>\n      </div>\n   ", "regionAbk": "DEU"}