{"publisher": "BMJV", "tatbestand": "", "absaetze": [{"num": "1", "textProcessed": ["landgericht", "angeklagt", "unerlaubt", "handeltreib", "betaubungsmitteln", "gering", "meng", "freiheitsstraf", "funf", "jahr", "sech", "monat", "verurteilt", "vorwurf", "sieb", "weit", "fall", "unerlaubt", "betaubungsmitteln", "gering", "meng", "handel", "getrieb", "tatsach", "grund", "freigesproch"], "text": "Das Landgericht hat den Angeklagten wegen unerlaubten Handeltreibens mit Bet\u00e4ubungsmitteln in nicht geringer Menge zur Freiheitsstrafe von f\u00fcnf Jahren und sechs Monaten verurteilt. Von dem Vorwurf, in sieben weiteren F\u00e4llen unerlaubt mit Bet\u00e4ubungsmitteln in nicht geringer Menge Handel getrieben zu haben, hat es ihn aus tats\u00e4chlichen Gr\u00fcnden freigesprochen."}, {"num": "2", "textProcessed": ["verletz", "sachlich", "recht", "gestutzt", "revision", "erstrebt", "staatsanwaltschaft", "aufheb", "teilfreispruch", "rechtsfehl", "gunst", "angeklagt", "strafausspruch", "ausserd", "rugt", "dass", "landgericht", "entscheid", "verfall", "wertersatz", "getroff", "angeklagt", "beanstandet", "revision", "verfahr", "erhebt", "sachrug", "rechtsmittel", "urteilsformel", "ersicht", "teilerfolg"], "text": "Mit ihrer auf die Verletzung sachlichen Rechts gest\u00fctzten Revision erstrebt die Staatsanwaltschaft die Aufhebung des Teilfreispruchs und - wegen Rechtsfehlern zu Gunsten des Angeklagten - des Strafausspruchs. Au\u00dferdem r\u00fcgt sie, dass das Landgericht keine Entscheidung \u00fcber den Verfall von Wertersatz getroffen hat. Der Angeklagte beanstandet mit seiner Revision das Verfahren und erhebt die Sachr\u00fcge. Die Rechtsmittel haben den aus der Urteilsformel ersichtlichen Teilerfolg."}, {"num": "3", "textProcessed": ["revision", "staatsanwaltschaft"], "text": "\nA. Revision der Staatsanwaltschaft\n"}, {"num": "4", "textProcessed": ["freispruch", "fall", "ii", "urteilsgrund", "durchgreif", "beweiswurdigungsfehl", "aufzuheb", "ubrig", "fall", "ii", "urteilsgrund", "angeklagt", "freigesproch", "word", "uberpruf", "urteil", "aufgrund", "revisionsrechtfert", "rechtsfehl", "gunst", "angeklagt", "ergeb"], "text": "I. Der Freispruch im Fall II. 7. der Urteilsgr\u00fcnde war wegen eines durchgreifenden Beweisw\u00fcrdigungsfehlers aufzuheben. In den \u00fcbrigen F\u00e4llen II. 1. bis 6. der Urteilsgr\u00fcnde, in denen der Angeklagte freigesprochen worden ist, hat die \u00dcberpr\u00fcfung des Urteils aufgrund der Revisionsrechtfertigung keinen Rechtsfehler zu Gunsten des Angeklagten ergeben."}, {"num": "5", "textProcessed": ["unverandert", "hauptverhandl", "zugelass", "anklageschrift", "mai", "staatsanwaltschaft", "angeklagt", "sieb", "fall", "unerlaubt", "handeltreib", "betaubungsmitteln", "gering", "meng", "last", "gelegt", "anfang", "marz", "gesondert", "verfolgt", "waldemar", "jakob", "liefer", "kilogramm", "heroin", "wirkstoffgehalt", "mindest", "hhc", "sowi", "kilogramm", "streckmittel", "verabredet", "wobei", "geplant", "ausliefer", "bereit", "bezahlt", "rauschgift", "sicherstell", "polizei", "gekomm", "sech", "weit", "fall", "namlich", "april", "novemb", "januar", "januar", "februar", "marz", "septemb", "jeweil", "ca", "gramm", "heroin", "wirkstoffgehalt", "mindest", "hhc", "gesondert", "verfolgt", "verkauft", "jeweil", "rauschgift", "beim", "angeklagt", "bestellt", "kaufpreis", "voraus", "ubergeb", "anschliess", "angeklagt", "bunkerhalt", "spatest", "ab", "novemb", "gesondert", "verfolgt", "mitangeklagt", "angewies", "gekauft", "heroin", "zwischengelagert", "vorrat", "kauf", "auszulief"], "text": "1. Mit der - unver\u00e4ndert zur Hauptverhandlung zugelassenen - Anklageschrift vom 11. Mai 2009 hat die Staatsanwaltschaft dem Angeklagten u.a. sieben F\u00e4lle des unerlaubten Handeltreibens mit Bet\u00e4ubungsmitteln in nicht geringer Menge zur Last gelegt. Er soll Anfang M\u00e4rz 2007 mit den gesondert Verfolgten Waldemar und Jakob B. die Lieferung von 2,2 Kilogramm Heroin mit einem Wirkstoffgehalt von mindestens 40 % HHC sowie von 1,5 Kilogramm Streckmittel verabredet haben, wobei es zu der geplanten Auslieferung des bereits bezahlten Rauschgifts nach dessen Sicherstellung durch die Polizei nicht gekommen sein soll. In sechs weiteren F\u00e4llen, n\u00e4mlich am 3. April 2007, 6. November 2007, 14. Januar 2008, 25. Januar/5. Februar 2008, 19. M\u00e4rz 2008 und 21. September 2008, soll er jeweils ca. 500 Gramm Heroin mit einem Wirkstoffgehalt von mindestens 40 % HHC an den gesondert VerfolgtenS.verkauft haben. S. soll jeweils das Rauschgift beim Angeklagten bestellt und diesem den Kaufpreis im Voraus \u00fcbergeben haben. Anschlie\u00dfend soll der Angeklagte seinen \"Bunkerhalter\", der sp\u00e4testens ab November 2007 der gesondert Verfolgte Mitangeklagte W.gewesen sein soll, angewiesen haben, das gekaufte Heroin aus einem zwischengelagerten Vorrat an den K\u00e4ufer auszuliefern."}, {"num": "6", "textProcessed": ["fall", "ii", "urteilsgrund", "beweiswurd", "widerspruch", "luckenhaft", "ausfuhr", "landgericht", "hatt", "feststell", "getroff", "dass", "rauschgift", "mitangeklagt", "kauf", "ubergeb", "angeklagt", "bestimmt", "sei", "angesicht", "vorwurf", "heroin", "gering", "meng", "verkauft", "unverstand", "zud", "lasst", "entnehm", "gegebenenfall", "tat", "verurteilt", "mitangeklagt", "anklagepunkt", "eingelass", "jedenfall", "desweg", "erford", "landgericht", "erorter", "fall", "ii", "ausdruck", "mitteilt", "mitangeklagt", "anklagepunkt", "geaussert", "fall", "ii", "ledig", "ausfuhrt", "mitangeklagt", "sei", "beteil", "gescheh", "bereit", "urteil", "januar", "verurteilt", "word", "differenzier", "darstell", "landgericht", "deutet", "darauf", "dass", "mitangeklagt", "anklagevorwurf", "fall", "ii", "eingelass"], "text": "2. Zum Fall II. 7. der Urteilsgr\u00fcnde ist die Beweisw\u00fcrdigung widerspr\u00fcchlich und l\u00fcckenhaft. Die Ausf\u00fchrungen des Landgerichts, es h\u00e4tten keine Feststellungen dazu getroffen werden k\u00f6nnen, dass das Rauschgift, das der Mitangeklagte W.\u00a0an den K\u00e4ufer S.\u00a0\u00fcbergeben habe, f\u00fcr den Angeklagten bestimmt gewesen sei, sind angesichts des Vorwurfs, Heroin in nicht geringer Menge verkauft zu haben, unverst\u00e4ndlich. Zudem l\u00e4sst sich ihnen nicht entnehmen, ob und gegebenenfalls wie sich der wegen dieser Tat verurteilte Mitangeklagte W.\u00a0zu diesem Anklagepunkt eingelassen hat. Dies w\u00e4re aber jedenfalls deswegen erforderlich gewesen, weil das Landgericht bei der Er\u00f6rterung der F\u00e4lle II. 1. bis 6. ausdr\u00fccklich mitteilt, der Mitangeklagte W.\u00a0habe sich zu diesen Anklagepunkten nicht ge\u00e4u\u00dfert, w\u00e4hrend es zum Fall II. 7. lediglich ausf\u00fchrt, der Mitangeklagte W.\u00a0sei wegen seiner Beteiligung an diesem Geschehen bereits durch Urteil vom 28. Januar 2010 verurteilt worden. Diese differenzierende Darstellung des Landgerichts deutet darauf hin, dass sich der Mitangeklagte W.\u00a0zu dem Anklagevorwurf im Fall II. 7. eingelassen hat."}, {"num": "7", "textProcessed": ["ubrig", "fall", "angeklagt", "freigesproch", "word", "liegt", "wed", "durchgreif", "darstellungsmangel", "fehl", "beweiswurd", "urteilsgrund", "ergibt", "allein", "grundlag", "rechtlich", "uberpruf", "revisionsgericht", "aufgrund", "erhob", "sachrug", "mey", "gossn", "stpo", "aufl", "rn"], "text": "3. In den \u00fcbrigen F\u00e4llen, in denen der Angeklagte freigesprochen worden ist, liegt weder ein durchgreifender Darstellungsmangel noch ein Fehler in der Beweisw\u00fcrdigung vor, der sich aus den Urteilsgr\u00fcnden ergibt, die allein Grundlage der rechtlichen \u00dcberpr\u00fcfung durch das Revisionsgericht aufgrund der erhobenen Sachr\u00fcge sind (Meyer-Go\u00dfner, StPO, 53. Aufl., \u00a7 337 Rn. 22)."}, {"num": "8", "textProcessed": ["tat", "angeklagt", "eingelass", "landgericht", "ausgefuhrt", "ii", "dargestellt", "tat", "konnt", "angeklagt", "verurteil", "ausreich", "nachgewies", "mitangeklagt", "fall", "soweit", "anklag", "daran", "beteiligt", "geaussert", "gesondert", "verfolgt", "waldemar", "jakob", "sowi", "auskunftsverweigerungsrecht", "gemass", "stpo", "gebrauch", "gemacht", "beweiswurd", "staatsanwaltschaft", "antrag", "teilfreispruch", "hinsicht", "anklagevorwurf", "eig", "gemacht"], "text": "a) Zu diesen Taten, zu denen sich der Angeklagte nicht eingelassen hat, hat das Landgericht ausgef\u00fchrt: \"Die unter II. 1. bis 6. dargestellten Taten konnten dem Angeklagten nicht mit einer zur Verurteilung ausreichenden Sicherheit nachgewiesen werden. Der Mitangeklagte W.\u00a0hat sich zu diesen F\u00e4llen, soweit er nach der Anklage daran beteiligt sein sollte, nicht ge\u00e4u\u00dfert. Die gesondert Verfolgten Waldemar und Jakob B.\u00a0sowie\u00a0S.\u00a0haben von ihrem Auskunftsverweigerungsrecht gem\u00e4\u00df \u00a7 55 StPO Gebrauch gemacht. Diese Beweisw\u00fcrdigung hat sich die Staatsanwaltschaft mit ihrem Antrag auf Teilfreispruch hinsichtlich dieser Anklagevorw\u00fcrfe selbst zu eigen gemacht.\""}, {"num": "9", "textProcessed": ["beweiswurd", "halt", "sachlich", "rechtlich", "uberpruf", "stand", "urteilsgrund", "davon", "auszugeh", "dass", "samtlich", "beweiserheb", "landgericht", "tatvorwurf", "fall", "ii", "versucht", "erkenntnis", "erbracht", "gehort", "zeug", "sowi", "mitangeklagt", "schweigerecht", "gebrauch", "gemacht", "tragt", "freispruch", "materiell", "rechtlich", "hinsicht", "insbesond", "beweislag", "beanstandet", "landgericht", "fehlerhaft", "erwies", "erachtet", "sachverhalt", "dargestellt", "erst", "daran", "anschliess", "darzuleg", "wesweg", "angeklagt", "verurteil", "erford", "weit", "tatsach", "nachweisbar", "vgl", "mey", "gossn", "aao", "rn", "hierfur", "vorneherein", "raum", "urteilsgrund", "keinerlei", "beweisertrag", "ergeb"], "text": "b) Diese Beweisw\u00fcrdigung h\u00e4lt sachlich-rechtlicher \u00dcberpr\u00fcfung stand. Nach den Urteilsgr\u00fcnden ist davon auszugehen, dass s\u00e4mtliche Beweiserhebungen, die das Landgericht zu den Tatvorw\u00fcrfen in den F\u00e4llen II.1. bis 6. versucht hat, keine Erkenntnisse erbracht haben, da die dazu geh\u00f6rten Zeugen sowie der Mitangeklagte W.von ihrem Schweigerecht Gebrauch gemacht haben. Dies tr\u00e4gt den Freispruch in materiell-rechtlicher Hinsicht. Insbesondere kann bei dieser Beweislage nicht beanstandet werden, das Landgericht habe fehlerhaft den f\u00fcr erwiesen erachteten Sachverhalt nicht dargestellt, um erst daran anschlie\u00dfend darzulegen, weswegen dem Angeklagten f\u00fcr eine Verurteilung erforderliche weitere Tatsachen nicht nachweisbar gewesen sind (vgl. Meyer-Go\u00dfner, aaO, \u00a7 267 Rn. 33); denn hierf\u00fcr ist von vorneherein kein Raum, wenn sich nach den Urteilsgr\u00fcnden keinerlei Beweisertrag ergeben hat."}, {"num": "10", "textProcessed": ["sach", "revisionsgericht", "hinblick", "ausserst", "knapp", "teil", "gebot", "sorgfalt", "abgefasst", "urteilsgrund", "mutmass", "darub", "anzustell", "nahelieg", "weit", "beweismittel", "aufklar", "tatvorwurf", "verfug", "gestand", "hatt", "weit", "beweis", "erhob", "urteil", "ledig", "gewurdigt", "word", "schon", "gar", "revisionsgericht", "aufgrund", "derart", "mutmass", "urteil", "sachrug", "aufheb", "vielmehr", "sach", "staatsanwaltschaft", "entwed", "erheb", "aufklarungsrug", "geltend", "dass", "landgericht", "weit", "moglich", "beweis", "erforsch", "sachverhalt", "verstoss", "abs", "stpo", "erhob", "beanstand", "dass", "hierzu", "erhob", "beweis", "wurdig", "einbezog", "dah", "uberzeugungsbild", "inbegriff", "hauptverhandl", "ausgeschopft", "stpo", "demgegenub", "erheb", "sachrug", "begnugt", "konsequenz", "unzureich", "prozessual", "verhalt", "trag", "bestat", "teilfreispruch", "revisionsgericht", "akzepti"], "text": "Es ist nicht Sache des Revisionsgerichts, im Hinblick auf die \u00e4u\u00dferst knappen, in Teilen ohne die gebotene Sorgfalt abgefassten Urteilsgr\u00fcnde Mutma\u00dfungen dar\u00fcber anzustellen, ob nicht naheliegend weitere Beweismittel zur Aufkl\u00e4rung der Tatvorw\u00fcrfe zur Verf\u00fcgung gestanden h\u00e4tten oder weitere Beweise erhoben und im Urteil lediglich nicht gew\u00fcrdigt worden sind. Schon gar nicht kann das Revisionsgericht aufgrund derartiger Mutma\u00dfungen das Urteil auf die Sachr\u00fcge hin aufheben. Vielmehr w\u00e4re es Sache der Staatsanwaltschaft gewesen, entweder durch Erhebung der Aufkl\u00e4rungsr\u00fcge geltend zu machen, dass das Landgericht weitere m\u00f6gliche Beweise zur Erforschung des Sachverhalts unter Versto\u00df gegen \u00a7 244 Abs. 2 StPO nicht erhoben hat, oder zu beanstanden, dass es hierzu erhobene Beweise nicht in seine W\u00fcrdigung einbezogen und daher zu seiner \u00dcberzeugungsbildung den Inbegriff der Hauptverhandlung nicht ausgesch\u00f6pft hat (\u00a7 261 StPO). Wenn sie sich demgegen\u00fcber mit der Erhebung der Sachr\u00fcge begn\u00fcgt, muss sie die Konsequenzen ihres unzureichenden prozessualen Verhaltens tragen und die Best\u00e4tigung des Teilfreispruchs durch das Revisionsgericht akzeptieren."}, {"num": "11", "textProcessed": ["ii", "hinsicht", "verurteil", "angeklagt", "wirksam", "rechtsfolgenausspruch", "beschrankt", "revision", "staatsanwaltschaft", "fuhrt", "aufheb", "strafausspruch", "allein", "gunst", "angeklagt", "stpo"], "text": "II. Die hinsichtlich der Verurteilung des Angeklagten wirksam auf den Rechtsfolgenausspruch beschr\u00e4nkte Revision der Staatsanwaltschaft f\u00fchrt zur Aufhebung des Strafausspruchs allein zu Gunsten des Angeklagten (\u00a7 301 StPO)."}, {"num": "12", "textProcessed": ["feststell", "organisiert", "angeklagt", "leitend", "funktion", "liefer", "ca", "kilogramm", "kokain", "wirkstoffgehalt", "ca", "khc", "gewinnbring", "weiterverkauf", "bestimmt", "seeweg", "ecuador", "montenegro", "widerspruch", "landgericht", "strafzumess", "liefer", "ca", "kilogramm", "heroin", "grund", "gelegt", "strafscharf", "gewertet", "dass", "grenzmeng", "gering", "meng", "heroin", "gefahr", "hartdrog", "mehr", "fach", "uberschritt", "word", "sei", "daraus", "ergibt", "dass", "heroin", "geltend", "grenzwert", "gering", "meng", "gramm", "anstatt", "gramm", "wirkstoff", "kokain", "ausgegang", "deshalb", "gross", "schuldumfang", "angenomm", "senat", "ausschliess", "dass", "rechtsfehl", "verhangt", "straf", "ausgewirkt"], "text": "1. Nach den Feststellungen organisierte der Angeklagte in leitender Funktion eine Lieferung von ca. 14 Kilogramm Kokain mit einem Wirkstoffgehalt von ca. 85 % KHC, das zum gewinnbringenden Weiterverkauf bestimmt war, auf dem Seeweg von Ecuador nach Montenegro. Im Widerspruch dazu hat das Landgericht der Strafzumessung die Lieferung von ca. 14 Kilogramm Heroin zu Grunde gelegt und strafsch\u00e4rfend gewertet, dass die Grenzmenge der nicht geringen Menge \"an Heroin als einer der gef\u00e4hrlichsten Hartdrogen um mehr als das 7.900-fache \u00fcberschritten\" worden sei. Daraus ergibt sich, dass es von dem f\u00fcr Heroin geltenden Grenzwert der nicht geringen Menge von 1,5 Gramm anstatt von 5Gramm Wirkstoff f\u00fcr Kokain ausgegangen ist und deshalb einen zu gro\u00dfen Schuldumfang angenommen hat. Der Senat kann nicht ausschlie\u00dfen, dass sich dieser Rechtsfehler auf die verh\u00e4ngte Strafe ausgewirkt hat."}, {"num": "13", "textProcessed": ["strafausspruch", "aufgrund", "rechtsmittel", "staatsanwaltschaft", "nachteil", "angeklagt", "aufzuheb", "strafzumessungsfehl", "gunst", "angeklagt", "lieg", "grund", "antragsschrift", "generalbundesanwalt"], "text": "2. Der Strafausspruch war aufgrund des Rechtsmittels der Staatsanwaltschaft nicht zum Nachteil des Angeklagten aufzuheben. Strafzumessungsfehler zu Gunsten des Angeklagten liegen aus den Gr\u00fcnden der Antragsschrift des Generalbundesanwalts nicht vor."}, {"num": "14", "textProcessed": ["erganz", "bemerkt", "senat", "soweit", "angeklagt", "mitangeklagt", "hauptorganisator", "betaubungsmittelhandel", "belastet", "handelt", "zulass", "verteidigungsverhalt", "fisch", "stgb", "aufl", "rn", "formulier", "angefocht", "urteil", "tat", "sei", "polizei", "uberwacht", "word", "bezieht", "erkennbar", "gescheh", "entdeck", "kokain", "kroatisch", "zollbehord", "dass", "rauschgifttransport", "erheb", "aufwand", "vorbereitet", "tatplan", "nahezu", "perfekt", "umgesetzt", "wurd", "landgericht", "geseh", "ausfuhr", "ergibt", "mind", "schwer", "fall", "verneint", "behauptet", "angab", "mitangeklagt", "zugesagt", "abnahm", "gross", "meng", "kokain", "chef", "famili", "montenegro", "urteilsfremd", "sachrug", "berucksichtigt"], "text": "Erg\u00e4nzend bemerkt der Senat: Soweit der Angeklagte den Mitangeklagten K.\u00a0als Hauptorganisator des Bet\u00e4ubungsmittelhandels belastet hat, handelt es sich um ein zul\u00e4ssiges Verteidigungsverhalten (Fischer, StGB, 57. Aufl., \u00a7 46 Rn. 53). Die Formulierung im angefochtenen Urteil, die Tat sei von der Polizei \u00fcberwacht worden, bezieht sich erkennbar auf das Geschehen nach der Entdeckung des Kokains durch die kroatischen Zollbeh\u00f6rden. Dass der Rauschgifttransport mit einem erheblichen Aufwand vorbereitet und der Tatplan nahezu perfekt umgesetzt wurde, hat das Landgericht gesehen, wie sich aus den Ausf\u00fchrungen ergibt, mit denen es einen minder schweren Fall verneint hat. Die behaupteten Angaben des Mitangeklagten K.\u00a0\u00fcber die zugesagte Abnahme einer gro\u00dfen Menge Kokain durch den Chef der Familie M.\u00a0aus Montenegro sind urteilsfremd und k\u00f6nnen auf die Sachr\u00fcge hin nicht ber\u00fccksichtigt werden."}, {"num": "15", "textProcessed": ["staatsanwalt", "vermisst", "anordn", "verfall", "wertersatz", "abs", "stgb", "kam", "schon", "deshalb", "betracht", "angeklagt", "getroff", "feststell", "tat", "verurteilt", "word", "wed", "geld", "sonstig", "vermogensvorteil", "erlangt"], "text": "Die von der Staatsanwalt vermisste Anordnung des Verfalls von Wertersatz (\u00a7 73 Abs. 1, \u00a7 73a StGB) kam schon deshalb nicht in Betracht, weil der Angeklagte nach den getroffenen Feststellungen aus der Tat, wegen der er verurteilt worden ist, weder Geld noch einen sonstigen Verm\u00f6gensvorteil erlangte."}, {"num": "16", "textProcessed": ["revision", "angeklagt"], "text": "\nB. Revision des Angeklagten\n"}, {"num": "17", "textProcessed": ["uberpruf", "urteil", "aufgrund", "revisionsrechtfert", "angeklagt", "schuldspruch", "grund", "antragsschrift", "generalbundesanwalt", "rechtsfehl", "nachteil", "ergeb", "erganz", "bemerkt", "senat", "dass", "aufklarungsrug", "desweg", "unzulass", "vernehm", "zeug", "sch", "erwartet", "beweisergebnis", "ledig", "pauschal", "legal", "geschaft", "bezeichnet", "benenn"], "text": "I. Die \u00dcberpr\u00fcfung des Urteils aufgrund der Revisionsrechtfertigung des Angeklagten hat zum Schuldspruch aus den Gr\u00fcnden der Antragsschrift des Generalbundesanwalts keinen Rechtsfehler zu seinem Nachteil ergeben. Erg\u00e4nzend bemerkt der Senat, dass die Aufkl\u00e4rungsr\u00fcge auch deswegen unzul\u00e4ssig ist, weil das von der Vernehmung des Zeugen\u00a0Sch.\u00a0erwartete Beweisergebnis lediglich pauschal mit \"legalen Gesch\u00e4ften\" bezeichnet wird, ohne diese zu benennen."}, {"num": "18", "textProcessed": ["ii", "rechtsmittel", "angeklagt", "strafausspruch", "erfolg", "oben", "dargestellt", "grund", "landgericht", "gross", "schuldumfang", "ausgegang"], "text": "II. Das Rechtsmittel des Angeklagten hat zum Strafausspruch Erfolg, weil aus den oben dargestellten Gr\u00fcnden das Landgericht von einem zu gro\u00dfen Schuldumfang ausgegangen ist."}], "norm": ["\u00a7 244 StPO", "\u00a7 261 StPO", "\u00a7 267 StPO", "\u00a7 337 StPO"], "doktyp": "Urteil", "regionLong": "Bundesrepublik Deutschland", "sonstlt": "", "gruendeProcessed": ["landgericht", "angeklagt", "unerlaubt", "handeltreib", "betaubungsmitteln", "gering", "meng", "freiheitsstraf", "funf", "jahr", "sech", "monat", "verurteilt", "vorwurf", "sieb", "weit", "fall", "unerlaubt", "betaubungsmitteln", "gering", "meng", "handel", "getrieb", "tatsach", "grund", "freigesproch", "verletz", "sachlich", "recht", "gestutzt", "revision", "erstrebt", "staatsanwaltschaft", "aufheb", "teilfreispruch", "rechtsfehl", "gunst", "angeklagt", "strafausspruch", "ausserd", "rugt", "dass", "landgericht", "entscheid", "verfall", "wertersatz", "getroff", "angeklagt", "beanstandet", "revision", "verfahr", "erhebt", "sachrug", "rechtsmittel", "urteilsformel", "ersicht", "teilerfolg", "revision", "staatsanwaltschaft", "freispruch", "fall", "ii", "urteilsgrund", "durchgreif", "beweiswurdigungsfehl", "aufzuheb", "ubrig", "fall", "ii", "urteilsgrund", "angeklagt", "freigesproch", "word", "uberpruf", "urteil", "aufgrund", "revisionsrechtfert", "rechtsfehl", "gunst", "angeklagt", "ergeb", "unverandert", "hauptverhandl", "zugelass", "anklageschrift", "mai", "staatsanwaltschaft", "angeklagt", "sieb", "fall", "unerlaubt", "handeltreib", "betaubungsmitteln", "gering", "meng", "last", "gelegt", "anfang", "marz", "gesondert", "verfolgt", "waldemar", "jakob", "liefer", "kilogramm", "heroin", "wirkstoffgehalt", "mindest", "hhc", "sowi", "kilogramm", "streckmittel", "verabredet", "wobei", "geplant", "ausliefer", "bereit", "bezahlt", "rauschgift", "sicherstell", "polizei", "gekomm", "sech", "weit", "fall", "namlich", "april", "novemb", "januar", "januar", "februar", "marz", "septemb", "jeweil", "ca", "gramm", "heroin", "wirkstoffgehalt", "mindest", "hhc", "gesondert", "verfolgt", "verkauft", "jeweil", "rauschgift", "beim", "angeklagt", "bestellt", "kaufpreis", "voraus", "ubergeb", "anschliess", "angeklagt", "bunkerhalt", "spatest", "ab", "novemb", "gesondert", "verfolgt", "mitangeklagt", "angewies", "gekauft", "heroin", "zwischengelagert", "vorrat", "kauf", "auszulief", "fall", "ii", "urteilsgrund", "beweiswurd", "widerspruch", "luckenhaft", "ausfuhr", "landgericht", "hatt", "feststell", "getroff", "dass", "rauschgift", "mitangeklagt", "kauf", "ubergeb", "angeklagt", "bestimmt", "sei", "angesicht", "vorwurf", "heroin", "gering", "meng", "verkauft", "unverstand", "zud", "lasst", "entnehm", "gegebenenfall", "tat", "verurteilt", "mitangeklagt", "anklagepunkt", "eingelass", "jedenfall", "desweg", "erford", "landgericht", "erorter", "fall", "ii", "ausdruck", "mitteilt", "mitangeklagt", "anklagepunkt", "geaussert", "fall", "ii", "ledig", "ausfuhrt", "mitangeklagt", "sei", "beteil", "gescheh", "bereit", "urteil", "januar", "verurteilt", "word", "differenzier", "darstell", "landgericht", "deutet", "darauf", "dass", "mitangeklagt", "anklagevorwurf", "fall", "ii", "eingelass", "ubrig", "fall", "angeklagt", "freigesproch", "word", "liegt", "wed", "durchgreif", "darstellungsmangel", "fehl", "beweiswurd", "urteilsgrund", "ergibt", "allein", "grundlag", "rechtlich", "uberpruf", "revisionsgericht", "aufgrund", "erhob", "sachrug", "mey", "gossn", "stpo", "aufl", "rn", "tat", "angeklagt", "eingelass", "landgericht", "ausgefuhrt", "ii", "dargestellt", "tat", "konnt", "angeklagt", "verurteil", "ausreich", "nachgewies", "mitangeklagt", "fall", "soweit", "anklag", "daran", "beteiligt", "geaussert", "gesondert", "verfolgt", "waldemar", "jakob", "sowi", "auskunftsverweigerungsrecht", "gemass", "stpo", "gebrauch", "gemacht", "beweiswurd", "staatsanwaltschaft", "antrag", "teilfreispruch", "hinsicht", "anklagevorwurf", "eig", "gemacht", "beweiswurd", "halt", "sachlich", "rechtlich", "uberpruf", "stand", "urteilsgrund", "davon", "auszugeh", "dass", "samtlich", "beweiserheb", "landgericht", "tatvorwurf", "fall", "ii", "versucht", "erkenntnis", "erbracht", "gehort", "zeug", "sowi", "mitangeklagt", "schweigerecht", "gebrauch", "gemacht", "tragt", "freispruch", "materiell", "rechtlich", "hinsicht", "insbesond", "beweislag", "beanstandet", "landgericht", "fehlerhaft", "erwies", "erachtet", "sachverhalt", "dargestellt", "erst", "daran", "anschliess", "darzuleg", "wesweg", "angeklagt", "verurteil", "erford", "weit", "tatsach", "nachweisbar", "vgl", "mey", "gossn", "aao", "rn", "hierfur", "vorneherein", "raum", "urteilsgrund", "keinerlei", "beweisertrag", "ergeb", "sach", "revisionsgericht", "hinblick", "ausserst", "knapp", "teil", "gebot", "sorgfalt", "abgefasst", "urteilsgrund", "mutmass", "darub", "anzustell", "nahelieg", "weit", "beweismittel", "aufklar", "tatvorwurf", "verfug", "gestand", "hatt", "weit", "beweis", "erhob", "urteil", "ledig", "gewurdigt", "word", "schon", "gar", "revisionsgericht", "aufgrund", "derart", "mutmass", "urteil", "sachrug", "aufheb", "vielmehr", "sach", "staatsanwaltschaft", "entwed", "erheb", "aufklarungsrug", "geltend", "dass", "landgericht", "weit", "moglich", "beweis", "erforsch", "sachverhalt", "verstoss", "abs", "stpo", "erhob", "beanstand", "dass", "hierzu", "erhob", "beweis", "wurdig", "einbezog", "dah", "uberzeugungsbild", "inbegriff", "hauptverhandl", "ausgeschopft", "stpo", "demgegenub", "erheb", "sachrug", "begnugt", "konsequenz", "unzureich", "prozessual", "verhalt", "trag", "bestat", "teilfreispruch", "revisionsgericht", "akzepti", "ii", "hinsicht", "verurteil", "angeklagt", "wirksam", "rechtsfolgenausspruch", "beschrankt", "revision", "staatsanwaltschaft", "fuhrt", "aufheb", "strafausspruch", "allein", "gunst", "angeklagt", "stpo", "feststell", "organisiert", "angeklagt", "leitend", "funktion", "liefer", "ca", "kilogramm", "kokain", "wirkstoffgehalt", "ca", "khc", "gewinnbring", "weiterverkauf", "bestimmt", "seeweg", "ecuador", "montenegro", "widerspruch", "landgericht", "strafzumess", "liefer", "ca", "kilogramm", "heroin", "grund", "gelegt", "strafscharf", "gewertet", "dass", "grenzmeng", "gering", "meng", "heroin", "gefahr", "hartdrog", "mehr", "fach", "uberschritt", "word", "sei", "daraus", "ergibt", "dass", "heroin", "geltend", "grenzwert", "gering", "meng", "gramm", "anstatt", "gramm", "wirkstoff", "kokain", "ausgegang", "deshalb", "gross", "schuldumfang", "angenomm", "senat", "ausschliess", "dass", "rechtsfehl", "verhangt", "straf", "ausgewirkt", "strafausspruch", "aufgrund", "rechtsmittel", "staatsanwaltschaft", "nachteil", "angeklagt", "aufzuheb", "strafzumessungsfehl", "gunst", "angeklagt", "lieg", "grund", "antragsschrift", "generalbundesanwalt", "erganz", "bemerkt", "senat", "soweit", "angeklagt", "mitangeklagt", "hauptorganisator", "betaubungsmittelhandel", "belastet", "handelt", "zulass", "verteidigungsverhalt", "fisch", "stgb", "aufl", "rn", "formulier", "angefocht", "urteil", "tat", "sei", "polizei", "uberwacht", "word", "bezieht", "erkennbar", "gescheh", "entdeck", "kokain", "kroatisch", "zollbehord", "dass", "rauschgifttransport", "erheb", "aufwand", "vorbereitet", "tatplan", "nahezu", "perfekt", "umgesetzt", "wurd", "landgericht", "geseh", "ausfuhr", "ergibt", "mind", "schwer", "fall", "verneint", "behauptet", "angab", "mitangeklagt", "zugesagt", "abnahm", "gross", "meng", "kokain", "chef", "famili", "montenegro", "urteilsfremd", "sachrug", "berucksichtigt", "staatsanwalt", "vermisst", "anordn", "verfall", "wertersatz", "abs", "stgb", "kam", "schon", "deshalb", "betracht", "angeklagt", "getroff", "feststell", "tat", "verurteilt", "word", "wed", "geld", "sonstig", "vermogensvorteil", "erlangt", "revision", "angeklagt", "uberpruf", "urteil", "aufgrund", "revisionsrechtfert", "angeklagt", "schuldspruch", "grund", "antragsschrift", "generalbundesanwalt", "rechtsfehl", "nachteil", "ergeb", "erganz", "bemerkt", "senat", "dass", "aufklarungsrug", "desweg", "unzulass", "vernehm", "zeug", "sch", "erwartet", "beweisergebnis", "ledig", "pauschal", "legal", "geschaft", "bezeichnet", "benenn", "ii", "rechtsmittel", "angeklagt", "strafausspruch", "erfolg", "oben", "dargestellt", "grund", "landgericht", "gross", "schuldumfang", "ausgegang", "beck", "pfist", "lien", "hubert", "schaf"], "mitwirkung": "", "aktenzeichen": "3 StR 317/10", "language": "deutsch", "gertyp": "BGH", "leitsatz": "", "gruende": "\n      <div>\n         <dl class=\"RspDL\">\n            <dt>\n               <a name=\"rd_1\">1</a>\n            </dt>\n            <dd>\n               <p>Das Landgericht hat den Angeklagten wegen unerlaubten Handeltreibens mit Bet\u00e4ubungsmitteln in nicht geringer Menge zur Freiheitsstrafe von f\u00fcnf Jahren und sechs Monaten verurteilt. Von dem Vorwurf, in sieben weiteren F\u00e4llen unerlaubt mit Bet\u00e4ubungsmitteln in nicht geringer Menge Handel getrieben zu haben, hat es ihn aus tats\u00e4chlichen Gr\u00fcnden freigesprochen.</p>\n            </dd>\n         </dl>\n         <dl class=\"RspDL\">\n            <dt/>\n            <dd>\n               <p/>\n            </dd>\n         </dl>\n         <dl class=\"RspDL\">\n            <dt>\n               <a name=\"rd_2\">2</a>\n            </dt>\n            <dd>\n               <p>Mit ihrer auf die Verletzung sachlichen Rechts gest\u00fctzten Revision erstrebt die Staatsanwaltschaft die Aufhebung des Teilfreispruchs und - wegen Rechtsfehlern zu Gunsten des Angeklagten - des Strafausspruchs. Au\u00dferdem r\u00fcgt sie, dass das Landgericht keine Entscheidung \u00fcber den Verfall von Wertersatz getroffen hat. Der Angeklagte beanstandet mit seiner Revision das Verfahren und erhebt die Sachr\u00fcge. Die Rechtsmittel haben den aus der Urteilsformel ersichtlichen Teilerfolg.</p>\n            </dd>\n         </dl>\n         <dl class=\"RspDL\">\n            <dt/>\n            <dd>\n               <p/>\n            </dd>\n         </dl>\n         <dl class=\"RspDL\">\n            <dt>\n               <a name=\"rd_3\">3</a>\n            </dt>\n            <dd>\n               <p>\n                  <span style=\"text-decoration:underline\">A. Revision der Staatsanwaltschaft</span>\n               </p>\n            </dd>\n         </dl>\n         <dl class=\"RspDL\">\n            <dt/>\n            <dd>\n               <p/>\n            </dd>\n         </dl>\n         <dl class=\"RspDL\">\n            <dt>\n               <a name=\"rd_4\">4</a>\n            </dt>\n            <dd>\n               <p>I. Der Freispruch im Fall II. 7. der Urteilsgr\u00fcnde war wegen eines durchgreifenden Beweisw\u00fcrdigungsfehlers aufzuheben. In den \u00fcbrigen F\u00e4llen II. 1. bis 6. der Urteilsgr\u00fcnde, in denen der Angeklagte freigesprochen worden ist, hat die \u00dcberpr\u00fcfung des Urteils aufgrund der Revisionsrechtfertigung keinen Rechtsfehler zu Gunsten des Angeklagten ergeben.</p>\n            </dd>\n         </dl>\n         <dl class=\"RspDL\">\n            <dt/>\n            <dd>\n               <p/>\n            </dd>\n         </dl>\n         <dl class=\"RspDL\">\n            <dt>\n               <a name=\"rd_5\">5</a>\n            </dt>\n            <dd>\n               <p>1. Mit der - unver\u00e4ndert zur Hauptverhandlung zugelassenen - Anklageschrift vom 11. Mai 2009 hat die Staatsanwaltschaft dem Angeklagten u.a. sieben F\u00e4lle des unerlaubten Handeltreibens mit Bet\u00e4ubungsmitteln in nicht geringer Menge zur Last gelegt. Er soll Anfang M\u00e4rz 2007 mit den gesondert Verfolgten Waldemar und Jakob B. die Lieferung von 2,2 Kilogramm Heroin mit einem Wirkstoffgehalt von mindestens 40 % HHC sowie von 1,5 Kilogramm Streckmittel verabredet haben, wobei es zu der geplanten Auslieferung des bereits bezahlten Rauschgifts nach dessen Sicherstellung durch die Polizei nicht gekommen sein soll. In sechs weiteren F\u00e4llen, n\u00e4mlich am 3. April 2007, 6. November 2007, 14. Januar 2008, 25. Januar/5. Februar 2008, 19. M\u00e4rz 2008 und 21. September 2008, soll er jeweils ca. 500 Gramm Heroin mit einem Wirkstoffgehalt von mindestens 40 % HHC an den gesondert VerfolgtenS.verkauft haben. S. soll jeweils das Rauschgift beim Angeklagten bestellt und diesem den Kaufpreis im Voraus \u00fcbergeben haben. Anschlie\u00dfend soll der Angeklagte seinen \"Bunkerhalter\", der sp\u00e4testens ab November 2007 der gesondert Verfolgte Mitangeklagte W.gewesen sein soll, angewiesen haben, das gekaufte Heroin aus einem zwischengelagerten Vorrat an den K\u00e4ufer auszuliefern.</p>\n            </dd>\n         </dl>\n         <dl class=\"RspDL\">\n            <dt/>\n            <dd>\n               <p/>\n            </dd>\n         </dl>\n         <dl class=\"RspDL\">\n            <dt>\n               <a name=\"rd_6\">6</a>\n            </dt>\n            <dd>\n               <p>2. Zum Fall II. 7. der Urteilsgr\u00fcnde ist die Beweisw\u00fcrdigung widerspr\u00fcchlich und l\u00fcckenhaft. Die Ausf\u00fchrungen des Landgerichts, es h\u00e4tten keine Feststellungen dazu getroffen werden k\u00f6nnen, dass das Rauschgift, das der Mitangeklagte W.\u00a0an den K\u00e4ufer S.\u00a0\u00fcbergeben habe, f\u00fcr den Angeklagten bestimmt gewesen sei, sind angesichts des Vorwurfs, Heroin in nicht geringer Menge verkauft zu haben, unverst\u00e4ndlich. Zudem l\u00e4sst sich ihnen nicht entnehmen, ob und gegebenenfalls wie sich der wegen dieser Tat verurteilte Mitangeklagte W.\u00a0zu diesem Anklagepunkt eingelassen hat. Dies w\u00e4re aber jedenfalls deswegen erforderlich gewesen, weil das Landgericht bei der Er\u00f6rterung der F\u00e4lle II. 1. bis 6. ausdr\u00fccklich mitteilt, der Mitangeklagte W.\u00a0habe sich zu diesen Anklagepunkten nicht ge\u00e4u\u00dfert, w\u00e4hrend es zum Fall II. 7. lediglich ausf\u00fchrt, der Mitangeklagte W.\u00a0sei wegen seiner Beteiligung an diesem Geschehen bereits durch Urteil vom 28. Januar 2010 verurteilt worden. Diese differenzierende Darstellung des Landgerichts deutet darauf hin, dass sich der Mitangeklagte W.\u00a0zu dem Anklagevorwurf im Fall II. 7. eingelassen hat.</p>\n            </dd>\n         </dl>\n         <dl class=\"RspDL\">\n            <dt/>\n            <dd>\n               <p/>\n            </dd>\n         </dl>\n         <dl class=\"RspDL\">\n            <dt>\n               <a name=\"rd_7\">7</a>\n            </dt>\n            <dd>\n               <p>3. In den \u00fcbrigen F\u00e4llen, in denen der Angeklagte freigesprochen worden ist, liegt weder ein durchgreifender Darstellungsmangel noch ein Fehler in der Beweisw\u00fcrdigung vor, der sich aus den Urteilsgr\u00fcnden ergibt, die allein Grundlage der rechtlichen \u00dcberpr\u00fcfung durch das Revisionsgericht aufgrund der erhobenen Sachr\u00fcge sind (Meyer-Go\u00dfner, StPO, 53. Aufl., \u00a7 337 Rn. 22).</p>\n            </dd>\n         </dl>\n         <dl class=\"RspDL\">\n            <dt/>\n            <dd>\n               <p/>\n            </dd>\n         </dl>\n         <dl class=\"RspDL\">\n            <dt>\n               <a name=\"rd_8\">8</a>\n            </dt>\n            <dd>\n               <p>a) Zu diesen Taten, zu denen sich der Angeklagte nicht eingelassen hat, hat das Landgericht ausgef\u00fchrt: \"Die unter II. 1. bis 6. dargestellten Taten konnten dem Angeklagten nicht mit einer zur Verurteilung ausreichenden Sicherheit nachgewiesen werden. Der Mitangeklagte W.\u00a0hat sich zu diesen F\u00e4llen, soweit er nach der Anklage daran beteiligt sein sollte, nicht ge\u00e4u\u00dfert. Die gesondert Verfolgten Waldemar und Jakob B.\u00a0sowie\u00a0S.\u00a0haben von ihrem Auskunftsverweigerungsrecht gem\u00e4\u00df \u00a7 55 StPO Gebrauch gemacht. Diese Beweisw\u00fcrdigung hat sich die Staatsanwaltschaft mit ihrem Antrag auf Teilfreispruch hinsichtlich dieser Anklagevorw\u00fcrfe selbst zu eigen gemacht.\"</p>\n            </dd>\n         </dl>\n         <dl class=\"RspDL\">\n            <dt/>\n            <dd>\n               <p/>\n            </dd>\n         </dl>\n         <dl class=\"RspDL\">\n            <dt>\n               <a name=\"rd_9\">9</a>\n            </dt>\n            <dd>\n               <p>b) Diese Beweisw\u00fcrdigung h\u00e4lt sachlich-rechtlicher \u00dcberpr\u00fcfung stand. Nach den Urteilsgr\u00fcnden ist davon auszugehen, dass s\u00e4mtliche Beweiserhebungen, die das Landgericht zu den Tatvorw\u00fcrfen in den F\u00e4llen II.1. bis 6. versucht hat, keine Erkenntnisse erbracht haben, da die dazu geh\u00f6rten Zeugen sowie der Mitangeklagte W.von ihrem Schweigerecht Gebrauch gemacht haben. Dies tr\u00e4gt den Freispruch in materiell-rechtlicher Hinsicht. Insbesondere kann bei dieser Beweislage nicht beanstandet werden, das Landgericht habe fehlerhaft den f\u00fcr erwiesen erachteten Sachverhalt nicht dargestellt, um erst daran anschlie\u00dfend darzulegen, weswegen dem Angeklagten f\u00fcr eine Verurteilung erforderliche weitere Tatsachen nicht nachweisbar gewesen sind (vgl. Meyer-Go\u00dfner, aaO, \u00a7 267 Rn. 33); denn hierf\u00fcr ist von vorneherein kein Raum, wenn sich nach den Urteilsgr\u00fcnden keinerlei Beweisertrag ergeben hat.</p>\n            </dd>\n         </dl>\n         <dl class=\"RspDL\">\n            <dt/>\n            <dd>\n               <p/>\n            </dd>\n         </dl>\n         <dl class=\"RspDL\">\n            <dt>\n               <a name=\"rd_10\">10</a>\n            </dt>\n            <dd>\n               <p>Es ist nicht Sache des Revisionsgerichts, im Hinblick auf die \u00e4u\u00dferst knappen, in Teilen ohne die gebotene Sorgfalt abgefassten Urteilsgr\u00fcnde Mutma\u00dfungen dar\u00fcber anzustellen, ob nicht naheliegend weitere Beweismittel zur Aufkl\u00e4rung der Tatvorw\u00fcrfe zur Verf\u00fcgung gestanden h\u00e4tten oder weitere Beweise erhoben und im Urteil lediglich nicht gew\u00fcrdigt worden sind. Schon gar nicht kann das Revisionsgericht aufgrund derartiger Mutma\u00dfungen das Urteil auf die Sachr\u00fcge hin aufheben. Vielmehr w\u00e4re es Sache der Staatsanwaltschaft gewesen, entweder durch Erhebung der Aufkl\u00e4rungsr\u00fcge geltend zu machen, dass das Landgericht weitere m\u00f6gliche Beweise zur Erforschung des Sachverhalts unter Versto\u00df gegen \u00a7 244 Abs. 2 StPO nicht erhoben hat, oder zu beanstanden, dass es hierzu erhobene Beweise nicht in seine W\u00fcrdigung einbezogen und daher zu seiner \u00dcberzeugungsbildung den Inbegriff der Hauptverhandlung nicht ausgesch\u00f6pft hat (\u00a7 261 StPO). Wenn sie sich demgegen\u00fcber mit der Erhebung der Sachr\u00fcge begn\u00fcgt, muss sie die Konsequenzen ihres unzureichenden prozessualen Verhaltens tragen und die Best\u00e4tigung des Teilfreispruchs durch das Revisionsgericht akzeptieren.</p>\n            </dd>\n         </dl>\n         <dl class=\"RspDL\">\n            <dt/>\n            <dd>\n               <p/>\n            </dd>\n         </dl>\n         <dl class=\"RspDL\">\n            <dt>\n               <a name=\"rd_11\">11</a>\n            </dt>\n            <dd>\n               <p>II. Die hinsichtlich der Verurteilung des Angeklagten wirksam auf den Rechtsfolgenausspruch beschr\u00e4nkte Revision der Staatsanwaltschaft f\u00fchrt zur Aufhebung des Strafausspruchs allein zu Gunsten des Angeklagten (\u00a7 301 StPO).</p>\n            </dd>\n         </dl>\n         <dl class=\"RspDL\">\n            <dt/>\n            <dd>\n               <p/>\n            </dd>\n         </dl>\n         <dl class=\"RspDL\">\n            <dt>\n               <a name=\"rd_12\">12</a>\n            </dt>\n            <dd>\n               <p>1. Nach den Feststellungen organisierte der Angeklagte in leitender Funktion eine Lieferung von ca. 14 Kilogramm Kokain mit einem Wirkstoffgehalt von ca. 85 % KHC, das zum gewinnbringenden Weiterverkauf bestimmt war, auf dem Seeweg von Ecuador nach Montenegro. Im Widerspruch dazu hat das Landgericht der Strafzumessung die Lieferung von ca. 14 Kilogramm Heroin zu Grunde gelegt und strafsch\u00e4rfend gewertet, dass die Grenzmenge der nicht geringen Menge \"an Heroin als einer der gef\u00e4hrlichsten Hartdrogen um mehr als das 7.900-fache \u00fcberschritten\" worden sei. Daraus ergibt sich, dass es von dem f\u00fcr Heroin geltenden Grenzwert der nicht geringen Menge von 1,5 Gramm anstatt von 5Gramm Wirkstoff f\u00fcr Kokain ausgegangen ist und deshalb einen zu gro\u00dfen Schuldumfang angenommen hat. Der Senat kann nicht ausschlie\u00dfen, dass sich dieser Rechtsfehler auf die verh\u00e4ngte Strafe ausgewirkt hat.</p>\n            </dd>\n         </dl>\n         <dl class=\"RspDL\">\n            <dt/>\n            <dd>\n               <p/>\n            </dd>\n         </dl>\n         <dl class=\"RspDL\">\n            <dt>\n               <a name=\"rd_13\">13</a>\n            </dt>\n            <dd>\n               <p>2. Der Strafausspruch war aufgrund des Rechtsmittels der Staatsanwaltschaft nicht zum Nachteil des Angeklagten aufzuheben. Strafzumessungsfehler zu Gunsten des Angeklagten liegen aus den Gr\u00fcnden der Antragsschrift des Generalbundesanwalts nicht vor.</p>\n            </dd>\n         </dl>\n         <dl class=\"RspDL\">\n            <dt/>\n            <dd>\n               <p/>\n            </dd>\n         </dl>\n         <dl class=\"RspDL\">\n            <dt>\n               <a name=\"rd_14\">14</a>\n            </dt>\n            <dd>\n               <p>Erg\u00e4nzend bemerkt der Senat: Soweit der Angeklagte den Mitangeklagten K.\u00a0als Hauptorganisator des Bet\u00e4ubungsmittelhandels belastet hat, handelt es sich um ein zul\u00e4ssiges Verteidigungsverhalten (Fischer, StGB, 57. Aufl., \u00a7 46 Rn. 53). Die Formulierung im angefochtenen Urteil, die Tat sei von der Polizei \u00fcberwacht worden, bezieht sich erkennbar auf das Geschehen nach der Entdeckung des Kokains durch die kroatischen Zollbeh\u00f6rden. Dass der Rauschgifttransport mit einem erheblichen Aufwand vorbereitet und der Tatplan nahezu perfekt umgesetzt wurde, hat das Landgericht gesehen, wie sich aus den Ausf\u00fchrungen ergibt, mit denen es einen minder schweren Fall verneint hat. Die behaupteten Angaben des Mitangeklagten K.\u00a0\u00fcber die zugesagte Abnahme einer gro\u00dfen Menge Kokain durch den Chef der Familie M.\u00a0aus Montenegro sind urteilsfremd und k\u00f6nnen auf die Sachr\u00fcge hin nicht ber\u00fccksichtigt werden.</p>\n            </dd>\n         </dl>\n         <dl class=\"RspDL\">\n            <dt/>\n            <dd>\n               <p/>\n            </dd>\n         </dl>\n         <dl class=\"RspDL\">\n            <dt>\n               <a name=\"rd_15\">15</a>\n            </dt>\n            <dd>\n               <p>Die von der Staatsanwalt vermisste Anordnung des Verfalls von Wertersatz (\u00a7 73 Abs. 1, \u00a7 73a StGB) kam schon deshalb nicht in Betracht, weil der Angeklagte nach den getroffenen Feststellungen aus der Tat, wegen der er verurteilt worden ist, weder Geld noch einen sonstigen Verm\u00f6gensvorteil erlangte.</p>\n            </dd>\n         </dl>\n         <dl class=\"RspDL\">\n            <dt/>\n            <dd>\n               <p/>\n            </dd>\n         </dl>\n         <dl class=\"RspDL\">\n            <dt>\n               <a name=\"rd_16\">16</a>\n            </dt>\n            <dd>\n               <p>\n                  <span style=\"text-decoration:underline\">B. Revision des Angeklagten</span>\n               </p>\n            </dd>\n         </dl>\n         <dl class=\"RspDL\">\n            <dt/>\n            <dd>\n               <p/>\n            </dd>\n         </dl>\n         <dl class=\"RspDL\">\n            <dt>\n               <a name=\"rd_17\">17</a>\n            </dt>\n            <dd>\n               <p>I. Die \u00dcberpr\u00fcfung des Urteils aufgrund der Revisionsrechtfertigung des Angeklagten hat zum Schuldspruch aus den Gr\u00fcnden der Antragsschrift des Generalbundesanwalts keinen Rechtsfehler zu seinem Nachteil ergeben. Erg\u00e4nzend bemerkt der Senat, dass die Aufkl\u00e4rungsr\u00fcge auch deswegen unzul\u00e4ssig ist, weil das von der Vernehmung des Zeugen\u00a0Sch.\u00a0erwartete Beweisergebnis lediglich pauschal mit \"legalen Gesch\u00e4ften\" bezeichnet wird, ohne diese zu benennen.</p>\n            </dd>\n         </dl>\n         <dl class=\"RspDL\">\n            <dt/>\n            <dd>\n               <p/>\n            </dd>\n         </dl>\n         <dl class=\"RspDL\">\n            <dt>\n               <a name=\"rd_18\">18</a>\n            </dt>\n            <dd>\n               <p>II. Das Rechtsmittel des Angeklagten hat zum Strafausspruch Erfolg, weil aus den oben dargestellten Gr\u00fcnden das Landgericht von einem zu gro\u00dfen Schuldumfang ausgegangen ist.</p>\n            </dd>\n         </dl>\n         <dl class=\"RspDL\">\n            <dt/>\n            <dd>\n               <p/>\n            </dd>\n         </dl>\n         <dl class=\"RspDL\">\n            <dt/>\n            <dd>\n               <p>Becker\u00a0\u00a0\u00a0\u00a0\u00a0\u00a0\u00a0\u00a0\u00a0\u00a0\u00a0\u00a0\u00a0\u00a0\u00a0\u00a0\u00a0\u00a0\u00a0\u00a0\u00a0\u00a0\u00a0\u00a0\u00a0\u00a0\u00a0\u00a0\u00a0\u00a0\u00a0\u00a0\u00a0\u00a0\u00a0\u00a0\u00a0Pfister\u00a0\u00a0\u00a0\u00a0\u00a0\u00a0\u00a0\u00a0\u00a0\u00a0\u00a0\u00a0\u00a0\u00a0\u00a0\u00a0\u00a0\u00a0\u00a0\u00a0\u00a0\u00a0\u00a0\u00a0\u00a0\u00a0\u00a0\u00a0\u00a0\u00a0\u00a0\u00a0\u00a0\u00a0\u00a0\u00a0von Lienen</p>\n            </dd>\n         </dl>\n         <dl class=\"RspDL\">\n            <dt/>\n            <dd>\n               <p>\u00a0\u00a0\u00a0\u00a0\u00a0\u00a0\u00a0\u00a0\u00a0\u00a0\u00a0\u00a0\u00a0\u00a0\u00a0\u00a0\u00a0\u00a0\u00a0\u00a0\u00a0\u00a0\u00a0Hubert\u00a0\u00a0\u00a0\u00a0\u00a0\u00a0\u00a0\u00a0\u00a0\u00a0\u00a0\u00a0\u00a0\u00a0\u00a0\u00a0\u00a0\u00a0\u00a0\u00a0\u00a0\u00a0\u00a0\u00a0\u00a0\u00a0\u00a0\u00a0\u00a0\u00a0\u00a0\u00a0\u00a0\u00a0\u00a0\u00a0Sch\u00e4fer</p>\n            </dd>\n         </dl>\n         <dl class=\"RspDL\">\n            <dt/>\n            <dd>\n               <p/>\n            </dd>\n         </dl>\n      </div>\n   ", "accessRights": "public", "gerort": "", "entschDatum": "20101028", "coverage": "Deutschland", "titel": "\n      <dl class=\"RspDL\">\n         <dt/>\n         <dd>\n            <p>Revision im Strafverfahren: Beanstandung von Beweisw\u00fcrdigung und nicht erhobener Beweise durch die Staatsanwaltschaft ausschlie\u00dflich mit der Sachr\u00fcge</p>\n         </dd>\n      </dl>\n   ", "ecli": "", "identifier": "http://www.rechtsprechung-im-internet.de/jportal/?quelle=jlink&docid=JURE100076478&psml=bsjrsprod.psml&max=true", "spruchkoerper": "3. Strafsenat", "vorinstanz": "vorgehend LG Osnabr\u00fcck, 22. Februar 2010, Az: 10 KLs 720 Js 51533/06 - 15/09, Urteil\n   ", "doknr": "JURE100076478", "abweichendeMeinung": "", "tenor": "\n      <div>\n         <dl class=\"RspDL\">\n            <dt/>\n            <dd>\n               <p>1. Auf die Revision der Staatsanwaltschaft wird das Urteil des Landgerichts Osnabr\u00fcck vom 22. Februar 2010 mit den zugeh\u00f6rigen Feststellungen aufgehoben,</p>\n            </dd>\n         </dl>\n         <dl class=\"RspDL\">\n            <dt/>\n            <dd>\n               <p/>\n            </dd>\n         </dl>\n         <dl class=\"RspDL\">\n            <dt/>\n            <dd>\n               <p style=\"margin-left:36pt\">a) soweit der Angeklagte im Fall II. 7. der Urteilsgr\u00fcnde freigesprochen worden ist,</p>\n            </dd>\n         </dl>\n         <dl class=\"RspDL\">\n            <dt/>\n            <dd>\n               <p style=\"margin-left:36pt\"/>\n            </dd>\n         </dl>\n         <dl class=\"RspDL\">\n            <dt/>\n            <dd>\n               <p style=\"margin-left:36pt\">b) im Strafausspruch.</p>\n            </dd>\n         </dl>\n         <dl class=\"RspDL\">\n            <dt/>\n            <dd>\n               <p/>\n            </dd>\n         </dl>\n         <dl class=\"RspDL\">\n            <dt/>\n            <dd>\n               <p>Die weitergehende Revision wird verworfen.</p>\n            </dd>\n         </dl>\n         <dl class=\"RspDL\">\n            <dt/>\n            <dd>\n               <p/>\n            </dd>\n         </dl>\n         <dl class=\"RspDL\">\n            <dt/>\n            <dd>\n               <p>2. Auf die Revision des Angeklagten wird das vorbezeichnete Urteil mit den zugeh\u00f6rigen Feststellungen im Strafausspruch aufgehoben.</p>\n            </dd>\n         </dl>\n         <dl class=\"RspDL\">\n            <dt/>\n            <dd>\n               <p/>\n            </dd>\n         </dl>\n         <dl class=\"RspDL\">\n            <dt/>\n            <dd>\n               <p>Die weitergehende Revision wird verworfen.</p>\n            </dd>\n         </dl>\n         <dl class=\"RspDL\">\n            <dt/>\n            <dd>\n               <p/>\n            </dd>\n         </dl>\n         <dl class=\"RspDL\">\n            <dt/>\n            <dd>\n               <p>3. Im Umfang der Aufhebung wird die Sache zu neuer Verhandlung und Entscheidung, auch \u00fcber die Kosten der Rechtsmittel, an eine andere Strafkammer des Landgerichts zur\u00fcckverwiesen.</p>\n            </dd>\n         </dl>\n         <dl class=\"RspDL\">\n            <dt/>\n            <dd>\n               <p/>\n            </dd>\n         </dl>\n         <dl class=\"RspDL\">\n            <dt/>\n            <dd>\n               <p>Von Rechts wegen</p>\n            </dd>\n         </dl>\n         <dl class=\"RspDL\">\n            <dt/>\n            <dd>\n               <p/>\n            </dd>\n         </dl>\n      </div>\n   ", "regionAbk": "DEU"}