{"publisher": "BMJV", "tatbestand": "", "absaetze": [{"num": "1", "textProcessed": ["landgericht", "zugelass", "anklag", "legt", "staatsanwaltschaft", "angeklagt", "rechtsanwalt", "betrug", "neun", "sachlich", "zusammentreff", "fall", "sowi", "beihilf", "gewerbsmass", "untreu", "zwei", "sachlich", "zusammentreff", "fall", "last", "strafkamm", "angeklagt", "tatsach", "grund", "freigesproch", "urteil", "wendet", "staatsanwaltschaft", "revision", "sachrug", "begrundet", "generalbundesanwalt", "vertret", "rechtsmittel", "staatsanwaltschaft", "bleibt", "erfolg"], "text": "In der vom Landgericht zugelassenen Anklage legt die Staatsanwaltschaft dem Angeklagten, einem Rechtsanwalt, Betrug in neun sachlich zusammentreffenden F\u00e4llen sowie Beihilfe zur gewerbsm\u00e4\u00dfigen Untreue in zwei sachlich zusammentreffenden F\u00e4llen zur Last. Die Strafkammer hat den Angeklagten \"aus tats\u00e4chlichen Gr\u00fcnden\" freigesprochen. Gegen dieses Urteil wendet sich die Staatsanwaltschaft mit der Revision, die sie mit der Sachr\u00fcge begr\u00fcndet. Das vom Generalbundesanwalt vertretene Rechtsmittel der Staatsanwaltschaft bleibt ohne Erfolg."}, {"num": "2", "textProcessed": ["allein", "beweiswurd", "landgericht", "wendend", "revision", "staatsanwaltschaft", "vermag", "durchgreif", "rechtsfehl", "aufzuzeig"], "text": "Die sich allein gegen die Beweisw\u00fcrdigung des Landgerichts wendende Revision der Staatsanwaltschaft vermag keine durchgreifenden Rechtsfehler aufzuzeigen."}, {"num": "3", "textProcessed": ["angeklagt", "vorgeworf", "word", "sei", "firmenanwalt", "zweier", "getrennt", "strafverfolgt", "kontrolliert", "firm", "firm", "daran", "beteiligt", "firm", "platt", "zuvor", "firm", "gross", "umfang", "bauteil", "insbesond", "mobilfunkgerat", "zubehor", "beschafft", "dabei", "bereit", "geplant", "seien", "spat", "weiterverkauft", "word", "jeweil", "kaufpreis", "lieferant", "bezahl", "dadurch", "seien", "lieferant", "schad", "hoh", "insgesamt", "entstand", "weiterhin", "sei", "angeklagt", "konkret", "daran", "beteiligt", "inhalt", "insgesamt", "sechzehn", "belad", "palett", "gemietet", "lagerraum", "koln", "zwischengelagert", "folg", "nah", "festgestellt", "weis", "verkauft", "wurd"], "text": "1. Dem Angeklagten war vorgeworfen worden, er sei als Firmenanwalt zweier von dem getrennt strafverfolgten E.\u00a0kontrollierter Firmen, der Firmen I.\u00a0und C., daran beteiligt gewesen, diese Firmen \"platt zu machen\" und zuvor f\u00fcr diese Firmen in gro\u00dfem Umfang Bauteile, insbesondere Mobilfunkger\u00e4te und -zubeh\u00f6r, beschafft zu haben. Wie dabei bereits geplant, seien diese Waren sp\u00e4ter weiterverkauft worden, ohne die jeweiligen Kaufpreise an die Lieferanten zu bezahlen. Dadurch seien den Lieferanten Sch\u00e4den in H\u00f6he von insgesamt 374.252,96 \u20ac entstanden. Weiterhin sei der Angeklagte konkret daran beteiligt gewesen, den Inhalt einer von insgesamt sechzehn mit diesen Waren beladenen Paletten in einem von ihm gemieteten Lagerraum in K\u00f6ln zwischengelagert zu haben, bis die Waren dann in der Folge auf nicht n\u00e4her festgestellte Weise verkauft wurden."}, {"num": "4", "textProcessed": ["landgericht", "beweisaufnahm", "festgestellt", "dass", "angeklagt", "firmenanwalt", "verkauf", "beid", "firm", "beteiligt", "notariell", "verkaufstermin", "teilnahm", "vermocht", "allerding", "davon", "uberzeug", "dass", "angeklagt", "zuvor", "gegenub", "ehemal", "mitangeklagt", "geaussert", "gut", "bestimmt", "stuckzahl", "bestimmt", "art", "bestellt", "landgericht", "demgegenub", "festgestellt", "dass", "ehemal", "mitangeklagt", "kanzlei", "angeklagt", "juli", "copyshop", "stuttgart", "artikellist", "verschied", "gesamtmeng", "jeweil", "einkaufspreis", "jeweil", "ergeb", "gesamtpreis", "gefaxt", "word", "list", "kurzfrist", "erteilt", "folg", "bezahlt", "bestell", "enthielt", "wurd", "durchsuch", "kanzlei", "dreifach", "ausfert", "gefund", "wobei", "list", "zusatz", "handschrift", "preis", "notiert", "jeweil", "list", "verzeichnet", "einkaufspreis", "lag", "schliesslich", "stellt", "kamm", "fest", "dass", "angeklagt", "juni", "m\u00b2", "gross", "lagerraum", "firma", "koln", "angemietet", "lagerraum", "folg", "gelagert", "wer", "lagerraum", "zusammenhang", "betret", "konnt", "kamm", "insoweit", "nah", "verifizi", "angeklagt", "einraumt", "sei", "lagerraum", "anzuseh"], "text": "Das Landgericht hat nach seiner Beweisaufnahme festgestellt, dass der Angeklagte als Firmenanwalt an dem Verkauf der beiden Firmen beteiligt war, auch wenn er an dem notariellen Verkaufstermin nicht selbst teilnahm. Es vermochte sich allerdings nicht davon zu \u00fcberzeugen, dass der Angeklagte zuvor gegen\u00fcber der ehemals Mitangeklagten F.\u00a0ge\u00e4u\u00dfert haben soll, \"es w\u00e4re gut, wenn noch eine bestimmte St\u00fcckzahl einer bestimmten Art Ware bestellt w\u00fcrde\". Das Landgericht hat demgegen\u00fcber festgestellt, dass die ehemals Mitangeklagte F.\u00a0an die Kanzlei des Angeklagten am 3. Juli 2007 aus einem Copyshop in Stuttgart eine Artikelliste mit verschiedenen Waren, deren Gesamtmenge, dem jeweiligen Einkaufspreis und dem sich jeweils ergebenden Gesamtpreis gefaxt worden war. Diese Liste, welche unter anderem Waren aus den noch kurzfristig erteilten, in der Folge aber nicht bezahlten Bestellungen enthielt, wurde bei der Durchsuchung der Kanzlei in dreifacher Ausfertigung gefunden, wobei auf einer der Listen zus\u00e4tzlich handschriftliche Preise notiert waren, welche jeweils unter den auf der Liste verzeichneten Einkaufspreisen lagen. Schlie\u00dflich stellte die Kammer fest, dass der Angeklagte am 30. Juni 2007 einen 4 m\u00b2 gro\u00dfen Lagerraum bei der Firma S.\u00a0in K\u00f6ln angemietet hatte. Was in dem Lagerraum in der Folge gelagert war und wer diesen Lagerraum in diesem Zusammenhang betreten hatte, konnte die Kammer nur insoweit n\u00e4her verifizieren, als der Angeklagte einr\u00e4umte, er sei selbst einmal in dem Lagerraum gewesen, um diesen anzusehen."}, {"num": "5", "textProcessed": ["alled", "vermocht", "kamm", "wed", "uberzeug", "gewinn", "dass", "angeklagt", "betruger", "bestell", "mobilfunkwar", "spat", "verkauf", "beteiligt", "ubrig", "konnt", "strafbar", "handeln", "hinsicht", "angeklagt", "sachverhalt", "festgestellt"], "text": "2. Aus alledem vermochte die Kammer weder die \u00dcberzeugung zu gewinnen, dass der Angeklagte bei der betr\u00fcgerischen Bestellung der Mobilfunkwaren noch an deren sp\u00e4teren Verkauf beteiligt war. Auch im \u00dcbrigen konnte ein strafbares Handeln durch ihn hinsichtlich des angeklagten Sachverhalts nicht festgestellt werden."}, {"num": "6", "textProcessed": ["standig", "rechtsprech", "beweiswurd", "grundsatz", "sach", "tatricht", "bgh", "nstz", "njw", "dabei", "kommt", "darauf", "revisionsgericht", "angefall", "erkenntnis", "wurdigt", "zweifel", "taterschaft", "angeklagt", "uberwund", "hatt", "spricht", "tatgericht", "angeklagt", "frei", "zweifel", "taterschaft", "uberwind", "vermag", "revisionsgericht", "regelmass", "hinzunehm", "bgh", "nstz", "njw", "beckok", "stpo", "wiedn", "rdn", "revisionsgericht", "prufung", "darauf", "beschrank", "tatricht", "beweiswurd", "rechtsfehl", "unterlauf", "verschied", "be", "entlast", "indizi", "tatricht", "jeweil", "einzeln", "gewurdigt", "jedoch", "ausreich", "gesamtwurd", "vorgenomm", "moglicherweis", "mehr", "indiztatsach", "gesamt", "tatricht", "entsprech", "uberzeug", "vermitteln", "jeweil", "allein", "nachweis", "taterschaft", "angeklagt", "ausreich", "st", "rspr", "vgl", "bgh", "nstz", "nstz", "rr"], "text": "a) Nach st\u00e4ndiger Rechtsprechung ist die Beweisw\u00fcrdigung grunds\u00e4tzlich Sache des Tatrichters (BGH NStZ 1984, 180; NJW 2007, 92, 94). Dabei kommt es nicht darauf an, ob das Revisionsgericht angefallene Erkenntnisse anders w\u00fcrdigt oder Zweifel an der T\u00e4terschaft eines Angeklagten \u00fcberwunden h\u00e4tte. Spricht das Tatgericht einen Angeklagten frei, weil es Zweifel an seiner T\u00e4terschaft selbst nicht zu \u00fcberwinden vermag, so ist dies durch das Revisionsgericht regelm\u00e4\u00dfig hinzunehmen (BGH NStZ 1984, 180; NJW 2007, 92, 94; BeckOK-StPO/Wiedner \u00a7 337 Rdn. 87 f.). Die revisionsgerichtliche Pr\u00fcfung hat sich darauf zu beschr\u00e4nken, ob dem Tatrichter bei der Beweisw\u00fcrdigung Rechtsfehler unterlaufen sind oder bei verschiedenen be- und entlastenden Indizien der Tatrichter diese zwar jeweils im Einzelnen gew\u00fcrdigt, jedoch keine ausreichende Gesamtw\u00fcrdigung vorgenommen hat; denn m\u00f6glicherweise k\u00f6nnen mehrere Indiztatsachen in ihrer Gesamtheit dem Tatrichter die entsprechende \u00dcberzeugung vermitteln, selbst wenn diese jeweils f\u00fcr sich allein zum Nachweis der T\u00e4terschaft eines Angeklagten nicht ausreichen (st. Rspr., vgl. BGH NStZ 1983, 133 f.; NStZ-RR 2002, 371, 372)."}, {"num": "7", "textProcessed": ["daran", "fehlt", "vorlieg", "jedoch", "landgericht", "sowohl", "aufgefund", "beweismittel", "ebenso", "verschied", "aussag", "zeug", "einlass", "angeklagt", "tatvorwurf", "jeweil", "einzelfall", "gewurdigt", "jedoch", "anbetracht", "tatvorwurf", "festgestellt", "gesamtgescheh", "erford", "gesamtwurd", "ersicht", "rechtsfehl", "vorgenomm", "dass", "generalbundesanwalt", "antragsschrift", "mundlich", "revisionsvortrag", "dargelegt", "durchaus", "betracht", "ausgeschloss", "erscheint", "andert", "hieran"], "text": "Daran fehlt es vorliegend jedoch nicht. Das Landgericht hat sowohl die aufgefundenen Beweismittel, ebenso die verschiedenen Aussagen der Zeugen wie auch die Einlassung des Angeklagten zu den Tatvorw\u00fcrfen jeweils im Einzelfall gew\u00fcrdigt, jedoch auch in Anbetracht der Tatvorw\u00fcrfe und des festgestellten Gesamtgeschehens die erforderliche Gesamtw\u00fcrdigung ohne ersichtlichen Rechtsfehler vorgenommen. Dass, wie vom Generalbundesanwalt in seiner Antragsschrift und seinem m\u00fcndlichen Revisionsvortrag dargelegt, durchaus auch eine andere Betrachtung nicht ausgeschlossen erscheint, \u00e4ndert hieran nichts."}, {"num": "8", "textProcessed": ["allein", "umstand", "dass", "angeklagt", "firmenanwalt", "beid", "unternehm", "getrennt", "strafverfolgt", "zusammenhang", "spat", "verkauf", "firm", "involviert", "lasst", "landgericht", "zutreff", "dargestellt", "strafrecht", "verantwort", "herleit"], "text": "b) Allein aus dem Umstand, dass der Angeklagte Firmenanwalt beider Unternehmen des getrennt strafverfolgten E.\u00a0und in diesem Zusammenhang auch in die sp\u00e4teren Verk\u00e4ufe der Firmen involviert war, l\u00e4sst sich, wie das Landgericht zutreffend dargestellt hat, keine strafrechtliche Verantwortung herleiten."}, {"num": "9", "textProcessed": ["hinsicht", "behaupt", "ehemal", "mitangeklagt", "zusammenhang", "spat", "bestell", "angeklagt", "se", "telefon", "gesagt", "gut", "bestimmt", "stuckzahl", "bestimmt", "art", "bestellt", "strafkamm", "zunach", "festgestellt", "dass", "angeklagt", "bestell", "mitgewirkt", "ua", "tatricht", "ubrig", "diesbezug", "aussag", "mitangeklagt", "telefon", "ausser", "glaubhaft", "erachtet", "ua", "liegt", "zugrund", "dass", "ehemal", "mitangeklagt", "bereich", "verfahr", "zutreff", "angab", "gemacht", "getrennt", "strafverfolgt", "fruh", "liiert", "deck", "dass", "tatricht", "uberzeugungsbild", "aussag", "mitangeklagt", "sei", "insoweit", "falsch", "rechtsfehl", "oben", "dargestellt", "sinn", "unterlauf", "senat", "feststell"], "text": "c) Hinsichtlich der Behauptung der ehemals Mitangeklagten F., im Zusammenhang mit den sp\u00e4teren Bestellungen habe ihr der Angeklagte Se.\"telefonisch gesagt, es w\u00e4re gut, wenn noch eine bestimmte St\u00fcckzahl einer bestimmten Art Ware bestellt w\u00fcrde\", hat die Strafkammer zun\u00e4chst festgestellt, dass der Angeklagte an der Bestellung selbst nicht mitgewirkt hat (UA S. 53). Der Tatrichter hat aber auch im \u00dcbrigen die diesbez\u00fcgliche Aussage der Mitangeklagten \u00fcber die telefonische \u00c4u\u00dferung als nicht glaubhaft erachtet (UA S. 54). Dem liegt zugrunde, dass die ehemals Mitangeklagte auch in anderen Bereichen des Verfahrens nicht zutreffende Angaben gemacht hat, um den getrennt strafverfolgten E., mit dem sie fr\u00fcher liiert war, zu decken. Dass dem Tatrichter bei seiner \u00dcberzeugungsbildung, die Aussage der Mitangeklagten sei insoweit falsch, ein Rechtsfehler in dem oben dargestellten Sinne unterlaufen ist, kann der Senat nicht feststellen."}, {"num": "10", "textProcessed": ["beachtlich", "indiz", "weit", "umstand", "dass", "angeklagt", "zeitlich", "zusammenhang", "verschwind", "sechzehnt", "palett", "lagerraum", "koln", "angemietet", "gross", "genug", "inhalt", "palett", "aufzunehm", "allerding", "vermocht", "landgericht", "fragwurd", "einlass", "angeklagt", "lagerraum", "bitt", "schwag", "ce", "angemietet", "hierfur", "erford", "ec", "kreditkart", "besess", "widerlegt", "anseh", "daran", "andert", "umstand", "dass", "mitangeklagt", "angab", "juni", "abgeholt", "sechzehnt", "palett", "raststatt", "autobahn", "frankfurt", "koln", "gebracht", "ce", "schwag", "angeklagt", "ubergeb", "nachd", "ce", "zeugnisverweigerungsrecht", "auskunftsverweigerungsrecht", "gebrauch", "gemacht", "uberzeugungsbild", "landgericht", "insoweit", "revisionsrecht", "beanstand", "wonach", "angeklagt", "absatz", "jedenfall", "strafrecht", "verantwort", "weis", "verbind", "gebracht", "zumal", "wed", "festgestellt", "konnt", "dass", "uberhaupt", "jemal", "betreff", "lagerraum", "befund", "verkaufsaktivitat", "hilf", "angeklagt", "bekannt", "geword"], "text": "d) Ein sicherlich beachtliches Indiz ist der weitere Umstand, dass der Angeklagte in zeitlichem Zusammenhang mit dem Verschwinden der sechzehnten Palette einen Lagerraum in K\u00f6ln angemietet hat, welcher gro\u00df genug war, um den Inhalt dieser einen Palette aufzunehmen. Allerdings vermochte das Landgericht die sicherlich fragw\u00fcrdige Einlassung des Angeklagten, er habe den Lagerraum nicht f\u00fcr sich, sondern auf Bitte seines Schwagers Ce.\u00a0angemietet, der eine hierf\u00fcr erforderliche EC- oder Kreditkarte nicht besessen habe, nicht als widerlegt ansehen. Daran \u00e4nderte auch der Umstand nichts, dass die Mitangeklagte F.\u00a0weiter angab, die von ihr am 29. Juni 2007 abgeholten Waren der sechzehnten Palette habe sie zu einer Rastst\u00e4tte an der Autobahn Frankfurt/K\u00f6ln gebracht und dort an Ce., den Schwager des Angeklagten, \u00fcbergeben. Nachdem Ce.\u00a0von seinem Zeugnisverweigerungsrecht und Auskunftsverweigerungsrecht Gebrauch gemacht hat, ist die \u00dcberzeugungsbildung des Landgerichts auch insoweit revisionsrechtlich nicht zu beanstanden, wonach der Angeklagte mit dem Absatz dieser Waren jedenfalls nicht in strafrechtlich verantwortlicher Weise in Verbindung gebracht werden kann, zumal weder festgestellt werden konnte, dass diese Waren sich \u00fcberhaupt jemals in dem betreffenden Lagerraum befunden haben, noch sonst Verkaufsaktivit\u00e4ten oder -hilfen des Angeklagten bekannt geworden sind."}, {"num": "11", "textProcessed": ["danach", "vorlieg", "verfahr", "durchaus", "indizi", "vorhand", "imm", "geartet", "beteil", "angeklagt", "verfahrensrelevant", "vorgang", "ganzlich", "ausschliess", "lass", "dennoch", "strafkamm", "vorgenomm", "beweiswurd", "einzeln", "indizi", "nochmal", "vorgenomm", "gesamtwurd", "revisionsrecht", "beanstand", "insbesond", "berucksicht", "ausfuhr", "generalbundesanwalt", "uberzeugungsbild", "tatricht", "revisionsgericht", "wohl", "ebenfall", "hinzunehm"], "text": "3. Danach sind in dem vorliegenden Verfahren zwar durchaus Indizien vorhanden, welche eine wie auch immer geartete Beteiligung des Angeklagten an den verfahrensrelevanten Vorg\u00e4ngen nicht g\u00e4nzlich ausschlie\u00dfen lassen; dennoch ist die von der Strafkammer vorgenommene Beweisw\u00fcrdigung der einzelnen Indizien und die dann nochmals vorgenommene Gesamtw\u00fcrdigung revisionsrechtlich nicht zu beanstanden \u2013 auch wenn, insbesondere unter Ber\u00fccksichtigung der Ausf\u00fchrungen des Generalbundesanwalts eine andere \u00dcberzeugungsbildung des Tatrichters vom Revisionsgericht wohl ebenfalls hinzunehmen gewesen w\u00e4re."}], "norm": ["\u00a7 261 StPO", "\u00a7 27 StGB", "\u00a7 263 StGB", "\u00a7 267 StGB"], "doktyp": "Urteil", "regionLong": "Bundesrepublik Deutschland", "sonstlt": "", "gruendeProcessed": ["landgericht", "zugelass", "anklag", "legt", "staatsanwaltschaft", "angeklagt", "rechtsanwalt", "betrug", "neun", "sachlich", "zusammentreff", "fall", "sowi", "beihilf", "gewerbsmass", "untreu", "zwei", "sachlich", "zusammentreff", "fall", "last", "strafkamm", "angeklagt", "tatsach", "grund", "freigesproch", "urteil", "wendet", "staatsanwaltschaft", "revision", "sachrug", "begrundet", "generalbundesanwalt", "vertret", "rechtsmittel", "staatsanwaltschaft", "bleibt", "erfolg", "ii", "allein", "beweiswurd", "landgericht", "wendend", "revision", "staatsanwaltschaft", "vermag", "durchgreif", "rechtsfehl", "aufzuzeig", "angeklagt", "vorgeworf", "word", "sei", "firmenanwalt", "zweier", "getrennt", "strafverfolgt", "kontrolliert", "firm", "firm", "daran", "beteiligt", "firm", "platt", "zuvor", "firm", "gross", "umfang", "bauteil", "insbesond", "mobilfunkgerat", "zubehor", "beschafft", "dabei", "bereit", "geplant", "seien", "spat", "weiterverkauft", "word", "jeweil", "kaufpreis", "lieferant", "bezahl", "dadurch", "seien", "lieferant", "schad", "hoh", "insgesamt", "entstand", "weiterhin", "sei", "angeklagt", "konkret", "daran", "beteiligt", "inhalt", "insgesamt", "sechzehn", "belad", "palett", "gemietet", "lagerraum", "koln", "zwischengelagert", "folg", "nah", "festgestellt", "weis", "verkauft", "wurd", "landgericht", "beweisaufnahm", "festgestellt", "dass", "angeklagt", "firmenanwalt", "verkauf", "beid", "firm", "beteiligt", "notariell", "verkaufstermin", "teilnahm", "vermocht", "allerding", "davon", "uberzeug", "dass", "angeklagt", "zuvor", "gegenub", "ehemal", "mitangeklagt", "geaussert", "gut", "bestimmt", "stuckzahl", "bestimmt", "art", "bestellt", "landgericht", "demgegenub", "festgestellt", "dass", "ehemal", "mitangeklagt", "kanzlei", "angeklagt", "juli", "copyshop", "stuttgart", "artikellist", "verschied", "gesamtmeng", "jeweil", "einkaufspreis", "jeweil", "ergeb", "gesamtpreis", "gefaxt", "word", "list", "kurzfrist", "erteilt", "folg", "bezahlt", "bestell", "enthielt", "wurd", "durchsuch", "kanzlei", "dreifach", "ausfert", "gefund", "wobei", "list", "zusatz", "handschrift", "preis", "notiert", "jeweil", "list", "verzeichnet", "einkaufspreis", "lag", "schliesslich", "stellt", "kamm", "fest", "dass", "angeklagt", "juni", "m\u00b2", "gross", "lagerraum", "firma", "koln", "angemietet", "lagerraum", "folg", "gelagert", "wer", "lagerraum", "zusammenhang", "betret", "konnt", "kamm", "insoweit", "nah", "verifizi", "angeklagt", "einraumt", "sei", "lagerraum", "anzuseh", "alled", "vermocht", "kamm", "wed", "uberzeug", "gewinn", "dass", "angeklagt", "betruger", "bestell", "mobilfunkwar", "spat", "verkauf", "beteiligt", "ubrig", "konnt", "strafbar", "handeln", "hinsicht", "angeklagt", "sachverhalt", "festgestellt", "standig", "rechtsprech", "beweiswurd", "grundsatz", "sach", "tatricht", "bgh", "nstz", "njw", "dabei", "kommt", "darauf", "revisionsgericht", "angefall", "erkenntnis", "wurdigt", "zweifel", "taterschaft", "angeklagt", "uberwund", "hatt", "spricht", "tatgericht", "angeklagt", "frei", "zweifel", "taterschaft", "uberwind", "vermag", "revisionsgericht", "regelmass", "hinzunehm", "bgh", "nstz", "njw", "beckok", "stpo", "wiedn", "rdn", "revisionsgericht", "prufung", "darauf", "beschrank", "tatricht", "beweiswurd", "rechtsfehl", "unterlauf", "verschied", "be", "entlast", "indizi", "tatricht", "jeweil", "einzeln", "gewurdigt", "jedoch", "ausreich", "gesamtwurd", "vorgenomm", "moglicherweis", "mehr", "indiztatsach", "gesamt", "tatricht", "entsprech", "uberzeug", "vermitteln", "jeweil", "allein", "nachweis", "taterschaft", "angeklagt", "ausreich", "st", "rspr", "vgl", "bgh", "nstz", "nstz", "rr", "daran", "fehlt", "vorlieg", "jedoch", "landgericht", "sowohl", "aufgefund", "beweismittel", "ebenso", "verschied", "aussag", "zeug", "einlass", "angeklagt", "tatvorwurf", "jeweil", "einzelfall", "gewurdigt", "jedoch", "anbetracht", "tatvorwurf", "festgestellt", "gesamtgescheh", "erford", "gesamtwurd", "ersicht", "rechtsfehl", "vorgenomm", "dass", "generalbundesanwalt", "antragsschrift", "mundlich", "revisionsvortrag", "dargelegt", "durchaus", "betracht", "ausgeschloss", "erscheint", "andert", "hieran", "allein", "umstand", "dass", "angeklagt", "firmenanwalt", "beid", "unternehm", "getrennt", "strafverfolgt", "zusammenhang", "spat", "verkauf", "firm", "involviert", "lasst", "landgericht", "zutreff", "dargestellt", "strafrecht", "verantwort", "herleit", "hinsicht", "behaupt", "ehemal", "mitangeklagt", "zusammenhang", "spat", "bestell", "angeklagt", "se", "telefon", "gesagt", "gut", "bestimmt", "stuckzahl", "bestimmt", "art", "bestellt", "strafkamm", "zunach", "festgestellt", "dass", "angeklagt", "bestell", "mitgewirkt", "ua", "tatricht", "ubrig", "diesbezug", "aussag", "mitangeklagt", "telefon", "ausser", "glaubhaft", "erachtet", "ua", "liegt", "zugrund", "dass", "ehemal", "mitangeklagt", "bereich", "verfahr", "zutreff", "angab", "gemacht", "getrennt", "strafverfolgt", "fruh", "liiert", "deck", "dass", "tatricht", "uberzeugungsbild", "aussag", "mitangeklagt", "sei", "insoweit", "falsch", "rechtsfehl", "oben", "dargestellt", "sinn", "unterlauf", "senat", "feststell", "beachtlich", "indiz", "weit", "umstand", "dass", "angeklagt", "zeitlich", "zusammenhang", "verschwind", "sechzehnt", "palett", "lagerraum", "koln", "angemietet", "gross", "genug", "inhalt", "palett", "aufzunehm", "allerding", "vermocht", "landgericht", "fragwurd", "einlass", "angeklagt", "lagerraum", "bitt", "schwag", "ce", "angemietet", "hierfur", "erford", "ec", "kreditkart", "besess", "widerlegt", "anseh", "daran", "andert", "umstand", "dass", "mitangeklagt", "angab", "juni", "abgeholt", "sechzehnt", "palett", "raststatt", "autobahn", "frankfurt", "koln", "gebracht", "ce", "schwag", "angeklagt", "ubergeb", "nachd", "ce", "zeugnisverweigerungsrecht", "auskunftsverweigerungsrecht", "gebrauch", "gemacht", "uberzeugungsbild", "landgericht", "insoweit", "revisionsrecht", "beanstand", "wonach", "angeklagt", "absatz", "jedenfall", "strafrecht", "verantwort", "weis", "verbind", "gebracht", "zumal", "wed", "festgestellt", "konnt", "dass", "uberhaupt", "jemal", "betreff", "lagerraum", "befund", "verkaufsaktivitat", "hilf", "angeklagt", "bekannt", "geword", "danach", "vorlieg", "verfahr", "durchaus", "indizi", "vorhand", "imm", "geartet", "beteil", "angeklagt", "verfahrensrelevant", "vorgang", "ganzlich", "ausschliess", "lass", "dennoch", "strafkamm", "vorgenomm", "beweiswurd", "einzeln", "indizi", "nochmal", "vorgenomm", "gesamtwurd", "revisionsrecht", "beanstand", "insbesond", "berucksicht", "ausfuhr", "generalbundesanwalt", "uberzeugungsbild", "tatricht", "revisionsgericht", "wohl", "ebenfall", "hinzunehm", "nack", "elf", "graf", "jag", "sand"], "mitwirkung": "", "aktenzeichen": "1 StR 648/09", "language": "deutsch", "gertyp": "BGH", "leitsatz": "", "gruende": "\n      <div>\n         <dl class=\"RspDL\">\n            <dt/>\n            <dd>\n               <p>I.</p>\n            </dd>\n         </dl>\n         <dl class=\"RspDL\">\n            <dt/>\n            <dd>\n               <p/>\n            </dd>\n         </dl>\n         <dl class=\"RspDL\">\n            <dt>\n               <a name=\"rd_1\">1</a>\n            </dt>\n            <dd>\n               <p>In der vom Landgericht zugelassenen Anklage legt die Staatsanwaltschaft dem Angeklagten, einem Rechtsanwalt, Betrug in neun sachlich zusammentreffenden F\u00e4llen sowie Beihilfe zur gewerbsm\u00e4\u00dfigen Untreue in zwei sachlich zusammentreffenden F\u00e4llen zur Last. Die Strafkammer hat den Angeklagten \"aus tats\u00e4chlichen Gr\u00fcnden\" freigesprochen. Gegen dieses Urteil wendet sich die Staatsanwaltschaft mit der Revision, die sie mit der Sachr\u00fcge begr\u00fcndet. Das vom Generalbundesanwalt vertretene Rechtsmittel der Staatsanwaltschaft bleibt ohne Erfolg.</p>\n            </dd>\n         </dl>\n         <dl class=\"RspDL\">\n            <dt/>\n            <dd>\n               <p/>\n            </dd>\n         </dl>\n         <dl class=\"RspDL\">\n            <dt/>\n            <dd>\n               <p>II.</p>\n            </dd>\n         </dl>\n         <dl class=\"RspDL\">\n            <dt/>\n            <dd>\n               <p/>\n            </dd>\n         </dl>\n         <dl class=\"RspDL\">\n            <dt>\n               <a name=\"rd_2\">2</a>\n            </dt>\n            <dd>\n               <p>Die sich allein gegen die Beweisw\u00fcrdigung des Landgerichts wendende Revision der Staatsanwaltschaft vermag keine durchgreifenden Rechtsfehler aufzuzeigen.</p>\n            </dd>\n         </dl>\n         <dl class=\"RspDL\">\n            <dt/>\n            <dd>\n               <p/>\n            </dd>\n         </dl>\n         <dl class=\"RspDL\">\n            <dt>\n               <a name=\"rd_3\">3</a>\n            </dt>\n            <dd>\n               <p>1. Dem Angeklagten war vorgeworfen worden, er sei als Firmenanwalt zweier von dem getrennt strafverfolgten E.\u00a0kontrollierter Firmen, der Firmen I.\u00a0und C., daran beteiligt gewesen, diese Firmen \"platt zu machen\" und zuvor f\u00fcr diese Firmen in gro\u00dfem Umfang Bauteile, insbesondere Mobilfunkger\u00e4te und -zubeh\u00f6r, beschafft zu haben. Wie dabei bereits geplant, seien diese Waren sp\u00e4ter weiterverkauft worden, ohne die jeweiligen Kaufpreise an die Lieferanten zu bezahlen. Dadurch seien den Lieferanten Sch\u00e4den in H\u00f6he von insgesamt 374.252,96 \u20ac entstanden. Weiterhin sei der Angeklagte konkret daran beteiligt gewesen, den Inhalt einer von insgesamt sechzehn mit diesen Waren beladenen Paletten in einem von ihm gemieteten Lagerraum in K\u00f6ln zwischengelagert zu haben, bis die Waren dann in der Folge auf nicht n\u00e4her festgestellte Weise verkauft wurden.</p>\n            </dd>\n         </dl>\n         <dl class=\"RspDL\">\n            <dt/>\n            <dd>\n               <p/>\n            </dd>\n         </dl>\n         <dl class=\"RspDL\">\n            <dt>\n               <a name=\"rd_4\">4</a>\n            </dt>\n            <dd>\n               <p>Das Landgericht hat nach seiner Beweisaufnahme festgestellt, dass der Angeklagte als Firmenanwalt an dem Verkauf der beiden Firmen beteiligt war, auch wenn er an dem notariellen Verkaufstermin nicht selbst teilnahm. Es vermochte sich allerdings nicht davon zu \u00fcberzeugen, dass der Angeklagte zuvor gegen\u00fcber der ehemals Mitangeklagten F.\u00a0ge\u00e4u\u00dfert haben soll, \"es w\u00e4re gut, wenn noch eine bestimmte St\u00fcckzahl einer bestimmten Art Ware bestellt w\u00fcrde\". Das Landgericht hat demgegen\u00fcber festgestellt, dass die ehemals Mitangeklagte F.\u00a0an die Kanzlei des Angeklagten am 3. Juli 2007 aus einem Copyshop in Stuttgart eine Artikelliste mit verschiedenen Waren, deren Gesamtmenge, dem jeweiligen Einkaufspreis und dem sich jeweils ergebenden Gesamtpreis gefaxt worden war. Diese Liste, welche unter anderem Waren aus den noch kurzfristig erteilten, in der Folge aber nicht bezahlten Bestellungen enthielt, wurde bei der Durchsuchung der Kanzlei in dreifacher Ausfertigung gefunden, wobei auf einer der Listen zus\u00e4tzlich handschriftliche Preise notiert waren, welche jeweils unter den auf der Liste verzeichneten Einkaufspreisen lagen. Schlie\u00dflich stellte die Kammer fest, dass der Angeklagte am 30. Juni 2007 einen 4 m\u00b2 gro\u00dfen Lagerraum bei der Firma S.\u00a0in K\u00f6ln angemietet hatte. Was in dem Lagerraum in der Folge gelagert war und wer diesen Lagerraum in diesem Zusammenhang betreten hatte, konnte die Kammer nur insoweit n\u00e4her verifizieren, als der Angeklagte einr\u00e4umte, er sei selbst einmal in dem Lagerraum gewesen, um diesen anzusehen.</p>\n            </dd>\n         </dl>\n         <dl class=\"RspDL\">\n            <dt/>\n            <dd>\n               <p/>\n            </dd>\n         </dl>\n         <dl class=\"RspDL\">\n            <dt>\n               <a name=\"rd_5\">5</a>\n            </dt>\n            <dd>\n               <p>2. Aus alledem vermochte die Kammer weder die \u00dcberzeugung zu gewinnen, dass der Angeklagte bei der betr\u00fcgerischen Bestellung der Mobilfunkwaren noch an deren sp\u00e4teren Verkauf beteiligt war. Auch im \u00dcbrigen konnte ein strafbares Handeln durch ihn hinsichtlich des angeklagten Sachverhalts nicht festgestellt werden.</p>\n            </dd>\n         </dl>\n         <dl class=\"RspDL\">\n            <dt/>\n            <dd>\n               <p/>\n            </dd>\n         </dl>\n         <dl class=\"RspDL\">\n            <dt>\n               <a name=\"rd_6\">6</a>\n            </dt>\n            <dd>\n               <p>a) Nach st\u00e4ndiger Rechtsprechung ist die Beweisw\u00fcrdigung grunds\u00e4tzlich Sache des Tatrichters (BGH NStZ 1984, 180; NJW 2007, 92, 94). Dabei kommt es nicht darauf an, ob das Revisionsgericht angefallene Erkenntnisse anders w\u00fcrdigt oder Zweifel an der T\u00e4terschaft eines Angeklagten \u00fcberwunden h\u00e4tte. Spricht das Tatgericht einen Angeklagten frei, weil es Zweifel an seiner T\u00e4terschaft selbst nicht zu \u00fcberwinden vermag, so ist dies durch das Revisionsgericht regelm\u00e4\u00dfig hinzunehmen (BGH NStZ 1984, 180; NJW 2007, 92, 94; BeckOK-StPO/Wiedner \u00a7 337 Rdn. 87 f.). Die revisionsgerichtliche Pr\u00fcfung hat sich darauf zu beschr\u00e4nken, ob dem Tatrichter bei der Beweisw\u00fcrdigung Rechtsfehler unterlaufen sind oder bei verschiedenen be- und entlastenden Indizien der Tatrichter diese zwar jeweils im Einzelnen gew\u00fcrdigt, jedoch keine ausreichende Gesamtw\u00fcrdigung vorgenommen hat; denn m\u00f6glicherweise k\u00f6nnen mehrere Indiztatsachen in ihrer Gesamtheit dem Tatrichter die entsprechende \u00dcberzeugung vermitteln, selbst wenn diese jeweils f\u00fcr sich allein zum Nachweis der T\u00e4terschaft eines Angeklagten nicht ausreichen (st. Rspr., vgl. BGH NStZ 1983, 133 f.; NStZ-RR 2002, 371, 372).</p>\n            </dd>\n         </dl>\n         <dl class=\"RspDL\">\n            <dt/>\n            <dd>\n               <p/>\n            </dd>\n         </dl>\n         <dl class=\"RspDL\">\n            <dt>\n               <a name=\"rd_7\">7</a>\n            </dt>\n            <dd>\n               <p>Daran fehlt es vorliegend jedoch nicht. Das Landgericht hat sowohl die aufgefundenen Beweismittel, ebenso die verschiedenen Aussagen der Zeugen wie auch die Einlassung des Angeklagten zu den Tatvorw\u00fcrfen jeweils im Einzelfall gew\u00fcrdigt, jedoch auch in Anbetracht der Tatvorw\u00fcrfe und des festgestellten Gesamtgeschehens die erforderliche Gesamtw\u00fcrdigung ohne ersichtlichen Rechtsfehler vorgenommen. Dass, wie vom Generalbundesanwalt in seiner Antragsschrift und seinem m\u00fcndlichen Revisionsvortrag dargelegt, durchaus auch eine andere Betrachtung nicht ausgeschlossen erscheint, \u00e4ndert hieran nichts.</p>\n            </dd>\n         </dl>\n         <dl class=\"RspDL\">\n            <dt/>\n            <dd>\n               <p/>\n            </dd>\n         </dl>\n         <dl class=\"RspDL\">\n            <dt>\n               <a name=\"rd_8\">8</a>\n            </dt>\n            <dd>\n               <p>b) Allein aus dem Umstand, dass der Angeklagte Firmenanwalt beider Unternehmen des getrennt strafverfolgten E.\u00a0und in diesem Zusammenhang auch in die sp\u00e4teren Verk\u00e4ufe der Firmen involviert war, l\u00e4sst sich, wie das Landgericht zutreffend dargestellt hat, keine strafrechtliche Verantwortung herleiten.</p>\n            </dd>\n         </dl>\n         <dl class=\"RspDL\">\n            <dt/>\n            <dd>\n               <p/>\n            </dd>\n         </dl>\n         <dl class=\"RspDL\">\n            <dt>\n               <a name=\"rd_9\">9</a>\n            </dt>\n            <dd>\n               <p>c) Hinsichtlich der Behauptung der ehemals Mitangeklagten F., im Zusammenhang mit den sp\u00e4teren Bestellungen habe ihr der Angeklagte Se.\"telefonisch gesagt, es w\u00e4re gut, wenn noch eine bestimmte St\u00fcckzahl einer bestimmten Art Ware bestellt w\u00fcrde\", hat die Strafkammer zun\u00e4chst festgestellt, dass der Angeklagte an der Bestellung selbst nicht mitgewirkt hat (UA S. 53). Der Tatrichter hat aber auch im \u00dcbrigen die diesbez\u00fcgliche Aussage der Mitangeklagten \u00fcber die telefonische \u00c4u\u00dferung als nicht glaubhaft erachtet (UA S. 54). Dem liegt zugrunde, dass die ehemals Mitangeklagte auch in anderen Bereichen des Verfahrens nicht zutreffende Angaben gemacht hat, um den getrennt strafverfolgten E., mit dem sie fr\u00fcher liiert war, zu decken. Dass dem Tatrichter bei seiner \u00dcberzeugungsbildung, die Aussage der Mitangeklagten sei insoweit falsch, ein Rechtsfehler in dem oben dargestellten Sinne unterlaufen ist, kann der Senat nicht feststellen.</p>\n            </dd>\n         </dl>\n         <dl class=\"RspDL\">\n            <dt/>\n            <dd>\n               <p/>\n            </dd>\n         </dl>\n         <dl class=\"RspDL\">\n            <dt>\n               <a name=\"rd_10\">10</a>\n            </dt>\n            <dd>\n               <p>d) Ein sicherlich beachtliches Indiz ist der weitere Umstand, dass der Angeklagte in zeitlichem Zusammenhang mit dem Verschwinden der sechzehnten Palette einen Lagerraum in K\u00f6ln angemietet hat, welcher gro\u00df genug war, um den Inhalt dieser einen Palette aufzunehmen. Allerdings vermochte das Landgericht die sicherlich fragw\u00fcrdige Einlassung des Angeklagten, er habe den Lagerraum nicht f\u00fcr sich, sondern auf Bitte seines Schwagers Ce.\u00a0angemietet, der eine hierf\u00fcr erforderliche EC- oder Kreditkarte nicht besessen habe, nicht als widerlegt ansehen. Daran \u00e4nderte auch der Umstand nichts, dass die Mitangeklagte F.\u00a0weiter angab, die von ihr am 29. Juni 2007 abgeholten Waren der sechzehnten Palette habe sie zu einer Rastst\u00e4tte an der Autobahn Frankfurt/K\u00f6ln gebracht und dort an Ce., den Schwager des Angeklagten, \u00fcbergeben. Nachdem Ce.\u00a0von seinem Zeugnisverweigerungsrecht und Auskunftsverweigerungsrecht Gebrauch gemacht hat, ist die \u00dcberzeugungsbildung des Landgerichts auch insoweit revisionsrechtlich nicht zu beanstanden, wonach der Angeklagte mit dem Absatz dieser Waren jedenfalls nicht in strafrechtlich verantwortlicher Weise in Verbindung gebracht werden kann, zumal weder festgestellt werden konnte, dass diese Waren sich \u00fcberhaupt jemals in dem betreffenden Lagerraum befunden haben, noch sonst Verkaufsaktivit\u00e4ten oder -hilfen des Angeklagten bekannt geworden sind.</p>\n            </dd>\n         </dl>\n         <dl class=\"RspDL\">\n            <dt/>\n            <dd>\n               <p/>\n            </dd>\n         </dl>\n         <dl class=\"RspDL\">\n            <dt>\n               <a name=\"rd_11\">11</a>\n            </dt>\n            <dd>\n               <p>3. Danach sind in dem vorliegenden Verfahren zwar durchaus Indizien vorhanden, welche eine wie auch immer geartete Beteiligung des Angeklagten an den verfahrensrelevanten Vorg\u00e4ngen nicht g\u00e4nzlich ausschlie\u00dfen lassen; dennoch ist die von der Strafkammer vorgenommene Beweisw\u00fcrdigung der einzelnen Indizien und die dann nochmals vorgenommene Gesamtw\u00fcrdigung revisionsrechtlich nicht zu beanstanden \u2013 auch wenn, insbesondere unter Ber\u00fccksichtigung der Ausf\u00fchrungen des Generalbundesanwalts eine andere \u00dcberzeugungsbildung des Tatrichters vom Revisionsgericht wohl ebenfalls hinzunehmen gewesen w\u00e4re.</p>\n            </dd>\n         </dl>\n         <dl class=\"RspDL\">\n            <dt/>\n            <dd>\n               <p/>\n            </dd>\n         </dl>\n         <dl class=\"RspDL\">\n            <dt/>\n            <dd>\n               <p>Nack\u00a0\u00a0\u00a0\u00a0\u00a0\u00a0\u00a0\u00a0\u00a0\u00a0\u00a0\u00a0\u00a0\u00a0\u00a0\u00a0\u00a0\u00a0\u00a0\u00a0\u00a0\u00a0\u00a0\u00a0\u00a0\u00a0\u00a0\u00a0\u00a0\u00a0\u00a0\u00a0Elf\u00a0\u00a0\u00a0\u00a0\u00a0\u00a0\u00a0\u00a0\u00a0\u00a0\u00a0\u00a0\u00a0\u00a0\u00a0\u00a0\u00a0\u00a0\u00a0\u00a0\u00a0\u00a0\u00a0\u00a0\u00a0\u00a0\u00a0\u00a0\u00a0\u00a0\u00a0\u00a0\u00a0\u00a0Graf</p>\n            </dd>\n         </dl>\n         <dl class=\"RspDL\">\n            <dt/>\n            <dd>\n               <p>\u00a0\u00a0\u00a0\u00a0\u00a0\u00a0\u00a0\u00a0\u00a0\u00a0\u00a0\u00a0\u00a0\u00a0\u00a0\u00a0\u00a0\u00a0\u00a0J\u00e4ger\u00a0\u00a0\u00a0\u00a0\u00a0\u00a0\u00a0\u00a0\u00a0\u00a0\u00a0\u00a0\u00a0\u00a0\u00a0\u00a0\u00a0\u00a0\u00a0\u00a0\u00a0\u00a0\u00a0\u00a0\u00a0\u00a0\u00a0\u00a0\u00a0\u00a0\u00a0Sander</p>\n            </dd>\n         </dl>\n         <dl class=\"RspDL\">\n            <dt/>\n            <dd>\n               <p/>\n            </dd>\n         </dl>\n      </div>\n   ", "accessRights": "public", "gerort": "", "entschDatum": "20100413", "coverage": "Deutschland", "titel": "\n      <dl class=\"RspDL\">\n         <dt/>\n         <dd>\n            <p>Strafverfahren wegen Betruges: Revisionsgerichtliche Nachpr\u00fcfung eines Freispruchs</p>\n         </dd>\n      </dl>\n   ", "ecli": "", "identifier": "http://www.rechtsprechung-im-internet.de/jportal/?quelle=jlink&docid=JURE100061973&psml=bsjrsprod.psml&max=true", "spruchkoerper": "1. Strafsenat", "vorinstanz": "vorgehend LG M\u00fcnchen I, 8. Mai 2009, Az: 8 KLs 237 Js 219134/07 - Ss 610/09, Urteil\n   ", "doknr": "JURE100061973", "abweichendeMeinung": "", "tenor": "\n      <div>\n         <dl class=\"RspDL\">\n            <dt/>\n            <dd>\n               <p>Die Revision der Staatsanwaltschaft gegen das Urteil des Landgerichts M\u00fcnchen I vom 8. Mai 2009 wird verworfen.</p>\n            </dd>\n         </dl>\n         <dl class=\"RspDL\">\n            <dt/>\n            <dd>\n               <p/>\n            </dd>\n         </dl>\n         <dl class=\"RspDL\">\n            <dt/>\n            <dd>\n               <p>Die Kosten des Rechtsmittels und die dem Angeklagten hierdurch entstandenen notwendigen Auslagen hat die Staatskasse zu tragen.</p>\n            </dd>\n         </dl>\n         <dl class=\"RspDL\">\n            <dt/>\n            <dd>\n               <p/>\n            </dd>\n         </dl>\n         <dl class=\"RspDL\">\n            <dt/>\n            <dd>\n               <p>Von Rechts wegen</p>\n            </dd>\n         </dl>\n         <dl class=\"RspDL\">\n            <dt/>\n            <dd>\n               <p/>\n            </dd>\n         </dl>\n      </div>\n   ", "regionAbk": "DEU"}