{"publisher": "BMJV", "tatbestand": "", "absaetze": [{"num": "1", "textProcessed": ["landgericht", "angeklagt", "handeltreib", "betaubungsmitteln", "gering", "meng", "freiheitsstraf", "vier", "jahr", "verurteilt", "hiergeg", "richtet", "revision", "angeklagt", "verfahrensrug", "erfolg"], "text": "Das Landgericht hat den Angeklagten wegen Handeltreibens mit Bet\u00e4ubungsmitteln in nicht geringer Menge zu einer Freiheitsstrafe von vier Jahren verurteilt. Hiergegen richtet sich die Revision des Angeklagten, die mit einer Verfahrensr\u00fcge Erfolg haben muss."}, {"num": "2", "textProcessed": ["hierzu", "generalbundesanwalt", "zutreff", "ausgefuhrt"], "text": "Hierzu hat der Generalbundesanwalt zutreffend ausgef\u00fchrt:"}], "norm": ["\u00a7 275 S 2 StPO", "\u00a7 275 S 1  StPO", "\u00a7 338 Nr 7 StPO"], "doktyp": "Beschluss", "regionLong": "Bundesrepublik Deutschland", "sonstlt": "", "gruendeProcessed": ["landgericht", "angeklagt", "handeltreib", "betaubungsmitteln", "gering", "meng", "freiheitsstraf", "vier", "jahr", "verurteilt", "hiergeg", "richtet", "revision", "angeklagt", "verfahrensrug", "erfolg", "hierzu", "generalbundesanwalt", "zutreff", "ausgefuhrt", "absolut", "revisionsgrund", "nr", "stpo", "gegeb", "urteil", "innerhalb", "abs", "satz", "stpo", "bezeichnet", "frist", "vollstand", "akt", "gebracht", "word", "vollstand", "schriftlich", "urteil", "liegt", "erst", "samtlich", "beteiligt", "berufsricht", "inhalt", "gebilligt", "unterschrift", "bestatigt", "bghst", "bghr", "stpo", "abs", "satz", "unterschrift", "vgl", "gollwitz", "lr", "aufl", "rdn", "vorsitz", "strafkamm", "urteil", "unterschrieb", "tragt", "ledig", "unterschrift", "beisitz", "richterin", "ua", "fehlend", "unterschrift", "innerhalb", "frist", "abs", "satz", "stpo", "nachgeholt", "wurd", "urteil", "fristgerecht", "akt", "gebracht", "word", "daran", "andert", "dass", "vorsitz", "innerhalb", "frist", "abs", "satz", "stpo", "ruckseit", "urteil", "bl", "ausfert", "urteil", "zustell", "verfahrensbeteiligt", "angeordnet", "verfug", "unterschrieb", "abs", "satz", "stpo", "formuliert", "gebot", "dass", "urteil", "mitwirk", "berufsricht", "unterschreib", "lasst", "dass", "urteilstext", "abschliess", "unterschrift", "stell", "akt", "befind", "unterschrift", "mitwirk", "richt", "ersetzt", "vgl", "olg", "dusseldorf", "nste", "nr", "stpo", "vgl", "unterschrieb", "eroffnungsbeschluss", "olg", "hamm", "stv", "olg", "frankfurt", "stv", "zustellverfug", "gesetzt", "unterschrift", "ubernimmt", "richterin", "zweifelsfrei", "verantwort", "inhalt", "akt", "befind", "vorgeseh", "stell", "unterschrieb", "urteil", "sost", "scheibl", "pfist", "hubert", "schaf", "may"], "mitwirkung": "", "aktenzeichen": "3 StR 30/10", "language": "deutsch", "gertyp": "BGH", "leitsatz": "", "gruende": "\n      <div>\n         <dl class=\"RspDL\">\n            <dt>\n               <a name=\"rd_1\">1</a>\n            </dt>\n            <dd>\n               <p>Das Landgericht hat den Angeklagten wegen Handeltreibens mit Bet\u00e4ubungsmitteln in nicht geringer Menge zu einer Freiheitsstrafe von vier Jahren verurteilt. Hiergegen richtet sich die Revision des Angeklagten, die mit einer Verfahrensr\u00fcge Erfolg haben muss.</p>\n            </dd>\n         </dl>\n         <dl class=\"RspDL\">\n            <dt/>\n            <dd>\n               <p/>\n            </dd>\n         </dl>\n         <dl class=\"RspDL\">\n            <dt>\n               <a name=\"rd_2\">2</a>\n            </dt>\n            <dd>\n               <p>Hierzu hat der Generalbundesanwalt zutreffend ausgef\u00fchrt:</p>\n            </dd>\n         </dl>\n         <dl class=\"RspDL\">\n            <dt/>\n            <dd>\n               <p/>\n            </dd>\n         </dl>\n         <dl class=\"RspDL\">\n            <dt/>\n            <dd>\n               <p style=\"margin-left:36pt\">\"Der absolute Revisionsgrund des \u00a7 338 Nr. 7 StPO ist gegeben, weil das Urteil innerhalb der in \u00a7 275 Abs. 1 Satz 2 StPO bezeichneten Frist nicht vollst\u00e4ndig zu den Akten gebracht worden ist. Ein vollst\u00e4ndiges schriftliches Urteil liegt erst dann vor, wenn s\u00e4mtliche an ihm beteiligten Berufsrichter seinen Inhalt gebilligt und dies mit ihrer Unterschrift best\u00e4tigt haben (BGHSt 26, 247, 248; BGHR StPO \u00a7 275 Abs. 2 Satz 1 Unterschrift 5; vgl. Gollwitzer in LR 25. Aufl. \u00a7 275 Rdn. 36). Die Vorsitzende der Strafkammer hat das Urteil nicht unterschrieben, es tr\u00e4gt lediglich die Unterschrift der beisitzenden Richterin (UA S. 14). Da die fehlende Unterschrift auch nicht innerhalb der Frist des \u00a7 275 Abs. 1 Satz 2 StPO nachgeholt wurde, ist das Urteil nicht fristgerecht zur Akte gebracht worden.</p>\n            </dd>\n         </dl>\n         <dl class=\"RspDL\">\n            <dt/>\n            <dd>\n               <p/>\n            </dd>\n         </dl>\n         <dl class=\"RspDL\">\n            <dt/>\n            <dd>\n               <p style=\"margin-left:36pt\">Daran \u00e4ndert auch nichts, dass die Vorsitzende noch innerhalb der Frist des \u00a7 275 Abs. 1 Satz 2 StPO auf der R\u00fcckseite des Urteils (Bl. 258 R d. A.) die Ausfertigung des Urteils und dessen Zustellung an die Verfahrensbeteiligten angeordnet und diese Verf\u00fcgung unterschrieben hat. Das in \u00a7 275 Abs. 2 Satz 1 StPO formulierte Gebot, dass das Urteil von den mitwirkenden Berufsrichtern zu unterschreiben ist, l\u00e4sst es nicht zu, dass die den Urteilstext abschlie\u00dfende Unterschrift durch eine an anderer Stelle der Akte befindliche Unterschrift des mitwirkenden Richters ersetzt wird (vgl. OLG D\u00fcsseldorf NStE Nr. 1 zu \u00a7 275 StPO; vgl. f\u00fcr den nicht unterschriebenen Er\u00f6ffnungsbeschluss OLG Hamm StV 2001, 331; OLG Frankfurt StV 1992, 58 f.). Durch die unter die Zustellverf\u00fcgung gesetzte Unterschrift \u00fcbernimmt die Richterin nicht zweifelsfrei die Verantwortung f\u00fcr den Inhalt des in der Akte befindlichen, an der vorgesehenen Stelle aber nicht von ihr unterschriebenen Urteils.\"</p>\n            </dd>\n         </dl>\n         <dl class=\"RspDL\">\n            <dt/>\n            <dd>\n               <p/>\n            </dd>\n         </dl>\n         <dl class=\"RspDL\">\n            <dt/>\n            <dd>\n               <p>Sost-Scheible\u00a0\u00a0\u00a0\u00a0\u00a0\u00a0\u00a0\u00a0\u00a0\u00a0\u00a0\u00a0\u00a0\u00a0\u00a0\u00a0\u00a0\u00a0\u00a0\u00a0\u00a0\u00a0\u00a0\u00a0\u00a0\u00a0\u00a0\u00a0\u00a0\u00a0\u00a0\u00a0\u00a0\u00a0Pfister\u00a0\u00a0\u00a0\u00a0\u00a0\u00a0\u00a0\u00a0\u00a0\u00a0\u00a0\u00a0\u00a0\u00a0\u00a0\u00a0\u00a0\u00a0\u00a0\u00a0\u00a0\u00a0\u00a0\u00a0\u00a0\u00a0\u00a0\u00a0\u00a0\u00a0\u00a0\u00a0\u00a0Hubert</p>\n            </dd>\n         </dl>\n         <dl class=\"RspDL\">\n            <dt/>\n            <dd>\n               <p>\u00a0\u00a0\u00a0\u00a0\u00a0\u00a0\u00a0\u00a0\u00a0\u00a0\u00a0\u00a0\u00a0\u00a0\u00a0\u00a0\u00a0\u00a0\u00a0\u00a0\u00a0\u00a0\u00a0\u00a0\u00a0\u00a0\u00a0\u00a0\u00a0\u00a0Sch\u00e4fer\u00a0\u00a0\u00a0\u00a0\u00a0\u00a0\u00a0\u00a0\u00a0\u00a0\u00a0\u00a0\u00a0\u00a0\u00a0\u00a0\u00a0\u00a0\u00a0\u00a0\u00a0\u00a0\u00a0\u00a0\u00a0\u00a0\u00a0\u00a0\u00a0\u00a0\u00a0\u00a0\u00a0\u00a0Mayer</p>\n            </dd>\n         </dl>\n         <dl class=\"RspDL\">\n            <dt/>\n            <dd>\n               <p/>\n            </dd>\n         </dl>\n      </div>\n   ", "accessRights": "public", "gerort": "", "entschDatum": "20100401", "coverage": "Deutschland", "titel": "\n      <dl class=\"RspDL\">\n         <dt/>\n         <dd>\n            <p>Revision in Strafsachen: Absoluter Revisionsgrund fehlender richterlicher Unterzeichnung des Ersturteils</p>\n         </dd>\n      </dl>\n   ", "ecli": "", "identifier": "http://www.rechtsprechung-im-internet.de/jportal/?quelle=jlink&docid=JURE100061271&psml=bsjrsprod.psml&max=true", "spruchkoerper": "3. Strafsenat", "vorinstanz": "vorgehend LG D\u00fcsseldorf, 21. Oktober 2009, Az: 12 KLs 40/09 - 60 Js 2020/09, Urteil\n   ", "doknr": "JURE100061271", "abweichendeMeinung": "", "tenor": "\n      <div>\n         <dl class=\"RspDL\">\n            <dt/>\n            <dd>\n               <p>Auf die Revision des Angeklagten wird das Urteil des Landgerichts D\u00fcsseldorf vom 21. Oktober 2009 mit den Feststellungen aufgehoben.</p>\n            </dd>\n         </dl>\n         <dl class=\"RspDL\">\n            <dt/>\n            <dd>\n               <p/>\n            </dd>\n         </dl>\n         <dl class=\"RspDL\">\n            <dt/>\n            <dd>\n               <p>Die Sache wird zu neuer Verhandlung und Entscheidung, auch \u00fcber die Kosten des Rechtsmittels, an eine andere Strafkammer des Landgerichts zur\u00fcckverwiesen.</p>\n            </dd>\n         </dl>\n         <dl class=\"RspDL\">\n            <dt/>\n            <dd>\n               <p/>\n            </dd>\n         </dl>\n      </div>\n   ", "regionAbk": "DEU"}