{"publisher": "BMJV", "tatbestand": "", "absaetze": [{"num": "1", "textProcessed": ["landgericht", "angeklagt", "vorwurf", "korperverletz", "todesfolg", "amt", "nachteil", "sierra", "leon", "gebor", "tatsach", "grund", "freigesproch", "hiergeg", "gerichtet", "revision", "beanstand", "staatsanwaltschaft", "nebenklag", "verletz", "sachlich", "recht", "nebenklag", "beanstand", "fern", "verfahr", "rechtsmittel", "sachrug", "erfolg", "erorter", "verfahrensrug", "bedarf", "deshalb"], "text": "Das Landgericht hat den Angeklagten von dem Vorwurf der K\u00f6rperverletzung mit Todesfolge im Amt zum Nachteil des in Sierra-Leone geborenen O.\u00a0J.\u00a0aus tats\u00e4chlichen Gr\u00fcnden freigesprochen. Mit ihren hiergegen gerichteten Revisionen beanstanden die Staatsanwaltschaft und die Nebenkl\u00e4ger die Verletzung sachlichen Rechts. Die Nebenkl\u00e4ger beanstanden ferner das Verfahren. Die Rechtsmittel haben mit der Sachr\u00fcge Erfolg; einer Er\u00f6rterung der Verfahrensr\u00fcgen bedarf es deshalb nicht."}, {"num": "2", "textProcessed": ["unverandert", "hauptverhandl", "zugelass", "anklag", "angeklagt", "last", "gelegt", "gewahrsamsbereich", "polizeirevi", "verantwort", "dienstgruppenleit", "unterlass", "sofort", "erton", "alarmsignal", "gewahrsamszell", "nr", "installiert", "rauchmeld", "rettungsmassnahm", "zugun", "untergebracht", "einzuleit", "obwohl", "bewusst", "sei", "dass", "beim", "ansprech", "rauchmeld", "stet", "ausbruch", "feu", "auszugeh", "sei", "alarmsignal", "mehrfach", "abgestellt", "dabei", "moglich", "verletz", "zell", "hand", "fussfesseln", "lieg", "fixiert", "rauch", "feuereinwirk", "billig", "kauf", "genomm", "zwei", "minut", "sekund", "ausbruch", "feu", "rauchmeld", "lufteranlag", "gewahrsamszellentrakt", "alarm", "ausgelost", "angeklagt", "erst", "nachd", "kollegin", "energ", "aufgefordert", "word", "sei", "recht", "seh", "schlussel", "ergriff", "gewahrsamstrakt", "gemacht", "offn", "zellentur", "sei", "angeklagt", "hinzugekomm", "polizeibeamt", "mehr", "gelung", "leb", "rett", "spatest", "sech", "minut", "ausbruch", "feu", "folg", "hitzeschock", "verstorb", "sei", "pflichtgemass", "sofort", "reaktion", "erst", "akust", "alarm", "hatt", "angeklagt", "gewahrsamszell", "nr", "deutlich", "ablauf", "zwei", "minut", "ausbruch", "feu", "erreich", "feu", "hilf", "gewahrsamstrakt", "angebracht", "feuerlosch", "losch", "leb", "rett"], "text": "1. Die unver\u00e4ndert zur Hauptverhandlung zugelassene Anklage hatte dem Angeklagten zur Last gelegt, es als f\u00fcr den Gewahrsamsbereich des Polizeireviers D.\u00a0verantwortlicher Dienstgruppenleiter unterlassen zu haben, sofort nach dem Ert\u00f6nen des Alarmsignals des in der Gewahrsamszelle Nr. 5 installierten Rauchmelders Rettungsma\u00dfnahmen zugunsten des dort untergebrachten O.\u00a0J.\u00a0einzuleiten. Obwohl ihm bewusst gewesen sei, dass beim Ansprechen eines Rauchmelders stets vom Ausbruch eines Feuers auszugehen sei, habe er das Alarmsignal mehrfach abgestellt. Dabei habe er m\u00f6gliche Verletzungen des in der Zelle mit Hand- und Fu\u00dffesseln auf einer Liege fixierten O.\u00a0J.\u00a0durch Rauch- und Feuereinwirkung billigend in Kauf genommen. Zwei Minuten und 21 Sekunden nach Ausbruch des Feuers habe auch der Rauchmelder der L\u00fcfteranlage des Gewahrsamszellentraktes Alarm ausgel\u00f6st. Der Angeklagte habe erst, nachdem er von seiner Kollegin H.\u00a0energisch aufgefordert worden sei, nach dem Rechten zu sehen, die Schl\u00fcssel ergriffen und sich auf den Weg zum Gewahrsamstrakt gemacht. Nach dem \u00d6ffnen der Zellent\u00fcr sei es dem Angeklagten und anderen hinzugekommenen Polizeibeamten nicht mehr gelungen, das Leben O.\u00a0J.'s zu retten, der sp\u00e4testens sechs Minuten nach Ausbruch des Feuers an den Folgen eines Hitzeschocks verstorben sei. Bei pflichtgem\u00e4\u00dfer, sofortiger Reaktion auf den ersten akustischen Alarm h\u00e4tte der Angeklagte die Gewahrsamszelle Nr. 5 deutlich vor Ablauf von zwei Minuten nach Ausbruch des Feuers erreichen k\u00f6nnen, das Feuer mit Hilfe eines auf dem Weg zum Gewahrsamstrakt angebrachten Feuerl\u00f6schers l\u00f6schen und das Leben O.\u00a0J.'s retten k\u00f6nnen."}, {"num": "3", "textProcessed": ["landgericht", "hierzu", "wesent", "folgend", "feststell", "getroff"], "text": "2. Das Landgericht hat hierzu im Wesentlichen folgende Feststellungen getroffen:"}, {"num": "4", "textProcessed": ["fruh", "morg", "januar", "wurd", "stark", "angetrunk", "zustand", "frau", "belastigt", "polizeirevi", "gebracht", "arztraum", "gewahrsamstrakt", "wurd", "fussfesseln", "angelegt", "nachd", "fuss", "polizeibeamt", "getret", "mehrfach", "versucht", "verletz", "kopf", "zuzufug", "wurd", "herbeigeruf", "arzt", "uhr", "blutprob", "entnomm", "spat", "untersuch", "blutalkoholkonzentration", "ergab", "arzt", "erklart", "gewahrsamstaug", "empfahl", "fixier", "verhind", "dass", "schadigt", "uhr", "wurd", "gewahrsamszell", "nr", "gefli", "beheizt", "liegeflach", "matratz", "lag", "hierfur", "vorgeseh", "vier", "halter", "fixiert", "trotz", "fixier", "blieb", "gewiss", "beweg", "extremitat", "kopf", "korp", "erhalt", "folgezeit", "wurd", "gewahrsamszell", "viermal", "kontrolliert", "letzt", "kontroll", "fuhrt", "uhr", "zeugin", "weit", "polizeibeamt"], "text": "Am fr\u00fchen Morgen des 7. Januar 2005 wurde O.\u00a0J., der in stark angetrunkenem Zustand Frauen bel\u00e4stigt hatte, auf das Polizeirevier D.\u00a0gebracht. Im Arztraum des Gewahrsamstrakts wurden ihm Fu\u00dffesseln angelegt, nachdem er mit F\u00fc\u00dfen nach den Polizeibeamten getreten und mehrfach versucht hatte, sich Verletzungen am Kopf zuzuf\u00fcgen. Ihm wurde von einem herbeigerufenen Arzt um 9.15 Uhr eine Blutprobe entnommen, deren sp\u00e4tere Untersuchung eine Blutalkoholkonzentration von 2,98 \u2030 ergab. Der Arzt erkl\u00e4rte O.\u00a0J.\u00a0f\u00fcr gewahrsamstauglich und empfahl dessen Fixierung, um zu verhindern, dass er sich selbst sch\u00e4digt. Gegen 9.30 Uhr wurde O.\u00a0J.\u00a0in der Gewahrsamszelle Nr. 5 auf einer gefliesten und beheizten Liegefl\u00e4che, auf der eine Matratze lag, an den hierf\u00fcr vorgesehenen vier Halterungen fixiert. Trotz der Fixierung blieb eine gewisse Beweglichkeit seiner Extremit\u00e4ten, seines Kopfes und des K\u00f6rpers erhalten. In der Folgezeit wurde die Gewahrsamszelle viermal kontrolliert. Die letzte Kontrolle f\u00fchrten um 11.45 Uhr die Zeugin H.\u00a0und ein weiterer Polizeibeamter durch."}, {"num": "5", "textProcessed": ["danach", "gelang", "kunstlederbezug", "matratz", "offn", "fullung", "dienend", "schaumstoff", "pur", "weichschaum", "typ", "polyetherschaum", "einwegfeuerzeug", "entwed", "vorangegang", "durchsuch", "uberseh", "word", "gewahrsamszell", "gebracht", "word", "entzund", "entstand", "brennend", "schmelz", "temperatur", "nahbereich", "flamm", "betrug", "etwa", "grad", "celsius", "uhr", "sprang", "dienstgruppenleiterbereich", "warnsignal", "zell", "nr", "installiert", "ionisationsrauchmeld", "rauchmeld", "lost", "spat", "durchgefuhrt", "versuch", "ergeb", "alarm", "spatest", "sekund", "zundung", "angeklagt", "lief", "wenig", "schritt", "entfernt", "bedienungsvorricht", "rauchmeld", "wobei", "gedank", "fehlfunktion", "anlag", "vergang", "gegeb", "aussert", "schon", "ding", "druckt", "resettast", "warnton", "verstummt", "anschliess", "meldet", "angeklagt", "ausgelost", "alarm", "telefon", "vorgesetzt", "zeug", "bat", "gewahrsamstrakt", "geh", "angeklagt", "wenig", "schritt", "entfernt", "bereitlieg", "gewahrsamschlusselbund", "ergriff", "sprang", "warnton", "rauchmeld", "erneut", "angeklagt", "schaltet", "alarm", "dafur", "vorgeseh", "tast", "endgult", "rannt", "gedank", "fehlfunktion", "anlag", "feuchtigkeitsschad", "anlag", "richtung", "gewahrsamszell", "wenig", "schritt", "kehrt", "entnahm", "neb", "eingang", "dienstgruppenbereich", "hangend", "blechkast", "fussfesselschlussel", "anschliess", "rannt", "erneut", "los", "fordert", "gewahrsamszell", "kolleg", "gewahrsamsbereich", "folg", "beendet", "gefuhrt", "telefongesprach", "folgt", "angeklagt", "sogleich", "weitergelauf", "angeklagt", "tur", "gewahrsamszell", "nr", "erreicht", "trat", "seitlich", "spalt", "bereit", "qualm", "offn", "tur", "schlug", "angeklagt", "kolleg", "beissend", "schwarz", "qualm", "entgeg", "angeklagt", "rief", "kolleg", "dass", "hilf", "hol", "benachrichtigt", "weit", "kolleg", "versuch", "zuruckgeblieb", "kolleg", "feu", "mittel", "herbeigeholt", "deck", "erstick", "rettungsversuch", "hinzugekomm", "kolleg", "scheitert", "mehr", "genau", "feststellbar", "zeitpunkt", "innerhalb", "erst", "zwei", "minut", "ausbruch", "brand", "einatm", "etwa", "grad", "celsius", "heiss", "gas", "inhalationshitzeschock", "gestorb"], "text": "Danach gelang es O.\u00a0J., den Kunstlederbezug der Matratze zu \u00f6ffnen und den als F\u00fcllung dienenden Schaumstoff, einen PUR-Weichschaum vom Typ Polyetherschaum, mit einem Einwegfeuerzeug, das entweder bei der vorangegangenen Durchsuchung \u00fcbersehen worden war oder von ihm auf dem Weg in die Gewahrsamszelle an sich gebracht worden war, zu entz\u00fcnden. Es entstand eine brennende Schmelze. Die Temperatur im Nahbereich der Flammen betrug etwa 800 Grad Celsius. Gegen 12.00 Uhr sprang im Dienstgruppenleiterbereich das Warnsignal des in der Zelle Nr. 5 installierten Ionisationsrauchmelders an. Dieser Rauchmelder l\u00f6st, wie sp\u00e4ter durchgef\u00fchrte Versuche ergeben haben, den Alarm sp\u00e4testens 90 Sekunden nach der \u201eZ\u00fcndung\u201c aus. Der Angeklagte lief zu der nur wenige Schritte entfernten Bedienungsvorrichtung des Rauchmelders, wobei er mit den Gedanken an eine Fehlfunktion der Anlage, die es in der Vergangenheit gegeben hatte, \u00e4u\u00dferte: \"Nicht schon wieder das Ding!\". Er dr\u00fcckte die Resettaste und der Warnton verstummte. Anschlie\u00dfend meldete der Angeklagte den ausgel\u00f6sten Alarm telefonisch seinem Vorgesetzten, dem Zeugen K., und bat ihn, mit in den Gewahrsamstrakt zu gehen. Als der Angeklagte den nur wenige Schritte entfernt bereitliegenden Gewahrsamschl\u00fcsselbund ergriff, sprang der Warnton des Rauchmelders erneut an. Der Angeklagte schaltete den Alarm mit der daf\u00fcr vorgesehenen Taste endg\u00fcltig aus und rannte mit dem Gedanken an eine Fehlfunktion der Anlage oder auch an einen Feuchtigkeitsschaden in der Anlage in Richtung der Gewahrsamszellen. Nach wenigen Schritten kehrte er um und entnahm dem neben dem Eingang zum Dienstgruppenbereich h\u00e4ngenden Blechkasten den Fu\u00dffesselschl\u00fcssel. Anschlie\u00dfend rannte er erneut los und forderte auf dem Weg zu den Gewahrsamszellen einen Kollegen auf, ihm in den Gewahrsamsbereich zu folgen. Dieser beendete das von ihm gef\u00fchrte Telefongespr\u00e4ch und folgte dem Angeklagten, der sogleich weitergelaufen war. Als der Angeklagte die T\u00fcr der Gewahrsamszelle Nr. 5 erreichte, trat an deren seitlichen Spalten, bereits Qualm aus. Nach dem \u00d6ffnen der T\u00fcr schlug dem Angeklagten und seinem Kollegen bei\u00dfender schwarzer Qualm entgegen. Der Angeklagte rief seinem Kollegen zu, dass er Hilfe hole, und benachrichtigte weitere Kollegen. Der Versuch des zur\u00fcckgebliebenen Kollegen, das Feuer mittels einer herbeigeholten Decke zu ersticken, und die Rettungsversuche der hinzugekommenen Kollegen scheiterten. O.\u00a0J.\u00a0war zu einem nicht mehr genau feststellbaren Zeitpunkt innerhalb der ersten zwei Minuten nach Ausbruch des Brandes nach dem Einatmen der etwa 800 Grad Celsius hei\u00dfen Gase an einem Inhalationshitzeschock gestorben."}, {"num": "6", "textProcessed": ["landgericht", "angeklagt", "tatsach", "grund", "freigesproch", "soweit", "korperverletz", "todesfolg", "amt", "last", "gelegt", "word", "sei", "sei", "erwies", "dass", "zumind", "bedingt", "korperverletzungsvorsatz", "gehandelt", "angeklagt", "gerechnet", "dass", "korp", "schad", "erleid", "zud", "wed", "gewollt", "billig", "kauf", "genomm", "getroff", "feststell", "ergeb", "vielmehr", "dass", "angeklagt", "bemuht", "schnell", "gewahrsamsbereich", "gelang"], "text": "3. Das Landgericht hat den Angeklagten aus tats\u00e4chlichen Gr\u00fcnden freigesprochen. Soweit ihm eine K\u00f6rperverletzung mit Todesfolge im Amt zur Last gelegt worden sei, sei nicht erwiesen, dass er mit - zumindest bedingtem - K\u00f6rperverletzungsvorsatz gehandelt habe. Der Angeklagte habe nicht damit gerechnet, dass O.\u00a0J.\u00a0k\u00f6rperlichen Schaden erleiden w\u00fcrde. Zudem habe er dies weder gewollt noch billigend in Kauf genommen. Aus den getroffenen Feststellungen ergebe sich vielmehr, dass sich der Angeklagte bem\u00fcht habe, schnell in den Gewahrsamsbereich zu gelangen."}, {"num": "7", "textProcessed": ["strafbar", "fahrlass", "totung", "sei", "ebenfall", "gegeb", "festgestellt", "dass", "eingetret", "todeserfolg", "objektiv", "vermeidbar", "zutreff", "ausfuhr", "gerichtsmedizin", "sachverstand", "sprech", "gross", "wahrschein", "dafur", "dass", "bereit", "innerhalb", "zwei", "minut", "ausbruch", "feu", "verstorb", "sei", "angeklagt", "hatt", "zell", "erst", "mehr", "zwei", "minut", "erreich", "sogleich", "erton", "signal", "rauchmeld", "gewahrsamszell", "gelauf", "angeklagt", "ubrig", "anspring", "alarm", "pflichtwidr", "gehandelt"], "text": "Eine Strafbarkeit wegen fahrl\u00e4ssiger T\u00f6tung sei ebenfalls nicht gegeben. Es habe nicht festgestellt werden k\u00f6nnen, dass der eingetretene Todeserfolg objektiv vermeidbar gewesen w\u00e4re. Nach den zutreffenden Ausf\u00fchrungen der gerichtsmedizinischen Sachverst\u00e4ndigen spreche eine gr\u00f6\u00dfere Wahrscheinlichkeit daf\u00fcr, dass O.\u00a0J.\u00a0bereits innerhalb von zwei Minuten nach Ausbruch des Feuers verstorben sei. Der Angeklagte h\u00e4tte die Zelle aber auch dann erst nach mehr als zwei Minuten erreichen k\u00f6nnen, wenn er sogleich nach dem Ert\u00f6nen des Signals des Rauchmelders zu der Gewahrsamszelle gelaufen w\u00e4re. Der Angeklagte habe im \u00dcbrigen nach dem Anspringen des Alarms nicht pflichtwidrig gehandelt."}, {"num": "8", "textProcessed": ["freispruch", "angeklagt", "halt", "sachlich", "rechtlich", "nachpruf", "stand"], "text": "Der Freispruch des Angeklagten h\u00e4lt sachlich-rechtlicher Nachpr\u00fcfung nicht stand."}, {"num": "9", "textProcessed": ["spricht", "tatricht", "angeklagt", "frei", "zweifel", "taterschaft", "uberwind", "vermag", "revisionsgericht", "regel", "hinzunehm", "insoweit", "beurteil", "tatricht", "beweiswurd", "rechtsfehl", "unterlauf", "fall", "beweiswurd", "widerspruch", "unklar", "luckenhaft", "denkgesetz", "gesichert", "erfahrungssatz", "verstosst", "verurteil", "erford", "gewiss", "uberspannt", "anforder", "gestellt", "word", "st", "rspr", "vgl", "bgh", "urteil", "marz", "str", "nstz", "rr", "senat", "urteil", "juni", "str", "wistra", "jew", "urteil", "erkenn", "lass", "dass", "tatricht", "umstand", "geeignet", "entscheid", "gunst", "ungun", "angeklagt", "beeinfluss", "erkannt", "uberleg", "einbezog", "vgl", "bgh", "urteil", "august", "str", "bghr", "stpo", "beweiswurd", "grundsatz", "beweiswurd", "landgericht", "gerecht"], "text": "Spricht der Tatrichter einen Angeklagten frei, weil er Zweifel an dessen T\u00e4terschaft nicht zu \u00fcberwinden vermag, so ist dies durch das Revisionsgericht in der Regel hinzunehmen. Dieses hat insoweit nur zu beurteilen, ob dem Tatrichter bei der Beweisw\u00fcrdigung Rechtsfehler unterlaufen sind. Das ist dann der Fall, wenn die Beweisw\u00fcrdigung widerspr\u00fcchlich, unklar oder l\u00fcckenhaft ist, gegen Denkgesetze oder gesicherte Erfahrungss\u00e4tze verst\u00f6\u00dft oder wenn an die zur Verurteilung erforderliche Gewissheit \u00fcberspannte Anforderungen gestellt worden sind (st. Rspr.; vgl. nur BGH, Urteil vom 30. M\u00e4rz 2004 - 1 StR 354/03, NStZ-RR 2004, 238 f.; Senat, Urteil vom 24. Juni 2004 - 4 StR 15/04, wistra 2004, 432, jew. m. w. N.). Das Urteil muss erkennen lassen, dass der Tatrichter solche Umst\u00e4nde, die geeignet sind, die Entscheidung zu Gunsten oder zu Ungunsten des Angeklagten zu beeinflussen, erkannt und in seine \u00dcberlegungen einbezogen hat (vgl. BGH, Urteil vom 14. August 1996 - 3 StR 183/96, BGHR StPO \u00a7 261 Beweisw\u00fcrdigung 11). Diesen Grunds\u00e4tzen wird die Beweisw\u00fcrdigung des Landgerichts nicht gerecht."}, {"num": "10", "textProcessed": ["ansatz", "zutreff", "landgericht", "davon", "ausgegang", "dass", "pflichtwidr", "unterlass", "angeklagt", "konkret", "todeseintritt", "ursach", "geword", "tod", "konkret", "eingetret", "sofort", "sachgerecht", "eingreif", "angeklagt", "grenzend", "wahrschein", "verhindert", "word", "vgl", "senat", "beschluss", "juni", "str", "nstz", "rr", "landgericht", "rechtsfehlerfrei", "verneint", "vielmehr", "erweist", "annahm", "angeklagt", "sofort", "reaktion", "gewahrsamszell", "rechtzeit", "erreich", "zugrund", "liegend", "beweiswurd", "mehrfach", "hinsicht", "luckenhaft"], "text": "1. Im Ansatz zutreffend ist das Landgericht davon ausgegangen, dass ein (pflichtwidriges) Unterlassen des Angeklagten f\u00fcr den konkreten Todeseintritt nur dann urs\u00e4chlich geworden w\u00e4re, wenn der Tod O.\u00a0J.'s, so wie er konkret eingetreten ist, durch ein sofortiges und sachgerechtes Eingreifen des Angeklagten mit an Sicherheit grenzender Wahrscheinlichkeit verhindert worden w\u00e4re (vgl. Senat, Beschluss vom 13. Juni 2002 - 4 StR 51/02, NStZ-RR 2002, 303 m. N.). Das Landgericht hat dies aber nicht rechtsfehlerfrei verneint. Vielmehr erweist sich die der Annahme, der Angeklagte habe auch bei sofortiger Reaktion die Gewahrsamszelle nicht rechtzeitig erreichen k\u00f6nnen, zugrunde liegende Beweisw\u00fcrdigung in mehrfacher Hinsicht als l\u00fcckenhaft:"}, {"num": "11", "textProcessed": ["durchgreif", "bedenk", "begegnet", "insbesond", "annahm", "landgericht", "dass", "angeklagt", "erstmal", "alarmsignal", "notlag", "aufmerksam", "rettungsbemuh", "beginn", "konnt", "feststell", "wechselsprechanlag", "dienstgruppenleiterbereich", "gewahrsamszell", "verbund", "bereit", "letzt", "kontroll", "zell", "empfang", "geschaltet", "word", "angeklagt", "laut", "ruf", "telefonat", "gestort", "fuhlt", "anlag", "leis", "gestellt", "kurz", "zeit", "dass", "angeklagt", "einlass", "rumschrei", "hor", "gleichwohl", "schon", "alarmsignal", "aufgrund", "moglich", "akust", "wahrnehm", "insbesond", "schmerzensschrei", "fruh", "gescheh", "zell", "hatt", "aufmerksam", "anbahn", "gefahr", "hatt", "erkenn", "bisher", "urteilsausfuhr", "senat", "folgend", "grund", "nachvollziehbar"], "text": "a) Durchgreifenden Bedenken begegnet insbesondere die Annahme des Landgerichts, dass der Angeklagte erstmals durch das Alarmsignal auf die Notlage O.\u00a0J.'s aufmerksam werden und mit Rettungsbem\u00fchungen beginnen konnte. Nach den Feststellungen war die Wechselsprechanlage, durch die der Dienstgruppenleiterbereich mit der Gewahrsamszelle verbunden war, bereits vor der letzten Kontrolle der Zelle auf Empfang geschaltet worden. Zwar hatte der Angeklagte, der sich durch \u201edas laute Rufen\u201c O.\u00a0J.'s bei einem Telefonat gest\u00f6rt f\u00fchlte, die Anlage leiser gestellt, aber nur f\u00fcr kurze Zeit. Dass der Angeklagte, nach dessen Einlassung ein \u201eRumschreien\u201c zu h\u00f6ren war, gleichwohl nicht schon vor dem Alarmsignal aufgrund der ihm m\u00f6glichen akustischen Wahrnehmungen, insbesondere durch Schmerzensschreie, fr\u00fcher auf das Geschehen in der Zelle h\u00e4tte aufmerksam werden k\u00f6nnen und die sich anbahnende Gefahr h\u00e4tte erkennen m\u00fcssen, ist nach den bisherigen Urteilsausf\u00fchrungen f\u00fcr den Senat aus folgenden Gr\u00fcnden nicht nachvollziehbar:"}, {"num": "12", "textProcessed": ["insoweit", "revisionsrecht", "beanstand", "feststell", "einliefer", "unversehrt", "gesamtzusammenhang", "entnehm", "lasst", "schwer", "entflammbar", "kunstlederbezug", "geoffnet", "matratzenfull", "einweggasfeuerzeug", "angezundet", "feuerzeug", "fruh", "mitangeklagt", "durchsuch", "uberseh", "word", "beamt", "beim", "transport", "zell", "entwendet", "word", "landgericht", "aufgrund", "bekund", "zeug", "inaugenscheinnahm", "videoaufzeichn", "zeug", "durchgefuhrt", "rekonstruktion", "gefertigt", "wurd", "davon", "uberzeugt", "dass", "hand", "mittel", "handschell", "halter", "wand", "fixiert", "feuerzeug", "hos", "unterhos", "heraushol", "hand", "rand", "matratz", "befind", "naht", "fass", "konnt"], "text": "Nach den insoweit revisionsrechtlich nicht zu beanstandenden Feststellungen hat O.\u00a0J.\u00a0den bei seiner Einlieferung unversehrten und, wie sich dem Gesamtzusammenhang entnehmen l\u00e4sst, schwer entflammbaren Kunstlederbezug ge\u00f6ffnet und die Matratzenf\u00fcllung mit einem Einweggasfeuerzeug angez\u00fcndet. Dieses Feuerzeug kann von dem fr\u00fcheren Mitangeklagten M.\u00a0bei der Durchsuchung O.\u00a0J.'s \u00fcbersehen worden oder diesem Beamten von O.\u00a0J.\u00a0beim Transport in die Zelle entwendet worden sein. Das Landgericht hat sich aufgrund der Bekundungen des Zeugen F.\u00a0und durch Inaugenscheinnahme der Videoaufzeichnung, die bei der von diesem Zeugen durchgef\u00fchrten Rekonstruktion gefertigt wurde, davon \u00fcberzeugt, dass O.\u00a0J.\u00a0mit der Hand, die mittels einer Handschelle an der Halterung an der Wand fixiert war, das Feuerzeug aus seiner Hose oder Unterhose herausholen und mit dieser Hand an den Rand der Matratze und die dort befindliche Naht fassen konnte."}, {"num": "13", "textProcessed": ["ermittlungsverfahr", "durchgefuhrt", "rekonstruktion", "lag", "ersicht", "annahm", "zugrund", "dass", "naht", "matratz", "geoffnet", "schaumstoff", "anzund", "hiervon", "ging", "zunach", "landgericht", "aufgrund", "bekund", "zeug", "lauf", "hauptverhandl", "durchgefuhrt", "weit", "versuch", "inaugenscheinnahm", "hierbei", "aufgenomm", "film", "landgericht", "davon", "uberzeugt", "dass", "kunststofflederbezug", "aufgeriss", "wurd", "nachd", "mittel", "feuerzeug", "erhitzt", "geschaff", "offnung", "entzund", "schaumstoff", "unterschied", "zundung", "geoffnet", "naht", "hindurch", "zundung", "regelrecht", "freigelegt", "word", "dass", "schnell", "vollbrand", "entsteh", "konnt"], "text": "Dieser im Ermittlungsverfahren durchgef\u00fchrten Rekonstruktion lag ersichtlich die Annahme zugrunde, dass die Naht der Matratze ge\u00f6ffnet werden musste, um den Schaumstoff anz\u00fcnden zu k\u00f6nnen. Hiervon ging zun\u00e4chst auch das Landgericht aus. Aufgrund der Bekundungen des Zeugen F.\u00a0zu einem w\u00e4hrend des Laufs der Hauptverhandlung durchgef\u00fchrten weiteren Versuch und der Inaugenscheinnahme des hierbei aufgenommenen Films hat sich das Landgericht aber davon \u00fcberzeugt, dass der Kunststofflederbezug von O.\u00a0J.\u00a0aufgerissen wurde, nachdem dieser ihn mittels des Feuerzeugs erhitzt hatte. Bei einer so geschaffenen \u00d6ffnung w\u00e4re der zu entz\u00fcndende Schaumstoff, im Unterschied zu einer Z\u00fcndung durch die ge\u00f6ffnete Naht hindurch, vor der Z\u00fcndung regelrecht freigelegt worden, so dass schnell ein Vollbrand entstehen konnte."}, {"num": "14", "textProcessed": ["insoweit", "urteil", "jedoch", "luckenhaft", "enthalt", "wed", "hinreich", "darstell", "versuch", "verweist", "lichtbild", "lasst", "schon", "entnehm", "situation", "nachgestellt", "word", "brandleg", "befand", "bleibt", "off", "bewegungspielraum", "wand", "fixiert", "hand", "ausreicht", "matratzenbezug", "anzuschmor", "anzund", "schaumstoff", "erford", "umfang", "offn", "insbesond", "fehl", "angab", "moglich", "matratzenbezug", "erheb", "schmerzhaft", "verletz", "hand", "einwegfeuerzeug", "erhitz", "hiermit", "hatt", "landgericht", "schon", "deshalb", "auseinandersetz", "nah", "liegt", "dass", "mensch", "zell", "brand", "legt", "losung", "fesseln", "erreich", "fruhzeit", "ruf", "bemerkbar", "macht", "schmerzenslaut", "gibt", "beim", "leg", "brand", "verbrenn", "erleidet", "bereit", "anzund", "freigelegt", "schaumstoff", "ruf", "schmerzenslaut", "situation", "aufmerksam", "gemacht", "stellt", "frag", "rettungsmog", "neu", "hatt", "angeklagt", "bereit", "alarmsignal", "rauchmeld", "erkenn", "dass", "sofort", "eingreif", "abwend", "moglich", "gefahr", "leib", "leb", "gebot"], "text": "Insoweit ist das Urteil jedoch l\u00fcckenhaft. Es enth\u00e4lt weder eine hinreichende Darstellung dieses Versuchs, noch verweist es auf Lichtbilder. Ihm l\u00e4sst sich schon nicht entnehmen, ob die Situation nachgestellt worden ist, in der sich O.\u00a0J.\u00a0bei der Brandlegung befand. So bleibt offen, ob der Bewegungspielraum seiner an der Wand fixierten Hand ausreichte, um den Matratzenbezug \"anzuschmoren\" und in dem zum Anz\u00fcnden des Schaumstoffs erforderlichen Umfang zu \u00f6ffnen. Insbesondere fehlen Angaben dazu, ob es m\u00f6glich war, den Matratzenbezug ohne erhebliche schmerzhafte Verletzungen an der Hand mit dem Einwegfeuerzeug zu erhitzen. Hiermit h\u00e4tte sich das Landgericht schon deshalb auseinandersetzen m\u00fcssen, weil es nahe liegt, dass ein Mensch, der in einer Zelle einen Brand legt, um die L\u00f6sung seiner Fesseln zu erreichen, sich fr\u00fchzeitig durch Rufen bemerkbar macht und Schmerzenslaute von sich gibt, wenn er beim Legen eines Brandes Verbrennungen erleidet. Hat aber O.\u00a0J.\u00a0bereits vor dem Anz\u00fcnden des freigelegten Schaumstoffs durch Rufe und/oder Schmerzenslaute auf seine Situation aufmerksam gemacht, stellt sich die Frage nach einer Rettungsm\u00f6glichkeit neu. Denn dann h\u00e4tte der Angeklagte bereits vor dem Alarmsignal des Rauchmelders erkennen k\u00f6nnen und m\u00fcssen, dass ein sofortiges Eingreifen zur Abwendung einer m\u00f6glichen Gefahr f\u00fcr Leib und Leben O.\u00a0J.'s geboten war."}, {"num": "15", "textProcessed": ["landgericht", "davon", "ausgeht", "dass", "wechselsprechanlag", "wed", "schmerzenslaut", "sonstig", "hinweis", "gefahrensituation", "vernehm", "bleib", "unklar", "hinsicht", "ansprech", "ionisationsmeld", "rettung", "verbleib", "zeit"], "text": "b) Aber auch wenn man mit dem Landgericht davon ausgeht, dass \u00fcber die Wechselsprechanlage weder Schmerzenslaute noch sonstige Hinweise auf eine Gefahrensituation zu vernehmen waren, bleiben Unklarheiten hinsichtlich der nach dem Ansprechen des Ionisationsmelders f\u00fcr eine Rettung verbleibenden Zeit."}, {"num": "16", "textProcessed": ["landgericht", "genomm", "beanstand", "gutacht", "rechtsmedizin", "sachverstand", "folgend", "davon", "ausgegang", "dass", "tod", "hoh", "wahrschein", "schon", "innerhalb", "zwei", "minut", "ausbruch", "brand", "infolg", "inhalationshitzeschock", "eingetret", "rechtsmedizin", "sachverstand", "stellt", "dabei", "ersicht", "vollbrand", "teil", "schaumstofffull", "matratz", "ab", "temperatur", "grad", "celsius", "herrsch", "dass", "schon", "zwei", "atemzug", "todlich", "inhalationshitzeschock", "fuhr", "landgericht", "fern", "grundlag", "brandsachverstand", "drei", "mai", "durchgefuhrt", "versuch", "ermittelt", "ansprechzeit", "zell", "installiert", "ionisationsrauchmeld", "davon", "ausgegang", "dass", "spatest", "sekund", "zundung", "ausgelost", "word", "danach", "tod", "zweifelsgrundsatz", "bereit", "auslos", "alarmsignal", "eingetret", "setzt", "jedoch", "voraus", "dass", "brandsachverstand", "zundung", "gesproch", "messung", "ansprechzeit", "situation", "abgestellt", "rechtsmedizin", "sachverstand", "fall", "lasst", "insoweit", "luckenhaft", "urteilsausfuhr", "entnehm", "beding", "mitgeteilt", "versuch", "insbesond", "versuch", "januar", "ansprechzeit", "rauchmeld", "luftungsanlag", "ermittelt", "wurd", "durchgefuhrt", "wurd"], "text": "Das Landgericht ist, was f\u00fcr sich genommen nicht zu beanstanden ist, den Gutachten der rechtsmedizinischen Sachverst\u00e4ndigen folgend davon ausgegangen, dass der Tod mit hoher Wahrscheinlichkeit schon innerhalb von zwei Minuten \u201enach Ausbruch des Brandes\u201c infolge eines Inhalationshitzeschocks eingetreten ist. Die rechtsmedizinischen Sachverst\u00e4ndigen stellten dabei ersichtlich auf einen \u201eVollbrand\u201c von Teilen der Schaumstofff\u00fcllung der Matratze ab, bei dem Temperaturen von 800 Grad Celsius herrschen, so dass schon zwei Atemz\u00fcge zu einem t\u00f6dlichen Inhalationshitzeschock f\u00fchren k\u00f6nnen. Das Landgericht ist ferner auf der Grundlage der von dem Brandsachverst\u00e4ndigen durch drei im Mai 2006 durchgef\u00fchrte Versuche ermittelten Ansprechzeiten des in der Zelle installierten Ionisationsrauchmelders davon ausgegangen, dass dieser sp\u00e4testens 90 Sekunden nach der \u201eZ\u00fcndung\u201c ausgel\u00f6st worden ist. Danach k\u00f6nnte der Tod nach dem Zweifelsgrundsatz bereits vor der Ausl\u00f6sung des Alarmsignals eingetreten sein. Dies setzt jedoch voraus, dass der Brandsachverst\u00e4ndige, der von \u201eZ\u00fcndung\u201c gesprochen hat, bei der Messung der Ansprechzeiten auf dieselbe Situation abgestellt hat, wie die rechtsmedizinischen Sachverst\u00e4ndigen. Ob dies der Fall war, l\u00e4sst sich aber den auch insoweit l\u00fcckenhaften Urteilsausf\u00fchrungen nicht entnehmen, weil die Bedingungen nicht mitgeteilt werden, unter denen diese Versuche, insbesondere aber der Versuch im Januar 2005, bei dem die Ansprechzeit des Rauchmelders in der L\u00fcftungsanlage ermittelt wurde, durchgef\u00fchrt wurden."}, {"num": "17", "textProcessed": ["danach", "bleibt", "off", "messung", "ansprechzeit", "rauchmeld", "begonn", "wurd", "gasflamm", "bereit", "freilieg", "schaumstoff", "gehalt", "wurd", "erst", "vollbrand", "schaumstoff", "gefuhrt", "urteilsausfuhr", "basiert", "juni", "ausgefuhrt", "versuch", "bereich", "flamm", "temperatur", "grad", "celsius", "herrscht", "zundung", "geoffnet", "naht", "erford", "ermittl", "ansprechzeit", "rauchmeld", "situation", "brand", "gelegt", "berucksicht", "moglich", "dass", "matratzenbezug", "zunach", "angeschmort", "insgesamt", "nachzustell", "dass", "gescheh", "teilt", "urteil", "fehl", "ausfuhr", "ionisationsrauchmeld", "schon", "beim", "anschmor", "kunststofflederbezug", "freigesetzt", "russpartikel", "ausgelost", "word"], "text": "Danach bleibt offen, ob mit der Messung der Ansprechzeiten der Rauchmelder begonnen wurde, als eine Gasflamme an den bereits freiliegenden Schaumstoff gehalten wurde, oder erst, als dies zu einem Vollbrand des Schaumstoffs gef\u00fchrt hatte. Nach den Urteilsausf\u00fchrungen basierte \u201eauch\u201c der am 23. Juni 2008 ausgef\u00fchrte Versuch, bei dem im Bereich der Flammen eine Temperatur von 800 Grad Celsius herrschte, \u201enur\u201c auf einer Z\u00fcndung an der ge\u00f6ffneten Naht. Erforderlich w\u00e4re gewesen, bei der Ermittlung der Ansprechzeiten der Rauchmelder die Situation, in der O.\u00a0J.\u00a0den Brand gelegt hat, unter Ber\u00fccksichtigung auch der M\u00f6glichkeit, dass er den Matratzenbezug zun\u00e4chst \"angeschmort\" hat, insgesamt nachzustellen. Dass dies geschehen w\u00e4re, teilt das Urteil nicht mit. Auch fehlen Ausf\u00fchrungen dazu, ob der Ionisationsrauchmelder schon durch beim Anschmoren des Kunststofflederbezuges freigesetzte Ru\u00dfpartikel ausgel\u00f6st worden sein kann."}, {"num": "18", "textProcessed": ["nachvollziehbar", "beweiswurd", "soweit", "landgericht", "festgestellt", "dass", "angeklagt", "sogleich", "endgult", "abschalt", "alarmsignal", "zehn", "sekund", "druck", "resettast", "erneut", "ertont", "gewahrsamszell", "gemacht", "widerspricht", "schon", "lebenserfahr", "dass", "angeklagt", "zeugin", "beschrieb", "vielfalt", "aktivitat", "einschliess", "telefonat", "dienstvorgesetzt", "innerhalb", "kurz", "zeitspann", "bewaltigt", "hintergrund", "neu", "tatricht", "zeugin", "angeklagt", "erst", "polizei", "vernehm", "deutlich", "stark", "belastet", "aussageentwickl", "befass", "dabei", "moglich", "gruppendruck", "kollegenkreis", "verlauf", "ermittl", "entstand", "interess", "entlast", "blick", "nehm", "frag", "kausalitat", "verhalt", "angeklagt", "tod", "dah", "erneut", "uberpruf", "sei"], "text": "c) Nicht nachvollziehbar ist die Beweisw\u00fcrdigung auch, soweit das Landgericht festgestellt hat, dass der Angeklagte sich sogleich nach dem endg\u00fcltigen Abschalten des Alarmsignals, das zehn Sekunden nach dem Dr\u00fccken der Resettaste erneut ert\u00f6nt war, auf den Weg zur Gewahrsamszelle gemacht hat. Es widerspricht schon der Lebenserfahrung, dass der Angeklagte die von ihm und der Zeugin H.\u00a0beschriebenen vielf\u00e4ltigen Aktivit\u00e4ten, einschlie\u00dflich des Telefonats mit seinem Dienstvorgesetzten, innerhalb dieser kurzen Zeitspanne bew\u00e4ltigt haben kann. Vor diesem Hintergrund wird sich der neue Tatrichter bei der Zeugin H., die den Angeklagten in ihrer ersten polizeilichen Vernehmung deutlich st\u00e4rker belastet hatte, mit der Aussageentwicklung befassen m\u00fcssen. Dabei wird nicht nur ein m\u00f6glicher Gruppendruck im Kollegenkreis, sondern auch ein im Verlauf der Ermittlungen entstandenes Interesse, sich selbst zu entlasten, in den Blick zu nehmen sein. Die Frage der Kausalit\u00e4t zwischen dem Verhalten des Angeklagten und dem Tod O.\u00a0J.'s wird daher erneut zu \u00fcberpr\u00fcfen sei."}, {"num": "19", "textProcessed": ["bedenk", "begegn", "ausfuhr", "pflichtgemass", "verhalt"], "text": "2. Bedenken begegnen auch die Ausf\u00fchrungen zum pflichtgem\u00e4\u00dfen Verhalten."}, {"num": "20", "textProcessed": ["lost", "gewahrsamszell", "installiert", "brandmeld", "alarm", "weist", "unmittelbar", "drohend", "gefahr", "leib", "leb", "verschloss", "verriegelt", "zell", "vgl", "nr", "polizeigewahrsamsordn", "rderl", "mi", "februar", "mbl", "lsa", "verwahrt", "person", "fall", "unverzug", "heisst", "schuldhaft", "zog", "abwend", "gefahr", "erford", "massnahm", "ergreif", "gilt", "umso", "mehr", "verhinder", "drohend", "selbstschad", "fessel", "vgl", "nr", "sog", "lsa", "angeordnet", "berauscht", "person", "hand", "fuss", "angekettet", "ruckenlag", "fixiert", "word", "hieran", "andert", "moglich", "fehlalarm", "fall", "brand", "erford", "massnahm", "unverzug", "ergriff", "sichergestellt", "dass", "sofort", "rettung", "verwahrt", "person", "begonn"], "text": "L\u00f6st der in einer Gewahrsamszelle installierte Brandmelder Alarm aus, weist das auf eine unmittelbar drohende Gefahr f\u00fcr Leib und Leben einer in einer verschlossenen und verriegelten Zelle (vgl. Nr. 29. 1 Polizeigewahrsamsordnung - RdErl. des MI vom 28. Februar 2006 - 21.11-12340/110, MBl. LSA 2006, 137) verwahrten Person hin. In einem solchen Fall sind unverz\u00fcglich, das hei\u00dft ohne schuldhaftes Z\u00f6gern, die zur Abwendung der Gefahr erforderlichen Ma\u00dfnahmen zu ergreifen. Dies gilt umso mehr, wenn - wie hier - zur Verhinderung einer drohenden Selbstsch\u00e4digung die Fesselung (vgl. \u00a7 64 Nr. 3 SOG LSA) angeordnet und eine berauschte Person an H\u00e4nden und F\u00fc\u00dfen angekettet in R\u00fcckenlage fixiert worden ist. Hieran \u00e4ndert auch die M\u00f6glichkeit eines Fehlalarms nichts. Nur wenn die im Fall eines Brandes erforderlichen Ma\u00dfnahmen unverz\u00fcglich ergriffen werden, ist sichergestellt, dass sofort mit der Rettung der verwahrten Person begonnen werden kann."}, {"num": "21", "textProcessed": ["angeklagt", "umstand", "bekannt", "ingewahrsamnahm", "gekomm", "insbesond", "wusst", "weis", "gewahrsamszell", "fixiert", "word", "angeklagt", "hatt", "erkenn", "dass", "fall", "brand", "besond", "mass", "gefahrdet", "unbeschadet", "frag", "zustand", "ohnehin", "nr", "polizeigewahrsamsordn", "standig", "aufsicht", "zweier", "beamt", "hatt", "untergebracht", "durf", "hatt", "deshalb", "mitnahm", "gewahrsamsschlusselbund", "fussfesselschlussel", "sofort", "gewahrsamszell", "eil", "weit", "insbesond", "telefon", "benachricht", "dienststellenleit", "sinnvoll", "weit", "dienststell", "aufhalt", "kolleg", "sowi", "abschalt", "alarmsignal", "hatt", "kollegin", "ubernehm"], "text": "Dem Angeklagten waren die Umst\u00e4nde bekannt, unter denen es zur Ingewahrsamnahme O.\u00a0J.'s gekommen war. Insbesondere wusste er auch, auf welche Weise dieser in der Gewahrsamszelle fixiert worden war. Der Angeklagte h\u00e4tte erkennen k\u00f6nnen und m\u00fcssen, dass O.\u00a0J.\u00a0im Falle eines Brandes in besonderem Ma\u00dfe gef\u00e4hrdet war. Unbeschadet der Frage, ob O.\u00a0J.\u00a0wegen seines Zustands nicht ohnehin nach Nr. 12. 7 Polizeigewahrsamsordnung nur unter st\u00e4ndiger Aufsicht zweier Beamter h\u00e4tte untergebracht werden d\u00fcrfen, h\u00e4tte er deshalb unter Mitnahme des Gewahrsamsschl\u00fcsselbundes und der Fu\u00dffesselschl\u00fcssel sofort zur Gewahrsamszelle eilen m\u00fcssen. Alles weitere, insbesondere die telefonische Benachrichtigung des Dienststellenleiters und - was sinnvoll gewesen w\u00e4re - weiterer der sich in der Dienststelle aufhaltenden Kollegen, sowie das Abschalten des Alarmsignals, h\u00e4tte seine Kollegin \u00fcbernehmen k\u00f6nnen."}], "norm": ["\u00a7 261 StPO", "\u00a7 340 StGB"], "doktyp": "Urteil", "regionLong": "Bundesrepublik Deutschland", "sonstlt": "", "gruendeProcessed": ["landgericht", "angeklagt", "vorwurf", "korperverletz", "todesfolg", "amt", "nachteil", "sierra", "leon", "gebor", "tatsach", "grund", "freigesproch", "hiergeg", "gerichtet", "revision", "beanstand", "staatsanwaltschaft", "nebenklag", "verletz", "sachlich", "recht", "nebenklag", "beanstand", "fern", "verfahr", "rechtsmittel", "sachrug", "erfolg", "erorter", "verfahrensrug", "bedarf", "deshalb", "unverandert", "hauptverhandl", "zugelass", "anklag", "angeklagt", "last", "gelegt", "gewahrsamsbereich", "polizeirevi", "verantwort", "dienstgruppenleit", "unterlass", "sofort", "erton", "alarmsignal", "gewahrsamszell", "nr", "installiert", "rauchmeld", "rettungsmassnahm", "zugun", "untergebracht", "einzuleit", "obwohl", "bewusst", "sei", "dass", "beim", "ansprech", "rauchmeld", "stet", "ausbruch", "feu", "auszugeh", "sei", "alarmsignal", "mehrfach", "abgestellt", "dabei", "moglich", "verletz", "zell", "hand", "fussfesseln", "lieg", "fixiert", "rauch", "feuereinwirk", "billig", "kauf", "genomm", "zwei", "minut", "sekund", "ausbruch", "feu", "rauchmeld", "lufteranlag", "gewahrsamszellentrakt", "alarm", "ausgelost", "angeklagt", "erst", "nachd", "kollegin", "energ", "aufgefordert", "word", "sei", "recht", "seh", "schlussel", "ergriff", "gewahrsamstrakt", "gemacht", "offn", "zellentur", "sei", "angeklagt", "hinzugekomm", "polizeibeamt", "mehr", "gelung", "leb", "rett", "spatest", "sech", "minut", "ausbruch", "feu", "folg", "hitzeschock", "verstorb", "sei", "pflichtgemass", "sofort", "reaktion", "erst", "akust", "alarm", "hatt", "angeklagt", "gewahrsamszell", "nr", "deutlich", "ablauf", "zwei", "minut", "ausbruch", "feu", "erreich", "feu", "hilf", "gewahrsamstrakt", "angebracht", "feuerlosch", "losch", "leb", "rett", "landgericht", "hierzu", "wesent", "folgend", "feststell", "getroff", "fruh", "morg", "januar", "wurd", "stark", "angetrunk", "zustand", "frau", "belastigt", "polizeirevi", "gebracht", "arztraum", "gewahrsamstrakt", "wurd", "fussfesseln", "angelegt", "nachd", "fuss", "polizeibeamt", "getret", "mehrfach", "versucht", "verletz", "kopf", "zuzufug", "wurd", "herbeigeruf", "arzt", "uhr", "blutprob", "entnomm", "spat", "untersuch", "blutalkoholkonzentration", "ergab", "arzt", "erklart", "gewahrsamstaug", "empfahl", "fixier", "verhind", "dass", "schadigt", "uhr", "wurd", "gewahrsamszell", "nr", "gefli", "beheizt", "liegeflach", "matratz", "lag", "hierfur", "vorgeseh", "vier", "halter", "fixiert", "trotz", "fixier", "blieb", "gewiss", "beweg", "extremitat", "kopf", "korp", "erhalt", "folgezeit", "wurd", "gewahrsamszell", "viermal", "kontrolliert", "letzt", "kontroll", "fuhrt", "uhr", "zeugin", "weit", "polizeibeamt", "danach", "gelang", "kunstlederbezug", "matratz", "offn", "fullung", "dienend", "schaumstoff", "pur", "weichschaum", "typ", "polyetherschaum", "einwegfeuerzeug", "entwed", "vorangegang", "durchsuch", "uberseh", "word", "gewahrsamszell", "gebracht", "word", "entzund", "entstand", "brennend", "schmelz", "temperatur", "nahbereich", "flamm", "betrug", "etwa", "grad", "celsius", "uhr", "sprang", "dienstgruppenleiterbereich", "warnsignal", "zell", "nr", "installiert", "ionisationsrauchmeld", "rauchmeld", "lost", "spat", "durchgefuhrt", "versuch", "ergeb", "alarm", "spatest", "sekund", "zundung", "angeklagt", "lief", "wenig", "schritt", "entfernt", "bedienungsvorricht", "rauchmeld", "wobei", "gedank", "fehlfunktion", "anlag", "vergang", "gegeb", "aussert", "schon", "ding", "druckt", "resettast", "warnton", "verstummt", "anschliess", "meldet", "angeklagt", "ausgelost", "alarm", "telefon", "vorgesetzt", "zeug", "bat", "gewahrsamstrakt", "geh", "angeklagt", "wenig", "schritt", "entfernt", "bereitlieg", "gewahrsamschlusselbund", "ergriff", "sprang", "warnton", "rauchmeld", "erneut", "angeklagt", "schaltet", "alarm", "dafur", "vorgeseh", "tast", "endgult", "rannt", "gedank", "fehlfunktion", "anlag", "feuchtigkeitsschad", "anlag", "richtung", "gewahrsamszell", "wenig", "schritt", "kehrt", "entnahm", "neb", "eingang", "dienstgruppenbereich", "hangend", "blechkast", "fussfesselschlussel", "anschliess", "rannt", "erneut", "los", "fordert", "gewahrsamszell", "kolleg", "gewahrsamsbereich", "folg", "beendet", "gefuhrt", "telefongesprach", "folgt", "angeklagt", "sogleich", "weitergelauf", "angeklagt", "tur", "gewahrsamszell", "nr", "erreicht", "trat", "seitlich", "spalt", "bereit", "qualm", "offn", "tur", "schlug", "angeklagt", "kolleg", "beissend", "schwarz", "qualm", "entgeg", "angeklagt", "rief", "kolleg", "dass", "hilf", "hol", "benachrichtigt", "weit", "kolleg", "versuch", "zuruckgeblieb", "kolleg", "feu", "mittel", "herbeigeholt", "deck", "erstick", "rettungsversuch", "hinzugekomm", "kolleg", "scheitert", "mehr", "genau", "feststellbar", "zeitpunkt", "innerhalb", "erst", "zwei", "minut", "ausbruch", "brand", "einatm", "etwa", "grad", "celsius", "heiss", "gas", "inhalationshitzeschock", "gestorb", "landgericht", "angeklagt", "tatsach", "grund", "freigesproch", "soweit", "korperverletz", "todesfolg", "amt", "last", "gelegt", "word", "sei", "sei", "erwies", "dass", "zumind", "bedingt", "korperverletzungsvorsatz", "gehandelt", "angeklagt", "gerechnet", "dass", "korp", "schad", "erleid", "zud", "wed", "gewollt", "billig", "kauf", "genomm", "getroff", "feststell", "ergeb", "vielmehr", "dass", "angeklagt", "bemuht", "schnell", "gewahrsamsbereich", "gelang", "strafbar", "fahrlass", "totung", "sei", "ebenfall", "gegeb", "festgestellt", "dass", "eingetret", "todeserfolg", "objektiv", "vermeidbar", "zutreff", "ausfuhr", "gerichtsmedizin", "sachverstand", "sprech", "gross", "wahrschein", "dafur", "dass", "bereit", "innerhalb", "zwei", "minut", "ausbruch", "feu", "verstorb", "sei", "angeklagt", "hatt", "zell", "erst", "mehr", "zwei", "minut", "erreich", "sogleich", "erton", "signal", "rauchmeld", "gewahrsamszell", "gelauf", "angeklagt", "ubrig", "anspring", "alarm", "pflichtwidr", "gehandelt", "ii", "freispruch", "angeklagt", "halt", "sachlich", "rechtlich", "nachpruf", "stand", "spricht", "tatricht", "angeklagt", "frei", "zweifel", "taterschaft", "uberwind", "vermag", "revisionsgericht", "regel", "hinzunehm", "insoweit", "beurteil", "tatricht", "beweiswurd", "rechtsfehl", "unterlauf", "fall", "beweiswurd", "widerspruch", "unklar", "luckenhaft", "denkgesetz", "gesichert", "erfahrungssatz", "verstosst", "verurteil", "erford", "gewiss", "uberspannt", "anforder", "gestellt", "word", "st", "rspr", "vgl", "bgh", "urteil", "marz", "str", "nstz", "rr", "senat", "urteil", "juni", "str", "wistra", "jew", "urteil", "erkenn", "lass", "dass", "tatricht", "umstand", "geeignet", "entscheid", "gunst", "ungun", "angeklagt", "beeinfluss", "erkannt", "uberleg", "einbezog", "vgl", "bgh", "urteil", "august", "str", "bghr", "stpo", "beweiswurd", "grundsatz", "beweiswurd", "landgericht", "gerecht", "ansatz", "zutreff", "landgericht", "davon", "ausgegang", "dass", "pflichtwidr", "unterlass", "angeklagt", "konkret", "todeseintritt", "ursach", "geword", "tod", "konkret", "eingetret", "sofort", "sachgerecht", "eingreif", "angeklagt", "grenzend", "wahrschein", "verhindert", "word", "vgl", "senat", "beschluss", "juni", "str", "nstz", "rr", "landgericht", "rechtsfehlerfrei", "verneint", "vielmehr", "erweist", "annahm", "angeklagt", "sofort", "reaktion", "gewahrsamszell", "rechtzeit", "erreich", "zugrund", "liegend", "beweiswurd", "mehrfach", "hinsicht", "luckenhaft", "durchgreif", "bedenk", "begegnet", "insbesond", "annahm", "landgericht", "dass", "angeklagt", "erstmal", "alarmsignal", "notlag", "aufmerksam", "rettungsbemuh", "beginn", "konnt", "feststell", "wechselsprechanlag", "dienstgruppenleiterbereich", "gewahrsamszell", "verbund", "bereit", "letzt", "kontroll", "zell", "empfang", "geschaltet", "word", "angeklagt", "laut", "ruf", "telefonat", "gestort", "fuhlt", "anlag", "leis", "gestellt", "kurz", "zeit", "dass", "angeklagt", "einlass", "rumschrei", "hor", "gleichwohl", "schon", "alarmsignal", "aufgrund", "moglich", "akust", "wahrnehm", "insbesond", "schmerzensschrei", "fruh", "gescheh", "zell", "hatt", "aufmerksam", "anbahn", "gefahr", "hatt", "erkenn", "bisher", "urteilsausfuhr", "senat", "folgend", "grund", "nachvollziehbar", "insoweit", "revisionsrecht", "beanstand", "feststell", "einliefer", "unversehrt", "gesamtzusammenhang", "entnehm", "lasst", "schwer", "entflammbar", "kunstlederbezug", "geoffnet", "matratzenfull", "einweggasfeuerzeug", "angezundet", "feuerzeug", "fruh", "mitangeklagt", "durchsuch", "uberseh", "word", "beamt", "beim", "transport", "zell", "entwendet", "word", "landgericht", "aufgrund", "bekund", "zeug", "inaugenscheinnahm", "videoaufzeichn", "zeug", "durchgefuhrt", "rekonstruktion", "gefertigt", "wurd", "davon", "uberzeugt", "dass", "hand", "mittel", "handschell", "halter", "wand", "fixiert", "feuerzeug", "hos", "unterhos", "heraushol", "hand", "rand", "matratz", "befind", "naht", "fass", "konnt", "ermittlungsverfahr", "durchgefuhrt", "rekonstruktion", "lag", "ersicht", "annahm", "zugrund", "dass", "naht", "matratz", "geoffnet", "schaumstoff", "anzund", "hiervon", "ging", "zunach", "landgericht", "aufgrund", "bekund", "zeug", "lauf", "hauptverhandl", "durchgefuhrt", "weit", "versuch", "inaugenscheinnahm", "hierbei", "aufgenomm", "film", "landgericht", "davon", "uberzeugt", "dass", "kunststofflederbezug", "aufgeriss", "wurd", "nachd", "mittel", "feuerzeug", "erhitzt", "geschaff", "offnung", "entzund", "schaumstoff", "unterschied", "zundung", "geoffnet", "naht", "hindurch", "zundung", "regelrecht", "freigelegt", "word", "dass", "schnell", "vollbrand", "entsteh", "konnt", "insoweit", "urteil", "jedoch", "luckenhaft", "enthalt", "wed", "hinreich", "darstell", "versuch", "verweist", "lichtbild", "lasst", "schon", "entnehm", "situation", "nachgestellt", "word", "brandleg", "befand", "bleibt", "off", "bewegungspielraum", "wand", "fixiert", "hand", "ausreicht", "matratzenbezug", "anzuschmor", "anzund", "schaumstoff", "erford", "umfang", "offn", "insbesond", "fehl", "angab", "moglich", "matratzenbezug", "erheb", "schmerzhaft", "verletz", "hand", "einwegfeuerzeug", "erhitz", "hiermit", "hatt", "landgericht", "schon", "deshalb", "auseinandersetz", "nah", "liegt", "dass", "mensch", "zell", "brand", "legt", "losung", "fesseln", "erreich", "fruhzeit", "ruf", "bemerkbar", "macht", "schmerzenslaut", "gibt", "beim", "leg", "brand", "verbrenn", "erleidet", "bereit", "anzund", "freigelegt", "schaumstoff", "ruf", "schmerzenslaut", "situation", "aufmerksam", "gemacht", "stellt", "frag", "rettungsmog", "neu", "hatt", "angeklagt", "bereit", "alarmsignal", "rauchmeld", "erkenn", "dass", "sofort", "eingreif", "abwend", "moglich", "gefahr", "leib", "leb", "gebot", "landgericht", "davon", "ausgeht", "dass", "wechselsprechanlag", "wed", "schmerzenslaut", "sonstig", "hinweis", "gefahrensituation", "vernehm", "bleib", "unklar", "hinsicht", "ansprech", "ionisationsmeld", "rettung", "verbleib", "zeit", "landgericht", "genomm", "beanstand", "gutacht", "rechtsmedizin", "sachverstand", "folgend", "davon", "ausgegang", "dass", "tod", "hoh", "wahrschein", "schon", "innerhalb", "zwei", "minut", "ausbruch", "brand", "infolg", "inhalationshitzeschock", "eingetret", "rechtsmedizin", "sachverstand", "stellt", "dabei", "ersicht", "vollbrand", "teil", "schaumstofffull", "matratz", "ab", "temperatur", "grad", "celsius", "herrsch", "dass", "schon", "zwei", "atemzug", "todlich", "inhalationshitzeschock", "fuhr", "landgericht", "fern", "grundlag", "brandsachverstand", "drei", "mai", "durchgefuhrt", "versuch", "ermittelt", "ansprechzeit", "zell", "installiert", "ionisationsrauchmeld", "davon", "ausgegang", "dass", "spatest", "sekund", "zundung", "ausgelost", "word", "danach", "tod", "zweifelsgrundsatz", "bereit", "auslos", "alarmsignal", "eingetret", "setzt", "jedoch", "voraus", "dass", "brandsachverstand", "zundung", "gesproch", "messung", "ansprechzeit", "situation", "abgestellt", "rechtsmedizin", "sachverstand", "fall", "lasst", "insoweit", "luckenhaft", "urteilsausfuhr", "entnehm", "beding", "mitgeteilt", "versuch", "insbesond", "versuch", "januar", "ansprechzeit", "rauchmeld", "luftungsanlag", "ermittelt", "wurd", "durchgefuhrt", "wurd", "danach", "bleibt", "off", "messung", "ansprechzeit", "rauchmeld", "begonn", "wurd", "gasflamm", "bereit", "freilieg", "schaumstoff", "gehalt", "wurd", "erst", "vollbrand", "schaumstoff", "gefuhrt", "urteilsausfuhr", "basiert", "juni", "ausgefuhrt", "versuch", "bereich", "flamm", "temperatur", "grad", "celsius", "herrscht", "zundung", "geoffnet", "naht", "erford", "ermittl", "ansprechzeit", "rauchmeld", "situation", "brand", "gelegt", "berucksicht", "moglich", "dass", "matratzenbezug", "zunach", "angeschmort", "insgesamt", "nachzustell", "dass", "gescheh", "teilt", "urteil", "fehl", "ausfuhr", "ionisationsrauchmeld", "schon", "beim", "anschmor", "kunststofflederbezug", "freigesetzt", "russpartikel", "ausgelost", "word", "nachvollziehbar", "beweiswurd", "soweit", "landgericht", "festgestellt", "dass", "angeklagt", "sogleich", "endgult", "abschalt", "alarmsignal", "zehn", "sekund", "druck", "resettast", "erneut", "ertont", "gewahrsamszell", "gemacht", "widerspricht", "schon", "lebenserfahr", "dass", "angeklagt", "zeugin", "beschrieb", "vielfalt", "aktivitat", "einschliess", "telefonat", "dienstvorgesetzt", "innerhalb", "kurz", "zeitspann", "bewaltigt", "hintergrund", "neu", "tatricht", "zeugin", "angeklagt", "erst", "polizei", "vernehm", "deutlich", "stark", "belastet", "aussageentwickl", "befass", "dabei", "moglich", "gruppendruck", "kollegenkreis", "verlauf", "ermittl", "entstand", "interess", "entlast", "blick", "nehm", "frag", "kausalitat", "verhalt", "angeklagt", "tod", "dah", "erneut", "uberpruf", "sei", "bedenk", "begegn", "ausfuhr", "pflichtgemass", "verhalt", "lost", "gewahrsamszell", "installiert", "brandmeld", "alarm", "weist", "unmittelbar", "drohend", "gefahr", "leib", "leb", "verschloss", "verriegelt", "zell", "vgl", "nr", "polizeigewahrsamsordn", "rderl", "mi", "februar", "mbl", "lsa", "verwahrt", "person", "fall", "unverzug", "heisst", "schuldhaft", "zog", "abwend", "gefahr", "erford", "massnahm", "ergreif", "gilt", "umso", "mehr", "verhinder", "drohend", "selbstschad", "fessel", "vgl", "nr", "sog", "lsa", "angeordnet", "berauscht", "person", "hand", "fuss", "angekettet", "ruckenlag", "fixiert", "word", "hieran", "andert", "moglich", "fehlalarm", "fall", "brand", "erford", "massnahm", "unverzug", "ergriff", "sichergestellt", "dass", "sofort", "rettung", "verwahrt", "person", "begonn", "angeklagt", "umstand", "bekannt", "ingewahrsamnahm", "gekomm", "insbesond", "wusst", "weis", "gewahrsamszell", "fixiert", "word", "angeklagt", "hatt", "erkenn", "dass", "fall", "brand", "besond", "mass", "gefahrdet", "unbeschadet", "frag", "zustand", "ohnehin", "nr", "polizeigewahrsamsordn", "standig", "aufsicht", "zweier", "beamt", "hatt", "untergebracht", "durf", "hatt", "deshalb", "mitnahm", "gewahrsamsschlusselbund", "fussfesselschlussel", "sofort", "gewahrsamszell", "eil", "weit", "insbesond", "telefon", "benachricht", "dienststellenleit", "sinnvoll", "weit", "dienststell", "aufhalt", "kolleg", "sowi", "abschalt", "alarmsignal", "hatt", "kollegin", "ubernehm", "tepperwi", "maatz", "athing", "ernemann", "mutzbau"], "mitwirkung": "", "aktenzeichen": "4 StR 413/09", "language": "deutsch", "gertyp": "BGH", "leitsatz": "", "gruende": "\n      <div>\n         <dl class=\"RspDL\">\n            <dt>\n               <a name=\"rd_1\">1</a>\n            </dt>\n            <dd>\n               <p>Das Landgericht hat den Angeklagten von dem Vorwurf der K\u00f6rperverletzung mit Todesfolge im Amt zum Nachteil des in Sierra-Leone geborenen O.\u00a0J.\u00a0aus tats\u00e4chlichen Gr\u00fcnden freigesprochen. Mit ihren hiergegen gerichteten Revisionen beanstanden die Staatsanwaltschaft und die Nebenkl\u00e4ger die Verletzung sachlichen Rechts. Die Nebenkl\u00e4ger beanstanden ferner das Verfahren. Die Rechtsmittel haben mit der Sachr\u00fcge Erfolg; einer Er\u00f6rterung der Verfahrensr\u00fcgen bedarf es deshalb nicht.</p>\n            </dd>\n         </dl>\n         <dl class=\"RspDL\">\n            <dt/>\n            <dd>\n               <p/>\n            </dd>\n         </dl>\n         <dl class=\"RspDL\">\n            <dt/>\n            <dd>\n               <p style=\"margin-left:90pt\">I.</p>\n            </dd>\n         </dl>\n         <dl class=\"RspDL\">\n            <dt/>\n            <dd>\n               <p/>\n            </dd>\n         </dl>\n         <dl class=\"RspDL\">\n            <dt>\n               <a name=\"rd_2\">2</a>\n            </dt>\n            <dd>\n               <p>1. Die unver\u00e4ndert zur Hauptverhandlung zugelassene Anklage hatte dem Angeklagten zur Last gelegt, es als f\u00fcr den Gewahrsamsbereich des Polizeireviers D.\u00a0verantwortlicher Dienstgruppenleiter unterlassen zu haben, sofort nach dem Ert\u00f6nen des Alarmsignals des in der Gewahrsamszelle Nr. 5 installierten Rauchmelders Rettungsma\u00dfnahmen zugunsten des dort untergebrachten O.\u00a0J.\u00a0einzuleiten. Obwohl ihm bewusst gewesen sei, dass beim Ansprechen eines Rauchmelders stets vom Ausbruch eines Feuers auszugehen sei, habe er das Alarmsignal mehrfach abgestellt. Dabei habe er m\u00f6gliche Verletzungen des in der Zelle mit Hand- und Fu\u00dffesseln auf einer Liege fixierten O.\u00a0J.\u00a0durch Rauch- und Feuereinwirkung billigend in Kauf genommen. Zwei Minuten und 21 Sekunden nach Ausbruch des Feuers habe auch der Rauchmelder der L\u00fcfteranlage des Gewahrsamszellentraktes Alarm ausgel\u00f6st. Der Angeklagte habe erst, nachdem er von seiner Kollegin H.\u00a0energisch aufgefordert worden sei, nach dem Rechten zu sehen, die Schl\u00fcssel ergriffen und sich auf den Weg zum Gewahrsamstrakt gemacht. Nach dem \u00d6ffnen der Zellent\u00fcr sei es dem Angeklagten und anderen hinzugekommenen Polizeibeamten nicht mehr gelungen, das Leben O.\u00a0J.'s zu retten, der sp\u00e4testens sechs Minuten nach Ausbruch des Feuers an den Folgen eines Hitzeschocks verstorben sei. Bei pflichtgem\u00e4\u00dfer, sofortiger Reaktion auf den ersten akustischen Alarm h\u00e4tte der Angeklagte die Gewahrsamszelle Nr. 5 deutlich vor Ablauf von zwei Minuten nach Ausbruch des Feuers erreichen k\u00f6nnen, das Feuer mit Hilfe eines auf dem Weg zum Gewahrsamstrakt angebrachten Feuerl\u00f6schers l\u00f6schen und das Leben O.\u00a0J.'s retten k\u00f6nnen.</p>\n            </dd>\n         </dl>\n         <dl class=\"RspDL\">\n            <dt/>\n            <dd>\n               <p/>\n            </dd>\n         </dl>\n         <dl class=\"RspDL\">\n            <dt>\n               <a name=\"rd_3\">3</a>\n            </dt>\n            <dd>\n               <p>2. Das Landgericht hat hierzu im Wesentlichen folgende Feststellungen getroffen:</p>\n            </dd>\n         </dl>\n         <dl class=\"RspDL\">\n            <dt/>\n            <dd>\n               <p/>\n            </dd>\n         </dl>\n         <dl class=\"RspDL\">\n            <dt>\n               <a name=\"rd_4\">4</a>\n            </dt>\n            <dd>\n               <p>Am fr\u00fchen Morgen des 7. Januar 2005 wurde O.\u00a0J., der in stark angetrunkenem Zustand Frauen bel\u00e4stigt hatte, auf das Polizeirevier D.\u00a0gebracht. Im Arztraum des Gewahrsamstrakts wurden ihm Fu\u00dffesseln angelegt, nachdem er mit F\u00fc\u00dfen nach den Polizeibeamten getreten und mehrfach versucht hatte, sich Verletzungen am Kopf zuzuf\u00fcgen. Ihm wurde von einem herbeigerufenen Arzt um 9.15 Uhr eine Blutprobe entnommen, deren sp\u00e4tere Untersuchung eine Blutalkoholkonzentration von 2,98 \u2030 ergab. Der Arzt erkl\u00e4rte O.\u00a0J.\u00a0f\u00fcr gewahrsamstauglich und empfahl dessen Fixierung, um zu verhindern, dass er sich selbst sch\u00e4digt. Gegen 9.30 Uhr wurde O.\u00a0J.\u00a0in der Gewahrsamszelle Nr. 5 auf einer gefliesten und beheizten Liegefl\u00e4che, auf der eine Matratze lag, an den hierf\u00fcr vorgesehenen vier Halterungen fixiert. Trotz der Fixierung blieb eine gewisse Beweglichkeit seiner Extremit\u00e4ten, seines Kopfes und des K\u00f6rpers erhalten. In der Folgezeit wurde die Gewahrsamszelle viermal kontrolliert. Die letzte Kontrolle f\u00fchrten um 11.45 Uhr die Zeugin H.\u00a0und ein weiterer Polizeibeamter durch.</p>\n            </dd>\n         </dl>\n         <dl class=\"RspDL\">\n            <dt/>\n            <dd>\n               <p/>\n            </dd>\n         </dl>\n         <dl class=\"RspDL\">\n            <dt>\n               <a name=\"rd_5\">5</a>\n            </dt>\n            <dd>\n               <p>Danach gelang es O.\u00a0J., den Kunstlederbezug der Matratze zu \u00f6ffnen und den als F\u00fcllung dienenden Schaumstoff, einen PUR-Weichschaum vom Typ Polyetherschaum, mit einem Einwegfeuerzeug, das entweder bei der vorangegangenen Durchsuchung \u00fcbersehen worden war oder von ihm auf dem Weg in die Gewahrsamszelle an sich gebracht worden war, zu entz\u00fcnden. Es entstand eine brennende Schmelze. Die Temperatur im Nahbereich der Flammen betrug etwa 800 Grad Celsius. Gegen 12.00 Uhr sprang im Dienstgruppenleiterbereich das Warnsignal des in der Zelle Nr. 5 installierten Ionisationsrauchmelders an. Dieser Rauchmelder l\u00f6st, wie sp\u00e4ter durchgef\u00fchrte Versuche ergeben haben, den Alarm sp\u00e4testens 90 Sekunden nach der \u201eZ\u00fcndung\u201c aus. Der Angeklagte lief zu der nur wenige Schritte entfernten Bedienungsvorrichtung des Rauchmelders, wobei er mit den Gedanken an eine Fehlfunktion der Anlage, die es in der Vergangenheit gegeben hatte, \u00e4u\u00dferte: \"Nicht schon wieder das Ding!\". Er dr\u00fcckte die Resettaste und der Warnton verstummte. Anschlie\u00dfend meldete der Angeklagte den ausgel\u00f6sten Alarm telefonisch seinem Vorgesetzten, dem Zeugen K., und bat ihn, mit in den Gewahrsamstrakt zu gehen. Als der Angeklagte den nur wenige Schritte entfernt bereitliegenden Gewahrsamschl\u00fcsselbund ergriff, sprang der Warnton des Rauchmelders erneut an. Der Angeklagte schaltete den Alarm mit der daf\u00fcr vorgesehenen Taste endg\u00fcltig aus und rannte mit dem Gedanken an eine Fehlfunktion der Anlage oder auch an einen Feuchtigkeitsschaden in der Anlage in Richtung der Gewahrsamszellen. Nach wenigen Schritten kehrte er um und entnahm dem neben dem Eingang zum Dienstgruppenbereich h\u00e4ngenden Blechkasten den Fu\u00dffesselschl\u00fcssel. Anschlie\u00dfend rannte er erneut los und forderte auf dem Weg zu den Gewahrsamszellen einen Kollegen auf, ihm in den Gewahrsamsbereich zu folgen. Dieser beendete das von ihm gef\u00fchrte Telefongespr\u00e4ch und folgte dem Angeklagten, der sogleich weitergelaufen war. Als der Angeklagte die T\u00fcr der Gewahrsamszelle Nr. 5 erreichte, trat an deren seitlichen Spalten, bereits Qualm aus. Nach dem \u00d6ffnen der T\u00fcr schlug dem Angeklagten und seinem Kollegen bei\u00dfender schwarzer Qualm entgegen. Der Angeklagte rief seinem Kollegen zu, dass er Hilfe hole, und benachrichtigte weitere Kollegen. Der Versuch des zur\u00fcckgebliebenen Kollegen, das Feuer mittels einer herbeigeholten Decke zu ersticken, und die Rettungsversuche der hinzugekommenen Kollegen scheiterten. O.\u00a0J.\u00a0war zu einem nicht mehr genau feststellbaren Zeitpunkt innerhalb der ersten zwei Minuten nach Ausbruch des Brandes nach dem Einatmen der etwa 800 Grad Celsius hei\u00dfen Gase an einem Inhalationshitzeschock gestorben.</p>\n            </dd>\n         </dl>\n         <dl class=\"RspDL\">\n            <dt/>\n            <dd>\n               <p/>\n            </dd>\n         </dl>\n         <dl class=\"RspDL\">\n            <dt>\n               <a name=\"rd_6\">6</a>\n            </dt>\n            <dd>\n               <p>3. Das Landgericht hat den Angeklagten aus tats\u00e4chlichen Gr\u00fcnden freigesprochen. Soweit ihm eine K\u00f6rperverletzung mit Todesfolge im Amt zur Last gelegt worden sei, sei nicht erwiesen, dass er mit - zumindest bedingtem - K\u00f6rperverletzungsvorsatz gehandelt habe. Der Angeklagte habe nicht damit gerechnet, dass O.\u00a0J.\u00a0k\u00f6rperlichen Schaden erleiden w\u00fcrde. Zudem habe er dies weder gewollt noch billigend in Kauf genommen. Aus den getroffenen Feststellungen ergebe sich vielmehr, dass sich der Angeklagte bem\u00fcht habe, schnell in den Gewahrsamsbereich zu gelangen.</p>\n            </dd>\n         </dl>\n         <dl class=\"RspDL\">\n            <dt/>\n            <dd>\n               <p/>\n            </dd>\n         </dl>\n         <dl class=\"RspDL\">\n            <dt>\n               <a name=\"rd_7\">7</a>\n            </dt>\n            <dd>\n               <p>Eine Strafbarkeit wegen fahrl\u00e4ssiger T\u00f6tung sei ebenfalls nicht gegeben. Es habe nicht festgestellt werden k\u00f6nnen, dass der eingetretene Todeserfolg objektiv vermeidbar gewesen w\u00e4re. Nach den zutreffenden Ausf\u00fchrungen der gerichtsmedizinischen Sachverst\u00e4ndigen spreche eine gr\u00f6\u00dfere Wahrscheinlichkeit daf\u00fcr, dass O.\u00a0J.\u00a0bereits innerhalb von zwei Minuten nach Ausbruch des Feuers verstorben sei. Der Angeklagte h\u00e4tte die Zelle aber auch dann erst nach mehr als zwei Minuten erreichen k\u00f6nnen, wenn er sogleich nach dem Ert\u00f6nen des Signals des Rauchmelders zu der Gewahrsamszelle gelaufen w\u00e4re. Der Angeklagte habe im \u00dcbrigen nach dem Anspringen des Alarms nicht pflichtwidrig gehandelt.</p>\n            </dd>\n         </dl>\n         <dl class=\"RspDL\">\n            <dt/>\n            <dd>\n               <p/>\n            </dd>\n         </dl>\n         <dl class=\"RspDL\">\n            <dt/>\n            <dd>\n               <p style=\"margin-left:90pt\">II.</p>\n            </dd>\n         </dl>\n         <dl class=\"RspDL\">\n            <dt/>\n            <dd>\n               <p/>\n            </dd>\n         </dl>\n         <dl class=\"RspDL\">\n            <dt>\n               <a name=\"rd_8\">8</a>\n            </dt>\n            <dd>\n               <p>Der Freispruch des Angeklagten h\u00e4lt sachlich-rechtlicher Nachpr\u00fcfung nicht stand.</p>\n            </dd>\n         </dl>\n         <dl class=\"RspDL\">\n            <dt/>\n            <dd>\n               <p/>\n            </dd>\n         </dl>\n         <dl class=\"RspDL\">\n            <dt>\n               <a name=\"rd_9\">9</a>\n            </dt>\n            <dd>\n               <p>Spricht der Tatrichter einen Angeklagten frei, weil er Zweifel an dessen T\u00e4terschaft nicht zu \u00fcberwinden vermag, so ist dies durch das Revisionsgericht in der Regel hinzunehmen. Dieses hat insoweit nur zu beurteilen, ob dem Tatrichter bei der Beweisw\u00fcrdigung Rechtsfehler unterlaufen sind. Das ist dann der Fall, wenn die Beweisw\u00fcrdigung widerspr\u00fcchlich, unklar oder l\u00fcckenhaft ist, gegen Denkgesetze oder gesicherte Erfahrungss\u00e4tze verst\u00f6\u00dft oder wenn an die zur Verurteilung erforderliche Gewissheit \u00fcberspannte Anforderungen gestellt worden sind (st. Rspr.; vgl. nur BGH, Urteil vom 30. M\u00e4rz 2004 - 1 StR 354/03, NStZ-RR 2004, 238 f.; Senat, Urteil vom 24. Juni 2004 - 4 StR 15/04, wistra 2004, 432, jew. m. w. N.). Das Urteil muss erkennen lassen, dass der Tatrichter solche Umst\u00e4nde, die geeignet sind, die Entscheidung zu Gunsten oder zu Ungunsten des Angeklagten zu beeinflussen, erkannt und in seine \u00dcberlegungen einbezogen hat (vgl. BGH, Urteil vom 14. August 1996 - 3 StR 183/96, BGHR StPO \u00a7 261 Beweisw\u00fcrdigung 11). Diesen Grunds\u00e4tzen wird die Beweisw\u00fcrdigung des Landgerichts nicht gerecht.</p>\n            </dd>\n         </dl>\n         <dl class=\"RspDL\">\n            <dt/>\n            <dd>\n               <p/>\n            </dd>\n         </dl>\n         <dl class=\"RspDL\">\n            <dt>\n               <a name=\"rd_10\">10</a>\n            </dt>\n            <dd>\n               <p>1. Im Ansatz zutreffend ist das Landgericht davon ausgegangen, dass ein (pflichtwidriges) Unterlassen des Angeklagten f\u00fcr den konkreten Todeseintritt nur dann urs\u00e4chlich geworden w\u00e4re, wenn der Tod O.\u00a0J.'s, so wie er konkret eingetreten ist, durch ein sofortiges und sachgerechtes Eingreifen des Angeklagten mit an Sicherheit grenzender Wahrscheinlichkeit verhindert worden w\u00e4re (vgl. Senat, Beschluss vom 13. Juni 2002 - 4 StR 51/02, NStZ-RR 2002, 303 m. N.). Das Landgericht hat dies aber nicht rechtsfehlerfrei verneint. Vielmehr erweist sich die der Annahme, der Angeklagte habe auch bei sofortiger Reaktion die Gewahrsamszelle nicht rechtzeitig erreichen k\u00f6nnen, zugrunde liegende Beweisw\u00fcrdigung in mehrfacher Hinsicht als l\u00fcckenhaft:</p>\n            </dd>\n         </dl>\n         <dl class=\"RspDL\">\n            <dt/>\n            <dd>\n               <p/>\n            </dd>\n         </dl>\n         <dl class=\"RspDL\">\n            <dt>\n               <a name=\"rd_11\">11</a>\n            </dt>\n            <dd>\n               <p>a) Durchgreifenden Bedenken begegnet insbesondere die Annahme des Landgerichts, dass der Angeklagte erstmals durch das Alarmsignal auf die Notlage O.\u00a0J.'s aufmerksam werden und mit Rettungsbem\u00fchungen beginnen konnte. Nach den Feststellungen war die Wechselsprechanlage, durch die der Dienstgruppenleiterbereich mit der Gewahrsamszelle verbunden war, bereits vor der letzten Kontrolle der Zelle auf Empfang geschaltet worden. Zwar hatte der Angeklagte, der sich durch \u201edas laute Rufen\u201c O.\u00a0J.'s bei einem Telefonat gest\u00f6rt f\u00fchlte, die Anlage leiser gestellt, aber nur f\u00fcr kurze Zeit. Dass der Angeklagte, nach dessen Einlassung ein \u201eRumschreien\u201c zu h\u00f6ren war, gleichwohl nicht schon vor dem Alarmsignal aufgrund der ihm m\u00f6glichen akustischen Wahrnehmungen, insbesondere durch Schmerzensschreie, fr\u00fcher auf das Geschehen in der Zelle h\u00e4tte aufmerksam werden k\u00f6nnen und die sich anbahnende Gefahr h\u00e4tte erkennen m\u00fcssen, ist nach den bisherigen Urteilsausf\u00fchrungen f\u00fcr den Senat aus folgenden Gr\u00fcnden nicht nachvollziehbar:</p>\n            </dd>\n         </dl>\n         <dl class=\"RspDL\">\n            <dt/>\n            <dd>\n               <p/>\n            </dd>\n         </dl>\n         <dl class=\"RspDL\">\n            <dt>\n               <a name=\"rd_12\">12</a>\n            </dt>\n            <dd>\n               <p>Nach den insoweit revisionsrechtlich nicht zu beanstandenden Feststellungen hat O.\u00a0J.\u00a0den bei seiner Einlieferung unversehrten und, wie sich dem Gesamtzusammenhang entnehmen l\u00e4sst, schwer entflammbaren Kunstlederbezug ge\u00f6ffnet und die Matratzenf\u00fcllung mit einem Einweggasfeuerzeug angez\u00fcndet. Dieses Feuerzeug kann von dem fr\u00fcheren Mitangeklagten M.\u00a0bei der Durchsuchung O.\u00a0J.'s \u00fcbersehen worden oder diesem Beamten von O.\u00a0J.\u00a0beim Transport in die Zelle entwendet worden sein. Das Landgericht hat sich aufgrund der Bekundungen des Zeugen F.\u00a0und durch Inaugenscheinnahme der Videoaufzeichnung, die bei der von diesem Zeugen durchgef\u00fchrten Rekonstruktion gefertigt wurde, davon \u00fcberzeugt, dass O.\u00a0J.\u00a0mit der Hand, die mittels einer Handschelle an der Halterung an der Wand fixiert war, das Feuerzeug aus seiner Hose oder Unterhose herausholen und mit dieser Hand an den Rand der Matratze und die dort befindliche Naht fassen konnte.</p>\n            </dd>\n         </dl>\n         <dl class=\"RspDL\">\n            <dt/>\n            <dd>\n               <p/>\n            </dd>\n         </dl>\n         <dl class=\"RspDL\">\n            <dt>\n               <a name=\"rd_13\">13</a>\n            </dt>\n            <dd>\n               <p>Dieser im Ermittlungsverfahren durchgef\u00fchrten Rekonstruktion lag ersichtlich die Annahme zugrunde, dass die Naht der Matratze ge\u00f6ffnet werden musste, um den Schaumstoff anz\u00fcnden zu k\u00f6nnen. Hiervon ging zun\u00e4chst auch das Landgericht aus. Aufgrund der Bekundungen des Zeugen F.\u00a0zu einem w\u00e4hrend des Laufs der Hauptverhandlung durchgef\u00fchrten weiteren Versuch und der Inaugenscheinnahme des hierbei aufgenommenen Films hat sich das Landgericht aber davon \u00fcberzeugt, dass der Kunststofflederbezug von O.\u00a0J.\u00a0aufgerissen wurde, nachdem dieser ihn mittels des Feuerzeugs erhitzt hatte. Bei einer so geschaffenen \u00d6ffnung w\u00e4re der zu entz\u00fcndende Schaumstoff, im Unterschied zu einer Z\u00fcndung durch die ge\u00f6ffnete Naht hindurch, vor der Z\u00fcndung regelrecht freigelegt worden, so dass schnell ein Vollbrand entstehen konnte.</p>\n            </dd>\n         </dl>\n         <dl class=\"RspDL\">\n            <dt/>\n            <dd>\n               <p/>\n            </dd>\n         </dl>\n         <dl class=\"RspDL\">\n            <dt>\n               <a name=\"rd_14\">14</a>\n            </dt>\n            <dd>\n               <p>Insoweit ist das Urteil jedoch l\u00fcckenhaft. Es enth\u00e4lt weder eine hinreichende Darstellung dieses Versuchs, noch verweist es auf Lichtbilder. Ihm l\u00e4sst sich schon nicht entnehmen, ob die Situation nachgestellt worden ist, in der sich O.\u00a0J.\u00a0bei der Brandlegung befand. So bleibt offen, ob der Bewegungspielraum seiner an der Wand fixierten Hand ausreichte, um den Matratzenbezug \"anzuschmoren\" und in dem zum Anz\u00fcnden des Schaumstoffs erforderlichen Umfang zu \u00f6ffnen. Insbesondere fehlen Angaben dazu, ob es m\u00f6glich war, den Matratzenbezug ohne erhebliche schmerzhafte Verletzungen an der Hand mit dem Einwegfeuerzeug zu erhitzen. Hiermit h\u00e4tte sich das Landgericht schon deshalb auseinandersetzen m\u00fcssen, weil es nahe liegt, dass ein Mensch, der in einer Zelle einen Brand legt, um die L\u00f6sung seiner Fesseln zu erreichen, sich fr\u00fchzeitig durch Rufen bemerkbar macht und Schmerzenslaute von sich gibt, wenn er beim Legen eines Brandes Verbrennungen erleidet. Hat aber O.\u00a0J.\u00a0bereits vor dem Anz\u00fcnden des freigelegten Schaumstoffs durch Rufe und/oder Schmerzenslaute auf seine Situation aufmerksam gemacht, stellt sich die Frage nach einer Rettungsm\u00f6glichkeit neu. Denn dann h\u00e4tte der Angeklagte bereits vor dem Alarmsignal des Rauchmelders erkennen k\u00f6nnen und m\u00fcssen, dass ein sofortiges Eingreifen zur Abwendung einer m\u00f6glichen Gefahr f\u00fcr Leib und Leben O.\u00a0J.'s geboten war.</p>\n            </dd>\n         </dl>\n         <dl class=\"RspDL\">\n            <dt/>\n            <dd>\n               <p/>\n            </dd>\n         </dl>\n         <dl class=\"RspDL\">\n            <dt>\n               <a name=\"rd_15\">15</a>\n            </dt>\n            <dd>\n               <p>b) Aber auch wenn man mit dem Landgericht davon ausgeht, dass \u00fcber die Wechselsprechanlage weder Schmerzenslaute noch sonstige Hinweise auf eine Gefahrensituation zu vernehmen waren, bleiben Unklarheiten hinsichtlich der nach dem Ansprechen des Ionisationsmelders f\u00fcr eine Rettung verbleibenden Zeit.</p>\n            </dd>\n         </dl>\n         <dl class=\"RspDL\">\n            <dt/>\n            <dd>\n               <p/>\n            </dd>\n         </dl>\n         <dl class=\"RspDL\">\n            <dt>\n               <a name=\"rd_16\">16</a>\n            </dt>\n            <dd>\n               <p>Das Landgericht ist, was f\u00fcr sich genommen nicht zu beanstanden ist, den Gutachten der rechtsmedizinischen Sachverst\u00e4ndigen folgend davon ausgegangen, dass der Tod mit hoher Wahrscheinlichkeit schon innerhalb von zwei Minuten \u201enach Ausbruch des Brandes\u201c infolge eines Inhalationshitzeschocks eingetreten ist. Die rechtsmedizinischen Sachverst\u00e4ndigen stellten dabei ersichtlich auf einen \u201eVollbrand\u201c von Teilen der Schaumstofff\u00fcllung der Matratze ab, bei dem Temperaturen von 800 Grad Celsius herrschen, so dass schon zwei Atemz\u00fcge zu einem t\u00f6dlichen Inhalationshitzeschock f\u00fchren k\u00f6nnen. Das Landgericht ist ferner auf der Grundlage der von dem Brandsachverst\u00e4ndigen durch drei im Mai 2006 durchgef\u00fchrte Versuche ermittelten Ansprechzeiten des in der Zelle installierten Ionisationsrauchmelders davon ausgegangen, dass dieser sp\u00e4testens 90 Sekunden nach der \u201eZ\u00fcndung\u201c ausgel\u00f6st worden ist. Danach k\u00f6nnte der Tod nach dem Zweifelsgrundsatz bereits vor der Ausl\u00f6sung des Alarmsignals eingetreten sein. Dies setzt jedoch voraus, dass der Brandsachverst\u00e4ndige, der von \u201eZ\u00fcndung\u201c gesprochen hat, bei der Messung der Ansprechzeiten auf dieselbe Situation abgestellt hat, wie die rechtsmedizinischen Sachverst\u00e4ndigen. Ob dies der Fall war, l\u00e4sst sich aber den auch insoweit l\u00fcckenhaften Urteilsausf\u00fchrungen nicht entnehmen, weil die Bedingungen nicht mitgeteilt werden, unter denen diese Versuche, insbesondere aber der Versuch im Januar 2005, bei dem die Ansprechzeit des Rauchmelders in der L\u00fcftungsanlage ermittelt wurde, durchgef\u00fchrt wurden.</p>\n            </dd>\n         </dl>\n         <dl class=\"RspDL\">\n            <dt/>\n            <dd>\n               <p/>\n            </dd>\n         </dl>\n         <dl class=\"RspDL\">\n            <dt>\n               <a name=\"rd_17\">17</a>\n            </dt>\n            <dd>\n               <p>Danach bleibt offen, ob mit der Messung der Ansprechzeiten der Rauchmelder begonnen wurde, als eine Gasflamme an den bereits freiliegenden Schaumstoff gehalten wurde, oder erst, als dies zu einem Vollbrand des Schaumstoffs gef\u00fchrt hatte. Nach den Urteilsausf\u00fchrungen basierte \u201eauch\u201c der am 23. Juni 2008 ausgef\u00fchrte Versuch, bei dem im Bereich der Flammen eine Temperatur von 800 Grad Celsius herrschte, \u201enur\u201c auf einer Z\u00fcndung an der ge\u00f6ffneten Naht. Erforderlich w\u00e4re gewesen, bei der Ermittlung der Ansprechzeiten der Rauchmelder die Situation, in der O.\u00a0J.\u00a0den Brand gelegt hat, unter Ber\u00fccksichtigung auch der M\u00f6glichkeit, dass er den Matratzenbezug zun\u00e4chst \"angeschmort\" hat, insgesamt nachzustellen. Dass dies geschehen w\u00e4re, teilt das Urteil nicht mit. Auch fehlen Ausf\u00fchrungen dazu, ob der Ionisationsrauchmelder schon durch beim Anschmoren des Kunststofflederbezuges freigesetzte Ru\u00dfpartikel ausgel\u00f6st worden sein kann.</p>\n            </dd>\n         </dl>\n         <dl class=\"RspDL\">\n            <dt/>\n            <dd>\n               <p/>\n            </dd>\n         </dl>\n         <dl class=\"RspDL\">\n            <dt>\n               <a name=\"rd_18\">18</a>\n            </dt>\n            <dd>\n               <p>c) Nicht nachvollziehbar ist die Beweisw\u00fcrdigung auch, soweit das Landgericht festgestellt hat, dass der Angeklagte sich sogleich nach dem endg\u00fcltigen Abschalten des Alarmsignals, das zehn Sekunden nach dem Dr\u00fccken der Resettaste erneut ert\u00f6nt war, auf den Weg zur Gewahrsamszelle gemacht hat. Es widerspricht schon der Lebenserfahrung, dass der Angeklagte die von ihm und der Zeugin H.\u00a0beschriebenen vielf\u00e4ltigen Aktivit\u00e4ten, einschlie\u00dflich des Telefonats mit seinem Dienstvorgesetzten, innerhalb dieser kurzen Zeitspanne bew\u00e4ltigt haben kann. Vor diesem Hintergrund wird sich der neue Tatrichter bei der Zeugin H., die den Angeklagten in ihrer ersten polizeilichen Vernehmung deutlich st\u00e4rker belastet hatte, mit der Aussageentwicklung befassen m\u00fcssen. Dabei wird nicht nur ein m\u00f6glicher Gruppendruck im Kollegenkreis, sondern auch ein im Verlauf der Ermittlungen entstandenes Interesse, sich selbst zu entlasten, in den Blick zu nehmen sein. Die Frage der Kausalit\u00e4t zwischen dem Verhalten des Angeklagten und dem Tod O.\u00a0J.'s wird daher erneut zu \u00fcberpr\u00fcfen sei.</p>\n            </dd>\n         </dl>\n         <dl class=\"RspDL\">\n            <dt/>\n            <dd>\n               <p/>\n            </dd>\n         </dl>\n         <dl class=\"RspDL\">\n            <dt>\n               <a name=\"rd_19\">19</a>\n            </dt>\n            <dd>\n               <p>2. Bedenken begegnen auch die Ausf\u00fchrungen zum pflichtgem\u00e4\u00dfen Verhalten.</p>\n            </dd>\n         </dl>\n         <dl class=\"RspDL\">\n            <dt/>\n            <dd>\n               <p/>\n            </dd>\n         </dl>\n         <dl class=\"RspDL\">\n            <dt>\n               <a name=\"rd_20\">20</a>\n            </dt>\n            <dd>\n               <p>L\u00f6st der in einer Gewahrsamszelle installierte Brandmelder Alarm aus, weist das auf eine unmittelbar drohende Gefahr f\u00fcr Leib und Leben einer in einer verschlossenen und verriegelten Zelle (vgl. Nr. 29. 1 Polizeigewahrsamsordnung - RdErl. des MI vom 28. Februar 2006 - 21.11-12340/110, MBl. LSA 2006, 137) verwahrten Person hin. In einem solchen Fall sind unverz\u00fcglich, das hei\u00dft ohne schuldhaftes Z\u00f6gern, die zur Abwendung der Gefahr erforderlichen Ma\u00dfnahmen zu ergreifen. Dies gilt umso mehr, wenn - wie hier - zur Verhinderung einer drohenden Selbstsch\u00e4digung die Fesselung (vgl. \u00a7 64 Nr. 3 SOG LSA) angeordnet und eine berauschte Person an H\u00e4nden und F\u00fc\u00dfen angekettet in R\u00fcckenlage fixiert worden ist. Hieran \u00e4ndert auch die M\u00f6glichkeit eines Fehlalarms nichts. Nur wenn die im Fall eines Brandes erforderlichen Ma\u00dfnahmen unverz\u00fcglich ergriffen werden, ist sichergestellt, dass sofort mit der Rettung der verwahrten Person begonnen werden kann.</p>\n            </dd>\n         </dl>\n         <dl class=\"RspDL\">\n            <dt/>\n            <dd>\n               <p/>\n            </dd>\n         </dl>\n         <dl class=\"RspDL\">\n            <dt>\n               <a name=\"rd_21\">21</a>\n            </dt>\n            <dd>\n               <p>Dem Angeklagten waren die Umst\u00e4nde bekannt, unter denen es zur Ingewahrsamnahme O.\u00a0J.'s gekommen war. Insbesondere wusste er auch, auf welche Weise dieser in der Gewahrsamszelle fixiert worden war. Der Angeklagte h\u00e4tte erkennen k\u00f6nnen und m\u00fcssen, dass O.\u00a0J.\u00a0im Falle eines Brandes in besonderem Ma\u00dfe gef\u00e4hrdet war. Unbeschadet der Frage, ob O.\u00a0J.\u00a0wegen seines Zustands nicht ohnehin nach Nr. 12. 7 Polizeigewahrsamsordnung nur unter st\u00e4ndiger Aufsicht zweier Beamter h\u00e4tte untergebracht werden d\u00fcrfen, h\u00e4tte er deshalb unter Mitnahme des Gewahrsamsschl\u00fcsselbundes <span style=\"text-decoration:underline\">und</span> der Fu\u00dffesselschl\u00fcssel sofort zur Gewahrsamszelle eilen m\u00fcssen. Alles weitere, insbesondere die telefonische Benachrichtigung des Dienststellenleiters und - was sinnvoll gewesen w\u00e4re - weiterer der sich in der Dienststelle aufhaltenden Kollegen, sowie das Abschalten des Alarmsignals, h\u00e4tte seine Kollegin \u00fcbernehmen k\u00f6nnen.</p>\n            </dd>\n         </dl>\n         <dl class=\"RspDL\">\n            <dt/>\n            <dd>\n               <p/>\n            </dd>\n         </dl>\n         <dl class=\"RspDL\">\n            <dt/>\n            <dd>\n               <p>Tepperwien\u00a0\u00a0\u00a0\u00a0\u00a0\u00a0\u00a0\u00a0\u00a0\u00a0\u00a0\u00a0\u00a0\u00a0\u00a0\u00a0\u00a0\u00a0\u00a0\u00a0\u00a0\u00a0\u00a0\u00a0\u00a0\u00a0\u00a0\u00a0Maatz\u00a0\u00a0\u00a0\u00a0\u00a0\u00a0\u00a0\u00a0\u00a0\u00a0\u00a0\u00a0\u00a0\u00a0\u00a0\u00a0\u00a0\u00a0\u00a0\u00a0\u00a0\u00a0\u00a0\u00a0\u00a0\u00a0\u00a0\u00a0Athing</p>\n            </dd>\n         </dl>\n         <dl class=\"RspDL\">\n            <dt/>\n            <dd>\n               <p>\u00a0\u00a0\u00a0\u00a0\u00a0\u00a0\u00a0\u00a0\u00a0\u00a0\u00a0\u00a0\u00a0\u00a0\u00a0\u00a0\u00a0\u00a0\u00a0\u00a0\u00a0\u00a0\u00a0Ernemann\u00a0\u00a0\u00a0\u00a0\u00a0\u00a0\u00a0\u00a0\u00a0\u00a0\u00a0\u00a0\u00a0\u00a0\u00a0\u00a0\u00a0\u00a0\u00a0\u00a0\u00a0\u00a0\u00a0Mutzbauer</p>\n            </dd>\n         </dl>\n         <dl class=\"RspDL\">\n            <dt/>\n            <dd>\n               <p/>\n            </dd>\n         </dl>\n      </div>\n   ", "accessRights": "public", "gerort": "", "entschDatum": "20100107", "coverage": "Deutschland", "titel": "\n      <dl class=\"RspDL\">\n         <dt/>\n         <dd>\n            <p>(K\u00f6rperverletzung mit Todesfolge im Amt: Anforderungen an die Beweisw\u00fcrdigung bei Freispruch; erforderliche Ma\u00dfnahmen zur Rettung eines gefesselten Untergebrachten bei Brand in der Gewahrsamszelle)\u00a0</p>\n         </dd>\n      </dl>\n   ", "ecli": "", "identifier": "http://www.rechtsprechung-im-internet.de/jportal/?quelle=jlink&docid=JURE100057372&psml=bsjrsprod.psml&max=true", "spruchkoerper": "4. Strafsenat", "vorinstanz": "vorgehend LG Dessau-Ro\u00dflau, 8. Dezember 2008, Az: 6 Ks 4/05nachgehend BGH, 4. September 2014, Az: 4 StR 473/13, Urteil", "doknr": "JURE100057372", "abweichendeMeinung": "", "tenor": "\n      <div>\n         <dl class=\"RspDL\">\n            <dt/>\n            <dd>\n               <p>1. Auf die Revisionen der Staatsanwaltschaft und der Nebenkl\u00e4ger wird das Urteil des Landgerichts Dessau-Ro\u00dflau vom 8. Dezember 2008, soweit es den Angeklagten betrifft, mit den Feststellungen aufgehoben.</p>\n            </dd>\n         </dl>\n         <dl class=\"RspDL\">\n            <dt/>\n            <dd>\n               <p/>\n            </dd>\n         </dl>\n         <dl class=\"RspDL\">\n            <dt/>\n            <dd>\n               <p>2. Im Umfang der Aufhebung wird die Sache zu neuer Verhandlung und Entscheidung, auch \u00fcber die Kosten der Rechtsmittel, an eine als Schwurgericht zust\u00e4ndige Strafkammer des Landgerichts Magdeburg zur\u00fcckverwiesen.</p>\n            </dd>\n         </dl>\n         <dl class=\"RspDL\">\n            <dt/>\n            <dd>\n               <p/>\n            </dd>\n         </dl>\n         <dl class=\"RspDL\">\n            <dt/>\n            <dd>\n               <p style=\"margin-left:108pt\">Von Rechts wegen</p>\n            </dd>\n         </dl>\n         <dl class=\"RspDL\">\n            <dt/>\n            <dd>\n               <p style=\"text-align:left\"/>\n            </dd>\n         </dl>\n      </div>\n   ", "regionAbk": "DEU"}