{"publisher": "BMJV", "tatbestand": "", "absaetze": [{"num": "1", "textProcessed": ["landgericht", "vorausgegang", "verstand", "gestand", "angeklagt", "unerlaubt", "einfuhr", "betaubungsmitteln", "gering", "meng", "tatein", "unerlaubt", "handeltreib", "betaubungsmitteln", "gering", "meng", "freiheitsstraf", "sech", "jahr", "sech", "monat", "verurteilt", "hiergeg", "wendet", "angeklagt", "verfahrensrug", "hinsicht", "strafausspruch", "nah", "ausgefuhrt", "sachrug", "rechtsmittel", "bleibt", "erfolglos", "abs", "stpo", "erorter", "bedurf", "ledig", "erhob", "verfahrensrug"], "text": "1. Das Landgericht hat den nach vorausgegangener Verst\u00e4ndigung gest\u00e4ndigen Angeklagten K.\u00a0wegen unerlaubter Einfuhr von Bet\u00e4ubungsmitteln in nicht geringer Menge in Tateinheit mit unerlaubtem Handeltreiben mit Bet\u00e4ubungsmitteln in nicht geringer Menge zu einer Freiheitsstrafe von sechs Jahren und sechs Monaten verurteilt. Hiergegen wendet sich der Angeklagte mit Verfahrensr\u00fcgen und der hinsichtlich des Strafausspruchs n\u00e4her ausgef\u00fchrten Sachr\u00fcge. Das Rechtsmittel bleibt erfolglos (\u00a7 349 Abs. 2 StPO). Der Er\u00f6rterung bed\u00fcrfen lediglich die erhobenen Verfahrensr\u00fcgen."}, {"num": "2", "textProcessed": ["verfahrensrug", "macht", "revision", "verstoss", "verstand", "beachtend", "verfahr", "gemass", "abs", "stpo", "belehrungspflicht", "gemass", "abs", "stpo", "geltend"], "text": "2. Mit den Verfahrensr\u00fcgen macht die Revision Verst\u00f6\u00dfe gegen das bei einer Verst\u00e4ndigung zu beachtende Verfahren gem\u00e4\u00df \u00a7 257c Abs. 3 StPO und die Belehrungspflicht gem\u00e4\u00df \u00a7 257c Abs. 5 StPO geltend."}, {"num": "3", "textProcessed": ["rug", "liegt", "folgend", "verfahrensgescheh", "zugrund"], "text": "a) Den R\u00fcgen liegt folgendes Verfahrensgeschehen zugrunde:"}, {"num": "4", "textProcessed": ["hauptverhandl", "wurd", "kurz", "beginn", "anordn", "vorsitz", "unterbroch", "anschliess", "verhandlungspaus", "fand", "gericht", "vertret", "staatsanwaltschaft", "verteid", "angeklagt", "sowi", "revidier", "mitangeklagt", "gesprach", "vorbereit", "verstand", "statt", "ergebnis", "gesprach", "vorsitz", "wiedereintritt", "hauptverhandl", "folgt", "protokoll", "gegeb"], "text": "Die Hauptverhandlung wurde kurz nach deren Beginn durch eine Anordnung des Vorsitzenden unterbrochen. In der sich anschlie\u00dfenden Verhandlungspause fand zwischen dem Gericht, dem Vertreter der Staatsanwaltschaft und den Verteidigern des Angeklagten sowie des nicht revidierenden Mitangeklagten ein Gespr\u00e4ch zur Vorbereitung einer Verst\u00e4ndigung statt. Das Ergebnis dieses Gespr\u00e4chs hat der Vorsitzende nach dem Wiedereintritt in die Hauptverhandlung wie folgt zu Protokoll gegeben:"}, {"num": "5", "textProcessed": ["voraussetz", "folg", "abweich", "gericht", "aussicht", "gestellt", "ergebnis", "gemass", "abs", "stpo", "belehrt", "word", "stimmt", "angeklagt", "vertret", "staatsanwaltschaft", "revidier", "mitangeklagt", "vorschlag", "gericht", "anschliess", "legt", "gestandnis", "ab"], "text": "Ohne \u00fcber die Voraussetzungen und Folgen einer Abweichung des Gerichts von dem in Aussicht gestellten Ergebnis gem\u00e4\u00df \u00a7 257c Abs. 5 StPO belehrt worden zu sein, stimmte der Angeklagte - wie auch der Vertreter der Staatsanwaltschaft und der nicht revidierende Mitangeklagte - dem Vorschlag des Gerichts zu. Anschlie\u00dfend legte er ein Gest\u00e4ndnis ab."}, {"num": "6", "textProcessed": ["revision", "beanstandet", "erfolg", "landgericht", "entgeg", "gesetz", "regel", "abs", "satz", "stpo", "ledig", "strafobergrenz", "strafuntergrenz", "angegeb"], "text": "b) Die Revision beanstandet ohne Erfolg, das Landgericht habe entgegen der gesetzlichen Regelung in \u00a7 257c Abs. 3 Satz 2 StPO lediglich eine Strafobergrenze, aber keine Strafuntergrenze angegeben."}, {"num": "7", "textProcessed": ["aa", "vorschrift", "gericht", "rahm", "pflicht", "bekanntgab", "inhalt", "moglich", "verstand", "abs", "satz", "stpo", "freier", "wurdig", "umstand", "fall", "sowi", "allgemein", "strafzumessungserwag", "ober", "untergrenz", "straf", "angeb", "vereinbar", "bestimmt", "straf", "sog", "punktstraf", "vgl", "hierzu", "bgh", "beschluss", "august", "str", "bghst", "bleibt", "gesetz", "neuregel", "verstandigungsverfahr", "unzulass", "bgh", "beschluss", "juli", "str", "allerding", "regel", "gericht", "bekanntgab", "moglich", "verfahrensergebnis", "zwingend", "strafrahm", "anzugeb", "hinblick", "ausgestalt", "vorschrift", "isoliert", "angab", "strafob", "strafuntergrenz", "ausreicht", "unterschied", "beurteilt", "letzt", "bejah", "niemoll", "sch", "verstg", "rn", "sk", "stpo", "velt", "rn", "bittmann", "wistra", "vernein", "mey", "gossn", "stpo", "aufl", "rn", "vgl", "senat", "beschluss", "februar", "str", "nstz", "rr", "angesicht", "wortlaut", "vorschrift", "ober", "untergrenz", "straf", "aussicht", "gestellt", "strafrahm", "abs", "satz", "gesetzesmateriali", "bt", "druck", "beschlussempfehl", "bericht", "rechtsausschuss", "wobei", "gericht", "tat", "schuldangemess", "strafob", "strafuntergrenz", "anzugeb", "sprech", "gewicht", "grund", "dafur", "dass", "gesetzgeb", "gericht", "fallbezog", "vereng", "gesetz", "strafrahm", "stet", "konkret", "rahm", "schuldangemess", "straf", "besteh", "strafob", "strafuntergrenz", "anzugeb"], "text": "aa) Nach dieser Vorschrift kann das Gericht - im Rahmen seiner Pflicht zur Bekanntgabe des Inhalts einer m\u00f6glichen Verst\u00e4ndigung (\u00a7 257c Abs. 3 Satz 1 StPO) - unter freier W\u00fcrdigung aller Umst\u00e4nde des Falles sowie der allgemeinen Strafzumessungserw\u00e4gungen auch eine Ober- und Untergrenze der Strafe angeben. Die Vereinbarung einer bestimmten Strafe (sog. Punktstrafe; vgl. hierzu BGH, Beschluss vom 22. August 2006 - 1 StR 293/06, BGHSt 51, 84, 86) bleibt damit nach der gesetzlichen Neuregelung des Verst\u00e4ndigungsverfahrens nach wie vor unzul\u00e4ssig (BGH, Beschluss vom 27. Juli 2010 - 1 StR 345/10). Ob allerdings nach dieser Regelung das Gericht bei der Bekanntgabe des m\u00f6glichen Verfahrensergebnisses zwingend auch einen Strafrahmen anzugeben hat oder ob - im Hinblick auf die Ausgestaltung als \"Kann-Vorschrift\" - die isolierte Angabe einer Strafober- oder Strafuntergrenze ausreicht, wird unterschiedlich beurteilt (letzteres bejahend: Niem\u00f6ller in N/Sch/W, VerstG, \u00a7 257c Rn. 46; SK-StPO/Velten, \u00a7 257c Rn. 21; Bittmann, wistra 2009, 415; verneinend Meyer-Go\u00dfner, StPO, 53. Aufl., \u00a7 257c Rn. 20; vgl. auch Senat, Beschluss vom 4. Februar 2010 - 1 StR 3/10, NStZ-RR 2010, 152). Angesichts des Wortlauts der Vorschrift (\"Ober- und Untergrenze der Strafe\"; \"der in Aussicht gestellte Strafrahmen [\u00a7 257c Abs. 4 Satz 1]\") und der Gesetzesmaterialien (BT-Drucks. 16/13095 S. 3 [Beschlussempfehlung und Bericht des Rechtsausschusses]: \"wobei das Gericht eine [\u2026] tat- und schuldangemessene Strafober- und Strafuntergrenze anzugeben hat\") sprechen gewichtige Gr\u00fcnde daf\u00fcr, dass nach dem Willen des Gesetzgebers das Gericht nach fallbezogener Verengung des gesetzlichen Strafrahmens stets einen konkreten Rahmen f\u00fcr die schuldangemessene Strafe, bestehend aus einer Strafober- und einer Strafuntergrenze, anzugeben hat."}, {"num": "8", "textProcessed": ["bb", "senat", "frag", "indess", "off", "lass", "angeklagt", "beschwert"], "text": "bb) Der Senat kann diese Frage indessen offen lassen, da der Angeklagte nicht beschwert ist."}, {"num": "9", "textProcessed": ["gesetzgeb", "regel", "abs", "satz", "stpo", "forder", "generalstaatsanwalt", "nachgekomm", "festleg", "unt", "strafgrenz", "legitim", "anlieg", "staatsanwaltschaft", "geseh", "vorstell", "gerecht", "schuldausgleich", "oben", "unt", "abgesichert", "seh", "njw", "sonderdruck", "deal", "strafverfahr", "benenn", "strafuntergrenz", "tragt", "dah", "vordring", "interess", "staatsanwaltschaft", "rechnung", "vgl", "anwk", "stpo", "puschel", "aufl", "rn", "mwn", "hinsicht", "daneb", "besteh", "informationsfunktion", "angeklagt", "vgl", "bt", "druck", "zustimm", "zustandekomm", "verstand", "unterschied", "rechtslag", "inkrafttret", "stpo", "nunmehr", "unerlass", "fehlt", "angab", "strafuntergrenz", "gericht", "regel", "staatsanwaltschaft", "rahm", "revision", "nachteil", "angeklagt", "beanstandet"], "text": "Der Gesetzgeber ist mit der Regelung in \u00a7 257c Abs. 3 Satz 2 StPO einer Forderung der Generalstaatsanw\u00e4lte nachgekommen, die in der Festlegung einer unteren Strafgrenze ein legitimes Anliegen der Staatsanwaltschaft gesehen haben, ihre Vorstellung von einem gerechten Schuldausgleich nicht nur nach oben, sondern auch nach unten abgesichert zu sehen (NJW Sonderdruck \"Der Deal im Strafverfahren\" 2006, 9, 10). Die Benennung einer Strafuntergrenze tr\u00e4gt daher vordringlich den Interessen der Staatsanwaltschaft Rechnung (vgl. AnwK-StPO/P\u00fcschel, 2. Aufl., \u00a7 257c Rn. 22 mwN; hinsichtlich einer daneben bestehenden Informationsfunktion f\u00fcr den Angeklagten vgl. BT-Drucks. 16/11736 S. 12), deren Zustimmung f\u00fcr das Zustandekommen einer Verst\u00e4ndigung im Unterschied zu der Rechtslage vor dem Inkrafttreten des \u00a7 257c StPO nunmehr unerl\u00e4sslich ist. Fehlt es an der Angabe einer Strafuntergrenze durch das Gericht, kann dies in der Regel nur von der Staatsanwaltschaft im Rahmen einer Revision zum Nachteil des Angeklagten beanstandet werden."}, {"num": "10", "textProcessed": ["vorlieg", "fall", "ausnahm", "gegeb", "wonach", "angeklagt", "erfolgreich", "beschw", "geltend", "wed", "anhaltspunkt", "dafur", "ersicht", "vorgetrag", "dass", "fall", "angab", "strafuntergrenz", "gericht", "verstand", "zugestimmt", "hatt", "gestandnis", "dah", "fehlend", "benenn", "strafuntergrenz", "beruhrt"], "text": "Im vorliegenden Fall ist keine Ausnahme gegeben, wonach der Angeklagte erfolgreich eine Beschwer geltend machen kann. Denn es sind hier weder Anhaltspunkte daf\u00fcr ersichtlich noch vorgetragen, dass er im Fall der Angabe einer Strafuntergrenze durch das Gericht der Verst\u00e4ndigung nicht zugestimmt h\u00e4tte. Auch sein Gest\u00e4ndnis kann daher von der fehlenden Benennung einer Strafuntergrenze nicht ber\u00fchrt sein."}, {"num": "11", "textProcessed": ["verfahrensrug", "revision", "verstoss", "belehrungspflicht", "abs", "stgb", "geltend", "gemacht", "unbegrundet", "senat", "schliesst", "dass", "urteil", "unterblieb", "belehr", "beruh", "landgericht", "zugesagt", "strafobergrenz", "eingehalt", "zud", "grund", "erkennbar", "angeklagt", "schon", "ermittlungsverfahr", "voll", "umfang", "gestand", "umfass", "aufklarungshilf", "leistet", "hatt", "veranlass", "erfolgt", "belehr", "schliesslich", "getroff", "gunstig", "verstand", "abzulehn", "vgl", "bgh", "beschluss", "august", "str", "bgh", "beschluss", "oktob", "str", "grund", "revision", "vorgetrag"], "text": "c) Auch die Verfahrensr\u00fcge, mit der von der Revision ein Versto\u00df gegen die Belehrungspflicht nach \u00a7 257c Abs. 5 StGB geltend gemacht wird, ist unbegr\u00fcndet. Der Senat schlie\u00dft aus, dass das Urteil auf der unterbliebenen Belehrung beruhen k\u00f6nnte. Das Landgericht hat die zugesagte Strafobergrenze eingehalten. Zudem sind auch hier keine Gr\u00fcnde erkennbar, die den Angeklagten, der schon im Ermittlungsverfahren voll umf\u00e4nglich gest\u00e4ndig war und umfassende Aufkl\u00e4rungshilfe leistete, h\u00e4tte veranlassen k\u00f6nnen, nach erfolgter Belehrung die schlie\u00dflich getroffene und f\u00fcr ihn g\u00fcnstige Verst\u00e4ndigung abzulehnen (vgl. BGH, Beschluss vom 17. August 2010 - 4 StR 228/10; BGH, Beschluss vom 8. Oktober 2010 - 1 StR 443/10). Solche Gr\u00fcnde werden auch von der Revision nicht vorgetragen."}], "norm": ["\u00a7 257c S 2 StPO", "\u00a7 349 StPO"], "doktyp": "Beschluss", "regionLong": "Bundesrepublik Deutschland", "sonstlt": "", "gruendeProcessed": ["landgericht", "vorausgegang", "verstand", "gestand", "angeklagt", "unerlaubt", "einfuhr", "betaubungsmitteln", "gering", "meng", "tatein", "unerlaubt", "handeltreib", "betaubungsmitteln", "gering", "meng", "freiheitsstraf", "sech", "jahr", "sech", "monat", "verurteilt", "hiergeg", "wendet", "angeklagt", "verfahrensrug", "hinsicht", "strafausspruch", "nah", "ausgefuhrt", "sachrug", "rechtsmittel", "bleibt", "erfolglos", "abs", "stpo", "erorter", "bedurf", "ledig", "erhob", "verfahrensrug", "verfahrensrug", "macht", "revision", "verstoss", "verstand", "beachtend", "verfahr", "gemass", "abs", "stpo", "belehrungspflicht", "gemass", "abs", "stpo", "geltend", "rug", "liegt", "folgend", "verfahrensgescheh", "zugrund", "hauptverhandl", "wurd", "kurz", "beginn", "anordn", "vorsitz", "unterbroch", "anschliess", "verhandlungspaus", "fand", "gericht", "vertret", "staatsanwaltschaft", "verteid", "angeklagt", "sowi", "revidier", "mitangeklagt", "gesprach", "vorbereit", "verstand", "statt", "ergebnis", "gesprach", "vorsitz", "wiedereintritt", "hauptverhandl", "folgt", "protokoll", "gegeb", "angeklagt", "raum", "angeklagt", "sachverhalt", "objektiv", "subjektiv", "hinsicht", "vollumfang", "staatsanwaltschaft", "einstell", "verfahr", "gemass", "abs", "stpo", "hinsicht", "unerlaubt", "besitz", "betaubungsmitteln", "bezog", "gramm", "opium", "april", "richtung", "anm", "revidier", "angeklagt", "beantrag", "ubrig", "frag", "einzieh", "verfahrensgegenstand", "lkw", "gemass", "stpo", "ausgeschied", "fall", "schlagt", "kamm", "hinsicht", "angeklagt", "freiheitsstraf", "mehr", "sech", "jahr", "sech", "monat", "hinsicht", "angeklagt", "funf", "jahr", "sech", "monat", "voraussetz", "folg", "abweich", "gericht", "aussicht", "gestellt", "ergebnis", "gemass", "abs", "stpo", "belehrt", "word", "stimmt", "angeklagt", "vertret", "staatsanwaltschaft", "revidier", "mitangeklagt", "vorschlag", "gericht", "anschliess", "legt", "gestandnis", "ab", "revision", "beanstandet", "erfolg", "landgericht", "entgeg", "gesetz", "regel", "abs", "satz", "stpo", "ledig", "strafobergrenz", "strafuntergrenz", "angegeb", "aa", "vorschrift", "gericht", "rahm", "pflicht", "bekanntgab", "inhalt", "moglich", "verstand", "abs", "satz", "stpo", "freier", "wurdig", "umstand", "fall", "sowi", "allgemein", "strafzumessungserwag", "ober", "untergrenz", "straf", "angeb", "vereinbar", "bestimmt", "straf", "sog", "punktstraf", "vgl", "hierzu", "bgh", "beschluss", "august", "str", "bghst", "bleibt", "gesetz", "neuregel", "verstandigungsverfahr", "unzulass", "bgh", "beschluss", "juli", "str", "allerding", "regel", "gericht", "bekanntgab", "moglich", "verfahrensergebnis", "zwingend", "strafrahm", "anzugeb", "hinblick", "ausgestalt", "vorschrift", "isoliert", "angab", "strafob", "strafuntergrenz", "ausreicht", "unterschied", "beurteilt", "letzt", "bejah", "niemoll", "sch", "verstg", "rn", "sk", "stpo", "velt", "rn", "bittmann", "wistra", "vernein", "mey", "gossn", "stpo", "aufl", "rn", "vgl", "senat", "beschluss", "februar", "str", "nstz", "rr", "angesicht", "wortlaut", "vorschrift", "ober", "untergrenz", "straf", "aussicht", "gestellt", "strafrahm", "abs", "satz", "gesetzesmateriali", "bt", "druck", "beschlussempfehl", "bericht", "rechtsausschuss", "wobei", "gericht", "tat", "schuldangemess", "strafob", "strafuntergrenz", "anzugeb", "sprech", "gewicht", "grund", "dafur", "dass", "gesetzgeb", "gericht", "fallbezog", "vereng", "gesetz", "strafrahm", "stet", "konkret", "rahm", "schuldangemess", "straf", "besteh", "strafob", "strafuntergrenz", "anzugeb", "bb", "senat", "frag", "indess", "off", "lass", "angeklagt", "beschwert", "gesetzgeb", "regel", "abs", "satz", "stpo", "forder", "generalstaatsanwalt", "nachgekomm", "festleg", "unt", "strafgrenz", "legitim", "anlieg", "staatsanwaltschaft", "geseh", "vorstell", "gerecht", "schuldausgleich", "oben", "unt", "abgesichert", "seh", "njw", "sonderdruck", "deal", "strafverfahr", "benenn", "strafuntergrenz", "tragt", "dah", "vordring", "interess", "staatsanwaltschaft", "rechnung", "vgl", "anwk", "stpo", "puschel", "aufl", "rn", "mwn", "hinsicht", "daneb", "besteh", "informationsfunktion", "angeklagt", "vgl", "bt", "druck", "zustimm", "zustandekomm", "verstand", "unterschied", "rechtslag", "inkrafttret", "stpo", "nunmehr", "unerlass", "fehlt", "angab", "strafuntergrenz", "gericht", "regel", "staatsanwaltschaft", "rahm", "revision", "nachteil", "angeklagt", "beanstandet", "vorlieg", "fall", "ausnahm", "gegeb", "wonach", "angeklagt", "erfolgreich", "beschw", "geltend", "wed", "anhaltspunkt", "dafur", "ersicht", "vorgetrag", "dass", "fall", "angab", "strafuntergrenz", "gericht", "verstand", "zugestimmt", "hatt", "gestandnis", "dah", "fehlend", "benenn", "strafuntergrenz", "beruhrt", "verfahrensrug", "revision", "verstoss", "belehrungspflicht", "abs", "stgb", "geltend", "gemacht", "unbegrundet", "senat", "schliesst", "dass", "urteil", "unterblieb", "belehr", "beruh", "landgericht", "zugesagt", "strafobergrenz", "eingehalt", "zud", "grund", "erkennbar", "angeklagt", "schon", "ermittlungsverfahr", "voll", "umfang", "gestand", "umfass", "aufklarungshilf", "leistet", "hatt", "veranlass", "erfolgt", "belehr", "schliesslich", "getroff", "gunstig", "verstand", "abzulehn", "vgl", "bgh", "beschluss", "august", "str", "bgh", "beschluss", "oktob", "str", "grund", "revision", "vorgetrag", "nack", "wahl", "jag", "ribgh", "prof", "dr", "sand", "befindet", "inurlaub", "deshalb", "unterschriftgehindert", "nack"], "mitwirkung": "", "aktenzeichen": "1 StR 347/10", "language": "deutsch", "gertyp": "BGH", "leitsatz": "", "gruende": "\n      <div>\n         <dl class=\"RspDL\">\n            <dt>\n               <a name=\"rd_1\">1</a>\n            </dt>\n            <dd>\n               <p>1. Das Landgericht hat den nach vorausgegangener Verst\u00e4ndigung gest\u00e4ndigen Angeklagten K.\u00a0wegen unerlaubter Einfuhr von Bet\u00e4ubungsmitteln in nicht geringer Menge in Tateinheit mit unerlaubtem Handeltreiben mit Bet\u00e4ubungsmitteln in nicht geringer Menge zu einer Freiheitsstrafe von sechs Jahren und sechs Monaten verurteilt. Hiergegen wendet sich der Angeklagte mit Verfahrensr\u00fcgen und der hinsichtlich des Strafausspruchs n\u00e4her ausgef\u00fchrten Sachr\u00fcge. Das Rechtsmittel bleibt erfolglos (\u00a7 349 Abs. 2 StPO). Der Er\u00f6rterung bed\u00fcrfen lediglich die erhobenen Verfahrensr\u00fcgen.</p>\n            </dd>\n         </dl>\n         <dl class=\"RspDL\">\n            <dt/>\n            <dd>\n               <p/>\n            </dd>\n         </dl>\n         <dl class=\"RspDL\">\n            <dt>\n               <a name=\"rd_2\">2</a>\n            </dt>\n            <dd>\n               <p>2. Mit den Verfahrensr\u00fcgen macht die Revision Verst\u00f6\u00dfe gegen das bei einer Verst\u00e4ndigung zu beachtende Verfahren gem\u00e4\u00df \u00a7 257c Abs. 3 StPO und die Belehrungspflicht gem\u00e4\u00df \u00a7 257c Abs. 5 StPO geltend.</p>\n            </dd>\n         </dl>\n         <dl class=\"RspDL\">\n            <dt/>\n            <dd>\n               <p/>\n            </dd>\n         </dl>\n         <dl class=\"RspDL\">\n            <dt>\n               <a name=\"rd_3\">3</a>\n            </dt>\n            <dd>\n               <p>a) Den R\u00fcgen liegt folgendes Verfahrensgeschehen zugrunde:</p>\n            </dd>\n         </dl>\n         <dl class=\"RspDL\">\n            <dt/>\n            <dd>\n               <p/>\n            </dd>\n         </dl>\n         <dl class=\"RspDL\">\n            <dt>\n               <a name=\"rd_4\">4</a>\n            </dt>\n            <dd>\n               <p>Die Hauptverhandlung wurde kurz nach deren Beginn durch eine Anordnung des Vorsitzenden unterbrochen. In der sich anschlie\u00dfenden Verhandlungspause fand zwischen dem Gericht, dem Vertreter der Staatsanwaltschaft und den Verteidigern des Angeklagten sowie des nicht revidierenden Mitangeklagten ein Gespr\u00e4ch zur Vorbereitung einer Verst\u00e4ndigung statt. Das Ergebnis dieses Gespr\u00e4chs hat der Vorsitzende nach dem Wiedereintritt in die Hauptverhandlung wie folgt zu Protokoll gegeben:</p>\n            </dd>\n         </dl>\n         <dl class=\"RspDL\">\n            <dt/>\n            <dd>\n               <p/>\n            </dd>\n         </dl>\n         <dl class=\"RspDL\">\n            <dt/>\n            <dd>\n               <p style=\"margin-left:36pt\">\"Die Angeklagten r\u00e4umen den angeklagten Sachverhalt in objektiver und subjektiver Hinsicht vollumf\u00e4nglich ein.</p>\n            </dd>\n         </dl>\n         <dl class=\"RspDL\">\n            <dt/>\n            <dd>\n               <p/>\n            </dd>\n         </dl>\n         <dl class=\"RspDL\">\n            <dt/>\n            <dd>\n               <p style=\"margin-left:36pt\">Die Staatsanwaltschaft wird die Einstellung des Verfahrens gem\u00e4\u00df \u00a7 154 Abs. 2 StPO hinsichtlich des unerlaubten Besitzes von Bet\u00e4ubungsmitteln bezogen auf 4,1 Gramm Opium am 29. April 2009 in Richtung des (Anm.: nicht revidierenden) Angeklagten V.\u00a0beantragen. Im \u00dcbrigen wird die Frage der Einziehung des verfahrensgegenst\u00e4ndlichen Lkw gem\u00e4\u00df \u00a7 430 StPO ausgeschieden.</p>\n            </dd>\n         </dl>\n         <dl class=\"RspDL\">\n            <dt/>\n            <dd>\n               <p/>\n            </dd>\n         </dl>\n         <dl class=\"RspDL\">\n            <dt/>\n            <dd>\n               <p style=\"margin-left:36pt\">F\u00fcr diesen Fall schl\u00e4gt die Kammer hinsichtlich des Angeklagten K.\u00a0eine Freiheitsstrafe von nicht mehr als sechs Jahren und sechs Monaten vor und hinsichtlich des Angeklagten V.\u00a0eine solche von f\u00fcnf Jahren und sechs Monaten.\"</p>\n            </dd>\n         </dl>\n         <dl class=\"RspDL\">\n            <dt/>\n            <dd>\n               <p/>\n            </dd>\n         </dl>\n         <dl class=\"RspDL\">\n            <dt>\n               <a name=\"rd_5\">5</a>\n            </dt>\n            <dd>\n               <p>Ohne \u00fcber die Voraussetzungen und Folgen einer Abweichung des Gerichts von dem in Aussicht gestellten Ergebnis gem\u00e4\u00df \u00a7 257c Abs. 5 StPO belehrt worden zu sein, stimmte der Angeklagte - wie auch der Vertreter der Staatsanwaltschaft und der nicht revidierende Mitangeklagte - dem Vorschlag des Gerichts zu. Anschlie\u00dfend legte er ein Gest\u00e4ndnis ab.</p>\n            </dd>\n         </dl>\n         <dl class=\"RspDL\">\n            <dt/>\n            <dd>\n               <p/>\n            </dd>\n         </dl>\n         <dl class=\"RspDL\">\n            <dt>\n               <a name=\"rd_6\">6</a>\n            </dt>\n            <dd>\n               <p>b) Die Revision beanstandet ohne Erfolg, das Landgericht habe entgegen der gesetzlichen Regelung in \u00a7 257c Abs. 3 Satz 2 StPO lediglich eine Strafobergrenze, aber keine Strafuntergrenze angegeben.</p>\n            </dd>\n         </dl>\n         <dl class=\"RspDL\">\n            <dt/>\n            <dd>\n               <p/>\n            </dd>\n         </dl>\n         <dl class=\"RspDL\">\n            <dt>\n               <a name=\"rd_7\">7</a>\n            </dt>\n            <dd>\n               <p>aa) Nach dieser Vorschrift kann das Gericht - im Rahmen seiner Pflicht zur Bekanntgabe des Inhalts einer m\u00f6glichen Verst\u00e4ndigung (\u00a7 257c Abs. 3 Satz 1 StPO) - unter freier W\u00fcrdigung aller Umst\u00e4nde des Falles sowie der allgemeinen Strafzumessungserw\u00e4gungen auch eine Ober- und Untergrenze der Strafe angeben. Die Vereinbarung einer bestimmten Strafe (sog. Punktstrafe; vgl. hierzu BGH, Beschluss vom 22. August 2006 - 1 StR 293/06, BGHSt 51, 84, 86) bleibt damit nach der gesetzlichen Neuregelung des Verst\u00e4ndigungsverfahrens nach wie vor unzul\u00e4ssig (BGH, Beschluss vom 27. Juli 2010 - 1 StR 345/10). Ob allerdings nach dieser Regelung das Gericht bei der Bekanntgabe des m\u00f6glichen Verfahrensergebnisses zwingend auch einen Strafrahmen anzugeben hat oder ob - im Hinblick auf die Ausgestaltung als \"Kann-Vorschrift\" - die isolierte Angabe einer Strafober- <span style=\"text-decoration:underline\">oder</span> Strafuntergrenze ausreicht, wird unterschiedlich beurteilt (letzteres bejahend: Niem\u00f6ller in N/Sch/W, VerstG, \u00a7 257c Rn. 46; SK-StPO/Velten, \u00a7 257c Rn. 21; Bittmann, wistra 2009, 415; verneinend Meyer-Go\u00dfner, StPO, 53. Aufl., \u00a7 257c Rn. 20; vgl. auch Senat, Beschluss vom 4. Februar 2010 - 1 StR 3/10, NStZ-RR 2010, 152). Angesichts des Wortlauts der Vorschrift (\"Ober- <span style=\"text-decoration:underline\">und</span> Untergrenze der Strafe\"; \"der in Aussicht gestellte Strafrahmen [\u00a7 257c Abs. 4 Satz 1]\") und der Gesetzesmaterialien (BT-Drucks. 16/13095 S. 3 [Beschlussempfehlung und Bericht des Rechtsausschusses]: \"wobei das Gericht eine [\u2026] tat- und schuldangemessene Strafober- und Strafuntergrenze <span style=\"text-decoration:underline\">anzugeben hat</span>\") sprechen gewichtige Gr\u00fcnde daf\u00fcr, dass nach dem Willen des Gesetzgebers das Gericht nach fallbezogener Verengung des gesetzlichen Strafrahmens stets einen konkreten Rahmen f\u00fcr die schuldangemessene Strafe, bestehend aus einer Strafober- und einer Strafuntergrenze, anzugeben hat.</p>\n            </dd>\n         </dl>\n         <dl class=\"RspDL\">\n            <dt/>\n            <dd>\n               <p/>\n            </dd>\n         </dl>\n         <dl class=\"RspDL\">\n            <dt>\n               <a name=\"rd_8\">8</a>\n            </dt>\n            <dd>\n               <p>bb) Der Senat kann diese Frage indessen offen lassen, da der Angeklagte nicht beschwert ist.</p>\n            </dd>\n         </dl>\n         <dl class=\"RspDL\">\n            <dt/>\n            <dd>\n               <p/>\n            </dd>\n         </dl>\n         <dl class=\"RspDL\">\n            <dt>\n               <a name=\"rd_9\">9</a>\n            </dt>\n            <dd>\n               <p>Der Gesetzgeber ist mit der Regelung in \u00a7 257c Abs. 3 Satz 2 StPO einer Forderung der Generalstaatsanw\u00e4lte nachgekommen, die in der Festlegung einer unteren Strafgrenze ein legitimes Anliegen der Staatsanwaltschaft gesehen haben, ihre Vorstellung von einem gerechten Schuldausgleich nicht nur nach oben, sondern auch nach unten abgesichert zu sehen (NJW Sonderdruck \"Der Deal im Strafverfahren\" 2006, 9, 10). Die Benennung einer Strafuntergrenze tr\u00e4gt daher vordringlich den Interessen der Staatsanwaltschaft Rechnung (vgl. AnwK-StPO/P\u00fcschel, 2. Aufl., \u00a7 257c Rn. 22 mwN; hinsichtlich einer daneben bestehenden Informationsfunktion f\u00fcr den Angeklagten vgl. BT-Drucks. 16/11736 S. 12), deren Zustimmung f\u00fcr das Zustandekommen einer Verst\u00e4ndigung im Unterschied zu der Rechtslage vor dem Inkrafttreten des \u00a7 257c StPO nunmehr unerl\u00e4sslich ist. Fehlt es an der Angabe einer Strafuntergrenze durch das Gericht, kann dies in der Regel nur von der Staatsanwaltschaft im Rahmen einer Revision zum Nachteil des Angeklagten beanstandet werden.</p>\n            </dd>\n         </dl>\n         <dl class=\"RspDL\">\n            <dt/>\n            <dd>\n               <p/>\n            </dd>\n         </dl>\n         <dl class=\"RspDL\">\n            <dt>\n               <a name=\"rd_10\">10</a>\n            </dt>\n            <dd>\n               <p>Im vorliegenden Fall ist keine Ausnahme gegeben, wonach der Angeklagte erfolgreich eine Beschwer geltend machen kann. Denn es sind hier weder Anhaltspunkte daf\u00fcr ersichtlich noch vorgetragen, dass er im Fall der Angabe einer Strafuntergrenze durch das Gericht der Verst\u00e4ndigung nicht zugestimmt h\u00e4tte. Auch sein Gest\u00e4ndnis kann daher von der fehlenden Benennung einer Strafuntergrenze nicht ber\u00fchrt sein.</p>\n            </dd>\n         </dl>\n         <dl class=\"RspDL\">\n            <dt/>\n            <dd>\n               <p/>\n            </dd>\n         </dl>\n         <dl class=\"RspDL\">\n            <dt>\n               <a name=\"rd_11\">11</a>\n            </dt>\n            <dd>\n               <p>c) Auch die Verfahrensr\u00fcge, mit der von der Revision ein Versto\u00df gegen die Belehrungspflicht nach \u00a7 257c Abs. 5 StGB geltend gemacht wird, ist unbegr\u00fcndet. Der Senat schlie\u00dft aus, dass das Urteil auf der unterbliebenen Belehrung beruhen k\u00f6nnte. Das Landgericht hat die zugesagte Strafobergrenze eingehalten. Zudem sind auch hier keine Gr\u00fcnde erkennbar, die den Angeklagten, der schon im Ermittlungsverfahren voll umf\u00e4nglich gest\u00e4ndig war und umfassende Aufkl\u00e4rungshilfe leistete, h\u00e4tte veranlassen k\u00f6nnen, nach erfolgter Belehrung die schlie\u00dflich getroffene und f\u00fcr ihn g\u00fcnstige Verst\u00e4ndigung abzulehnen (vgl. BGH, Beschluss vom 17. August 2010 - 4 StR 228/10; BGH, Beschluss vom 8. Oktober 2010 - 1 StR 443/10). Solche Gr\u00fcnde werden auch von der Revision nicht vorgetragen.</p>\n            </dd>\n         </dl>\n         <dl class=\"RspDL\">\n            <dt/>\n            <dd>\n               <p/>\n            </dd>\n         </dl>\n         <dl class=\"RspDL\">\n            <dt/>\n            <dd>\n               <table border=\"0\" cellpadding=\"0\" cellspacing=\"0\" class=\"Rsp\">\n                  <tr>\n                     <td colspan=\"1\" rowspan=\"1\" valign=\"top\">\n                        <p>Nack\u00a0\u00a0\u00a0\u00a0\u00a0</p>\n                     </td>\n                     <td colspan=\"1\" rowspan=\"1\" valign=\"top\">\n                        <p/>\n                     </td>\n                     <td colspan=\"1\" rowspan=\"1\" valign=\"top\">\n                        <p>Wahl\u00a0\u00a0\u00a0\u00a0\u00a0</p>\n                     </td>\n                     <td colspan=\"1\" rowspan=\"1\" valign=\"top\">\n                        <p/>\n                     </td>\n                  </tr>\n                  <tr>\n                     <td colspan=\"1\" rowspan=\"1\" valign=\"top\">\n                        <p/>\n                     </td>\n                     <td colspan=\"1\" rowspan=\"1\" valign=\"top\">\n                        <p>J\u00e4ger\u00a0\u00a0\u00a0\u00a0\u00a0</p>\n                     </td>\n                     <td colspan=\"1\" rowspan=\"1\" valign=\"top\">\n                        <p/>\n                     </td>\n                     <td colspan=\"1\" rowspan=\"1\" valign=\"top\">\n                        <p>RiBGH Prof. Dr. Sander befindet sich in<br/>Urlaub und ist deshalb an der Unterschrift<br/>gehindert</p>\n                     </td>\n                  </tr>\n                  <tr>\n                     <td colspan=\"1\" rowspan=\"1\" valign=\"top\">\n                        <p/>\n                     </td>\n                     <td colspan=\"1\" rowspan=\"1\" valign=\"top\">\n                        <p/>\n                     </td>\n                     <td colspan=\"1\" rowspan=\"1\" valign=\"top\">\n                        <p/>\n                     </td>\n                     <td colspan=\"1\" rowspan=\"1\" valign=\"top\">\n                        <p style=\"text-align:center\">Nack</p>\n                     </td>\n                  </tr>\n               </table>\n            </dd>\n         </dl>\n         <dl class=\"RspDL\">\n            <dt/>\n            <dd>\n               <p/>\n            </dd>\n         </dl>\n      </div>\n   ", "accessRights": "public", "gerort": "", "entschDatum": "20101008", "coverage": "Deutschland", "titel": "\n      <dl class=\"RspDL\">\n         <dt/>\n         <dd>\n            <p>Verst\u00e4ndigung im Strafverfahren: Beschwer des Angeklagten bei fehlender Angabe einer Strafuntergrenze in der Bekanntgabe des Inhalts einer m\u00f6glichen Verst\u00e4ndigung durch das Gericht</p>\n         </dd>\n      </dl>\n   ", "ecli": "", "identifier": "http://www.rechtsprechung-im-internet.de/jportal/?quelle=jlink&docid=JURE100073556&psml=bsjrsprod.psml&max=true", "spruchkoerper": "1. Strafsenat", "vorinstanz": "vorgehend LG Regensburg, 25. Februar 2010, Az: 1 KLs 137 Js 92037/09, Urteil\n   ", "doknr": "JURE100073556", "abweichendeMeinung": "", "tenor": "\n      <div>\n         <dl class=\"RspDL\">\n            <dt/>\n            <dd>\n               <p>Die Revision des Angeklagten gegen das Urteil des Landgerichts Regensburg vom 25. Februar 2010 wird als unbegr\u00fcndet verworfen.</p>\n            </dd>\n         </dl>\n         <dl class=\"RspDL\">\n            <dt/>\n            <dd>\n               <p/>\n            </dd>\n         </dl>\n         <dl class=\"RspDL\">\n            <dt/>\n            <dd>\n               <p>Der Beschwerdef\u00fchrer hat die Kosten des Rechtsmittels zu tragen.</p>\n            </dd>\n         </dl>\n         <dl class=\"RspDL\">\n            <dt/>\n            <dd>\n               <p/>\n            </dd>\n         </dl>\n      </div>\n   ", "regionAbk": "DEU"}