{"publisher": "BMJV", "tatbestand": "", "absaetze": [{"num": "1", "textProcessed": ["landgericht", "angeklagt", "gefahr", "korperverletz", "freiheitsstraf", "jahr", "verurteilt", "vollstreck", "bewahr", "ausgesetzt", "ausserd", "adhasionsentscheid", "getroff", "nebenklagerin", "erstrebt", "revision", "verletz", "formell", "materiell", "recht", "rugt", "verurteil", "angeklagt", "versucht", "totschlag", "tatein", "versucht", "vergewalt"], "text": "Das Landgericht hat den Angeklagten wegen gef\u00e4hrlicher K\u00f6rperverletzung zu einer Freiheitsstrafe von einem Jahr verurteilt, deren Vollstreckung es zur Bew\u00e4hrung ausgesetzt hat; au\u00dferdem hat es eine Adh\u00e4sionsentscheidung getroffen. Die Nebenkl\u00e4gerin erstrebt mit ihrer Revision, mit der sie die Verletzung formellen und materiellen Rechts r\u00fcgt, eine Verurteilung des Angeklagten wegen versuchten Totschlags in Tateinheit mit versuchter Vergewaltigung."}, {"num": "2", "textProcessed": ["nachpruf", "urteil", "grund", "revisionsrechtfert", "rechtsfehl", "gunst", "angeklagt", "ergeb", "generalbundesanwalt", "antragsschrift", "einzeln", "zutreff", "ausgefuhrt", "urteil", "jedoch", "entsprech", "anwend", "stpo", "gunst", "angeklagt", "schuldspruch", "abzuand", "strafausspruch", "aufzuheb", "rechtsfehl", "nachteil", "angeklagt", "aufweist", "revision", "nebenklagerin", "beacht", "obwohl", "rechtsmittel", "ungun", "angeklagt", "eingelegt", "wurd", "vgl", "bgh", "beschluss", "august", "str", "nstz", "rr", "januar", "str", "nstz", "rr"], "text": "Die Nachpr\u00fcfung des Urteils auf Grund der Revisionsrechtfertigung hat keinen Rechtsfehler zu Gunsten des Angeklagten ergeben, wie der Generalbundesanwalt in seiner Antragsschrift im Einzelnen zutreffend ausgef\u00fchrt hat. Das Urteil ist jedoch in entsprechender Anwendung des \u00a7 301 StPO zu Gunsten des Angeklagten im Schuldspruch abzu\u00e4ndern und im Strafausspruch aufzuheben, weil es einen Rechtsfehler zum Nachteil des Angeklagten aufweist, der auf die Revision der Nebenkl\u00e4gerin zu beachten ist, obwohl das Rechtsmittel nur zu Ungunsten des Angeklagten eingelegt wurde (vgl. BGH, Beschl\u00fcsse vom 23. August 1995 - 2 StR 394/95, NStZ-RR 1996, 130 und vom 12. Januar 2010 - 4 StR 589/09, NStZ-RR 2010, 205, 206)."}, {"num": "3", "textProcessed": ["insoweit", "getroff", "feststell", "fasst", "angeklagt", "nebenklagerin", "verlauf", "rangelei", "hand", "link", "halsseit", "druckt", "kurz", "zeit", "zwei", "fing", "kraft", "dageg", "erreich", "dass", "aufhort", "kratz", "dafur", "bestraf", "dass", "lustig", "gemacht", "beleidigt", "tot", "nebenklagerin", "erlitt", "zwei", "dicht", "beieinand", "befind", "hamatom", "link", "halsseit", "rechtsmedizin", "sachverstand", "ausgefuhrt", "dass", "klassisch", "wurgemal", "handel", "vielmehr", "seien", "hamatom", "einfach", "druck", "hal", "hand", "verursacht", "word", "ausgeubt", "druck", "sei", "gering", "halsschlagad", "verschliess", "unterbrech", "luftzufuhr", "bewirk", "konn", "kompression", "halsweichteil", "verschluss", "halsgefass", "gefuhrt", "potenziell", "lebensgefahr", "erford", "lang", "einwirk", "bestimmt", "hal", "verlauf", "nervenbahn", "ua", "ausfuhr", "landgericht", "angeschloss"], "text": "1. Nach den insoweit getroffenen Feststellungen fasste der Angeklagte der Nebenkl\u00e4gerin im Verlauf einer Rangelei mit einer Hand an ihre linke Halsseite und dr\u00fcckte w\u00e4hrend einer kurzen Zeit mit zwei Fingern mit einiger Kraft dagegen. Damit wollte er erreichen, dass sie aufh\u00f6rte, ihn zu kratzen, und sie daf\u00fcr bestrafen, dass sie sich \u00fcber ihn lustig gemacht und ihn beleidigt hatte; t\u00f6ten wollte er sie nicht. Die Nebenkl\u00e4gerin erlitt zwei dicht beieinander befindliche H\u00e4matome an der linken Halsseite. Die rechtsmedizinische Sachverst\u00e4ndige hat dazu ausgef\u00fchrt, dass es sich nicht um \"klassische\" W\u00fcrgemale handele, vielmehr seien die H\u00e4matome durch einfachen Druck gegen den Hals mit einer Hand verursacht worden. Der ausge\u00fcbte Druck sei zu gering gewesen, um eine Halsschlagader zu verschlie\u00dfen oder eine Unterbrechung der Luftzufuhr zu bewirken. Zwar k\u00f6nne auch eine Kompression der Halsweichteile, selbst wenn sie nicht zu einem Verschluss der Halsgef\u00e4\u00dfe gef\u00fchrt habe, potenziell lebensgef\u00e4hrlich sein; dies erfordere aber eine l\u00e4ngere Einwirkung auf bestimmte, im Hals verlaufende Nervenbahnen [UA 16, 23]. Diesen Ausf\u00fchrungen hat sich das Landgericht angeschlossen."}, {"num": "4", "textProcessed": ["feststell", "trag", "annahm", "vorsatz", "korperverletz", "abs", "stgb", "jedoch", "gefahr", "korperverletz", "tatbestandsvariant", "lebensgefahrd", "behandl", "sinn", "abs", "nr", "stgb"], "text": "2. Diese Feststellungen tragen die Annahme einer vors\u00e4tzlichen K\u00f6rperverletzung (\u00a7 223 Abs. 1 StGB), nicht jedoch die einer gef\u00e4hrlichen K\u00f6rperverletzung in der Tatbestandsvariante der lebensgef\u00e4hrdenden Behandlung im Sinne des \u00a7 224 Abs. 1 Nr. 5 StGB."}, {"num": "5", "textProcessed": ["fest", "wurg", "hal", "geeignet", "lebensgefahrd", "herbeizufuhr", "reicht", "hierfur", "jedoch", "griff", "hal", "wurgemalahn", "druckmerkmal", "hamatom", "fuhrt", "vgl", "bgh", "beschluss", "oktob", "str", "nstz", "rr", "massgeb", "bedeut", "vielmehr", "dau", "stark", "einwirk", "fuhr", "dass", "opf", "korperverletz", "tatsach", "lebensgefahr", "gerat", "abstrakt", "geeignet", "leb", "opf", "gefahrd", "st", "rspr", "vgl", "nachweis", "fisch", "stgb", "aufl", "rn", "landgericht", "intensitat", "dau", "einwirk", "halsbereich", "nebenklagerin", "getroff", "feststell", "beleg", "eignung", "danach", "einwirk", "schwach", "unterbrech", "blutzirkulation", "luftzufuhr", "bewirk", "kurz", "wichtig", "nervenbahn", "schadig", "dass", "dadurch", "herzstillstand", "eintret", "konnt"], "text": "Zwar kann festes W\u00fcrgen am Hals geeignet sein, eine Lebensgef\u00e4hrdung herbeizuf\u00fchren; es reicht hierf\u00fcr jedoch nicht jeder Griff an den Hals aus, der zu w\u00fcrgemal\u00e4hnlichen Druckmerkmalen oder H\u00e4matomen f\u00fchrt (vgl. BGH, Beschluss vom 14. Oktober 2004 - 4 StR 403/04, NStZ-RR 2005, 44 m.w.N.). Von ma\u00dfgeblicher Bedeutung sind vielmehr Dauer und St\u00e4rke der Einwirkung, die zwar nicht dazu f\u00fchren muss, dass das Opfer der K\u00f6rperverletzung tats\u00e4chlich in Lebensgefahr ger\u00e4t, aber abstrakt geeignet sein muss, das Leben des Opfers zu gef\u00e4hrden (st. Rspr.; vgl. die Nachweise bei Fischer StGB 57. Aufl. \u00a7 224 Rn. 12, 12c). Die vom Landgericht zu Intensit\u00e4t und Dauer der Einwirkung auf den Halsbereich der Nebenkl\u00e4gerin getroffenen Feststellungen belegen eine solche Eignung nicht: Danach war die Einwirkung zu schwach, um eine Unterbrechung der Blutzirkulation oder der Luftzufuhr zu bewirken, und zu kurz, um wichtige Nervenbahnen so zu sch\u00e4digen, dass dadurch ein Herzstillstand eintreten konnte."}, {"num": "6", "textProcessed": ["senat", "stellt", "schuldspruch", "vorsatz", "korperverletz", "abs", "stgb", "voraussetz", "abs", "stgb", "liegt", "generalbundesanwalt", "antragsschrift", "besond", "offent", "interess", "strafverfolg", "bejaht", "stpo", "steht", "schuldspruchander", "entgeg", "angeklagt", "gescheh", "hatt", "verteid"], "text": "3. Der Senat stellt den Schuldspruch auf vors\u00e4tzliche K\u00f6rperverletzung (\u00a7 223 Abs. 1 StGB) um. Die Voraussetzung des \u00a7 230 Abs. 1 StGB liegt vor, da der Generalbundesanwalt in seiner Antragsschrift das besondere \u00f6ffentliche Interesse an der Strafverfolgung bejaht hat. \u00a7 265 StPO steht der Schuldspruch\u00e4nderung nicht entgegen, da sich der Angeklagte nicht anders als geschehen h\u00e4tte verteidigen k\u00f6nnen."}, {"num": "7", "textProcessed": ["schuldspruch", "zieht", "angesicht", "gegenub", "stgb", "mild", "strafrahm", "stgb", "aufheb", "strafausspruch", "aufheb", "adhasionsentscheid", "senat", "kam", "dageg", "betracht", "vgl", "hierzu", "bgh", "urteil", "novemb", "str", "bghst", "vgl", "mey", "gossn", "stpo", "aufl", "rn"], "text": "4. Die \u00c4nderung des Schuldspruchs zieht angesichts des gegen\u00fcber \u00a7 224 StGB milderen Strafrahmens des \u00a7 223 StGB die Aufhebung des Strafausspruchs nach sich. Eine Aufhebung der Adh\u00e4sionsentscheidung durch den Senat kam dagegen nicht in Betracht (vgl. hierzu BGH, Urteil vom 28. November 2007 - 2 StR 477/07, BGHSt 52, 96 f.; vgl. auch Meyer-Go\u00dfner StPO 53. Aufl. \u00a7 406a Rn. 8 m.w.N.)."}, {"num": "8", "textProcessed": ["senat", "macht", "moglich", "abs", "stpo", "gebrauch", "verweist", "sach", "amtsgericht", "strafricht", "aschersleb", "zuruck", "strafgewalt", "ausreicht"], "text": "5. Der Senat macht von der M\u00f6glichkeit des \u00a7 354 Abs. 3 StPO Gebrauch und verweist die Sache an das Amtsgericht - Strafrichter - Aschersleben zur\u00fcck, da dessen Strafgewalt hier ausreicht."}], "norm": ["\u00a7 224 Nr 5 StGB"], "doktyp": "Beschluss", "regionLong": "Bundesrepublik Deutschland", "sonstlt": "", "gruendeProcessed": ["landgericht", "angeklagt", "gefahr", "korperverletz", "freiheitsstraf", "jahr", "verurteilt", "vollstreck", "bewahr", "ausgesetzt", "ausserd", "adhasionsentscheid", "getroff", "nebenklagerin", "erstrebt", "revision", "verletz", "formell", "materiell", "recht", "rugt", "verurteil", "angeklagt", "versucht", "totschlag", "tatein", "versucht", "vergewalt", "nachpruf", "urteil", "grund", "revisionsrechtfert", "rechtsfehl", "gunst", "angeklagt", "ergeb", "generalbundesanwalt", "antragsschrift", "einzeln", "zutreff", "ausgefuhrt", "urteil", "jedoch", "entsprech", "anwend", "stpo", "gunst", "angeklagt", "schuldspruch", "abzuand", "strafausspruch", "aufzuheb", "rechtsfehl", "nachteil", "angeklagt", "aufweist", "revision", "nebenklagerin", "beacht", "obwohl", "rechtsmittel", "ungun", "angeklagt", "eingelegt", "wurd", "vgl", "bgh", "beschluss", "august", "str", "nstz", "rr", "januar", "str", "nstz", "rr", "insoweit", "getroff", "feststell", "fasst", "angeklagt", "nebenklagerin", "verlauf", "rangelei", "hand", "link", "halsseit", "druckt", "kurz", "zeit", "zwei", "fing", "kraft", "dageg", "erreich", "dass", "aufhort", "kratz", "dafur", "bestraf", "dass", "lustig", "gemacht", "beleidigt", "tot", "nebenklagerin", "erlitt", "zwei", "dicht", "beieinand", "befind", "hamatom", "link", "halsseit", "rechtsmedizin", "sachverstand", "ausgefuhrt", "dass", "klassisch", "wurgemal", "handel", "vielmehr", "seien", "hamatom", "einfach", "druck", "hal", "hand", "verursacht", "word", "ausgeubt", "druck", "sei", "gering", "halsschlagad", "verschliess", "unterbrech", "luftzufuhr", "bewirk", "konn", "kompression", "halsweichteil", "verschluss", "halsgefass", "gefuhrt", "potenziell", "lebensgefahr", "erford", "lang", "einwirk", "bestimmt", "hal", "verlauf", "nervenbahn", "ua", "ausfuhr", "landgericht", "angeschloss", "feststell", "trag", "annahm", "vorsatz", "korperverletz", "abs", "stgb", "jedoch", "gefahr", "korperverletz", "tatbestandsvariant", "lebensgefahrd", "behandl", "sinn", "abs", "nr", "stgb", "fest", "wurg", "hal", "geeignet", "lebensgefahrd", "herbeizufuhr", "reicht", "hierfur", "jedoch", "griff", "hal", "wurgemalahn", "druckmerkmal", "hamatom", "fuhrt", "vgl", "bgh", "beschluss", "oktob", "str", "nstz", "rr", "massgeb", "bedeut", "vielmehr", "dau", "stark", "einwirk", "fuhr", "dass", "opf", "korperverletz", "tatsach", "lebensgefahr", "gerat", "abstrakt", "geeignet", "leb", "opf", "gefahrd", "st", "rspr", "vgl", "nachweis", "fisch", "stgb", "aufl", "rn", "landgericht", "intensitat", "dau", "einwirk", "halsbereich", "nebenklagerin", "getroff", "feststell", "beleg", "eignung", "danach", "einwirk", "schwach", "unterbrech", "blutzirkulation", "luftzufuhr", "bewirk", "kurz", "wichtig", "nervenbahn", "schadig", "dass", "dadurch", "herzstillstand", "eintret", "konnt", "senat", "stellt", "schuldspruch", "vorsatz", "korperverletz", "abs", "stgb", "voraussetz", "abs", "stgb", "liegt", "generalbundesanwalt", "antragsschrift", "besond", "offent", "interess", "strafverfolg", "bejaht", "stpo", "steht", "schuldspruchander", "entgeg", "angeklagt", "gescheh", "hatt", "verteid", "schuldspruch", "zieht", "angesicht", "gegenub", "stgb", "mild", "strafrahm", "stgb", "aufheb", "strafausspruch", "aufheb", "adhasionsentscheid", "senat", "kam", "dageg", "betracht", "vgl", "hierzu", "bgh", "urteil", "novemb", "str", "bghst", "vgl", "mey", "gossn", "stpo", "aufl", "rn", "senat", "macht", "moglich", "abs", "stpo", "gebrauch", "verweist", "sach", "amtsgericht", "strafricht", "aschersleb", "zuruck", "strafgewalt", "ausreicht", "ernemann", "solin", "stojanovi\u0107", "cierniak", "frank", "bend"], "mitwirkung": "", "aktenzeichen": "4 StR 442/10", "language": "deutsch", "gertyp": "BGH", "leitsatz": "", "gruende": "\n      <div>\n         <dl class=\"RspDL\">\n            <dt>\n               <a name=\"rd_1\">1</a>\n            </dt>\n            <dd>\n               <p>Das Landgericht hat den Angeklagten wegen gef\u00e4hrlicher K\u00f6rperverletzung zu einer Freiheitsstrafe von einem Jahr verurteilt, deren Vollstreckung es zur Bew\u00e4hrung ausgesetzt hat; au\u00dferdem hat es eine Adh\u00e4sionsentscheidung getroffen. Die Nebenkl\u00e4gerin erstrebt mit ihrer Revision, mit der sie die Verletzung formellen und materiellen Rechts r\u00fcgt, eine Verurteilung des Angeklagten wegen versuchten Totschlags in Tateinheit mit versuchter Vergewaltigung.</p>\n            </dd>\n         </dl>\n         <dl class=\"RspDL\">\n            <dt/>\n            <dd>\n               <p/>\n            </dd>\n         </dl>\n         <dl class=\"RspDL\">\n            <dt>\n               <a name=\"rd_2\">2</a>\n            </dt>\n            <dd>\n               <p>Die Nachpr\u00fcfung des Urteils auf Grund der Revisionsrechtfertigung hat keinen Rechtsfehler zu Gunsten des Angeklagten ergeben, wie der Generalbundesanwalt in seiner Antragsschrift im Einzelnen zutreffend ausgef\u00fchrt hat. Das Urteil ist jedoch in entsprechender Anwendung des \u00a7 301 StPO zu Gunsten des Angeklagten im Schuldspruch abzu\u00e4ndern und im Strafausspruch aufzuheben, weil es einen Rechtsfehler zum Nachteil des Angeklagten aufweist, der auf die Revision der Nebenkl\u00e4gerin zu beachten ist, obwohl das Rechtsmittel nur zu Ungunsten des Angeklagten eingelegt wurde (vgl. BGH, Beschl\u00fcsse vom 23. August 1995 - 2 StR 394/95, NStZ-RR 1996, 130 und vom 12. Januar 2010 - 4 StR 589/09, NStZ-RR 2010, 205, 206).</p>\n            </dd>\n         </dl>\n         <dl class=\"RspDL\">\n            <dt/>\n            <dd>\n               <p/>\n            </dd>\n         </dl>\n         <dl class=\"RspDL\">\n            <dt>\n               <a name=\"rd_3\">3</a>\n            </dt>\n            <dd>\n               <p>1. Nach den insoweit getroffenen Feststellungen fasste der Angeklagte der Nebenkl\u00e4gerin im Verlauf einer Rangelei mit einer Hand an ihre linke Halsseite und dr\u00fcckte w\u00e4hrend einer kurzen Zeit mit zwei Fingern mit einiger Kraft dagegen. Damit wollte er erreichen, dass sie aufh\u00f6rte, ihn zu kratzen, und sie daf\u00fcr bestrafen, dass sie sich \u00fcber ihn lustig gemacht und ihn beleidigt hatte; t\u00f6ten wollte er sie nicht. Die Nebenkl\u00e4gerin erlitt zwei dicht beieinander befindliche H\u00e4matome an der linken Halsseite. Die rechtsmedizinische Sachverst\u00e4ndige hat dazu ausgef\u00fchrt, dass es sich nicht um \"klassische\" W\u00fcrgemale handele, vielmehr seien die H\u00e4matome durch einfachen Druck gegen den Hals mit einer Hand verursacht worden. Der ausge\u00fcbte Druck sei zu gering gewesen, um eine Halsschlagader zu verschlie\u00dfen oder eine Unterbrechung der Luftzufuhr zu bewirken. Zwar k\u00f6nne auch eine Kompression der Halsweichteile, selbst wenn sie nicht zu einem Verschluss der Halsgef\u00e4\u00dfe gef\u00fchrt habe, potenziell lebensgef\u00e4hrlich sein; dies erfordere aber eine l\u00e4ngere Einwirkung auf bestimmte, im Hals verlaufende Nervenbahnen [UA 16, 23]. Diesen Ausf\u00fchrungen hat sich das Landgericht angeschlossen.</p>\n            </dd>\n         </dl>\n         <dl class=\"RspDL\">\n            <dt/>\n            <dd>\n               <p/>\n            </dd>\n         </dl>\n         <dl class=\"RspDL\">\n            <dt>\n               <a name=\"rd_4\">4</a>\n            </dt>\n            <dd>\n               <p>2. Diese Feststellungen tragen die Annahme einer vors\u00e4tzlichen K\u00f6rperverletzung (\u00a7 223 Abs. 1 StGB), nicht jedoch die einer gef\u00e4hrlichen K\u00f6rperverletzung in der Tatbestandsvariante der lebensgef\u00e4hrdenden Behandlung im Sinne des \u00a7 224 Abs. 1 Nr. 5 StGB.</p>\n            </dd>\n         </dl>\n         <dl class=\"RspDL\">\n            <dt/>\n            <dd>\n               <p/>\n            </dd>\n         </dl>\n         <dl class=\"RspDL\">\n            <dt>\n               <a name=\"rd_5\">5</a>\n            </dt>\n            <dd>\n               <p>Zwar kann festes W\u00fcrgen am Hals geeignet sein, eine Lebensgef\u00e4hrdung herbeizuf\u00fchren; es reicht hierf\u00fcr jedoch nicht jeder Griff an den Hals aus, der zu w\u00fcrgemal\u00e4hnlichen Druckmerkmalen oder H\u00e4matomen f\u00fchrt (vgl. BGH, Beschluss vom 14. Oktober 2004 - 4 StR 403/04, NStZ-RR 2005, 44 m.w.N.). Von ma\u00dfgeblicher Bedeutung sind vielmehr Dauer und St\u00e4rke der Einwirkung, die zwar nicht dazu f\u00fchren muss, dass das Opfer der K\u00f6rperverletzung tats\u00e4chlich in Lebensgefahr ger\u00e4t, aber abstrakt geeignet sein muss, das Leben des Opfers zu gef\u00e4hrden (st. Rspr.; vgl. die Nachweise bei Fischer StGB 57. Aufl. \u00a7 224 Rn. 12, 12c). Die vom Landgericht zu Intensit\u00e4t und Dauer der Einwirkung auf den Halsbereich der Nebenkl\u00e4gerin getroffenen Feststellungen belegen eine solche Eignung nicht: Danach war die Einwirkung zu schwach, um eine Unterbrechung der Blutzirkulation oder der Luftzufuhr zu bewirken, und zu kurz, um wichtige Nervenbahnen so zu sch\u00e4digen, dass dadurch ein Herzstillstand eintreten konnte.</p>\n            </dd>\n         </dl>\n         <dl class=\"RspDL\">\n            <dt/>\n            <dd>\n               <p/>\n            </dd>\n         </dl>\n         <dl class=\"RspDL\">\n            <dt>\n               <a name=\"rd_6\">6</a>\n            </dt>\n            <dd>\n               <p>3. Der Senat stellt den Schuldspruch auf vors\u00e4tzliche K\u00f6rperverletzung (\u00a7 223 Abs. 1 StGB) um. Die Voraussetzung des \u00a7 230 Abs. 1 StGB liegt vor, da der Generalbundesanwalt in seiner Antragsschrift das besondere \u00f6ffentliche Interesse an der Strafverfolgung bejaht hat. \u00a7 265 StPO steht der Schuldspruch\u00e4nderung nicht entgegen, da sich der Angeklagte nicht anders als geschehen h\u00e4tte verteidigen k\u00f6nnen.</p>\n            </dd>\n         </dl>\n         <dl class=\"RspDL\">\n            <dt/>\n            <dd>\n               <p/>\n            </dd>\n         </dl>\n         <dl class=\"RspDL\">\n            <dt>\n               <a name=\"rd_7\">7</a>\n            </dt>\n            <dd>\n               <p>4. Die \u00c4nderung des Schuldspruchs zieht angesichts des gegen\u00fcber \u00a7 224 StGB milderen Strafrahmens des \u00a7 223 StGB die Aufhebung des Strafausspruchs nach sich. Eine Aufhebung der Adh\u00e4sionsentscheidung durch den Senat kam dagegen nicht in Betracht (vgl. hierzu BGH, Urteil vom 28. November 2007 - 2 StR 477/07, BGHSt 52, 96 f.; vgl. auch Meyer-Go\u00dfner StPO 53. Aufl. \u00a7 406a Rn. 8 m.w.N.).</p>\n            </dd>\n         </dl>\n         <dl class=\"RspDL\">\n            <dt/>\n            <dd>\n               <p/>\n            </dd>\n         </dl>\n         <dl class=\"RspDL\">\n            <dt>\n               <a name=\"rd_8\">8</a>\n            </dt>\n            <dd>\n               <p>5. Der Senat macht von der M\u00f6glichkeit des \u00a7 354 Abs. 3 StPO Gebrauch und verweist die Sache an das Amtsgericht - Strafrichter - Aschersleben zur\u00fcck, da dessen Strafgewalt hier ausreicht.</p>\n            </dd>\n         </dl>\n         <dl class=\"RspDL\">\n            <dt/>\n            <dd>\n               <p/>\n            </dd>\n         </dl>\n         <dl class=\"RspDL\">\n            <dt/>\n            <dd>\n               <p>Ernemann\u00a0\u00a0\u00a0\u00a0\u00a0\u00a0\u00a0\u00a0\u00a0\u00a0\u00a0\u00a0\u00a0\u00a0\u00a0\u00a0\u00a0\u00a0\u00a0\u00a0\u00a0\u00a0\u00a0\u00a0\u00a0\u00a0\u00a0\u00a0\u00a0\u00a0\u00a0Solin-Stojanovi\u0107\u00a0\u00a0\u00a0\u00a0\u00a0\u00a0\u00a0\u00a0\u00a0\u00a0\u00a0\u00a0\u00a0\u00a0\u00a0\u00a0\u00a0\u00a0\u00a0\u00a0\u00a0\u00a0\u00a0\u00a0\u00a0\u00a0\u00a0\u00a0\u00a0\u00a0\u00a0\u00a0\u00a0\u00a0\u00a0\u00a0Cierniak</p>\n            </dd>\n         </dl>\n         <dl class=\"RspDL\">\n            <dt/>\n            <dd>\n               <p>\u00a0\u00a0\u00a0\u00a0\u00a0\u00a0\u00a0\u00a0\u00a0\u00a0\u00a0\u00a0\u00a0\u00a0\u00a0\u00a0\u00a0\u00a0\u00a0\u00a0\u00a0\u00a0\u00a0Franke\u00a0\u00a0\u00a0\u00a0\u00a0\u00a0\u00a0\u00a0\u00a0\u00a0\u00a0\u00a0\u00a0\u00a0\u00a0\u00a0\u00a0\u00a0\u00a0\u00a0\u00a0\u00a0\u00a0\u00a0\u00a0\u00a0\u00a0\u00a0\u00a0\u00a0\u00a0\u00a0\u00a0\u00a0\u00a0\u00a0\u00a0\u00a0\u00a0\u00a0\u00a0\u00a0\u00a0\u00a0\u00a0\u00a0\u00a0\u00a0Bender</p>\n            </dd>\n         </dl>\n         <dl class=\"RspDL\">\n            <dt/>\n            <dd>\n               <p/>\n            </dd>\n         </dl>\n      </div>\n   ", "accessRights": "public", "gerort": "", "entschDatum": "20100928", "coverage": "Deutschland", "titel": "\n      <dl class=\"RspDL\">\n         <dt/>\n         <dd>\n            <p>Gef\u00e4hrliche K\u00f6rperverletzung: Lebensgef\u00e4hrdende Behandlung bei W\u00fcrgen am Hals</p>\n         </dd>\n      </dl>\n   ", "ecli": "", "identifier": "http://www.rechtsprechung-im-internet.de/jportal/?quelle=jlink&docid=JURE100072242&psml=bsjrsprod.psml&max=true", "spruchkoerper": "4. Strafsenat", "vorinstanz": "vorgehend LG Magdeburg, 27. Januar 2010, Az: 21 Ks 162 Js 14506/09 - 9/09 - 111 Ss 97/10, Urteil\n   ", "doknr": "JURE100072242", "abweichendeMeinung": "", "tenor": "\n      <div>\n         <dl class=\"RspDL\">\n            <dt/>\n            <dd>\n               <p>1. Die Revision der Nebenkl\u00e4gerin gegen das Urteil des Landgerichts Magdeburg vom 27. Januar 2010 wird als unbegr\u00fcndet verworfen, soweit sie zu Ungunsten des Angeklagten eingelegt ist.</p>\n            </dd>\n         </dl>\n         <dl class=\"RspDL\">\n            <dt/>\n            <dd>\n               <p/>\n            </dd>\n         </dl>\n         <dl class=\"RspDL\">\n            <dt/>\n            <dd>\n               <p>2. Soweit das Rechtsmittel zu Gunsten des Angeklagten wirkt (\u00a7 301 StPO), wird das vorbezeichnete Urteil</p>\n            </dd>\n         </dl>\n         <dl class=\"RspDL\">\n            <dt/>\n            <dd>\n               <p/>\n            </dd>\n         </dl>\n         <dl class=\"RspDL\">\n            <dt/>\n            <dd>\n               <p style=\"margin-left:18pt\">a) im Schuldspruch dahin ge\u00e4ndert, dass der Angeklagte der vors\u00e4tzlichen K\u00f6rperverletzung schuldig ist,</p>\n            </dd>\n         </dl>\n         <dl class=\"RspDL\">\n            <dt/>\n            <dd>\n               <p style=\"margin-left:18pt\"/>\n            </dd>\n         </dl>\n         <dl class=\"RspDL\">\n            <dt/>\n            <dd>\n               <p style=\"margin-left:18pt\">b) im Strafausspruch mit den zugeh\u00f6rigen Feststellungen aufgehoben.</p>\n            </dd>\n         </dl>\n         <dl class=\"RspDL\">\n            <dt/>\n            <dd>\n               <p/>\n            </dd>\n         </dl>\n         <dl class=\"RspDL\">\n            <dt/>\n            <dd>\n               <p>3. Im Umfang der Aufhebung wird die Sache zu neuer Verhandlung und Entscheidung an das Amtsgericht - Strafrichter - Aschersleben zur\u00fcckverwiesen.</p>\n            </dd>\n         </dl>\n         <dl class=\"RspDL\">\n            <dt/>\n            <dd>\n               <p/>\n            </dd>\n         </dl>\n         <dl class=\"RspDL\">\n            <dt/>\n            <dd>\n               <p>4. Die Nebenkl\u00e4gerin hat die Kosten ihres Rechtsmittels und die dem Angeklagten im Revisionsverfahren entstandenen notwendigen Auslagen zu tragen.</p>\n            </dd>\n         </dl>\n         <dl class=\"RspDL\">\n            <dt/>\n            <dd>\n               <p/>\n            </dd>\n         </dl>\n      </div>\n   ", "regionAbk": "DEU"}