{"publisher": "BMJV", "tatbestand": "", "absaetze": [{"num": "1", "textProcessed": ["angeklagt", "landgericht", "gemeinschaft", "revidier", "mitangeklagt", "begang", "mord", "lebenslang", "freiheitsstraf", "verurteilt", "word", "hiergeg", "gerichtet", "verletz", "sachlich", "formlich", "recht", "gestutzt", "revision", "bleibt", "erfolg", "abs", "stpo", "nah", "geltend", "gemacht", "verstoss", "stpo", "stpo", "nr", "stpo", "auszufuhr"], "text": "Der Angeklagte ist vom Landgericht wegen - gemeinschaftlich mit dem nicht revidierenden Mitangeklagten P.\u00a0\u00a0\u00a0\u00a0\u00a0\u00a0begangenen - Mordes zu lebenslanger Freiheitsstrafe verurteilt worden. Seine hiergegen gerichtete, auf die Verletzung sachlichen und f\u00f6rmlichen Rechts gest\u00fctzte Revision bleibt ohne Erfolg (\u00a7 349 Abs. 2 StPO). N\u00e4her ist dies nur zu den geltend gemachten Verst\u00f6\u00dfen gegen \u00a7 265 StPO (1.), \u00a7 244 StPO (2.) und \u00a7 338 Nr. 8 StPO (3.) auszuf\u00fchren."}, {"num": "2", "textProcessed": ["angeklagt", "anklageschrift", "vorgeworf", "word", "opf", "heimtuck", "habgier", "getotet", "landgericht", "heimtuck", "niedrig", "beweggrund", "begang", "tat", "verurteilt", "hauptverhandl", "vorsitz", "angeklagt", "darauf", "hingewies", "dass", "sonstig", "niedrig", "beweggrund", "mordmerkmal", "betracht", "komm", "revision", "meint", "hinweis", "sei", "unzulang", "rechtlich", "bewert", "tragend", "sachverhalt", "hatt", "genau", "bezeichnet", "rug", "geht", "fehl", "zugrund", "liegend", "annahm", "hinweis", "gemass", "stpo", "rechtsgrund", "stet", "neu", "tatsach", "erkenntnis", "beruh", "unzutreff", "freilich", "forens", "erfahr", "vielfach", "fall", "jedoch", "hinweis", "stpo", "gebot", "sachverhalt", "geandert", "auffass", "gericht", "dennoch", "rechtlich", "zugelass", "anklag", "bewert", "vgl", "kk", "engelhardt", "stpo", "aufl", "rn", "verfahrensverstoss", "dah", "allein", "behaupt", "geandert", "tatsach", "grundlag", "hinweis", "gemass", "stpo", "seien", "mitgeteilt", "word", "schlussig", "dargetan"], "text": "1. W\u00e4hrend dem Angeklagten mit der Anklageschrift vorgeworfen worden war, sein Opfer heimt\u00fcckisch und habgierig get\u00f6tet zu haben, hat das Landgericht ihn wegen einer heimt\u00fcckisch und aus niedrigen Beweggr\u00fcnden begangenen Tat verurteilt. In der Hauptverhandlung hatte der Vorsitzende den Angeklagten darauf hingewiesen, dass u.a. auch \u201esonstige niedrige Beweggr\u00fcnde\u201c als Mordmerkmal in Betracht kommen. Die Revision meint, dieser Hinweis sei unzul\u00e4nglich gewesen, weil der die rechtliche Bewertung tragende Sachverhalt h\u00e4tte genau bezeichnet werden m\u00fcssen. Diese R\u00fcge geht fehl. Denn die ihr zugrunde liegende Annahme, ein Hinweis gem\u00e4\u00df \u00a7 265 StPO m\u00fcsse aus Rechtsgr\u00fcnden stets auf neuen tats\u00e4chlichen Erkenntnissen beruhen, ist unzutreffend. Freilich ist dies nach forensischer Erfahrung vielfach der Fall, jedoch ist ein Hinweis nach \u00a7 265 StPO auch dann geboten, wenn sich der Sachverhalt selbst nicht ge\u00e4ndert hat, er aber nach Auffassung des Gerichts dennoch rechtlich anders als noch in der zugelassenen Anklage zu bewerten ist (vgl. KK/Engelhardt, StPO, 6. Aufl. \u00a7 265 Rn. 17). Ein Verfahrensversto\u00df ist daher allein mit der Behauptung, ge\u00e4nderte tats\u00e4chliche Grundlagen eines Hinweises gem\u00e4\u00df \u00a7 265 StPO seien nicht mitgeteilt worden, nicht schl\u00fcssig dargetan."}, {"num": "3", "textProcessed": ["ubrig", "behaupt", "unzulang", "tatsach", "erlauter", "hinweis", "gemass", "stpo", "gestutzt", "rug", "schon", "ansatz", "erfolg", "urteil", "zugelass", "anklag", "tatsach", "hinsicht", "wesent", "voneinand", "abweich", "derart", "differenz", "vermag", "senat", "erkenn", "revision", "abstrakt", "behauptet", "erst", "recht", "konkret", "ausgefuhrt", "word", "vgl", "bgh", "beschluss", "januar", "str", "mwn"], "text": "Im \u00dcbrigen k\u00f6nnte eine auf die Behauptung unzul\u00e4nglicher tats\u00e4chlicher Erl\u00e4uterung eines Hinweises gem\u00e4\u00df \u00a7 265 StPO gest\u00fctzte R\u00fcge schon im Ansatz nur dann Erfolg haben, wenn Urteil und zugelassene Anklage in tats\u00e4chlicher Hinsicht wesentlich voneinander abweichen w\u00fcrden. Derartige Differenzen vermag der Senat nicht zu erkennen; sie sind von der Revision auch nicht einmal abstrakt behauptet, erst recht nicht konkret ausgef\u00fchrt worden (vgl. BGH, Beschluss vom 14. Januar 2010 - 1 StR 587/09 mwN)."}, {"num": "4", "textProcessed": ["hauptverhandl", "verteid", "antrag", "gestellt", "angeklagt", "staatskost", "zulass", "freiwill", "durchfuhr", "wissenschaft", "polygraph", "untersuch", "genehm", "antrag", "landgericht", "begrund", "zuruckgewies", "bezeichnet", "beweismittel", "sei", "abs", "satz", "var", "stpo", "ungeeignet"], "text": "2. In der Hauptverhandlung hatte die Verteidigung den Antrag gestellt, dem Angeklagten \u201eauf Staatskosten die Zulassung zur freiwilligen Durchf\u00fchrung einer wissenschaftlichen polygraphischen Untersuchung \u2026 zu genehmigen\u201c. Diesen Antrag hat das Landgericht mit der Begr\u00fcndung zur\u00fcckgewiesen, das bezeichnete Beweismittel sei i.S.d. \u00a7 244 Abs. 3 Satz 2 4. Var. StPO ungeeignet."}, {"num": "5", "textProcessed": ["allerding", "handelt", "entgeg", "ansicht", "revision", "bereit", "beweisantrag", "ablehn", "massstab", "stpo", "hatt", "entsprech", "wurd", "vernehm", "sachverstand", "bestimmt", "beweistatsach", "verlangt", "ledig", "eventuell", "vorgeschaltet", "untersuch", "angeklagt", "einsatz", "polygraph", "vgl", "bgh", "beschluss", "juli", "str", "nstz"], "text": "a) Allerdings handelt es sich entgegen der Ansicht der Revision bereits nicht um einen Beweisantrag, dessen Ablehnung den Ma\u00dfst\u00e4ben des \u00a7 244 StPO h\u00e4tte entsprechen m\u00fcssen. Denn mit ihm wurde (noch) nicht die Vernehmung eines Sachverst\u00e4ndigen zu einer bestimmten Beweistatsache verlangt, sondern lediglich die - eventuell nur - vorgeschaltete Untersuchung des Angeklagten unter Einsatz eines Polygraphen (vgl. BGH, Beschluss vom 30. Juli 1999 - 3 StR 272/99, NStZ 1999, 578)."}, {"num": "6", "textProcessed": ["landgericht", "hatt", "jedoch", "einhol", "entsprech", "sachverstandigengutacht", "zielend", "antrag", "genannt", "begrund", "ablehn", "durf", "geringfug", "indiziell", "beweiswert", "ergebnis", "mittel", "polygraph", "vorgenomm", "untersuch", "besteh", "urteil", "senat", "dezemb", "str", "bghst", "ff", "dargelegt", "grundsatz", "einwand", "betreff", "allein", "red", "stehend", "sog", "kontrollfragent", "uneingeschrankt", "deshalb", "sogar", "belang", "ansicht", "revision", "richtig", "dass", "inzwisch", "hinreich", "breit", "datenbasis", "zusammenhang", "mittel", "polygraph", "gemess", "korperreaktion", "bestimmt", "verhalt", "beleg", "fall", "hierfur", "genugt", "revision", "angefuhrt", "simulationsstudi", "ledig", "versuchsperson", "vgl", "off", "off", "mschrkrim", "bereit", "ungeachtet", "method", "einwand", "massgeb", "beitrag", "amerikan", "wissenschaftl", "eig", "bekund", "grossteil", "jahrig", "laufbahn", "forschung", "entwickl", "polygraph", "technik", "gewidmet", "lass", "neu", "studi", "revision", "vortragt", "real", "verdacht", "entnehm", "vgl", "hont", "raskin", "kirch", "faigman", "sak", "sand", "cheng", "mod", "scientific", "evidenc", "the", "law", "and", "scienc", "of", "expert", "testimony", "volum", "ff"], "text": "b) Das Landgericht h\u00e4tte jedoch auch einen auf die Einholung eines entsprechenden Sachverst\u00e4ndigengutachtens zielenden Antrag mit der von ihm genannten Begr\u00fcndung ablehnen d\u00fcrfen. Denn gegen einen auch nur geringf\u00fcgigen indiziellen Beweiswert des Ergebnisses einer mittels eines Polygraphen vorgenommenen Untersuchung bestehen die im Urteil des Senats vom 17. Dezember 1998 (1 StR 156/98, BGHSt 44, 308, 323 ff.) dargelegten grunds\u00e4tzlichen Einw\u00e4nde betreffend den hier allein in Rede stehenden sog. Kontrollfragentest uneingeschr\u00e4nkt weiter. Es w\u00e4re deshalb sogar ohne Belang, wenn die Ansicht der Revision richtig w\u00e4re, dass inzwischen \u201eeine hinreichend breite Datenbasis\u201c einen Zusammenhang von mittels des Polygraphen gemessenen K\u00f6rperreaktionen mit einem bestimmten Verhalten belegen w\u00fcrde. Dies ist aber nicht der Fall. Hierf\u00fcr gen\u00fcgt die von der Revision angef\u00fchrte Simulationsstudie mit lediglich 65 Versuchspersonen (vgl. H. Offe/S. Offe, MschrKrim 2004, 86) - bereits ungeachtet methodischer Einw\u00e4nde - nicht. Auch einem ma\u00dfgeblichen Beitrag amerikanischer Wissenschaftler, die nach eigenem Bekunden einen Gro\u00dfteil ihrer bis zu 40j\u00e4hrigen Laufbahn der Forschung und Entwicklung polygraphischer Techniken gewidmet haben, lassen sich neuere Studien - noch dazu, wie die Revision vortr\u00e4gt, \u201ean realen Verd\u00e4chtigen\u201c - nicht entnehmen (vgl. Honts/Raskin/Kircher in Faigman/Saks/Sanders/Cheng, Modern Scientific Evidence, The Law and Science of Expert Testimony, Volume 5 [2009], S. 297 ff.)."}, {"num": "7", "textProcessed": ["hauptverhandl", "wurd", "letzt", "wort", "angeklagt", "marz", "montag", "unterbroch", "urteilsverkund", "marz", "vorgeseh", "marz", "donnerstag", "ging", "vorsitz", "adressiert", "fax", "verteidigerin", "folgend", "wortlaut", "oben", "bezeichnet", "angeleg", "ubers", "hilfsbeweisantrag", "montag", "versehent", "vergess", "einhol", "glaubwurdigkeitsgutacht", "hinsicht", "mitangeklagt", "gerichtet", "antrag", "beigefugt", "ausfuhr", "psychisch", "zustand", "tat", "konstant", "aussageverhalt", "nah", "begrundet", "reaktion", "hierauf", "wurd", "marz", "urteil", "verkundet"], "text": "3. Die Hauptverhandlung wurde nach dem letzten Wort der Angeklagten am 15. M\u00e4rz 2010 (Montag) unterbrochen; die Urteilsverk\u00fcndung war f\u00fcr den 22. M\u00e4rz 2010 vorgesehen. Am 18. M\u00e4rz 2010 (Donnerstag) ging ein an den Vorsitzenden adressiertes Fax der Verteidigerin mit folgendem Wortlaut ein: \u201eIn oben bezeichneter Angelegenheit \u00fcbersende ich \u2026 noch einen Hilfsbeweisantrag \u2026, den ich am Montag \u2026 versehentlich vergessen hatte\u201c. Dieser auf die Einholung eines Glaubw\u00fcrdigkeitsgutachtens hinsichtlich des Mitangeklagten gerichtete Antrag war beigef\u00fcgt und mit Ausf\u00fchrungen zu dessen psychischem Zustand bei der Tat und zu dessen nicht konstantem Aussageverhalten n\u00e4her begr\u00fcndet. Ohne Reaktion hierauf wurde am 22. M\u00e4rz 2010 das Urteil verk\u00fcndet."}, {"num": "8", "textProcessed": ["hinsicht", "deshalb", "geltend", "gemacht", "verstoss", "fair", "verfahr", "nr", "stpo", "off", "bleib", "grundsatz", "bescheid", "hauptverhandl", "angebracht", "beweisantrag", "vgl", "bgh", "beschluss", "januar", "str", "nstz", "rr", "beck", "vorlieg", "konstellation", "ubertragbar", "vgl", "jew", "mwn", "bgh", "beschluss", "mai", "str", "nstz", "kk", "schoreit", "stpo", "aufl", "rn", "jedenfall", "beruht", "urteil", "ubergeh", "hilfsbeweisantrag", "urteilsgrund", "insgesamt", "erkenn", "lass", "warum", "beweisbegehr", "sach", "rechtsfehl", "folg", "geleistet", "wurd", "vgl", "bgh", "beschluss", "septemb", "str", "nstz", "kusch", "verhalt"], "text": "Hinsichtlich des deshalb geltend gemachten Versto\u00dfes gegen das faire Verfahren (\u00a7 338 Nr. 8 StPO) kann offen bleiben, ob die Grunds\u00e4tze f\u00fcr die Bescheidung eines noch vor der Hauptverhandlung angebrachten Beweisantrages (vgl. BGH, Beschluss vom 17. Januar 2001 - 1 StR 557/00, NStZ-RR bei\u00a0\u00a0Becker 2002, 68) auf die hier vorliegende Konstellation \u00fcbertragbar sind (vgl. jew. mwN BGH, Beschluss vom 14. Mai 1981 - 1 StR 160/81, NStZ 1981, 311; KK/Schoreit, StPO, 6. Aufl. \u00a7 258 Rn. 27). Denn jedenfalls beruht das Urteil nicht auf dem \u00dcbergehen eines Hilfsbeweisantrages, wenn die Urteilsgr\u00fcnde insgesamt erkennen lassen, warum dem Beweisbegehren der Sache nach ohne Rechtsfehler keine Folge geleistet wurde (vgl. BGH, Beschluss vom 30. September 1992 - 3 StR 430/92, NStZ bei Kusch 1993, 229). So verh\u00e4lt es sich hier:"}, {"num": "9", "textProcessed": ["landgericht", "ausfuhr", "dargelegt", "dass", "aussag", "glaubhaft", "sei", "weit", "ergebnis", "beweisaufnahm", "durchgang", "bestatigt", "word", "aussag", "weit", "zeug", "objektiv", "spur", "eingeh", "belegt", "gesamtwurd", "ausdruck", "einbezog", "dass", "angab", "freilich", "kerngescheh", "betreff", "punkt", "konstant", "umstand", "ohnehin", "ausnahmsweis", "anzunehm", "notwend", "einhol", "bezeichnet", "gutacht", "erkennbar"], "text": "Das Landgericht hat ausf\u00fchrlich dargelegt, dass die Aussage P.\u00a0\u00a0\u00a0\u00a0\u00a0s glaubhaft sei, \u201eda sie durch die weiteren Ergebnisse der Beweisaufnahme durchg\u00e4ngig best\u00e4tigt worden ist\u201c. Dies hat es mit Aussagen weiterer Zeugen und objektiven Spuren eingehend belegt. In seine Gesamtw\u00fcrdigung hat es auch ausdr\u00fccklich einbezogen, dass die Angaben P.\u00a0\u00a0\u00a0\u00a0\u00a0s in einigen - freilich nicht das Kerngeschehen betreffenden - Punkten nicht konstant waren. Unter diesen Umst\u00e4nden ist eine ohnehin nur ausnahmsweise anzunehmende Notwendigkeit zur Einholung des bezeichneten Gutachtens nicht erkennbar."}, {"num": "10", "textProcessed": ["ubrig", "verweist", "senat", "ausfuhr", "antragsschrift", "generalbundesanwalt", "oktob"], "text": "4. Im \u00dcbrigen verweist der Senat auf die Ausf\u00fchrungen in der Antragsschrift des Generalbundesanwalts vom 6. Oktober 2010."}], "norm": ["\u00a7 244 S 2 StPO", "\u00a7 265 StPO", "\u00a7 211 StGB"], "doktyp": "Beschluss", "regionLong": "Bundesrepublik Deutschland", "sonstlt": "", "gruendeProcessed": ["angeklagt", "landgericht", "gemeinschaft", "revidier", "mitangeklagt", "begang", "mord", "lebenslang", "freiheitsstraf", "verurteilt", "word", "hiergeg", "gerichtet", "verletz", "sachlich", "formlich", "recht", "gestutzt", "revision", "bleibt", "erfolg", "abs", "stpo", "nah", "geltend", "gemacht", "verstoss", "stpo", "stpo", "nr", "stpo", "auszufuhr", "angeklagt", "anklageschrift", "vorgeworf", "word", "opf", "heimtuck", "habgier", "getotet", "landgericht", "heimtuck", "niedrig", "beweggrund", "begang", "tat", "verurteilt", "hauptverhandl", "vorsitz", "angeklagt", "darauf", "hingewies", "dass", "sonstig", "niedrig", "beweggrund", "mordmerkmal", "betracht", "komm", "revision", "meint", "hinweis", "sei", "unzulang", "rechtlich", "bewert", "tragend", "sachverhalt", "hatt", "genau", "bezeichnet", "rug", "geht", "fehl", "zugrund", "liegend", "annahm", "hinweis", "gemass", "stpo", "rechtsgrund", "stet", "neu", "tatsach", "erkenntnis", "beruh", "unzutreff", "freilich", "forens", "erfahr", "vielfach", "fall", "jedoch", "hinweis", "stpo", "gebot", "sachverhalt", "geandert", "auffass", "gericht", "dennoch", "rechtlich", "zugelass", "anklag", "bewert", "vgl", "kk", "engelhardt", "stpo", "aufl", "rn", "verfahrensverstoss", "dah", "allein", "behaupt", "geandert", "tatsach", "grundlag", "hinweis", "gemass", "stpo", "seien", "mitgeteilt", "word", "schlussig", "dargetan", "ubrig", "behaupt", "unzulang", "tatsach", "erlauter", "hinweis", "gemass", "stpo", "gestutzt", "rug", "schon", "ansatz", "erfolg", "urteil", "zugelass", "anklag", "tatsach", "hinsicht", "wesent", "voneinand", "abweich", "derart", "differenz", "vermag", "senat", "erkenn", "revision", "abstrakt", "behauptet", "erst", "recht", "konkret", "ausgefuhrt", "word", "vgl", "bgh", "beschluss", "januar", "str", "mwn", "hauptverhandl", "verteid", "antrag", "gestellt", "angeklagt", "staatskost", "zulass", "freiwill", "durchfuhr", "wissenschaft", "polygraph", "untersuch", "genehm", "antrag", "landgericht", "begrund", "zuruckgewies", "bezeichnet", "beweismittel", "sei", "abs", "satz", "var", "stpo", "ungeeignet", "allerding", "handelt", "entgeg", "ansicht", "revision", "bereit", "beweisantrag", "ablehn", "massstab", "stpo", "hatt", "entsprech", "wurd", "vernehm", "sachverstand", "bestimmt", "beweistatsach", "verlangt", "ledig", "eventuell", "vorgeschaltet", "untersuch", "angeklagt", "einsatz", "polygraph", "vgl", "bgh", "beschluss", "juli", "str", "nstz", "landgericht", "hatt", "jedoch", "einhol", "entsprech", "sachverstandigengutacht", "zielend", "antrag", "genannt", "begrund", "ablehn", "durf", "geringfug", "indiziell", "beweiswert", "ergebnis", "mittel", "polygraph", "vorgenomm", "untersuch", "besteh", "urteil", "senat", "dezemb", "str", "bghst", "ff", "dargelegt", "grundsatz", "einwand", "betreff", "allein", "red", "stehend", "sog", "kontrollfragent", "uneingeschrankt", "deshalb", "sogar", "belang", "ansicht", "revision", "richtig", "dass", "inzwisch", "hinreich", "breit", "datenbasis", "zusammenhang", "mittel", "polygraph", "gemess", "korperreaktion", "bestimmt", "verhalt", "beleg", "fall", "hierfur", "genugt", "revision", "angefuhrt", "simulationsstudi", "ledig", "versuchsperson", "vgl", "off", "off", "mschrkrim", "bereit", "ungeachtet", "method", "einwand", "massgeb", "beitrag", "amerikan", "wissenschaftl", "eig", "bekund", "grossteil", "jahrig", "laufbahn", "forschung", "entwickl", "polygraph", "technik", "gewidmet", "lass", "neu", "studi", "revision", "vortragt", "real", "verdacht", "entnehm", "vgl", "hont", "raskin", "kirch", "faigman", "sak", "sand", "cheng", "mod", "scientific", "evidenc", "the", "law", "and", "scienc", "of", "expert", "testimony", "volum", "ff", "hauptverhandl", "wurd", "letzt", "wort", "angeklagt", "marz", "montag", "unterbroch", "urteilsverkund", "marz", "vorgeseh", "marz", "donnerstag", "ging", "vorsitz", "adressiert", "fax", "verteidigerin", "folgend", "wortlaut", "oben", "bezeichnet", "angeleg", "ubers", "hilfsbeweisantrag", "montag", "versehent", "vergess", "einhol", "glaubwurdigkeitsgutacht", "hinsicht", "mitangeklagt", "gerichtet", "antrag", "beigefugt", "ausfuhr", "psychisch", "zustand", "tat", "konstant", "aussageverhalt", "nah", "begrundet", "reaktion", "hierauf", "wurd", "marz", "urteil", "verkundet", "hinsicht", "deshalb", "geltend", "gemacht", "verstoss", "fair", "verfahr", "nr", "stpo", "off", "bleib", "grundsatz", "bescheid", "hauptverhandl", "angebracht", "beweisantrag", "vgl", "bgh", "beschluss", "januar", "str", "nstz", "rr", "beck", "vorlieg", "konstellation", "ubertragbar", "vgl", "jew", "mwn", "bgh", "beschluss", "mai", "str", "nstz", "kk", "schoreit", "stpo", "aufl", "rn", "jedenfall", "beruht", "urteil", "ubergeh", "hilfsbeweisantrag", "urteilsgrund", "insgesamt", "erkenn", "lass", "warum", "beweisbegehr", "sach", "rechtsfehl", "folg", "geleistet", "wurd", "vgl", "bgh", "beschluss", "septemb", "str", "nstz", "kusch", "verhalt", "landgericht", "ausfuhr", "dargelegt", "dass", "aussag", "glaubhaft", "sei", "weit", "ergebnis", "beweisaufnahm", "durchgang", "bestatigt", "word", "aussag", "weit", "zeug", "objektiv", "spur", "eingeh", "belegt", "gesamtwurd", "ausdruck", "einbezog", "dass", "angab", "freilich", "kerngescheh", "betreff", "punkt", "konstant", "umstand", "ohnehin", "ausnahmsweis", "anzunehm", "notwend", "einhol", "bezeichnet", "gutacht", "erkennbar", "ubrig", "verweist", "senat", "ausfuhr", "antragsschrift", "generalbundesanwalt", "oktob", "wahl", "elf", "graf", "jag", "sand"], "mitwirkung": "", "aktenzeichen": "1 StR 509/10", "language": "deutsch", "gertyp": "BGH", "leitsatz": "", "gruende": "\n      <div>\n         <dl class=\"RspDL\">\n            <dt>\n               <a name=\"rd_1\">1</a>\n            </dt>\n            <dd>\n               <p>Der Angeklagte ist vom Landgericht wegen - gemeinschaftlich mit dem nicht revidierenden Mitangeklagten P.\u00a0\u00a0\u00a0\u00a0\u00a0\u00a0begangenen - Mordes zu lebenslanger Freiheitsstrafe verurteilt worden. Seine hiergegen gerichtete, auf die Verletzung sachlichen und f\u00f6rmlichen Rechts gest\u00fctzte Revision bleibt ohne Erfolg (\u00a7 349 Abs. 2 StPO). N\u00e4her ist dies nur zu den geltend gemachten Verst\u00f6\u00dfen gegen \u00a7 265 StPO (1.), \u00a7 244 StPO (2.) und \u00a7 338 Nr. 8 StPO (3.) auszuf\u00fchren.</p>\n            </dd>\n         </dl>\n         <dl class=\"RspDL\">\n            <dt/>\n            <dd>\n               <p/>\n            </dd>\n         </dl>\n         <dl class=\"RspDL\">\n            <dt>\n               <a name=\"rd_2\">2</a>\n            </dt>\n            <dd>\n               <p>1. W\u00e4hrend dem Angeklagten mit der Anklageschrift vorgeworfen worden war, sein Opfer heimt\u00fcckisch und habgierig get\u00f6tet zu haben, hat das Landgericht ihn wegen einer heimt\u00fcckisch und aus niedrigen Beweggr\u00fcnden begangenen Tat verurteilt. In der Hauptverhandlung hatte der Vorsitzende den Angeklagten darauf hingewiesen, dass u.a. auch \u201esonstige niedrige Beweggr\u00fcnde\u201c als Mordmerkmal in Betracht kommen. Die Revision meint, dieser Hinweis sei unzul\u00e4nglich gewesen, weil der die rechtliche Bewertung tragende Sachverhalt h\u00e4tte genau bezeichnet werden m\u00fcssen. Diese R\u00fcge geht fehl. Denn die ihr zugrunde liegende Annahme, ein Hinweis gem\u00e4\u00df \u00a7 265 StPO m\u00fcsse aus Rechtsgr\u00fcnden stets auf neuen tats\u00e4chlichen Erkenntnissen beruhen, ist unzutreffend. Freilich ist dies nach forensischer Erfahrung vielfach der Fall, jedoch ist ein Hinweis nach \u00a7 265 StPO auch dann geboten, wenn sich der Sachverhalt selbst nicht ge\u00e4ndert hat, er aber nach Auffassung des Gerichts dennoch rechtlich anders als noch in der zugelassenen Anklage zu bewerten ist (vgl. KK/Engelhardt, StPO, 6. Aufl. \u00a7 265 Rn. 17). Ein Verfahrensversto\u00df ist daher allein mit der Behauptung, ge\u00e4nderte tats\u00e4chliche Grundlagen eines Hinweises gem\u00e4\u00df \u00a7 265 StPO seien nicht mitgeteilt worden, nicht schl\u00fcssig dargetan.</p>\n            </dd>\n         </dl>\n         <dl class=\"RspDL\">\n            <dt/>\n            <dd>\n               <p/>\n            </dd>\n         </dl>\n         <dl class=\"RspDL\">\n            <dt>\n               <a name=\"rd_3\">3</a>\n            </dt>\n            <dd>\n               <p>Im \u00dcbrigen k\u00f6nnte eine auf die Behauptung unzul\u00e4nglicher tats\u00e4chlicher Erl\u00e4uterung eines Hinweises gem\u00e4\u00df \u00a7 265 StPO gest\u00fctzte R\u00fcge schon im Ansatz nur dann Erfolg haben, wenn Urteil und zugelassene Anklage in tats\u00e4chlicher Hinsicht wesentlich voneinander abweichen w\u00fcrden. Derartige Differenzen vermag der Senat nicht zu erkennen; sie sind von der Revision auch nicht einmal abstrakt behauptet, erst recht nicht konkret ausgef\u00fchrt worden (vgl. BGH, Beschluss vom 14. Januar 2010 - 1 StR 587/09 mwN).</p>\n            </dd>\n         </dl>\n         <dl class=\"RspDL\">\n            <dt/>\n            <dd>\n               <p/>\n            </dd>\n         </dl>\n         <dl class=\"RspDL\">\n            <dt>\n               <a name=\"rd_4\">4</a>\n            </dt>\n            <dd>\n               <p>2. In der Hauptverhandlung hatte die Verteidigung den Antrag gestellt, dem Angeklagten \u201eauf Staatskosten die Zulassung zur freiwilligen Durchf\u00fchrung einer wissenschaftlichen polygraphischen Untersuchung \u2026 zu genehmigen\u201c. Diesen Antrag hat das Landgericht mit der Begr\u00fcndung zur\u00fcckgewiesen, das bezeichnete Beweismittel sei i.S.d. \u00a7 244 Abs. 3 Satz 2 4. Var. StPO ungeeignet.</p>\n            </dd>\n         </dl>\n         <dl class=\"RspDL\">\n            <dt/>\n            <dd>\n               <p/>\n            </dd>\n         </dl>\n         <dl class=\"RspDL\">\n            <dt>\n               <a name=\"rd_5\">5</a>\n            </dt>\n            <dd>\n               <p>a) Allerdings handelt es sich entgegen der Ansicht der Revision bereits nicht um einen Beweisantrag, dessen Ablehnung den Ma\u00dfst\u00e4ben des \u00a7 244 StPO h\u00e4tte entsprechen m\u00fcssen. Denn mit ihm wurde (noch) nicht die Vernehmung eines Sachverst\u00e4ndigen zu einer bestimmten Beweistatsache verlangt, sondern lediglich die - eventuell nur - vorgeschaltete Untersuchung des Angeklagten unter Einsatz eines Polygraphen (vgl. BGH, Beschluss vom 30. Juli 1999 - 3 StR 272/99, NStZ 1999, 578).</p>\n            </dd>\n         </dl>\n         <dl class=\"RspDL\">\n            <dt/>\n            <dd>\n               <p/>\n            </dd>\n         </dl>\n         <dl class=\"RspDL\">\n            <dt>\n               <a name=\"rd_6\">6</a>\n            </dt>\n            <dd>\n               <p>b) Das Landgericht h\u00e4tte jedoch auch einen auf die Einholung eines entsprechenden Sachverst\u00e4ndigengutachtens zielenden Antrag mit der von ihm genannten Begr\u00fcndung ablehnen d\u00fcrfen. Denn gegen einen auch nur geringf\u00fcgigen indiziellen Beweiswert des Ergebnisses einer mittels eines Polygraphen vorgenommenen Untersuchung bestehen die im Urteil des Senats vom 17. Dezember 1998 (1 StR 156/98, BGHSt 44, 308, 323 ff.) dargelegten grunds\u00e4tzlichen Einw\u00e4nde betreffend den hier allein in Rede stehenden sog. Kontrollfragentest uneingeschr\u00e4nkt weiter. Es w\u00e4re deshalb sogar ohne Belang, wenn die Ansicht der Revision richtig w\u00e4re, dass inzwischen \u201eeine hinreichend breite Datenbasis\u201c einen Zusammenhang von mittels des Polygraphen gemessenen K\u00f6rperreaktionen mit einem bestimmten Verhalten belegen w\u00fcrde. Dies ist aber nicht der Fall. Hierf\u00fcr gen\u00fcgt die von der Revision angef\u00fchrte Simulationsstudie mit lediglich 65 Versuchspersonen (vgl. H. Offe/S. Offe, MschrKrim 2004, 86) - bereits ungeachtet methodischer Einw\u00e4nde - nicht. Auch einem ma\u00dfgeblichen Beitrag amerikanischer Wissenschaftler, die nach eigenem Bekunden einen Gro\u00dfteil ihrer bis zu 40j\u00e4hrigen Laufbahn der Forschung und Entwicklung polygraphischer Techniken gewidmet haben, lassen sich neuere Studien - noch dazu, wie die Revision vortr\u00e4gt, \u201ean realen Verd\u00e4chtigen\u201c - nicht entnehmen (vgl. Honts/Raskin/Kircher in Faigman/Saks/Sanders/Cheng, Modern Scientific Evidence, The Law and Science of Expert Testimony, Volume 5 [2009], S. 297 ff.).</p>\n            </dd>\n         </dl>\n         <dl class=\"RspDL\">\n            <dt/>\n            <dd>\n               <p/>\n            </dd>\n         </dl>\n         <dl class=\"RspDL\">\n            <dt>\n               <a name=\"rd_7\">7</a>\n            </dt>\n            <dd>\n               <p>3. Die Hauptverhandlung wurde nach dem letzten Wort der Angeklagten am 15. M\u00e4rz 2010 (Montag) unterbrochen; die Urteilsverk\u00fcndung war f\u00fcr den 22. M\u00e4rz 2010 vorgesehen. Am 18. M\u00e4rz 2010 (Donnerstag) ging ein an den Vorsitzenden adressiertes Fax der Verteidigerin mit folgendem Wortlaut ein: \u201eIn oben bezeichneter Angelegenheit \u00fcbersende ich \u2026 noch einen Hilfsbeweisantrag \u2026, den ich am Montag \u2026 versehentlich vergessen hatte\u201c. Dieser auf die Einholung eines Glaubw\u00fcrdigkeitsgutachtens hinsichtlich des Mitangeklagten gerichtete Antrag war beigef\u00fcgt und mit Ausf\u00fchrungen zu dessen psychischem Zustand bei der Tat und zu dessen nicht konstantem Aussageverhalten n\u00e4her begr\u00fcndet. Ohne Reaktion hierauf wurde am 22. M\u00e4rz 2010 das Urteil verk\u00fcndet.</p>\n            </dd>\n         </dl>\n         <dl class=\"RspDL\">\n            <dt/>\n            <dd>\n               <p/>\n            </dd>\n         </dl>\n         <dl class=\"RspDL\">\n            <dt>\n               <a name=\"rd_8\">8</a>\n            </dt>\n            <dd>\n               <p>Hinsichtlich des deshalb geltend gemachten Versto\u00dfes gegen das faire Verfahren (\u00a7 338 Nr. 8 StPO) kann offen bleiben, ob die Grunds\u00e4tze f\u00fcr die Bescheidung eines noch vor der Hauptverhandlung angebrachten Beweisantrages (vgl. BGH, Beschluss vom 17. Januar 2001 - 1 StR 557/00, NStZ-RR bei\u00a0\u00a0Becker 2002, 68) auf die hier vorliegende Konstellation \u00fcbertragbar sind (vgl. jew. mwN BGH, Beschluss vom 14. Mai 1981 - 1 StR 160/81, NStZ 1981, 311; KK/Schoreit, StPO, 6. Aufl. \u00a7 258 Rn. 27). Denn jedenfalls beruht das Urteil nicht auf dem \u00dcbergehen eines Hilfsbeweisantrages, wenn die Urteilsgr\u00fcnde insgesamt erkennen lassen, warum dem Beweisbegehren der Sache nach ohne Rechtsfehler keine Folge geleistet wurde (vgl. BGH, Beschluss vom 30. September 1992 - 3 StR 430/92, NStZ bei Kusch 1993, 229). So verh\u00e4lt es sich hier:</p>\n            </dd>\n         </dl>\n         <dl class=\"RspDL\">\n            <dt/>\n            <dd>\n               <p/>\n            </dd>\n         </dl>\n         <dl class=\"RspDL\">\n            <dt>\n               <a name=\"rd_9\">9</a>\n            </dt>\n            <dd>\n               <p>Das Landgericht hat ausf\u00fchrlich dargelegt, dass die Aussage P.\u00a0\u00a0\u00a0\u00a0\u00a0s glaubhaft sei, \u201eda sie durch die weiteren Ergebnisse der Beweisaufnahme durchg\u00e4ngig best\u00e4tigt worden ist\u201c. Dies hat es mit Aussagen weiterer Zeugen und objektiven Spuren eingehend belegt. In seine Gesamtw\u00fcrdigung hat es auch ausdr\u00fccklich einbezogen, dass die Angaben P.\u00a0\u00a0\u00a0\u00a0\u00a0s in einigen - freilich nicht das Kerngeschehen betreffenden - Punkten nicht konstant waren. Unter diesen Umst\u00e4nden ist eine ohnehin nur ausnahmsweise anzunehmende Notwendigkeit zur Einholung des bezeichneten Gutachtens nicht erkennbar.</p>\n            </dd>\n         </dl>\n         <dl class=\"RspDL\">\n            <dt/>\n            <dd>\n               <p/>\n            </dd>\n         </dl>\n         <dl class=\"RspDL\">\n            <dt>\n               <a name=\"rd_10\">10</a>\n            </dt>\n            <dd>\n               <p>4. Im \u00dcbrigen verweist der Senat auf die Ausf\u00fchrungen in der Antragsschrift des Generalbundesanwalts vom 6. Oktober 2010.</p>\n            </dd>\n         </dl>\n         <dl class=\"RspDL\">\n            <dt/>\n            <dd>\n               <p/>\n            </dd>\n         </dl>\n         <dl class=\"RspDL\">\n            <dt/>\n            <dd>\n               <p>Wahl\u00a0\u00a0\u00a0\u00a0\u00a0\u00a0\u00a0\u00a0\u00a0\u00a0\u00a0\u00a0\u00a0\u00a0\u00a0\u00a0\u00a0\u00a0\u00a0\u00a0\u00a0\u00a0\u00a0\u00a0\u00a0\u00a0\u00a0\u00a0\u00a0\u00a0\u00a0\u00a0\u00a0\u00a0Elf\u00a0\u00a0\u00a0\u00a0\u00a0\u00a0\u00a0\u00a0\u00a0\u00a0\u00a0\u00a0\u00a0\u00a0\u00a0\u00a0\u00a0\u00a0\u00a0\u00a0\u00a0\u00a0\u00a0\u00a0\u00a0\u00a0\u00a0\u00a0\u00a0\u00a0\u00a0\u00a0Graf</p>\n            </dd>\n         </dl>\n         <dl class=\"RspDL\">\n            <dt/>\n            <dd>\n               <p>\u00a0\u00a0\u00a0\u00a0\u00a0\u00a0\u00a0\u00a0\u00a0\u00a0\u00a0\u00a0\u00a0\u00a0\u00a0\u00a0\u00a0\u00a0\u00a0\u00a0J\u00e4ger\u00a0\u00a0\u00a0\u00a0\u00a0\u00a0\u00a0\u00a0\u00a0\u00a0\u00a0\u00a0\u00a0\u00a0\u00a0\u00a0\u00a0\u00a0\u00a0\u00a0\u00a0\u00a0\u00a0\u00a0\u00a0\u00a0\u00a0\u00a0\u00a0Sander</p>\n            </dd>\n         </dl>\n      </div>\n   ", "accessRights": "public", "gerort": "", "entschDatum": "20101130", "coverage": "Deutschland", "titel": "\n      <dl class=\"RspDL\">\n         <dt/>\n         <dd>\n            <p>Strafverfahren wegen Mordes: Hinweis auf \u00c4nderung des rechtlichen Gesichtspunkts bei unver\u00e4ndertem Sachverhalt; L\u00fcgendetektor als ungeeignetes Beweismittel</p>\n         </dd>\n      </dl>\n   ", "ecli": "", "identifier": "http://www.rechtsprechung-im-internet.de/jportal/?quelle=jlink&docid=JURE110000429&psml=bsjrsprod.psml&max=true", "spruchkoerper": "1. Strafsenat", "vorinstanz": "vorgehend LG N\u00fcrnberg-F\u00fcrth, 22. M\u00e4rz 2010, Az: 5 Ks 106 Js 2271/08, Urteil\n   ", "doknr": "JURE110000429", "abweichendeMeinung": "", "tenor": "\n      <div>\n         <dl class=\"RspDL\">\n            <dt/>\n            <dd>\n               <p>Die Revision des Angeklagten gegen das Urteil des Landgerichts N\u00fcrnberg-F\u00fcrth vom 22. M\u00e4rz 2010 wird als unbegr\u00fcndet verworfen.</p>\n            </dd>\n         </dl>\n         <dl class=\"RspDL\">\n            <dt/>\n            <dd>\n               <p/>\n            </dd>\n         </dl>\n         <dl class=\"RspDL\">\n            <dt/>\n            <dd>\n               <p>Der Beschwerdef\u00fchrer hat die Kosten des Rechtsmittels zu tragen.</p>\n            </dd>\n         </dl>\n      </div>\n   ", "regionAbk": "DEU"}