{"publisher": "BMJV", "tatbestand": "", "absaetze": [{"num": "1", "textProcessed": ["landgericht", "unterbring", "verurteilt", "sicherungsverwahr", "nachtrag", "gemass", "abs", "stgb", "angeordnet", "grundlag", "verurteil", "freiheitsstraf", "jahr", "landgericht", "bonn", "septemb", "mord", "tatein", "versucht", "mord", "besond", "schwer", "brandstift", "revision", "verurteilt", "sachrug", "erfolg"], "text": "Das Landgericht hat die Unterbringung des Verurteilten in der Sicherungsverwahrung nachtr\u00e4glich gem\u00e4\u00df \u00a7 66 b Abs. 2 StGB angeordnet. Grundlage war eine Verurteilung zu einer Freiheitsstrafe von 15 Jahren durch das Landgericht Bonn vom 14. September 1995 wegen Mordes in Tateinheit mit versuchtem Mord und besonders schwerer Brandstiftung. Die Revision des Verurteilten hat mit der Sachr\u00fcge Erfolg."}, {"num": "2", "textProcessed": ["landgericht", "teil", "bezugnahm", "ausgangsurteil", "folgend", "feststell", "getroff"], "text": "1. Das Landgericht hat - teils unter Bezugnahme auf das Ausgangsurteil - folgende Feststellungen getroffen:"}, {"num": "3", "textProcessed": ["heut", "jahrig", "verurteilt", "erkrankt", "alt", "jahr", "erstmal", "psychisch", "halbjahr", "aufenthalt", "nervenklin", "wurd", "hebephr", "schizophreni", "diagnostiziert", "folgend", "jahr", "befand", "wiederholt", "lang", "zeitraum", "stationar", "nervenarzt", "betreu", "wobei", "jeweil", "diagnos", "endog", "psychos", "schizophr", "formenkreis", "bestatigt", "wurd"], "text": "Der heute 76j\u00e4hrige Verurteilte erkrankte 1951 im Alter von 17 Jahren erstmals psychisch. W\u00e4hrend eines halbj\u00e4hrigen Aufenthalts in einer Nervenklinik wurde eine hebephrene Schizophrenie diagnostiziert. In den folgenden Jahren befand er sich wiederholt auch \u00fcber l\u00e4ngere Zeitr\u00e4ume in station\u00e4rer nerven\u00e4rztlicher Betreuung, wobei jeweils die Diagnose einer endogenen Psychose aus dem schizophrenen Formenkreis best\u00e4tigt wurde."}, {"num": "4", "textProcessed": ["strafrecht", "verfahr", "jahr", "korperverletz", "widerstandshandl", "wurd", "schuldunfah", "eingestellt", "wurd", "ahnlich", "delikt", "unterbring", "psychiatr", "krankenhaus", "angeordnet", "vollstreck", "bewahr", "ausgesetzt", "wurd"], "text": "Strafrechtliche Verfahren gegen ihn in den Jahren 1966 und 1969 u.a. wegen K\u00f6rperverletzungen und Widerstandshandlungen wurden wegen Schuldunf\u00e4higkeit eingestellt. 1975 wurde wegen \u00e4hnlicher Delikte gegen ihn die Unterbringung in einem psychiatrischen Krankenhaus angeordnet, deren Vollstreckung zur Bew\u00e4hrung ausgesetzt wurde."}, {"num": "5", "textProcessed": ["jahr", "verurteilt", "landgericht", "bonn", "mord", "tatein", "versucht", "mord", "besond", "schwer", "brandstift", "freiheitsstraf", "jahr", "lag", "zugrund", "dass", "verurteilt", "eim", "benzin", "voll", "besetzt", "lokal", "gegoss", "entzundet", "wodurch", "zwei", "mensch", "tod", "kam", "zahlreich", "weit", "gast", "teil", "schwerst", "verletz", "erlitt", "sachverstand", "berat", "hielt", "schwurgerichtskamm", "verurteilt", "schuldfah", "vermocht", "erheb", "verminder", "steuerungsfah", "auszuschliess", "deshalb", "einschatz", "sachverstand", "erheb", "remission", "fruh", "diagnostiziert", "psychos", "schizophr", "formenkreis", "gekomm", "konn", "ledig", "notwend", "ausgeschloss", "dass", "angeklagt", "infolg", "durchgemacht", "psychot", "erkrank", "seelisch", "ausfall", "gekennzeichnet", "ruckbildungsfah", "endzustand", "psychos", "gekomm", "sei", "ausmass", "erreicht", "dass", "steuerungsfah", "ausgeschloss"], "text": "Im Jahre 1995 verurteilte ihn das Landgericht Bonn wegen Mordes in Tateinheit mit versuchtem Mord und besonders schwerer Brandstiftung zu einer Freiheitsstrafe von 15 Jahren. Dem lag zugrunde, dass der Verurteilte einen Eimer Benzin in ein voll besetztes Lokal gegossen und entz\u00fcndet hatte, wodurch zwei Menschen zu Tode kamen und zahlreiche weitere G\u00e4ste zum Teil schwerste Verletzungen erlitten. Sachverst\u00e4ndig beraten hielt die Schwurgerichtskammer den Verurteilten zwar f\u00fcr schuldf\u00e4hig, vermochte aber eine erhebliche Verminderung der Steuerungsf\u00e4higkeit nicht sicher auszuschlie\u00dfen. Dies deshalb, weil es nach Einsch\u00e4tzung des Sachverst\u00e4ndigen zu einer erheblichen Remission der fr\u00fcher diagnostizierten Psychose aus dem schizophrenen Formenkreis gekommen war; es k\u00f6nne lediglich nicht mit der notwendigen Sicherheit ausgeschlossen werden, dass es bei dem Angeklagten infolge der durchgemachten psychotischen Erkrankung zu einem durch seelische Ausf\u00e4lle gekennzeichneten, nicht r\u00fcckbildungsf\u00e4higen Endzustand nach einer Psychose gekommen sei, der aber nicht ein solches Ausma\u00df erreicht habe, dass die Steuerungsf\u00e4higkeit ausgeschlossen war."}, {"num": "6", "textProcessed": ["teilverbuss", "setzt", "strafvollstreckungskamm", "landgericht", "aach", "wirkung", "juli", "reststraf", "bewahr", "bewahrungszeit", "wurd", "vier", "jahr", "festgesetzt", "verurteilt", "wurd", "angewies", "standig", "aufenthalt", "geschloss", "einricht", "psychiatri", "nehm", "zustimm", "kamm", "vorzeit", "beend"], "text": "Nach Teilverb\u00fc\u00dfung setzte die Strafvollstreckungskammer des Landgerichts Aachen mit Wirkung zum 1. Juli 2008 die Reststrafe zur Bew\u00e4hrung aus. Die Bew\u00e4hrungszeit wurde auf vier Jahre festgesetzt. Der Verurteilte wurde u.a. angewiesen, seinen st\u00e4ndigen Aufenthalt in einer geschlossenen Einrichtung f\u00fcr Psychiatrie zu nehmen und diesen nicht ohne Zustimmung der Kammer vorzeitig zu beenden."}, {"num": "7", "textProcessed": ["verurteilt", "zunach", "massnahm", "einverstand", "wurd", "psychiatr", "einricht", "entlass", "jedoch", "gesprach", "bewahrungshelferin", "realisiert", "dass", "vier", "jahr", "zubring", "alternativ", "strafr", "jahr", "drei", "monat", "verbuss", "bewusst", "wurd", "dass", "heimaufenthalt", "ersparnis", "ca", "euro", "aufzehr", "fordert", "ruckverleg", "justizvollzugsanstalt", "forder", "nachdruck", "verleih", "verweigert", "nahrung", "medikamenteneinnahm", "droht", "heimbewohn", "erwurg", "aussert", "dass", "matratz", "schon", "brenn", "verhalt", "fuhrt", "bewahrungswiderruf", "ruckverleg", "justizvollzugsanstalt", "straf", "novemb", "unauffall", "verbusst"], "text": "Der Verurteilte war zun\u00e4chst mit dieser Ma\u00dfnahme einverstanden und wurde in die psychiatrische Einrichtung entlassen. Als er jedoch nach einem Gespr\u00e4ch mit seiner Bew\u00e4hrungshelferin realisierte, dass er dort vier Jahre w\u00fcrde zubringen m\u00fcssen, w\u00e4hrend er alternativ nur noch einen Strafrest von einem Jahr und drei Monate zu verb\u00fc\u00dfen hatte und ihm auch bewusst wurde, dass der Heimaufenthalt seine Ersparnisse von ca. 30.000 Euro aufzehren w\u00fcrde, forderte er die R\u00fcckverlegung in die Justizvollzugsanstalt. Um seiner Forderung Nachdruck zu verleihen, verweigerte er die Nahrungs- und Medikamenteneinnahme, drohte, einen anderen Heimbewohner zu erw\u00fcrgen und \u00e4u\u00dferte, dass die Matratzen \"sicher sehr sch\u00f6n brennen w\u00fcrden\". Dieses Verhalten f\u00fchrte zu einem Bew\u00e4hrungswiderruf und zu einer R\u00fcckverlegung in die Justizvollzugsanstalt, wo er seine Strafe bis zum 30. November 2009 unauff\u00e4llig verb\u00fc\u00dfte."}, {"num": "8", "textProcessed": ["landgericht", "rechtsfehlerfrei", "bejah", "formell", "voraussetz", "abs", "stgb", "sachverstand", "berat", "uberzeug", "gelangt", "dass", "verurteilt", "hoh", "wahrschein", "erneut", "begeh", "erheb", "potentiell", "opf", "schwer", "schadig", "straftat", "abs", "stgb", "vorausgesetzt", "art", "besteh", "gefahr", "verurteilt", "allgemein", "ergeb", "tatsach", "erst", "strafvollzug", "erkennbar", "geword", "seien", "grunderkrank", "verurteilt", "bereit", "tatzeit", "novemb", "anschliess", "verurteil", "bestand", "damal", "sei", "jedoch", "erkennbar", "dass", "krankheit", "dauerhaft", "steuerungsfah", "auswirk", "mass", "erreich", "zumind", "erheb", "sinn", "stgb", "gegenteil", "hatt", "deutlich", "anhaltspunkt", "remission", "psychot", "erkrank", "vorgeleg", "dauerhaft", "grad", "auswirk", "erkrank", "steuerungsfah", "seien", "erst", "vollzug", "ganz", "deutlich", "vorfall", "psychiatr", "einricht", "juli", "erkennbar", "geword", "seitd", "steh", "fest", "dass", "jederzeit", "eintret", "situation", "rechn", "sei", "verurteilt", "erheb", "straftat", "reagi", "neu", "umstand", "fuhrt", "sowohl", "zeitlich", "tatsach", "erheb", "vergrossert", "beurteilungsgrundlag", "gefahrprognos", "wodurch", "gefahr", "verurteilt", "vergleich", "zeitpunkt", "vorverurteil", "neu", "licht", "erschein"], "text": "2. Das Landgericht ist - nach rechtsfehlerfreier Bejahung der formellen Voraussetzungen des \u00a7 66 b Abs. 2 StGB - sachverst\u00e4ndig beraten zu der \u00dcberzeugung gelangt, dass bei dem Verurteilten eine hohe Wahrscheinlichkeit erneuter Begehung erheblicher, potentielle Opfer schwer sch\u00e4digender Straftaten der in \u00a7 66 b Abs. 2 StGB vorausgesetzten Art bestehe. Die Gef\u00e4hrlichkeit des Verurteilten f\u00fcr die Allgemeinheit ergebe sich aus Tatsachen, die erst w\u00e4hrend des Strafvollzugs erkennbar geworden seien. Zwar habe die Grunderkrankung des Verurteilten bereits zur Tatzeit im November 1994 und bei seiner anschlie\u00dfenden Verurteilung bestanden. Damals sei jedoch nicht erkennbar gewesen, dass die Krankheit sich dauerhaft auf die Steuerungsf\u00e4higkeit auswirken und ein Ma\u00df erreichen w\u00fcrde, das zumindest erheblich im Sinne des \u00a7 21 StGB ist. Im Gegenteil h\u00e4tten deutlich Anhaltspunkte f\u00fcr eine Remission der psychotischen Erkrankung vorgelegen. Die Dauerhaftigkeit und der Grad der Auswirkung der Erkrankung auf die Steuerungsf\u00e4higkeit seien erst w\u00e4hrend des Vollzugs, ganz deutlich bei den Vorf\u00e4llen in der psychiatrischen Einrichtung im Juli 2008 erkennbar geworden. Seitdem stehe fest, dass jederzeit mit dem Eintreten von Situationen zu rechnen sei, auf die der Verurteilte mit erheblichen Straftaten reagiere. Diese neuen Umst\u00e4nde f\u00fchrten zu einer sowohl zeitlich als auch tats\u00e4chlich erheblich vergr\u00f6\u00dferten Beurteilungsgrundlage f\u00fcr eine Gefahrprognose, wodurch die Gef\u00e4hrlichkeit des Verurteilten im Vergleich zum Zeitpunkt der Vorverurteilung in einem neuen Licht erscheine."}, {"num": "9", "textProcessed": ["anwend", "abs", "stgb", "halt", "rechtlich", "uberpruf", "stand", "neu", "tatsach", "erst", "verurteil", "erkennbar", "geword", "bisher", "urteilsfeststell", "belegt", "psychiatr", "befundtatsach", "einzelfall", "neu", "tatsach", "sinn", "abs", "stgb", "darstell", "massgeb", "neu", "sachverstand", "bewert", "tatsach", "entscheid", "vielmehr", "bewert", "zugrund", "liegend", "anknupfungstatsach", "zeitpunkt", "aburteil", "bereit", "vorlag", "bekannt", "erkennbar", "bghst", "stellt", "landgericht", "fest", "verurteilt", "handelt", "chronisch", "stadium", "verlauf", "schizophr", "erkrank", "dass", "schon", "seit", "jahrzehnt", "besteht", "versuch", "therapeut", "behandl", "aussicht", "erfolg", "krankheitsfolg", "besteht", "personlichkeitsproblemat", "storung", "affektwahrnehm", "affektkontroll", "problemat", "anlasstat", "zugrundelag", "besteht", "fort", "ua", "folgt", "landgericht", "gutacht", "sachverstand", "prof", "dr", "dr", "ua", "darub", "hinaus", "ausgefuhrt", "besond", "problemat", "person", "verurteilt", "schon", "anlasstat", "aggressionshandl", "gefuhrt", "besteh", "trotz", "durchgeh", "psychiatr", "behandl", "beding", "haft", "unverandert", "fort", "dr", "ua", "bzw", "dass", "einschatz", "bereit", "damal", "hinreich", "anlass", "gegeb", "minder", "schuldfah", "feststellbar", "anzunehm", "prof", "dr", "ua", "hintergrund", "angesicht", "bereit", "jahr", "anlasstat", "festgestellt", "krankheitsbild", "wiederholt", "einstell", "strafverfahr", "schuldunfah", "bzw", "anordn", "massregel", "stgb", "gefuhrt", "hatt", "strafkamm", "erwag", "sachverstand", "ausgangsverfahr", "diagnostiziert", "remission", "psychiatr", "erkrank", "falsch", "bewert", "seit", "lang", "bekannt", "psychisch", "defektzustand", "gehandelt", "namlich", "vorlieg", "ledig", "bloss", "bzw", "neubewert", "bereit", "ausgangsverfahr", "erkannt", "gewurdigt", "tatsach", "hierauf", "gestutzt", "bloss", "psychiatr", "bewert", "handeln", "nachtrag", "unterbring", "sicherungsverwahr", "rechtfert", "bghst", "bghr", "stgb", "neu", "tatsach", "bgh", "urteil", "april", "str", "rissing", "van", "saan", "peglau", "lk", "stgb", "aufl", "rdn", "ebenso", "wenig", "konnt", "tatsach", "verhalt", "verurteilt", "psychiatr", "einricht", "anlassverurteil", "auftret", "ausgangsverfahr", "bekannt", "bzw", "erkennbar", "zustand", "ledig", "bestatigt", "neu", "gelt", "bgh", "stv"], "text": "Die Anwendung des \u00a7 66 b Abs. 2 StGB h\u00e4lt rechtlicher \u00dcberpr\u00fcfung nicht stand. Neue Tatsachen, die erst nach der Verurteilung erkennbar geworden sind, werden durch die bisherigen Urteilsfeststellungen nicht belegt. Zwar k\u00f6nnen auch psychiatrische Befundtatsachen im Einzelfall \"neue Tatsachen\" im Sinne des \u00a7 66 b Abs. 2 StGB darstellen. Ma\u00dfgeblich ist aber nicht eine neue sachverst\u00e4ndige Bewertung von Tatsachen. Entscheidend ist vielmehr, ob die dieser Bewertung zugrunde liegenden Ankn\u00fcpfungstatsachen im Zeitpunkt der Aburteilung bereits vorlagen und bekannt oder erkennbar waren (BGHSt 50, 275, 278). Hier stellt das Landgericht fest, \"bei dem Verurteilten handelt es sich um ein chronisches Stadium im Verlauf einer schizophrenen Erkrankung, dass schon seit Jahrzehnten besteht und bei dem der Versuch einer therapeutischen Behandlung keine Aussicht auf Erfolg hat. Als Krankheitsfolge besteht eine Pers\u00f6nlichkeitsproblematik mit einer St\u00f6rung der Affektwahrnehmung und der Affektkontrolle. Diese Problematik, die auch der Anlasstat zugrundelag, besteht weiter fort\" (UA 8). Damit folgt das Landgericht den Gutachten der Sachverst\u00e4ndigen Prof. Dr. L.\u00a0und Dr. K.\u00a0(UA 10), die dar\u00fcber hinaus ausgef\u00fchrt haben, \"Diese besondere Problematik der Pers\u00f6nlichkeit des Verurteilten, die schon vor der Anlasstat zu Aggressionshandlungen gef\u00fchrt habe, bestehe, trotz durchgehender psychiatrischer Behandlung unter den Bedingungen der Haft unver\u00e4ndert fort\u2026\" (Dr. K.\u00a0UA 11), bzw. \"dass seiner Einsch\u00e4tzung nach bereits damals ein hinreichender Anlass gegeben gewesen w\u00e4re, die Minderung der Schuldf\u00e4higkeit als sicher feststellbar anzunehmen\" (Prof. Dr. L.\u00a0UA 13). Vor diesem Hintergrund und angesichts des bereits viele Jahre vor der Anlasstat festgestellten Krankheitsbildes, das wiederholt zur Einstellung von Strafverfahren wegen Schuldunf\u00e4higkeit bzw. zur Anordnung einer Ma\u00dfregel nach \u00a7 63 StGB gef\u00fchrt hat, h\u00e4tte die Strafkammer erw\u00e4gen m\u00fcssen, ob es sich bei der vom Sachverst\u00e4ndigen im Ausgangsverfahren diagnostizierten Remission der psychiatrischen Erkrankung um eine falsche Bewertung eines seit langem bekannten psychischen Defektzustandes gehandelt hat. Dann n\u00e4mlich w\u00fcrde es sich vorliegend lediglich um eine blo\u00dfe Um- bzw. Neubewertung bereits im Ausgangsverfahren erkannter und gew\u00fcrdigter Tatsachen und eine hierauf gest\u00fctzte blo\u00dfe \u00c4nderung der psychiatrischen Bewertung handeln, die eine nachtr\u00e4gliche Unterbringung in der Sicherungsverwahrung nicht rechtfertigen k\u00f6nnte (BGHSt 50, 275, 278; BGHR StGB \u00a7 66 b Neue Tatsachen 3; BGH, Urteil vom 22. April 2009 - 2 StR 21/09; Rissing-van Saan/Peglau in LK StGB 12. Aufl. \u00a7 66 b Rdn. 89). Ebenso wenig k\u00f6nnten Tatsachen - wie hier das Verhalten des Verurteilten in der psychiatrischen Einrichtung -, die zwar nach der Anlassverurteilung auftreten, durch die sich ein im Ausgangsverfahren bekannter bzw. erkennbarer Zustand aber lediglich best\u00e4tigt, als \"neu\" gelten (BGH StV 2007, 29, 30)."}, {"num": "10", "textProcessed": ["neu", "tatricht", "schliesslich", "erwag", "hochintelligent", "iq", "ausgestattet", "verurteilt", "psychiatr", "einricht", "geaussert", "behauptet", "ernst", "gemeint", "drohung", "durchaus", "nachvollziehbar", "grund", "ruckverleg", "justizvollzugsanstalt", "erzwing"], "text": "Der neue Tatrichter wird schlie\u00dflich auch zu erw\u00e4gen haben, ob der hochintelligente, mit einem IQ von 136 ausgestattete Verurteilte mit den in der psychiatrischen Einrichtung ge\u00e4u\u00dferten - wie von ihm behauptet nicht ernst gemeinten - Drohungen aus durchaus nachvollziehbaren Gr\u00fcnden nur seine R\u00fcckverlegung in die Justizvollzugsanstalt erzwingen wollte."}], "norm": ["\u00a7 21 StGB", "\u00a7 66b StGB"], "doktyp": "Beschluss", "regionLong": "Bundesrepublik Deutschland", "sonstlt": "", "gruendeProcessed": ["landgericht", "unterbring", "verurteilt", "sicherungsverwahr", "nachtrag", "gemass", "abs", "stgb", "angeordnet", "grundlag", "verurteil", "freiheitsstraf", "jahr", "landgericht", "bonn", "septemb", "mord", "tatein", "versucht", "mord", "besond", "schwer", "brandstift", "revision", "verurteilt", "sachrug", "erfolg", "landgericht", "teil", "bezugnahm", "ausgangsurteil", "folgend", "feststell", "getroff", "heut", "jahrig", "verurteilt", "erkrankt", "alt", "jahr", "erstmal", "psychisch", "halbjahr", "aufenthalt", "nervenklin", "wurd", "hebephr", "schizophreni", "diagnostiziert", "folgend", "jahr", "befand", "wiederholt", "lang", "zeitraum", "stationar", "nervenarzt", "betreu", "wobei", "jeweil", "diagnos", "endog", "psychos", "schizophr", "formenkreis", "bestatigt", "wurd", "strafrecht", "verfahr", "jahr", "korperverletz", "widerstandshandl", "wurd", "schuldunfah", "eingestellt", "wurd", "ahnlich", "delikt", "unterbring", "psychiatr", "krankenhaus", "angeordnet", "vollstreck", "bewahr", "ausgesetzt", "wurd", "jahr", "verurteilt", "landgericht", "bonn", "mord", "tatein", "versucht", "mord", "besond", "schwer", "brandstift", "freiheitsstraf", "jahr", "lag", "zugrund", "dass", "verurteilt", "eim", "benzin", "voll", "besetzt", "lokal", "gegoss", "entzundet", "wodurch", "zwei", "mensch", "tod", "kam", "zahlreich", "weit", "gast", "teil", "schwerst", "verletz", "erlitt", "sachverstand", "berat", "hielt", "schwurgerichtskamm", "verurteilt", "schuldfah", "vermocht", "erheb", "verminder", "steuerungsfah", "auszuschliess", "deshalb", "einschatz", "sachverstand", "erheb", "remission", "fruh", "diagnostiziert", "psychos", "schizophr", "formenkreis", "gekomm", "konn", "ledig", "notwend", "ausgeschloss", "dass", "angeklagt", "infolg", "durchgemacht", "psychot", "erkrank", "seelisch", "ausfall", "gekennzeichnet", "ruckbildungsfah", "endzustand", "psychos", "gekomm", "sei", "ausmass", "erreicht", "dass", "steuerungsfah", "ausgeschloss", "teilverbuss", "setzt", "strafvollstreckungskamm", "landgericht", "aach", "wirkung", "juli", "reststraf", "bewahr", "bewahrungszeit", "wurd", "vier", "jahr", "festgesetzt", "verurteilt", "wurd", "angewies", "standig", "aufenthalt", "geschloss", "einricht", "psychiatri", "nehm", "zustimm", "kamm", "vorzeit", "beend", "verurteilt", "zunach", "massnahm", "einverstand", "wurd", "psychiatr", "einricht", "entlass", "jedoch", "gesprach", "bewahrungshelferin", "realisiert", "dass", "vier", "jahr", "zubring", "alternativ", "strafr", "jahr", "drei", "monat", "verbuss", "bewusst", "wurd", "dass", "heimaufenthalt", "ersparnis", "ca", "euro", "aufzehr", "fordert", "ruckverleg", "justizvollzugsanstalt", "forder", "nachdruck", "verleih", "verweigert", "nahrung", "medikamenteneinnahm", "droht", "heimbewohn", "erwurg", "aussert", "dass", "matratz", "schon", "brenn", "verhalt", "fuhrt", "bewahrungswiderruf", "ruckverleg", "justizvollzugsanstalt", "straf", "novemb", "unauffall", "verbusst", "landgericht", "rechtsfehlerfrei", "bejah", "formell", "voraussetz", "abs", "stgb", "sachverstand", "berat", "uberzeug", "gelangt", "dass", "verurteilt", "hoh", "wahrschein", "erneut", "begeh", "erheb", "potentiell", "opf", "schwer", "schadig", "straftat", "abs", "stgb", "vorausgesetzt", "art", "besteh", "gefahr", "verurteilt", "allgemein", "ergeb", "tatsach", "erst", "strafvollzug", "erkennbar", "geword", "seien", "grunderkrank", "verurteilt", "bereit", "tatzeit", "novemb", "anschliess", "verurteil", "bestand", "damal", "sei", "jedoch", "erkennbar", "dass", "krankheit", "dauerhaft", "steuerungsfah", "auswirk", "mass", "erreich", "zumind", "erheb", "sinn", "stgb", "gegenteil", "hatt", "deutlich", "anhaltspunkt", "remission", "psychot", "erkrank", "vorgeleg", "dauerhaft", "grad", "auswirk", "erkrank", "steuerungsfah", "seien", "erst", "vollzug", "ganz", "deutlich", "vorfall", "psychiatr", "einricht", "juli", "erkennbar", "geword", "seitd", "steh", "fest", "dass", "jederzeit", "eintret", "situation", "rechn", "sei", "verurteilt", "erheb", "straftat", "reagi", "neu", "umstand", "fuhrt", "sowohl", "zeitlich", "tatsach", "erheb", "vergrossert", "beurteilungsgrundlag", "gefahrprognos", "wodurch", "gefahr", "verurteilt", "vergleich", "zeitpunkt", "vorverurteil", "neu", "licht", "erschein", "ii", "anwend", "abs", "stgb", "halt", "rechtlich", "uberpruf", "stand", "neu", "tatsach", "erst", "verurteil", "erkennbar", "geword", "bisher", "urteilsfeststell", "belegt", "psychiatr", "befundtatsach", "einzelfall", "neu", "tatsach", "sinn", "abs", "stgb", "darstell", "massgeb", "neu", "sachverstand", "bewert", "tatsach", "entscheid", "vielmehr", "bewert", "zugrund", "liegend", "anknupfungstatsach", "zeitpunkt", "aburteil", "bereit", "vorlag", "bekannt", "erkennbar", "bghst", "stellt", "landgericht", "fest", "verurteilt", "handelt", "chronisch", "stadium", "verlauf", "schizophr", "erkrank", "dass", "schon", "seit", "jahrzehnt", "besteht", "versuch", "therapeut", "behandl", "aussicht", "erfolg", "krankheitsfolg", "besteht", "personlichkeitsproblemat", "storung", "affektwahrnehm", "affektkontroll", "problemat", "anlasstat", "zugrundelag", "besteht", "fort", "ua", "folgt", "landgericht", "gutacht", "sachverstand", "prof", "dr", "dr", "ua", "darub", "hinaus", "ausgefuhrt", "besond", "problemat", "person", "verurteilt", "schon", "anlasstat", "aggressionshandl", "gefuhrt", "besteh", "trotz", "durchgeh", "psychiatr", "behandl", "beding", "haft", "unverandert", "fort", "dr", "ua", "bzw", "dass", "einschatz", "bereit", "damal", "hinreich", "anlass", "gegeb", "minder", "schuldfah", "feststellbar", "anzunehm", "prof", "dr", "ua", "hintergrund", "angesicht", "bereit", "jahr", "anlasstat", "festgestellt", "krankheitsbild", "wiederholt", "einstell", "strafverfahr", "schuldunfah", "bzw", "anordn", "massregel", "stgb", "gefuhrt", "hatt", "strafkamm", "erwag", "sachverstand", "ausgangsverfahr", "diagnostiziert", "remission", "psychiatr", "erkrank", "falsch", "bewert", "seit", "lang", "bekannt", "psychisch", "defektzustand", "gehandelt", "namlich", "vorlieg", "ledig", "bloss", "bzw", "neubewert", "bereit", "ausgangsverfahr", "erkannt", "gewurdigt", "tatsach", "hierauf", "gestutzt", "bloss", "psychiatr", "bewert", "handeln", "nachtrag", "unterbring", "sicherungsverwahr", "rechtfert", "bghst", "bghr", "stgb", "neu", "tatsach", "bgh", "urteil", "april", "str", "rissing", "van", "saan", "peglau", "lk", "stgb", "aufl", "rdn", "ebenso", "wenig", "konnt", "tatsach", "verhalt", "verurteilt", "psychiatr", "einricht", "anlassverurteil", "auftret", "ausgangsverfahr", "bekannt", "bzw", "erkennbar", "zustand", "ledig", "bestatigt", "neu", "gelt", "bgh", "stv", "neu", "tatricht", "schliesslich", "erwag", "hochintelligent", "iq", "ausgestattet", "verurteilt", "psychiatr", "einricht", "geaussert", "behauptet", "ernst", "gemeint", "drohung", "durchaus", "nachvollziehbar", "grund", "ruckverleg", "justizvollzugsanstalt", "erzwing", "fisch", "athing", "roggenbuck", "appl", "schmitt"], "mitwirkung": "", "aktenzeichen": "2 StR 171/10", "language": "deutsch", "gertyp": "BGH", "leitsatz": "", "gruende": "\n      <div>\n         <dl class=\"RspDL\">\n            <dt>\n               <a name=\"rd_1\">1</a>\n            </dt>\n            <dd>\n               <p>Das Landgericht hat die Unterbringung des Verurteilten in der Sicherungsverwahrung nachtr\u00e4glich gem\u00e4\u00df \u00a7 66 b Abs. 2 StGB angeordnet. Grundlage war eine Verurteilung zu einer Freiheitsstrafe von 15 Jahren durch das Landgericht Bonn vom 14. September 1995 wegen Mordes in Tateinheit mit versuchtem Mord und besonders schwerer Brandstiftung. Die Revision des Verurteilten hat mit der Sachr\u00fcge Erfolg.</p>\n            </dd>\n         </dl>\n         <dl class=\"RspDL\">\n            <dt/>\n            <dd>\n               <p/>\n            </dd>\n         </dl>\n         <dl class=\"RspDL\">\n            <dt/>\n            <dd>\n               <p>I.</p>\n            </dd>\n         </dl>\n         <dl class=\"RspDL\">\n            <dt/>\n            <dd>\n               <p/>\n            </dd>\n         </dl>\n         <dl class=\"RspDL\">\n            <dt>\n               <a name=\"rd_2\">2</a>\n            </dt>\n            <dd>\n               <p>1. Das Landgericht hat - teils unter Bezugnahme auf das Ausgangsurteil - folgende Feststellungen getroffen:</p>\n            </dd>\n         </dl>\n         <dl class=\"RspDL\">\n            <dt/>\n            <dd>\n               <p/>\n            </dd>\n         </dl>\n         <dl class=\"RspDL\">\n            <dt>\n               <a name=\"rd_3\">3</a>\n            </dt>\n            <dd>\n               <p>Der heute 76j\u00e4hrige Verurteilte erkrankte 1951 im Alter von 17 Jahren erstmals psychisch. W\u00e4hrend eines halbj\u00e4hrigen Aufenthalts in einer Nervenklinik wurde eine hebephrene Schizophrenie diagnostiziert. In den folgenden Jahren befand er sich wiederholt auch \u00fcber l\u00e4ngere Zeitr\u00e4ume in station\u00e4rer nerven\u00e4rztlicher Betreuung, wobei jeweils die Diagnose einer endogenen Psychose aus dem schizophrenen Formenkreis best\u00e4tigt wurde.</p>\n            </dd>\n         </dl>\n         <dl class=\"RspDL\">\n            <dt/>\n            <dd>\n               <p/>\n            </dd>\n         </dl>\n         <dl class=\"RspDL\">\n            <dt>\n               <a name=\"rd_4\">4</a>\n            </dt>\n            <dd>\n               <p>Strafrechtliche Verfahren gegen ihn in den Jahren 1966 und 1969 u.a. wegen K\u00f6rperverletzungen und Widerstandshandlungen wurden wegen Schuldunf\u00e4higkeit eingestellt. 1975 wurde wegen \u00e4hnlicher Delikte gegen ihn die Unterbringung in einem psychiatrischen Krankenhaus angeordnet, deren Vollstreckung zur Bew\u00e4hrung ausgesetzt wurde.</p>\n            </dd>\n         </dl>\n         <dl class=\"RspDL\">\n            <dt/>\n            <dd>\n               <p/>\n            </dd>\n         </dl>\n         <dl class=\"RspDL\">\n            <dt>\n               <a name=\"rd_5\">5</a>\n            </dt>\n            <dd>\n               <p>Im Jahre 1995 verurteilte ihn das Landgericht Bonn wegen Mordes in Tateinheit mit versuchtem Mord und besonders schwerer Brandstiftung zu einer Freiheitsstrafe von 15 Jahren. Dem lag zugrunde, dass der Verurteilte einen Eimer Benzin in ein voll besetztes Lokal gegossen und entz\u00fcndet hatte, wodurch zwei Menschen zu Tode kamen und zahlreiche weitere G\u00e4ste zum Teil schwerste Verletzungen erlitten. Sachverst\u00e4ndig beraten hielt die Schwurgerichtskammer den Verurteilten zwar f\u00fcr schuldf\u00e4hig, vermochte aber eine erhebliche Verminderung der Steuerungsf\u00e4higkeit nicht sicher auszuschlie\u00dfen. Dies deshalb, weil es nach Einsch\u00e4tzung des Sachverst\u00e4ndigen zu einer erheblichen Remission der fr\u00fcher diagnostizierten Psychose aus dem schizophrenen Formenkreis gekommen war; es k\u00f6nne lediglich nicht mit der notwendigen Sicherheit ausgeschlossen werden, dass es bei dem Angeklagten infolge der durchgemachten psychotischen Erkrankung zu einem durch seelische Ausf\u00e4lle gekennzeichneten, nicht r\u00fcckbildungsf\u00e4higen Endzustand nach einer Psychose gekommen sei, der aber nicht ein solches Ausma\u00df erreicht habe, dass die Steuerungsf\u00e4higkeit ausgeschlossen war.</p>\n            </dd>\n         </dl>\n         <dl class=\"RspDL\">\n            <dt/>\n            <dd>\n               <p/>\n            </dd>\n         </dl>\n         <dl class=\"RspDL\">\n            <dt>\n               <a name=\"rd_6\">6</a>\n            </dt>\n            <dd>\n               <p>Nach Teilverb\u00fc\u00dfung setzte die Strafvollstreckungskammer des Landgerichts Aachen mit Wirkung zum 1. Juli 2008 die Reststrafe zur Bew\u00e4hrung aus. Die Bew\u00e4hrungszeit wurde auf vier Jahre festgesetzt. Der Verurteilte wurde u.a. angewiesen, seinen st\u00e4ndigen Aufenthalt in einer geschlossenen Einrichtung f\u00fcr Psychiatrie zu nehmen und diesen nicht ohne Zustimmung der Kammer vorzeitig zu beenden.</p>\n            </dd>\n         </dl>\n         <dl class=\"RspDL\">\n            <dt/>\n            <dd>\n               <p/>\n            </dd>\n         </dl>\n         <dl class=\"RspDL\">\n            <dt>\n               <a name=\"rd_7\">7</a>\n            </dt>\n            <dd>\n               <p>Der Verurteilte war zun\u00e4chst mit dieser Ma\u00dfnahme einverstanden und wurde in die psychiatrische Einrichtung entlassen. Als er jedoch nach einem Gespr\u00e4ch mit seiner Bew\u00e4hrungshelferin realisierte, dass er dort vier Jahre w\u00fcrde zubringen m\u00fcssen, w\u00e4hrend er alternativ nur noch einen Strafrest von einem Jahr und drei Monate zu verb\u00fc\u00dfen hatte und ihm auch bewusst wurde, dass der Heimaufenthalt seine Ersparnisse von ca. 30.000 Euro aufzehren w\u00fcrde, forderte er die R\u00fcckverlegung in die Justizvollzugsanstalt. Um seiner Forderung Nachdruck zu verleihen, verweigerte er die Nahrungs- und Medikamenteneinnahme, drohte, einen anderen Heimbewohner zu erw\u00fcrgen und \u00e4u\u00dferte, dass die Matratzen \"sicher sehr sch\u00f6n brennen w\u00fcrden\". Dieses Verhalten f\u00fchrte zu einem Bew\u00e4hrungswiderruf und zu einer R\u00fcckverlegung in die Justizvollzugsanstalt, wo er seine Strafe bis zum 30. November 2009 unauff\u00e4llig verb\u00fc\u00dfte.</p>\n            </dd>\n         </dl>\n         <dl class=\"RspDL\">\n            <dt/>\n            <dd>\n               <p/>\n            </dd>\n         </dl>\n         <dl class=\"RspDL\">\n            <dt>\n               <a name=\"rd_8\">8</a>\n            </dt>\n            <dd>\n               <p>2. Das Landgericht ist - nach rechtsfehlerfreier Bejahung der formellen Voraussetzungen des \u00a7 66 b Abs. 2 StGB - sachverst\u00e4ndig beraten zu der \u00dcberzeugung gelangt, dass bei dem Verurteilten eine hohe Wahrscheinlichkeit erneuter Begehung erheblicher, potentielle Opfer schwer sch\u00e4digender Straftaten der in \u00a7 66 b Abs. 2 StGB vorausgesetzten Art bestehe. Die Gef\u00e4hrlichkeit des Verurteilten f\u00fcr die Allgemeinheit ergebe sich aus Tatsachen, die erst w\u00e4hrend des Strafvollzugs erkennbar geworden seien. Zwar habe die Grunderkrankung des Verurteilten bereits zur Tatzeit im November 1994 und bei seiner anschlie\u00dfenden Verurteilung bestanden. Damals sei jedoch nicht erkennbar gewesen, dass die Krankheit sich dauerhaft auf die Steuerungsf\u00e4higkeit auswirken und ein Ma\u00df erreichen w\u00fcrde, das zumindest erheblich im Sinne des \u00a7 21 StGB ist. Im Gegenteil h\u00e4tten deutlich Anhaltspunkte f\u00fcr eine Remission der psychotischen Erkrankung vorgelegen. Die Dauerhaftigkeit und der Grad der Auswirkung der Erkrankung auf die Steuerungsf\u00e4higkeit seien erst w\u00e4hrend des Vollzugs, ganz deutlich bei den Vorf\u00e4llen in der psychiatrischen Einrichtung im Juli 2008 erkennbar geworden. Seitdem stehe fest, dass jederzeit mit dem Eintreten von Situationen zu rechnen sei, auf die der Verurteilte mit erheblichen Straftaten reagiere. Diese neuen Umst\u00e4nde f\u00fchrten zu einer sowohl zeitlich als auch tats\u00e4chlich erheblich vergr\u00f6\u00dferten Beurteilungsgrundlage f\u00fcr eine Gefahrprognose, wodurch die Gef\u00e4hrlichkeit des Verurteilten im Vergleich zum Zeitpunkt der Vorverurteilung in einem neuen Licht erscheine.</p>\n            </dd>\n         </dl>\n         <dl class=\"RspDL\">\n            <dt/>\n            <dd>\n               <p/>\n            </dd>\n         </dl>\n         <dl class=\"RspDL\">\n            <dt/>\n            <dd>\n               <p>II.</p>\n            </dd>\n         </dl>\n         <dl class=\"RspDL\">\n            <dt/>\n            <dd>\n               <p/>\n            </dd>\n         </dl>\n         <dl class=\"RspDL\">\n            <dt>\n               <a name=\"rd_9\">9</a>\n            </dt>\n            <dd>\n               <p>Die Anwendung des \u00a7 66 b Abs. 2 StGB h\u00e4lt rechtlicher \u00dcberpr\u00fcfung nicht stand. Neue Tatsachen, die erst nach der Verurteilung erkennbar geworden sind, werden durch die bisherigen Urteilsfeststellungen nicht belegt. Zwar k\u00f6nnen auch psychiatrische Befundtatsachen im Einzelfall \"neue Tatsachen\" im Sinne des \u00a7 66 b Abs. 2 StGB darstellen. Ma\u00dfgeblich ist aber nicht eine neue sachverst\u00e4ndige Bewertung von Tatsachen. Entscheidend ist vielmehr, ob die dieser Bewertung zugrunde liegenden Ankn\u00fcpfungstatsachen im Zeitpunkt der Aburteilung bereits vorlagen und bekannt oder erkennbar waren (BGHSt 50, 275, 278). Hier stellt das Landgericht fest, \"bei dem Verurteilten handelt es sich um ein chronisches Stadium im Verlauf einer schizophrenen Erkrankung, dass schon seit Jahrzehnten besteht und bei dem der Versuch einer therapeutischen Behandlung keine Aussicht auf Erfolg hat. Als Krankheitsfolge besteht eine Pers\u00f6nlichkeitsproblematik mit einer St\u00f6rung der Affektwahrnehmung und der Affektkontrolle. Diese Problematik, die auch der Anlasstat zugrundelag, besteht weiter fort\" (UA 8). Damit folgt das Landgericht den Gutachten der Sachverst\u00e4ndigen Prof. Dr. L.\u00a0und Dr. K.\u00a0(UA 10), die dar\u00fcber hinaus ausgef\u00fchrt haben, \"Diese besondere Problematik der Pers\u00f6nlichkeit des Verurteilten, die schon vor der Anlasstat zu Aggressionshandlungen gef\u00fchrt habe, bestehe, trotz durchgehender psychiatrischer Behandlung unter den Bedingungen der Haft unver\u00e4ndert fort\u2026\" (Dr. K.\u00a0UA 11), bzw. \"dass seiner Einsch\u00e4tzung nach bereits damals ein hinreichender Anlass gegeben gewesen w\u00e4re, die Minderung der Schuldf\u00e4higkeit als sicher feststellbar anzunehmen\" (Prof. Dr. L.\u00a0UA 13). Vor diesem Hintergrund und angesichts des bereits viele Jahre vor der Anlasstat festgestellten Krankheitsbildes, das wiederholt zur Einstellung von Strafverfahren wegen Schuldunf\u00e4higkeit bzw. zur Anordnung einer Ma\u00dfregel nach \u00a7 63 StGB gef\u00fchrt hat, h\u00e4tte die Strafkammer erw\u00e4gen m\u00fcssen, ob es sich bei der vom Sachverst\u00e4ndigen im Ausgangsverfahren diagnostizierten Remission der psychiatrischen Erkrankung um eine falsche Bewertung eines seit langem bekannten psychischen Defektzustandes gehandelt hat. Dann n\u00e4mlich w\u00fcrde es sich vorliegend lediglich um eine blo\u00dfe Um- bzw. Neubewertung bereits im Ausgangsverfahren erkannter und gew\u00fcrdigter Tatsachen und eine hierauf gest\u00fctzte blo\u00dfe \u00c4nderung der psychiatrischen Bewertung handeln, die eine nachtr\u00e4gliche Unterbringung in der Sicherungsverwahrung nicht rechtfertigen k\u00f6nnte (BGHSt 50, 275, 278; BGHR StGB \u00a7 66 b Neue Tatsachen 3; BGH, Urteil vom 22. April 2009 - 2 StR 21/09; Rissing-van Saan/Peglau in LK StGB 12. Aufl. \u00a7 66 b Rdn. 89). Ebenso wenig k\u00f6nnten Tatsachen - wie hier das Verhalten des Verurteilten in der psychiatrischen Einrichtung -, die zwar nach der Anlassverurteilung auftreten, durch die sich ein im Ausgangsverfahren bekannter bzw. erkennbarer Zustand aber lediglich best\u00e4tigt, als \"neu\" gelten (BGH StV 2007, 29, 30).</p>\n            </dd>\n         </dl>\n         <dl class=\"RspDL\">\n            <dt/>\n            <dd>\n               <p/>\n            </dd>\n         </dl>\n         <dl class=\"RspDL\">\n            <dt>\n               <a name=\"rd_10\">10</a>\n            </dt>\n            <dd>\n               <p>Der neue Tatrichter wird schlie\u00dflich auch zu erw\u00e4gen haben, ob der hochintelligente, mit einem IQ von 136 ausgestattete Verurteilte mit den in der psychiatrischen Einrichtung ge\u00e4u\u00dferten - wie von ihm behauptet nicht ernst gemeinten - Drohungen aus durchaus nachvollziehbaren Gr\u00fcnden nur seine R\u00fcckverlegung in die Justizvollzugsanstalt erzwingen wollte.</p>\n            </dd>\n         </dl>\n         <dl class=\"RspDL\">\n            <dt/>\n            <dd>\n               <p/>\n            </dd>\n         </dl>\n         <dl class=\"RspDL\">\n            <dt/>\n            <dd>\n               <p>Fischer\u00a0\u00a0\u00a0\u00a0\u00a0\u00a0\u00a0\u00a0\u00a0\u00a0\u00a0\u00a0\u00a0\u00a0\u00a0\u00a0\u00a0\u00a0\u00a0\u00a0\u00a0\u00a0\u00a0\u00a0\u00a0\u00a0\u00a0\u00a0\u00a0\u00a0\u00a0Athing\u00a0\u00a0\u00a0\u00a0\u00a0\u00a0\u00a0\u00a0\u00a0\u00a0\u00a0\u00a0\u00a0\u00a0\u00a0\u00a0\u00a0\u00a0\u00a0\u00a0\u00a0\u00a0\u00a0\u00a0\u00a0\u00a0\u00a0\u00a0\u00a0\u00a0\u00a0\u00a0Roggenbuck</p>\n            </dd>\n         </dl>\n         <dl class=\"RspDL\">\n            <dt/>\n            <dd>\n               <p>\u00a0\u00a0\u00a0\u00a0\u00a0\u00a0\u00a0\u00a0\u00a0\u00a0\u00a0\u00a0\u00a0\u00a0\u00a0\u00a0\u00a0\u00a0\u00a0\u00a0\u00a0Appl\u00a0\u00a0\u00a0\u00a0\u00a0\u00a0\u00a0\u00a0\u00a0\u00a0\u00a0\u00a0\u00a0\u00a0\u00a0\u00a0\u00a0\u00a0\u00a0\u00a0\u00a0\u00a0\u00a0\u00a0\u00a0\u00a0\u00a0\u00a0\u00a0\u00a0\u00a0\u00a0\u00a0Schmitt</p>\n            </dd>\n         </dl>\n         <dl class=\"RspDL\">\n            <dt/>\n            <dd>\n               <p/>\n            </dd>\n         </dl>\n      </div>\n   ", "accessRights": "public", "gerort": "", "entschDatum": "20100512", "coverage": "Deutschland", "titel": "\n      <dl class=\"RspDL\">\n         <dt/>\n         <dd>\n            <p>Nachtr\u00e4gliche Anordnung der Sicherungsverwahrung: Behandlung psychiatrischer Befundtatsachen als \"neue Tatsachen\"</p>\n         </dd>\n      </dl>\n   ", "ecli": "", "identifier": "http://www.rechtsprechung-im-internet.de/jportal/?quelle=jlink&docid=JURE100063662&psml=bsjrsprod.psml&max=true", "spruchkoerper": "2. Strafsenat", "vorinstanz": "vorgehend LG Bonn, 19. Oktober 2009, Az: 24 Ks 6/09 - 63 Js 573/94, Urteil\n   ", "doknr": "JURE100063662", "abweichendeMeinung": "", "tenor": "\n      <div>\n         <dl class=\"RspDL\">\n            <dt/>\n            <dd>\n               <p>1. Auf die Revision des Verurteilten wird das Urteil des Landgerichts Bonn vom 19. Oktober 2009 mit den Feststellungen aufgehoben.</p>\n            </dd>\n         </dl>\n         <dl class=\"RspDL\">\n            <dt/>\n            <dd>\n               <p/>\n            </dd>\n         </dl>\n         <dl class=\"RspDL\">\n            <dt/>\n            <dd>\n               <p>2. Die Sache wird zu neuer Verhandlung und Entscheidung, auch \u00fcber die Kosten des Rechtsmittels, an eine andere Schwurgerichtskammer des Landgerichts zur\u00fcckverwiesen.</p>\n            </dd>\n         </dl>\n         <dl class=\"RspDL\">\n            <dt/>\n            <dd>\n               <p/>\n            </dd>\n         </dl>\n      </div>\n   ", "regionAbk": "DEU"}