{"publisher": "BMJV", "tatbestand": "", "absaetze": [{"num": "1", "textProcessed": ["landgericht", "angeklagt", "verstoss", "vereinigungsverbot", "vereinsgesetz", "freiheitsstraf", "funf", "monat", "verurteilt", "vollstreck", "bewahr", "ausgesetzt", "bestimmt", "dass", "uberlang", "verfahrensdau", "monat", "straf", "verbusst", "gilt", "hiergeg", "gerichtet", "materiell", "verfahrensrecht", "beanstand", "gestutzt", "revision", "angeklagt", "sachrug", "erfolg"], "text": "Das Landgericht hat den Angeklagten wegen \"Versto\u00dfes gegen ein Vereinigungsverbot nach dem Vereinsgesetz\" zu einer Freiheitsstrafe von f\u00fcnf Monaten verurteilt und deren Vollstreckung zur Bew\u00e4hrung ausgesetzt. Weiter hat es bestimmt, dass wegen \"\u00fcberlanger Verfahrensdauer\" ein Monat der Strafe als verb\u00fc\u00dft gilt. Die hiergegen gerichtete, auf materiell- und verfahrensrechtliche Beanstandungen gest\u00fctzte Revision des Angeklagten hat mit der Sachr\u00fcge Erfolg."}, {"num": "2", "textProcessed": ["feststell", "betatigt", "angeklagt", "spatest", "seit", "juni", "end", "marz", "aktivist", "dhkp", "devrimci", "halk", "kurtulus", "partisi", "chephesi", "verfug", "bundesminist", "inn", "august", "bestandskraft", "seit", "februar", "verbot", "word", "eigenschaft", "fuhrt", "auftrag", "ubergeordnet", "dhkp", "funktionar", "gebietsverantwort", "suddeutschland", "traf", "veranstalt", "terminsabsprach", "kummert", "kontakt", "person", "offent", "leb", "organisiert", "veranstaltungsteilnehm", "kontakt", "press", "zustand", "ausserd", "half", "weit", "dhkp", "aktivist", "beim", "vertrieb", "dhkp", "wochenzeitschrift", "yuruyus", "inhaftier", "durchsuch", "druckerei", "zeitschrift", "gedruckt", "wurd", "sucht", "inhab", "druckerei", "versucht", "uberred", "zeitschrift", "druck"], "text": "Nach den Feststellungen bet\u00e4tigte sich der Angeklagte sp\u00e4testens seit dem 30. Juni 2006 bis Ende M\u00e4rz 2007 als \"Aktivist\" der DHKP-C (Devrimci Halk Kurtulus Partisi - Chephesi), die durch Verf\u00fcgung des Bundesministers des Innern vom 6. August 1998, bestandskr\u00e4ftig seit dem 1. Februar 2000, verboten worden war. In dieser Eigenschaft f\u00fchrte er Auftr\u00e4ge des ihm \u00fcbergeordneten DHKP-C-Funktion\u00e4rs\u00a0Y.\u00a0aus, dem Gebietsverantwortlichen f\u00fcr S\u00fcddeutschland, traf mit diesem Veranstaltungs- und Terminsabsprachen, k\u00fcmmerte sich um Kontakte mit Personen des \u00f6ffentlichen Lebens, organisierte Veranstaltungsteilnehmer und war f\u00fcr den Kontakt zur Presse zust\u00e4ndig. Au\u00dferdem half er dem weiteren DHKP-C-Aktivisten G. beim Vertrieb der DHKP-C-Wochenzeitschrift \"Y\u00fcr\u00fcy\u00fcs\". Nach der Inhaftierung von G.\u00a0und der Durchsuchung der Druckerei, in der die Zeitschrift gedruckt wurde, suchte er den Inhaber der Druckerei auf und versuchte, ihn zu \u00fcberreden, die Zeitschrift weiter zu drucken."}, {"num": "3", "textProcessed": ["annahm", "landgericht", "verhalt", "sei", "rechtlich", "unterstutz", "organisator", "zusammenhalt", "verein", "entgeg", "vollziehbar", "verbot", "abs", "nr", "vereinsg", "wurdig", "halt", "sachlich", "rechtlich", "uberpruf", "stand", "feststell", "betatigt", "angeklagt", "vielmehr", "mitglied", "verbot", "verein", "abs", "nr", "alt", "vereinsg"], "text": "1. Die Annahme des Landgerichts, dieses Verhalten sei rechtlich als Unterst\u00fctzen des organisatorischen Zusammenhalts eines Vereins entgegen einem vollziehbaren Verbot (\u00a7 20 Abs. 1 Nr. 3 VereinsG) zu w\u00fcrdigen, h\u00e4lt sachlich-rechtlicher \u00dcberpr\u00fcfung nicht stand. Nach den Feststellungen bet\u00e4tigte sich der Angeklagte vielmehr als Mitglied in einem verbotenen Verein (\u00a7 20 Abs. 1 Nr. 1 3. Alt. VereinsG)."}, {"num": "4", "textProcessed": ["tatbestand", "abs", "nr", "alt", "vereinsg", "erfullt", "wer", "mitglied", "aktiv", "dau", "gerichtet", "tatig", "forder", "ziel", "verbot", "verein", "entfaltet", "betat", "mitglied", "setzt", "ubereinstimm", "tat", "verein", "dahingeh", "voraus", "dass", "tat", "kreis", "verein", "zugehort", "eigenschaft", "tatig", "betat", "grundlag", "einseit", "willensentschluss", "genugt", "formlich", "beitrittserklar", "ind", "erford", "demgegenub", "unterstutzt", "verbot", "verein", "sinn", "abs", "nr", "vereinsg", "wer", "mitglied", "hilf", "form", "leistet", "organisator", "zusammenhalt", "verein", "bezog", "messbar", "organisator", "bedeut", "zukommt", "bghst", "bgh", "njw", "nstz", "wach", "erb", "kohlhaas", "strafrecht", "nebengesetz", "vereinsg", "rdn", "ff", "heinrich", "munch", "komm", "stgb", "vereinsg", "rdn", "ff"], "text": "Den Tatbestand des \u00a7 20 Abs. 1 Nr. 1 3. Alt. VereinsG erf\u00fcllt, wer als Mitglied eine aktive, auf Dauer gerichtete T\u00e4tigkeit zur F\u00f6rderung der Ziele des verbotenen Vereins entfaltet. Die Bet\u00e4tigung als Mitglied setzt eine \u00dcbereinstimmung zwischen dem T\u00e4ter und dem Verein dahingehend voraus, dass der T\u00e4ter dem Kreis des Vereins zugeh\u00f6rt und in dieser Eigenschaft t\u00e4tig wird; die Bet\u00e4tigung auf der Grundlage eines nur einseitigen Willensentschlusses gen\u00fcgt nicht. Eine f\u00f6rmliche Beitrittserkl\u00e4rung ist indes nicht erforderlich. Demgegen\u00fcber unterst\u00fctzt einen verbotenen Verein im Sinne des \u00a7 20 Abs. 1 Nr. 3 VereinsG, wer, ohne Mitglied zu sein, Hilfe in einer Form leistet, die auf den organisatorischen Zusammenhalt der Vereinigung bezogen ist und der eine messbare organisatorische Bedeutung zukommt (BGHSt 18, 296, 299 f.; BGH NJW 2005, 2164, 2166; NStZ 2006, 355, 356; Wache in Erbs/Kohlhaas, Strafrechtliche Nebengesetze VereinsG \u00a7 20 Rdn. 11 f.; 15 ff.; Heinrich in M\u00fcnch-Komm-StGB \u00a7 20 VereinsG Rdn. 62 f, 74 ff.)."}, {"num": "5", "textProcessed": ["massstab", "betatigt", "landgericht", "unspezif", "aktivist", "bezeichnet", "angeklagt", "mitglied", "dhkp", "stand", "dauerhaft", "eng", "person", "kontakt", "fuhrungsfunktionar", "ausgefuhrt", "tatig", "nahm", "gegenseit", "einverstandnis", "wesent", "belang", "dhkp", "wahr", "verhalt", "belegt", "dass", "verein", "zugehort", "auss", "organisator", "zusammenhalt", "fordert", "stellung", "ging", "bloss", "sympathisant", "weit", "hinaus", "vgl", "bgh", "nstz", "rr"], "text": "Nach diesen Ma\u00dfst\u00e4ben bet\u00e4tigte sich der vom Landgericht unspezifisch als \"Aktivist\" bezeichnete Angeklagte als Mitglied der DHKP-C. Er stand in einem dauerhaften, engen pers\u00f6nlichen Kontakt mit einem F\u00fchrungsfunktion\u00e4r. Mit den von ihm ausgef\u00fchrten T\u00e4tigkeiten nahm er im gegenseitigen Einverst\u00e4ndnis wesentliche Belange der DHKP-C wahr. Dieses Verhalten belegt, dass er dem Verein zugeh\u00f6rte und nicht nur von au\u00dfen dessen organisatorischen Zusammenhalt f\u00f6rderte; seine Stellung ging \u00fcber die eines blo\u00dfen Sympathisanten weit hinaus (vgl. BGH NStZ-RR 2004, 201, 202)."}, {"num": "6", "textProcessed": ["senat", "sieht", "umstell", "schuldspruch", "entsprech", "anwend", "abs", "stpo", "gehindert", "strafklag", "tat", "abs", "nr", "alt", "vereinsg", "moglicherweis", "zeit", "januar", "verbraucht"], "text": "2. Der Senat sieht sich an einer Umstellung des Schuldspruchs in entsprechender Anwendung des \u00a7 354 Abs. 1 StPO gehindert, weil die Strafklage f\u00fcr die Tat nach \u00a7 20 Abs. 1 Nr. 1 3. Alt. VereinsG m\u00f6glicherweise f\u00fcr die Zeit bis zum 12. Januar 2007 verbraucht ist."}, {"num": "7", "textProcessed": ["angeklagt", "wurd", "rechtskraft", "urteil", "landgericht", "karlsruh", "tag", "vorwurf", "zuwiderhandl", "vereinsrecht", "verbot", "freigesproch", "last", "gelegt", "word", "organisator", "zusammenhalt", "dhkp", "dadurch", "gefordert", "bestarkt", "dass", "zeit", "august", "veranstalt", "campingplatz", "teilnahm", "ziel", "mitglied", "sympathisant", "schul", "neu", "mitglied", "unterstutz", "gewinn"], "text": "Der Angeklagte wurde durch rechtskr\u00e4ftiges Urteil des Landgerichts Karlsruhe von diesem Tage u. a. vom Vorwurf der Zuwiderhandlung gegen ein vereinsrechtliches Verbot freigesprochen. Ihm war zur Last gelegt worden, den organisatorischen Zusammenhalt der DHKP-C dadurch gef\u00f6rdert und best\u00e4rkt zu haben, dass er in der Zeit vom 1. bis zum 5. August 2004 an einer Veranstaltung auf dem Campingplatz in E. teilnahm, die das Ziel hatte, Mitglieder und Sympathisanten zu schulen und neue Mitglieder und Unterst\u00fctzer zu gewinnen."}, {"num": "8", "textProcessed": ["angeklagt", "bereit", "damal", "zeit", "mitglied", "dhkp", "beteiligt", "weiterhin", "unterbrech", "mitgliedschaft", "strafklag", "zeit", "entscheid", "landgericht", "karlsruh", "verbraucht", "abs", "nr", "vereinsg", "handelt", "insoweit", "ff", "stgb", "vergleichbar", "organisationsdelikt", "mehr", "tatbestand", "erfull", "einzelakt", "rechtlich", "einheit", "verbund", "bghst", "bgh", "nstz", "nstz", "rr", "rissing", "van", "saan", "lk", "rdn", "wach", "aao", "rdn", "heinrich", "aao", "rdn", "sei", "tat", "unterbricht", "mitgliedschaft", "beteil", "folg", "dass", "bestimmt", "zeitraum", "voraussetz", "vorschrift", "festgestellt", "beginnt", "sodann", "neu", "bghst", "ff", "krauss", "lk", "aufl", "rdn", "verhalt", "angeklagt", "insgesamt", "einheit", "handlung", "sachlich", "rechtlich", "sinn", "wert", "liegt", "einheit", "prozessual", "tat", "sinn", "stpo", "mey", "gossn", "stpo", "aufl", "rdn", "ff", "fall", "begrundet", "urteil", "landgericht", "karlsruh", "januar", "verfahrenshindernis", "verfolg", "mitgliedschaft", "betat", "angeklagt", "zeitpunkt", "neu", "tatgericht", "deshalb", "gehalt", "betat", "angeklagt", "dhkp", "hiesig", "tatzeitraum", "feststell", "treff"], "text": "War der Angeklagte bereits zur damaligen Zeit Mitglied der DHKP-C und beteiligte er sich weiterhin ohne Unterbrechung mitgliedschaftlich an dieser, ist die Strafklage f\u00fcr die Zeit bis zu der Entscheidung des Landgerichts Karlsruhe verbraucht. Bei \u00a7 20 Abs. 1 Nr. 1 VereinsG handelt es sich um ein insoweit den \u00a7\u00a7 129 ff. StGB vergleichbares Organisationsdelikt, bei dem mehrere den Tatbestand erf\u00fcllende Einzelakte zu einer rechtlichen Einheit verbunden werden (BGHSt 43, 312, 314 f.; BGH NStZ 2001, 436, 438; NStZ-RR 2004, 201, 202; Rissing-van Saan in LK vor \u00a7 52 Rdn. 24; Wache aaO Rdn. 39; Heinrich aaO Rdn. 121), es sei denn, der T\u00e4ter unterbricht seine mitgliedschaftliche Beteiligung mit der Folge, dass f\u00fcr einen bestimmten Zeitraum die Voraussetzungen der Vorschrift nicht festgestellt werden k\u00f6nnen, und beginnt sie sodann wieder neu (BGHSt 46, 349, 356 ff.; Krau\u00df in LK 12. Aufl. \u00a7 129 Rdn. 189). Ist das Verhalten des Angeklagten insgesamt als eine einheitliche Handlung im sachlich-rechtlichen Sinn zu werten, so liegt auch eine einheitliche prozessuale Tat im Sinne des \u00a7 264 StPO vor (Meyer-Go\u00dfner, StPO 52. Aufl. \u00a7 264 Rdn. 6 ff. m. w. N.). In diesem Fall begr\u00fcndet das Urteil des Landgerichts Karlsruhe vom 12. Januar 2007 ein Verfahrenshindernis f\u00fcr die Verfolgung der mitgliedschaftlichen Bet\u00e4tigung des Angeklagten bis zu diesem Zeitpunkt. Das neue Tatgericht ist deshalb gehalten, zur Bet\u00e4tigung des Angeklagten f\u00fcr die DHKP-C auch vor dem hiesigen Tatzeitraum Feststellungen zu treffen."}, {"num": "9", "textProcessed": ["landgericht", "angeklagt", "ledig", "verstoss", "vereinsgesetz", "verurteilt", "revision", "eingelegt", "sieht", "senat", "verfahr", "davon", "ab", "nah", "befass", "angeklagt", "stgb", "strafbar", "gemacht", "bereit", "ausgefuhrt", "dass", "nah", "liegt", "dhkp", "materiell", "rechtlich", "insgesamt", "ausland", "terrorist", "verein", "anzuseh", "vgl", "etwa", "uneingeschrankt", "listung", "dhkp", "terrorist", "verein", "seit", "ratsbeschluss", "eg", "mai", "abl", "zuletzt", "durchfuhrungsverordn", "nr", "rat", "dezemb", "abl", "durchfuhr", "art", "abs", "vo", "eg", "dezemb", "anzunehm", "ledig", "innerhalb", "organisation", "terrorist", "verein", "gebildet", "neb", "bestimmt", "funktionar", "ausfuhr", "anschlag", "betraut", "kad", "turkei", "kad", "mitglied", "angehor", "europa", "ausland", "herausgehob", "funktion", "dhkp", "tatig", "obliegt", "spendensamml", "bewaffnet", "kampf", "erford", "finanziell", "mittel", "beschaff", "genannt", "ruckfront", "bgh", "beschl", "mai", "ak"], "text": "3. Da das Landgericht den Angeklagten lediglich wegen eines Versto\u00dfes gegen das Vereinsgesetz verurteilt und nur dieser Revision eingelegt hat, sieht der Senat auch in diesem Verfahren noch davon ab, sich n\u00e4her damit zu befassen, ob der Angeklagte sich nach den \u00a7\u00a7 129 a, 129 b StGB strafbar gemacht haben k\u00f6nnte. Er hat bereits ausgef\u00fchrt, dass es nahe liegt, die DHKP-C materiell-rechtlich insgesamt als ausl\u00e4ndische terroristische Vereinigung anzusehen (vgl. etwa auch die uneingeschr\u00e4nkte Listung der DHKP-C als terroristische Vereinigung seit dem Ratsbeschluss 2002/334/EG vom 2. Mai 2002 (Abl. L 116 S. 33) und zuletzt in der Durchf\u00fchrungsverordnung Nr. 1285/2009 des Rates vom 22. Dezember 2009 (Abl. L 346 S. 39) zur Durchf\u00fchrung von Art. 2 Abs. 3 der VO (EG) 2580/2001 vom 27. Dezember 2001) -, und nicht nur anzunehmen, lediglich innerhalb dieser Organisation habe sich eine terroristische Vereinigung gebildet, der neben bestimmten Funktion\u00e4ren und den mit der Ausf\u00fchrung der Anschl\u00e4ge betrauten Kadern in der T\u00fcrkei nur solche Kader als Mitglieder angeh\u00f6ren, die im europ\u00e4ischen Ausland in herausgehobenen Funktionen f\u00fcr die DHKP-C t\u00e4tig sind und denen es obliegt, u. a. durch Spendensammlungen die f\u00fcr den bewaffneten Kampf erforderlichen finanziellen Mittel zu beschaffen - so genannte R\u00fcckfront (BGH, Beschl. vom 29. Mai 2009 - AK 8 bis 10/09)."}], "norm": ["\u00a7 20 Nr 1 Alt 3 VereinsG", "\u00a7 20 Nr 3 VereinsG"], "doktyp": "Beschluss", "regionLong": "Bundesrepublik Deutschland", "sonstlt": "", "gruendeProcessed": ["landgericht", "angeklagt", "verstoss", "vereinigungsverbot", "vereinsgesetz", "freiheitsstraf", "funf", "monat", "verurteilt", "vollstreck", "bewahr", "ausgesetzt", "bestimmt", "dass", "uberlang", "verfahrensdau", "monat", "straf", "verbusst", "gilt", "hiergeg", "gerichtet", "materiell", "verfahrensrecht", "beanstand", "gestutzt", "revision", "angeklagt", "sachrug", "erfolg", "feststell", "betatigt", "angeklagt", "spatest", "seit", "juni", "end", "marz", "aktivist", "dhkp", "devrimci", "halk", "kurtulus", "partisi", "chephesi", "verfug", "bundesminist", "inn", "august", "bestandskraft", "seit", "februar", "verbot", "word", "eigenschaft", "fuhrt", "auftrag", "ubergeordnet", "dhkp", "funktionar", "gebietsverantwort", "suddeutschland", "traf", "veranstalt", "terminsabsprach", "kummert", "kontakt", "person", "offent", "leb", "organisiert", "veranstaltungsteilnehm", "kontakt", "press", "zustand", "ausserd", "half", "weit", "dhkp", "aktivist", "beim", "vertrieb", "dhkp", "wochenzeitschrift", "yuruyus", "inhaftier", "durchsuch", "druckerei", "zeitschrift", "gedruckt", "wurd", "sucht", "inhab", "druckerei", "versucht", "uberred", "zeitschrift", "druck", "annahm", "landgericht", "verhalt", "sei", "rechtlich", "unterstutz", "organisator", "zusammenhalt", "verein", "entgeg", "vollziehbar", "verbot", "abs", "nr", "vereinsg", "wurdig", "halt", "sachlich", "rechtlich", "uberpruf", "stand", "feststell", "betatigt", "angeklagt", "vielmehr", "mitglied", "verbot", "verein", "abs", "nr", "alt", "vereinsg", "tatbestand", "abs", "nr", "alt", "vereinsg", "erfullt", "wer", "mitglied", "aktiv", "dau", "gerichtet", "tatig", "forder", "ziel", "verbot", "verein", "entfaltet", "betat", "mitglied", "setzt", "ubereinstimm", "tat", "verein", "dahingeh", "voraus", "dass", "tat", "kreis", "verein", "zugehort", "eigenschaft", "tatig", "betat", "grundlag", "einseit", "willensentschluss", "genugt", "formlich", "beitrittserklar", "ind", "erford", "demgegenub", "unterstutzt", "verbot", "verein", "sinn", "abs", "nr", "vereinsg", "wer", "mitglied", "hilf", "form", "leistet", "organisator", "zusammenhalt", "verein", "bezog", "messbar", "organisator", "bedeut", "zukommt", "bghst", "bgh", "njw", "nstz", "wach", "erb", "kohlhaas", "strafrecht", "nebengesetz", "vereinsg", "rdn", "ff", "heinrich", "munch", "komm", "stgb", "vereinsg", "rdn", "ff", "massstab", "betatigt", "landgericht", "unspezif", "aktivist", "bezeichnet", "angeklagt", "mitglied", "dhkp", "stand", "dauerhaft", "eng", "person", "kontakt", "fuhrungsfunktionar", "ausgefuhrt", "tatig", "nahm", "gegenseit", "einverstandnis", "wesent", "belang", "dhkp", "wahr", "verhalt", "belegt", "dass", "verein", "zugehort", "auss", "organisator", "zusammenhalt", "fordert", "stellung", "ging", "bloss", "sympathisant", "weit", "hinaus", "vgl", "bgh", "nstz", "rr", "senat", "sieht", "umstell", "schuldspruch", "entsprech", "anwend", "abs", "stpo", "gehindert", "strafklag", "tat", "abs", "nr", "alt", "vereinsg", "moglicherweis", "zeit", "januar", "verbraucht", "angeklagt", "wurd", "rechtskraft", "urteil", "landgericht", "karlsruh", "tag", "vorwurf", "zuwiderhandl", "vereinsrecht", "verbot", "freigesproch", "last", "gelegt", "word", "organisator", "zusammenhalt", "dhkp", "dadurch", "gefordert", "bestarkt", "dass", "zeit", "august", "veranstalt", "campingplatz", "teilnahm", "ziel", "mitglied", "sympathisant", "schul", "neu", "mitglied", "unterstutz", "gewinn", "angeklagt", "bereit", "damal", "zeit", "mitglied", "dhkp", "beteiligt", "weiterhin", "unterbrech", "mitgliedschaft", "strafklag", "zeit", "entscheid", "landgericht", "karlsruh", "verbraucht", "abs", "nr", "vereinsg", "handelt", "insoweit", "ff", "stgb", "vergleichbar", "organisationsdelikt", "mehr", "tatbestand", "erfull", "einzelakt", "rechtlich", "einheit", "verbund", "bghst", "bgh", "nstz", "nstz", "rr", "rissing", "van", "saan", "lk", "rdn", "wach", "aao", "rdn", "heinrich", "aao", "rdn", "sei", "tat", "unterbricht", "mitgliedschaft", "beteil", "folg", "dass", "bestimmt", "zeitraum", "voraussetz", "vorschrift", "festgestellt", "beginnt", "sodann", "neu", "bghst", "ff", "krauss", "lk", "aufl", "rdn", "verhalt", "angeklagt", "insgesamt", "einheit", "handlung", "sachlich", "rechtlich", "sinn", "wert", "liegt", "einheit", "prozessual", "tat", "sinn", "stpo", "mey", "gossn", "stpo", "aufl", "rdn", "ff", "fall", "begrundet", "urteil", "landgericht", "karlsruh", "januar", "verfahrenshindernis", "verfolg", "mitgliedschaft", "betat", "angeklagt", "zeitpunkt", "neu", "tatgericht", "deshalb", "gehalt", "betat", "angeklagt", "dhkp", "hiesig", "tatzeitraum", "feststell", "treff", "landgericht", "angeklagt", "ledig", "verstoss", "vereinsgesetz", "verurteilt", "revision", "eingelegt", "sieht", "senat", "verfahr", "davon", "ab", "nah", "befass", "angeklagt", "stgb", "strafbar", "gemacht", "bereit", "ausgefuhrt", "dass", "nah", "liegt", "dhkp", "materiell", "rechtlich", "insgesamt", "ausland", "terrorist", "verein", "anzuseh", "vgl", "etwa", "uneingeschrankt", "listung", "dhkp", "terrorist", "verein", "seit", "ratsbeschluss", "eg", "mai", "abl", "zuletzt", "durchfuhrungsverordn", "nr", "rat", "dezemb", "abl", "durchfuhr", "art", "abs", "vo", "eg", "dezemb", "anzunehm", "ledig", "innerhalb", "organisation", "terrorist", "verein", "gebildet", "neb", "bestimmt", "funktionar", "ausfuhr", "anschlag", "betraut", "kad", "turkei", "kad", "mitglied", "angehor", "europa", "ausland", "herausgehob", "funktion", "dhkp", "tatig", "obliegt", "spendensamml", "bewaffnet", "kampf", "erford", "finanziell", "mittel", "beschaff", "genannt", "ruckfront", "bgh", "beschl", "mai", "ak", "beck", "lien", "sost", "scheibl", "schaf", "ribgh", "may", "befindet", "sichim", "urlaub", "dahergehindert", "unterschreib", "beck"], "mitwirkung": "", "aktenzeichen": "3 StR 54/10", "language": "deutsch", "gertyp": "BGH", "leitsatz": "", "gruende": "\n      <div>\n         <dl class=\"RspDL\">\n            <dt>\n               <a name=\"rd_1\">1</a>\n            </dt>\n            <dd>\n               <p>Das Landgericht hat den Angeklagten wegen \"Versto\u00dfes gegen ein Vereinigungsverbot nach dem Vereinsgesetz\" zu einer Freiheitsstrafe von f\u00fcnf Monaten verurteilt und deren Vollstreckung zur Bew\u00e4hrung ausgesetzt. Weiter hat es bestimmt, dass wegen \"\u00fcberlanger Verfahrensdauer\" ein Monat der Strafe als verb\u00fc\u00dft gilt. Die hiergegen gerichtete, auf materiell- und verfahrensrechtliche Beanstandungen gest\u00fctzte Revision des Angeklagten hat mit der Sachr\u00fcge Erfolg.</p>\n            </dd>\n         </dl>\n         <dl class=\"RspDL\">\n            <dt/>\n            <dd>\n               <p/>\n            </dd>\n         </dl>\n         <dl class=\"RspDL\">\n            <dt>\n               <a name=\"rd_2\">2</a>\n            </dt>\n            <dd>\n               <p>Nach den Feststellungen bet\u00e4tigte sich der Angeklagte sp\u00e4testens seit dem 30. Juni 2006 bis Ende M\u00e4rz 2007 als \"Aktivist\" der DHKP-C (Devrimci Halk Kurtulus Partisi - Chephesi), die durch Verf\u00fcgung des Bundesministers des Innern vom 6. August 1998, bestandskr\u00e4ftig seit dem 1. Februar 2000, verboten worden war. In dieser Eigenschaft f\u00fchrte er Auftr\u00e4ge des ihm \u00fcbergeordneten DHKP-C-Funktion\u00e4rs\u00a0Y.\u00a0aus, dem Gebietsverantwortlichen f\u00fcr S\u00fcddeutschland, traf mit diesem Veranstaltungs- und Terminsabsprachen, k\u00fcmmerte sich um Kontakte mit Personen des \u00f6ffentlichen Lebens, organisierte Veranstaltungsteilnehmer und war f\u00fcr den Kontakt zur Presse zust\u00e4ndig. Au\u00dferdem half er dem weiteren DHKP-C-Aktivisten G. beim Vertrieb der DHKP-C-Wochenzeitschrift \"Y\u00fcr\u00fcy\u00fcs\". Nach der Inhaftierung von G.\u00a0und der Durchsuchung der Druckerei, in der die Zeitschrift gedruckt wurde, suchte er den Inhaber der Druckerei auf und versuchte, ihn zu \u00fcberreden, die Zeitschrift weiter zu drucken.</p>\n            </dd>\n         </dl>\n         <dl class=\"RspDL\">\n            <dt/>\n            <dd>\n               <p/>\n            </dd>\n         </dl>\n         <dl class=\"RspDL\">\n            <dt>\n               <a name=\"rd_3\">3</a>\n            </dt>\n            <dd>\n               <p>1. Die Annahme des Landgerichts, dieses Verhalten sei rechtlich als Unterst\u00fctzen des organisatorischen Zusammenhalts eines Vereins entgegen einem vollziehbaren Verbot (\u00a7 20 Abs. 1 Nr. 3 VereinsG) zu w\u00fcrdigen, h\u00e4lt sachlich-rechtlicher \u00dcberpr\u00fcfung nicht stand. Nach den Feststellungen bet\u00e4tigte sich der Angeklagte vielmehr als Mitglied in einem verbotenen Verein (\u00a7 20 Abs. 1 Nr. 1 3. Alt. VereinsG).</p>\n            </dd>\n         </dl>\n         <dl class=\"RspDL\">\n            <dt/>\n            <dd>\n               <p/>\n            </dd>\n         </dl>\n         <dl class=\"RspDL\">\n            <dt>\n               <a name=\"rd_4\">4</a>\n            </dt>\n            <dd>\n               <p>Den Tatbestand des \u00a7 20 Abs. 1 Nr. 1 3. Alt. VereinsG erf\u00fcllt, wer als Mitglied eine aktive, auf Dauer gerichtete T\u00e4tigkeit zur F\u00f6rderung der Ziele des verbotenen Vereins entfaltet. Die Bet\u00e4tigung als Mitglied setzt eine \u00dcbereinstimmung zwischen dem T\u00e4ter und dem Verein dahingehend voraus, dass der T\u00e4ter dem Kreis des Vereins zugeh\u00f6rt und in dieser Eigenschaft t\u00e4tig wird; die Bet\u00e4tigung auf der Grundlage eines nur einseitigen Willensentschlusses gen\u00fcgt nicht. Eine f\u00f6rmliche Beitrittserkl\u00e4rung ist indes nicht erforderlich. Demgegen\u00fcber unterst\u00fctzt einen verbotenen Verein im Sinne des \u00a7 20 Abs. 1 Nr. 3 VereinsG, wer, ohne Mitglied zu sein, Hilfe in einer Form leistet, die auf den organisatorischen Zusammenhalt der Vereinigung bezogen ist und der eine messbare organisatorische Bedeutung zukommt (BGHSt 18, 296, 299 f.; BGH NJW 2005, 2164, 2166; NStZ 2006, 355, 356; Wache in Erbs/Kohlhaas, Strafrechtliche Nebengesetze VereinsG \u00a7 20 Rdn. 11 f.; 15 ff.; Heinrich in M\u00fcnch-Komm-StGB \u00a7 20 VereinsG Rdn. 62 f, 74 ff.).</p>\n            </dd>\n         </dl>\n         <dl class=\"RspDL\">\n            <dt/>\n            <dd>\n               <p/>\n            </dd>\n         </dl>\n         <dl class=\"RspDL\">\n            <dt>\n               <a name=\"rd_5\">5</a>\n            </dt>\n            <dd>\n               <p>Nach diesen Ma\u00dfst\u00e4ben bet\u00e4tigte sich der vom Landgericht unspezifisch als \"Aktivist\" bezeichnete Angeklagte als Mitglied der DHKP-C. Er stand in einem dauerhaften, engen pers\u00f6nlichen Kontakt mit einem F\u00fchrungsfunktion\u00e4r. Mit den von ihm ausgef\u00fchrten T\u00e4tigkeiten nahm er im gegenseitigen Einverst\u00e4ndnis wesentliche Belange der DHKP-C wahr. Dieses Verhalten belegt, dass er dem Verein zugeh\u00f6rte und nicht nur von au\u00dfen dessen organisatorischen Zusammenhalt f\u00f6rderte; seine Stellung ging \u00fcber die eines blo\u00dfen Sympathisanten weit hinaus (vgl. BGH NStZ-RR 2004, 201, 202).</p>\n            </dd>\n         </dl>\n         <dl class=\"RspDL\">\n            <dt/>\n            <dd>\n               <p/>\n            </dd>\n         </dl>\n         <dl class=\"RspDL\">\n            <dt>\n               <a name=\"rd_6\">6</a>\n            </dt>\n            <dd>\n               <p>2. Der Senat sieht sich an einer Umstellung des Schuldspruchs in entsprechender Anwendung des \u00a7 354 Abs. 1 StPO gehindert, weil die Strafklage f\u00fcr die Tat nach \u00a7 20 Abs. 1 Nr. 1 3. Alt. VereinsG m\u00f6glicherweise f\u00fcr die Zeit bis zum 12. Januar 2007 verbraucht ist.</p>\n            </dd>\n         </dl>\n         <dl class=\"RspDL\">\n            <dt/>\n            <dd>\n               <p/>\n            </dd>\n         </dl>\n         <dl class=\"RspDL\">\n            <dt>\n               <a name=\"rd_7\">7</a>\n            </dt>\n            <dd>\n               <p>Der Angeklagte wurde durch rechtskr\u00e4ftiges Urteil des Landgerichts Karlsruhe von diesem Tage u. a. vom Vorwurf der Zuwiderhandlung gegen ein vereinsrechtliches Verbot freigesprochen. Ihm war zur Last gelegt worden, den organisatorischen Zusammenhalt der DHKP-C dadurch gef\u00f6rdert und best\u00e4rkt zu haben, dass er in der Zeit vom 1. bis zum 5. August 2004 an einer Veranstaltung auf dem Campingplatz in E. teilnahm, die das Ziel hatte, Mitglieder und Sympathisanten zu schulen und neue Mitglieder und Unterst\u00fctzer zu gewinnen.</p>\n            </dd>\n         </dl>\n         <dl class=\"RspDL\">\n            <dt/>\n            <dd>\n               <p/>\n            </dd>\n         </dl>\n         <dl class=\"RspDL\">\n            <dt>\n               <a name=\"rd_8\">8</a>\n            </dt>\n            <dd>\n               <p>War der Angeklagte bereits zur damaligen Zeit Mitglied der DHKP-C und beteiligte er sich weiterhin ohne Unterbrechung mitgliedschaftlich an dieser, ist die Strafklage f\u00fcr die Zeit bis zu der Entscheidung des Landgerichts Karlsruhe verbraucht. Bei \u00a7 20 Abs. 1 Nr. 1 VereinsG handelt es sich um ein insoweit den \u00a7\u00a7 129 ff. StGB vergleichbares Organisationsdelikt, bei dem mehrere den Tatbestand erf\u00fcllende Einzelakte zu einer rechtlichen Einheit verbunden werden (BGHSt 43, 312, 314 f.; BGH NStZ 2001, 436, 438; NStZ-RR 2004, 201, 202; Rissing-van Saan in LK vor \u00a7 52 Rdn. 24; Wache aaO Rdn. 39; Heinrich aaO Rdn. 121), es sei denn, der T\u00e4ter unterbricht seine mitgliedschaftliche Beteiligung mit der Folge, dass f\u00fcr einen bestimmten Zeitraum die Voraussetzungen der Vorschrift nicht festgestellt werden k\u00f6nnen, und beginnt sie sodann wieder neu (BGHSt 46, 349, 356 ff.; Krau\u00df in LK 12. Aufl. \u00a7 129 Rdn. 189). Ist das Verhalten des Angeklagten insgesamt als eine einheitliche Handlung im sachlich-rechtlichen Sinn zu werten, so liegt auch eine einheitliche prozessuale Tat im Sinne des \u00a7 264 StPO vor (Meyer-Go\u00dfner, StPO 52. Aufl. \u00a7 264 Rdn. 6 ff. m. w. N.). In diesem Fall begr\u00fcndet das Urteil des Landgerichts Karlsruhe vom 12. Januar 2007 ein Verfahrenshindernis f\u00fcr die Verfolgung der mitgliedschaftlichen Bet\u00e4tigung des Angeklagten bis zu diesem Zeitpunkt. Das neue Tatgericht ist deshalb gehalten, zur Bet\u00e4tigung des Angeklagten f\u00fcr die DHKP-C auch vor dem hiesigen Tatzeitraum Feststellungen zu treffen.</p>\n            </dd>\n         </dl>\n         <dl class=\"RspDL\">\n            <dt/>\n            <dd>\n               <p/>\n            </dd>\n         </dl>\n         <dl class=\"RspDL\">\n            <dt>\n               <a name=\"rd_9\">9</a>\n            </dt>\n            <dd>\n               <p>3. Da das Landgericht den Angeklagten lediglich wegen eines Versto\u00dfes gegen das Vereinsgesetz verurteilt und nur dieser Revision eingelegt hat, sieht der Senat auch in diesem Verfahren noch davon ab, sich n\u00e4her damit zu befassen, ob der Angeklagte sich nach den \u00a7\u00a7 129 a, 129 b StGB strafbar gemacht haben k\u00f6nnte. Er hat bereits ausgef\u00fchrt, dass es nahe liegt, die DHKP-C materiell-rechtlich insgesamt als ausl\u00e4ndische terroristische Vereinigung anzusehen (vgl. etwa auch die uneingeschr\u00e4nkte Listung der DHKP-C als terroristische Vereinigung seit dem Ratsbeschluss 2002/334/EG vom 2. Mai 2002 (Abl. L 116 S. 33) und zuletzt in der Durchf\u00fchrungsverordnung Nr. 1285/2009 des Rates vom 22. Dezember 2009 (Abl. L 346 S. 39) zur Durchf\u00fchrung von Art. 2 Abs. 3 der VO (EG) 2580/2001 vom 27. Dezember 2001) -, und nicht nur anzunehmen, lediglich innerhalb dieser Organisation habe sich eine terroristische Vereinigung gebildet, der neben bestimmten Funktion\u00e4ren und den mit der Ausf\u00fchrung der Anschl\u00e4ge betrauten Kadern in der T\u00fcrkei nur solche Kader als Mitglieder angeh\u00f6ren, die im europ\u00e4ischen Ausland in herausgehobenen Funktionen f\u00fcr die DHKP-C t\u00e4tig sind und denen es obliegt, u. a. durch Spendensammlungen die f\u00fcr den bewaffneten Kampf erforderlichen finanziellen Mittel zu beschaffen - so genannte R\u00fcckfront (BGH, Beschl. vom 29. Mai 2009 - AK 8 bis 10/09).</p>\n            </dd>\n         </dl>\n         <dl class=\"RspDL\">\n            <dt/>\n            <dd>\n               <p/>\n            </dd>\n         </dl>\n         <dl class=\"RspDL\">\n            <dt/>\n            <dd>\n               <table border=\"0\" cellpadding=\"0\" cellspacing=\"0\" class=\"Rsp\">\n                  <tr>\n                     <td colspan=\"1\" rowspan=\"1\" valign=\"top\">\n                        <p>Becker\u00a0\u00a0\u00a0\u00a0\u00a0</p>\n                     </td>\n                     <td colspan=\"1\" rowspan=\"1\" valign=\"top\">\n                        <p/>\n                     </td>\n                     <td colspan=\"1\" rowspan=\"1\" valign=\"top\">\n                        <p>von Lienen\u00a0\u00a0\u00a0\u00a0\u00a0</p>\n                     </td>\n                     <td colspan=\"1\" rowspan=\"1\" valign=\"top\">\n                        <p/>\n                     </td>\n                     <td colspan=\"1\" rowspan=\"1\" valign=\"top\">\n                        <p>\u00a0\u00a0\u00a0\u00a0\u00a0Sost-Scheible</p>\n                     </td>\n                  </tr>\n                  <tr>\n                     <td colspan=\"1\" rowspan=\"1\" valign=\"top\">\n                        <p/>\n                     </td>\n                     <td colspan=\"1\" rowspan=\"1\" valign=\"top\">\n                        <p>Sch\u00e4fer\u00a0\u00a0\u00a0\u00a0\u00a0</p>\n                     </td>\n                     <td colspan=\"1\" rowspan=\"1\" valign=\"top\">\n                        <p/>\n                     </td>\n                     <td colspan=\"1\" rowspan=\"1\" valign=\"top\">\n                        <p>RiBGH Mayer befindet sich<br/>im Urlaub und ist daher<br/>gehindert zu unterschreiben.</p>\n                     </td>\n                     <td colspan=\"1\" rowspan=\"1\" valign=\"top\">\n                        <p/>\n                     </td>\n                  </tr>\n                  <tr>\n                     <td colspan=\"1\" rowspan=\"1\" valign=\"top\">\n                        <p/>\n                     </td>\n                     <td colspan=\"1\" rowspan=\"1\" valign=\"top\">\n                        <p/>\n                     </td>\n                     <td colspan=\"1\" rowspan=\"1\" valign=\"top\">\n                        <p/>\n                     </td>\n                     <td colspan=\"1\" rowspan=\"1\" valign=\"top\">\n                        <p style=\"text-align:center\">Becker</p>\n                     </td>\n                     <td colspan=\"1\" rowspan=\"1\" valign=\"top\">\n                        <p/>\n                     </td>\n                  </tr>\n               </table>\n            </dd>\n         </dl>\n         <dl class=\"RspDL\">\n            <dt/>\n            <dd>\n               <p/>\n            </dd>\n         </dl>\n      </div>\n   ", "accessRights": "public", "gerort": "", "entschDatum": "20100427", "coverage": "Deutschland", "titel": "\n      <dl class=\"RspDL\">\n         <dt/>\n         <dd>\n            <p>Zuwiderhandeln gegen ein vereinsrechtliches Bet\u00e4tigungsverbot: Abgrenzung der Bet\u00e4tigung als Mitglied von der Unterst\u00fctzung ohne Mitglied zu sein</p>\n         </dd>\n      </dl>\n   ", "ecli": "", "identifier": "http://www.rechtsprechung-im-internet.de/jportal/?quelle=jlink&docid=JURE100064652&psml=bsjrsprod.psml&max=true", "spruchkoerper": "3. Strafsenat", "vorinstanz": "vorgehend LG Stuttgart, 10. November 2009, Az: 18 KLs 6 Js 60391/07, Urteil\n   ", "doknr": "JURE100064652", "abweichendeMeinung": "", "tenor": "\n      <div>\n         <dl class=\"RspDL\">\n            <dt/>\n            <dd>\n               <p>Auf die Revision des Angeklagten wird das Urteil des Landgerichts Stuttgart vom 10. November 2009 mit den Feststellungen aufgehoben.</p>\n            </dd>\n         </dl>\n         <dl class=\"RspDL\">\n            <dt/>\n            <dd>\n               <p/>\n            </dd>\n         </dl>\n         <dl class=\"RspDL\">\n            <dt/>\n            <dd>\n               <p>Die Sache wird zu neuer Verhandlung und Entscheidung, auch \u00fcber die Kosten des Rechtsmittels, an eine andere Strafkammer des Landgerichts zur\u00fcckverwiesen.</p>\n            </dd>\n         </dl>\n         <dl class=\"RspDL\">\n            <dt/>\n            <dd>\n               <p/>\n            </dd>\n         </dl>\n      </div>\n   ", "regionAbk": "DEU"}