{"publisher": "BMJV", "tatbestand": "", "absaetze": [{"num": "1", "textProcessed": ["landgericht", "angeklagt", "unerlaubt", "handeltreib", "betaubungsmitteln", "fall", "gesamtfreiheitsstraf", "funf", "jahr", "sech", "monat", "verurteilt", "urteil", "wendet", "angeklagt", "revision", "verletz", "materiell", "recht", "rugt", "rechtsmittel", "beschlussformel", "ersicht", "umfang", "erfolg", "ubrig", "unbegrundet", "sinn", "abs", "stpo"], "text": "Das Landgericht hat den Angeklagten wegen unerlaubten Handeltreibens mit Bet\u00e4ubungsmitteln in 44 F\u00e4llen zu einer Gesamtfreiheitsstrafe von f\u00fcnf Jahren und sechs Monaten verurteilt. Gegen dieses Urteil wendet sich der Angeklagte mit seiner Revision, mit der er die Verletzung materiellen Rechts r\u00fcgt. Das Rechtsmittel hat in dem aus der Beschlussformel ersichtlichen Umfang Erfolg; im \u00dcbrigen ist es unbegr\u00fcndet im Sinne des \u00a7 349 Abs. 2 StPO."}, {"num": "2", "textProcessed": ["verurteil", "angeklagt", "tatmehrheit", "begang", "tat", "unerlaubt", "handeltreib", "betaubungsmitteln", "fall", "ii", "urteilsgrund", "ua", "generalbundesanwalt", "antragsschrift", "zutreff", "ausgefuhrt", "bestand"], "text": "1. Die Verurteilung des Angeklagten wegen 26 tatmehrheitlich begangener Taten des unerlaubten Handeltreibens mit Bet\u00e4ubungsmitteln in den F\u00e4llen II.6. bis 31. der Urteilsgr\u00fcnde (UA S. 8) kann - wie der Generalbundesanwalt in seiner Antragsschrift zutreffend ausgef\u00fchrt hat - keinen Bestand haben."}, {"num": "3", "textProcessed": ["vermag", "besitz", "verschied", "vornherein", "unterschied", "handel", "bestimmt", "betaubungsmittel", "niemal", "depot", "verbund", "word", "bereit", "grund", "zeitlich", "uberschneid", "bewertungsein", "begrund", "vgl", "bghr", "btmg", "bewertungsein", "landgericht", "bewert", "konkurrenzverhaltnis", "bedacht", "dass", "feststell", "angeklagt", "verkauf", "fall", "ii", "je", "haschisch", "schlecht", "qualitat", "jeweil", "zugleich", "heroin", "ankaufsfall", "ii", "getatigt", "gegeb", "identitat", "tatbestand", "ausfuhrungshandl", "bestand", "somit", "tat", "ii", "ii", "richtigerweis", "tatein", "vgl", "bgh", "beschl", "marz", "str"], "text": "a) Zwar vermag der Besitz verschiedener von vornherein zu unterschiedlichem Handel bestimmter Bet\u00e4ubungsmittel, die niemals zu einem Depot verbunden worden sind, nicht bereits auf Grund zeitlicher \u00dcberschneidung eine Bewertungseinheit zu begr\u00fcnden (vgl. BGHR BtMG \u00a7 29 Bewertungseinheit 9). Das Landgericht hat aber bei der Bewertung der Konkurrenzverh\u00e4ltnisse nicht bedacht, dass nach den Feststellungen der Angeklagte die Verk\u00e4ufe in den F\u00e4llen II.6. bis 31. (je 2 g Haschisch schlechter Qualit\u00e4t) jeweils zugleich mit Heroin aus den Ankaufsf\u00e4llen II.1. bis 5. get\u00e4tigt hat. Wegen der damit gegebenen Identit\u00e4t der tatbestandlichen Ausf\u00fchrungshandlungen bestand somit zwischen den Taten II.1. bis 5. und II.6. bis 31. richtigerweise Tateinheit (vgl. BGH, Beschl. vom 25. M\u00e4rz 1998 - 1 StR 80/98)."}, {"num": "4", "textProcessed": ["fuhrt", "wegfall", "verurteil", "fall", "ii", "urteilsgrund", "nebst", "insoweit", "verhangt", "einzelstraf", "senat", "schuldspruch", "entsprech", "geandert", "stpo", "steht", "entgeg", "ersicht", "dass", "angeklagt", "wirksam", "gescheh", "hatt", "verteid"], "text": "b) Dies f\u00fchrt zum Wegfall der Verurteilung in den F\u00e4llen II.6. bis 31. der Urteilsgr\u00fcnde nebst der insoweit verh\u00e4ngten Einzelstrafen. Der Senat hat den Schuldspruch entsprechend ge\u00e4ndert. \u00a7 265 StPO steht dem nicht entgegen, da nicht ersichtlich ist, dass sich der Angeklagte wirksamer als geschehen h\u00e4tte verteidigen k\u00f6nnen."}, {"num": "5", "textProcessed": ["schuldspruch", "zieht", "aufheb", "gesamtstraf", "bemess", "bedarf", "erneut", "verhandl", "entscheid"], "text": "2. Die \u00c4nderung des Schuldspruchs zieht die Aufhebung der Gesamtstrafe nach sich. Deren Bemessung bedarf der erneuten Verhandlung und Entscheidung."}], "norm": ["\u00a7 52 StGB", "\u00a7 29 BtMG"], "doktyp": "Beschluss", "regionLong": "Bundesrepublik Deutschland", "sonstlt": "", "gruendeProcessed": ["landgericht", "angeklagt", "unerlaubt", "handeltreib", "betaubungsmitteln", "fall", "gesamtfreiheitsstraf", "funf", "jahr", "sech", "monat", "verurteilt", "urteil", "wendet", "angeklagt", "revision", "verletz", "materiell", "recht", "rugt", "rechtsmittel", "beschlussformel", "ersicht", "umfang", "erfolg", "ubrig", "unbegrundet", "sinn", "abs", "stpo", "verurteil", "angeklagt", "tatmehrheit", "begang", "tat", "unerlaubt", "handeltreib", "betaubungsmitteln", "fall", "ii", "urteilsgrund", "ua", "generalbundesanwalt", "antragsschrift", "zutreff", "ausgefuhrt", "bestand", "vermag", "besitz", "verschied", "vornherein", "unterschied", "handel", "bestimmt", "betaubungsmittel", "niemal", "depot", "verbund", "word", "bereit", "grund", "zeitlich", "uberschneid", "bewertungsein", "begrund", "vgl", "bghr", "btmg", "bewertungsein", "landgericht", "bewert", "konkurrenzverhaltnis", "bedacht", "dass", "feststell", "angeklagt", "verkauf", "fall", "ii", "je", "haschisch", "schlecht", "qualitat", "jeweil", "zugleich", "heroin", "ankaufsfall", "ii", "getatigt", "gegeb", "identitat", "tatbestand", "ausfuhrungshandl", "bestand", "somit", "tat", "ii", "ii", "richtigerweis", "tatein", "vgl", "bgh", "beschl", "marz", "str", "fuhrt", "wegfall", "verurteil", "fall", "ii", "urteilsgrund", "nebst", "insoweit", "verhangt", "einzelstraf", "senat", "schuldspruch", "entsprech", "geandert", "stpo", "steht", "entgeg", "ersicht", "dass", "angeklagt", "wirksam", "gescheh", "hatt", "verteid", "schuldspruch", "zieht", "aufheb", "gesamtstraf", "bemess", "bedarf", "erneut", "verhandl", "entscheid", "tepperwi", "maatz", "athing", "ernemann", "mutzbau"], "mitwirkung": "", "aktenzeichen": "4 StR 633/09", "language": "deutsch", "gertyp": "BGH", "leitsatz": "", "gruende": "\n      <div>\n         <dl class=\"RspDL\">\n            <dt>\n               <a name=\"rd_1\">1</a>\n            </dt>\n            <dd>\n               <p>Das Landgericht hat den Angeklagten wegen unerlaubten Handeltreibens mit Bet\u00e4ubungsmitteln in 44 F\u00e4llen zu einer Gesamtfreiheitsstrafe von f\u00fcnf Jahren und sechs Monaten verurteilt. Gegen dieses Urteil wendet sich der Angeklagte mit seiner Revision, mit der er die Verletzung materiellen Rechts r\u00fcgt. Das Rechtsmittel hat in dem aus der Beschlussformel ersichtlichen Umfang Erfolg; im \u00dcbrigen ist es unbegr\u00fcndet im Sinne des \u00a7 349 Abs. 2 StPO.</p>\n            </dd>\n         </dl>\n         <dl class=\"RspDL\">\n            <dt/>\n            <dd>\n               <p/>\n            </dd>\n         </dl>\n         <dl class=\"RspDL\">\n            <dt>\n               <a name=\"rd_2\">2</a>\n            </dt>\n            <dd>\n               <p>1. Die Verurteilung des Angeklagten wegen 26 tatmehrheitlich begangener Taten des unerlaubten Handeltreibens mit Bet\u00e4ubungsmitteln in den F\u00e4llen II.6. bis 31. der Urteilsgr\u00fcnde (UA S. 8) kann - wie der Generalbundesanwalt in seiner Antragsschrift zutreffend ausgef\u00fchrt hat - keinen Bestand haben.</p>\n            </dd>\n         </dl>\n         <dl class=\"RspDL\">\n            <dt/>\n            <dd>\n               <p/>\n            </dd>\n         </dl>\n         <dl class=\"RspDL\">\n            <dt>\n               <a name=\"rd_3\">3</a>\n            </dt>\n            <dd>\n               <p>a) Zwar vermag der Besitz verschiedener von vornherein zu unterschiedlichem Handel bestimmter Bet\u00e4ubungsmittel, die niemals zu einem Depot verbunden worden sind, nicht bereits auf Grund zeitlicher \u00dcberschneidung eine Bewertungseinheit zu begr\u00fcnden (vgl. BGHR BtMG \u00a7 29 Bewertungseinheit 9). Das Landgericht hat aber bei der Bewertung der Konkurrenzverh\u00e4ltnisse nicht bedacht, dass nach den Feststellungen der Angeklagte die Verk\u00e4ufe in den F\u00e4llen II.6. bis 31. (je 2 g Haschisch schlechter Qualit\u00e4t) jeweils <span style=\"text-decoration:underline\">zugleich</span> mit Heroin aus den Ankaufsf\u00e4llen II.1. bis 5. get\u00e4tigt hat. Wegen der damit gegebenen Identit\u00e4t der tatbestandlichen Ausf\u00fchrungshandlungen bestand somit zwischen den Taten II.1. bis 5. und II.6. bis 31. richtigerweise Tateinheit (vgl. BGH, Beschl. vom 25. M\u00e4rz 1998 - 1 StR 80/98).</p>\n            </dd>\n         </dl>\n         <dl class=\"RspDL\">\n            <dt/>\n            <dd>\n               <p/>\n            </dd>\n         </dl>\n         <dl class=\"RspDL\">\n            <dt>\n               <a name=\"rd_4\">4</a>\n            </dt>\n            <dd>\n               <p>b) Dies f\u00fchrt zum Wegfall der Verurteilung in den F\u00e4llen II.6. bis 31. der Urteilsgr\u00fcnde nebst der insoweit verh\u00e4ngten Einzelstrafen. Der Senat hat den Schuldspruch entsprechend ge\u00e4ndert. \u00a7 265 StPO steht dem nicht entgegen, da nicht ersichtlich ist, dass sich der Angeklagte wirksamer als geschehen h\u00e4tte verteidigen k\u00f6nnen.</p>\n            </dd>\n         </dl>\n         <dl class=\"RspDL\">\n            <dt/>\n            <dd>\n               <p/>\n            </dd>\n         </dl>\n         <dl class=\"RspDL\">\n            <dt>\n               <a name=\"rd_5\">5</a>\n            </dt>\n            <dd>\n               <p>2. Die \u00c4nderung des Schuldspruchs zieht die Aufhebung der Gesamtstrafe nach sich. Deren Bemessung bedarf der erneuten Verhandlung und Entscheidung.</p>\n            </dd>\n         </dl>\n         <dl class=\"RspDL\">\n            <dt/>\n            <dd>\n               <p/>\n            </dd>\n         </dl>\n         <dl class=\"RspDL\">\n            <dt/>\n            <dd>\n               <p>Tepperwien\u00a0\u00a0\u00a0\u00a0\u00a0\u00a0\u00a0\u00a0\u00a0\u00a0\u00a0\u00a0\u00a0\u00a0\u00a0\u00a0\u00a0\u00a0\u00a0\u00a0\u00a0\u00a0\u00a0\u00a0\u00a0\u00a0\u00a0\u00a0\u00a0\u00a0\u00a0\u00a0\u00a0\u00a0\u00a0\u00a0\u00a0\u00a0\u00a0\u00a0\u00a0Maatz\u00a0\u00a0\u00a0\u00a0\u00a0\u00a0\u00a0\u00a0\u00a0\u00a0\u00a0\u00a0\u00a0\u00a0\u00a0\u00a0\u00a0\u00a0\u00a0\u00a0\u00a0\u00a0\u00a0\u00a0\u00a0\u00a0\u00a0\u00a0\u00a0\u00a0\u00a0\u00a0\u00a0\u00a0\u00a0\u00a0\u00a0\u00a0\u00a0\u00a0Athing</p>\n            </dd>\n         </dl>\n         <dl class=\"RspDL\">\n            <dt/>\n            <dd>\n               <p>\u00a0\u00a0\u00a0\u00a0\u00a0\u00a0\u00a0\u00a0\u00a0\u00a0\u00a0\u00a0\u00a0\u00a0\u00a0\u00a0\u00a0\u00a0\u00a0\u00a0\u00a0\u00a0\u00a0\u00a0\u00a0\u00a0\u00a0\u00a0\u00a0\u00a0Ernemann\u00a0\u00a0\u00a0\u00a0\u00a0\u00a0\u00a0\u00a0\u00a0\u00a0\u00a0\u00a0\u00a0\u00a0\u00a0\u00a0\u00a0\u00a0\u00a0\u00a0\u00a0\u00a0\u00a0\u00a0\u00a0\u00a0\u00a0\u00a0\u00a0\u00a0\u00a0\u00a0\u00a0\u00a0\u00a0\u00a0Mutzbauer</p>\n            </dd>\n         </dl>\n         <dl class=\"RspDL\">\n            <dt/>\n            <dd>\n               <p/>\n            </dd>\n         </dl>\n      </div>\n   ", "accessRights": "public", "gerort": "", "entschDatum": "20100218", "coverage": "Deutschland", "titel": "\n      <dl class=\"RspDL\">\n         <dt/>\n         <dd>\n            <p>Bet\u00e4ubungsmittelhandel: Tateinheit beim Verkauf von angekauften Bet\u00e4ubungsmitteln</p>\n         </dd>\n      </dl>\n   ", "ecli": "", "identifier": "http://www.rechtsprechung-im-internet.de/jportal/?quelle=jlink&docid=JURE100058260&psml=bsjrsprod.psml&max=true", "spruchkoerper": "4. Strafsenat", "vorinstanz": "vorgehend LG Dessau-Ro\u00dflau, 25. August 2009, Az: 8 KLs 8/09 - 631 Js 26735/08, Urteil\n   ", "doknr": "JURE100058260", "abweichendeMeinung": "", "tenor": "\n      <div>\n         <dl class=\"RspDL\">\n            <dt/>\n            <dd>\n               <p>1. Auf die Revision des Angeklagten wird das Urteil des Landgerichts Dessau-Ro\u00dflau vom 25. August 2009</p>\n            </dd>\n         </dl>\n         <dl class=\"RspDL\">\n            <dt/>\n            <dd>\n               <p/>\n            </dd>\n         </dl>\n         <dl class=\"RspDL\">\n            <dt/>\n            <dd>\n               <p style=\"margin-left:18pt\">a) im Schuldspruch dahin ge\u00e4ndert, dass der Angeklagte wegen unerlaubten Handeltreibens mit Bet\u00e4ubungsmitteln in 18 F\u00e4llen verurteilt ist; die in den F\u00e4llen II.6. bis 31. der Urteilsgr\u00fcnde verh\u00e4ngten Einzelstrafen kommen in Wegfall,</p>\n            </dd>\n         </dl>\n         <dl class=\"RspDL\">\n            <dt/>\n            <dd>\n               <p/>\n            </dd>\n         </dl>\n         <dl class=\"RspDL\">\n            <dt/>\n            <dd>\n               <p style=\"margin-left:18pt\">b) im Ausspruch \u00fcber die Gesamtstrafe mit den Feststellungen aufgehoben.</p>\n            </dd>\n         </dl>\n         <dl class=\"RspDL\">\n            <dt/>\n            <dd>\n               <p/>\n            </dd>\n         </dl>\n         <dl class=\"RspDL\">\n            <dt/>\n            <dd>\n               <p>2. Im Umfang der Aufhebung wird die Sache zu neuer Verhandlung und Entscheidung, auch \u00fcber die Kosten des Rechtsmittels, an eine andere Strafkammer des Landgerichts zur\u00fcckverwiesen.</p>\n            </dd>\n         </dl>\n         <dl class=\"RspDL\">\n            <dt/>\n            <dd>\n               <p/>\n            </dd>\n         </dl>\n         <dl class=\"RspDL\">\n            <dt/>\n            <dd>\n               <p>3. Die weiter gehende Revision wird verworfen.</p>\n            </dd>\n         </dl>\n         <dl class=\"RspDL\">\n            <dt/>\n            <dd>\n               <p/>\n            </dd>\n         </dl>\n      </div>\n   ", "regionAbk": "DEU"}