{"publisher": "BMJV", "tatbestand": "", "absaetze": [], "norm": ["\u00a7 102 StPO", "\u00a7\u00a7 102ff StPO", "\u00a7 105 S 1 StPO"], "doktyp": "Beschluss", "regionLong": "Bundesrepublik Deutschland", "sonstlt": "", "gruendeProcessed": [], "mitwirkung": "", "aktenzeichen": "3 StR 530/09", "language": "deutsch", "gertyp": "BGH", "leitsatz": "", "gruende": "", "accessRights": "public", "gerort": "", "entschDatum": "20100119", "coverage": "Deutschland", "titel": "\n      <dl class=\"RspDL\">\n         <dt/>\n         <dd>\n            <p>Durchsuchung ohne richterliche Anordnung: Gefahr im Verzug aufgrund der Ungeschicklichkeit eines Polizeibeamten</p>\n         </dd>\n      </dl>\n   ", "ecli": "", "identifier": "http://www.rechtsprechung-im-internet.de/jportal/?quelle=jlink&docid=JURE100058694&psml=bsjrsprod.psml&max=true", "spruchkoerper": "3. Strafsenat", "vorinstanz": "vorgehend LG D\u00fcsseldorf, 9. Juli 2009, Az: 12 KLs 17/09 - 60 Js 4971/08, Urteil\n   ", "doknr": "JURE100058694", "abweichendeMeinung": "", "tenor": "\n      <div>\n         <dl class=\"RspDL\">\n            <dt/>\n            <dd>\n               <p style=\"margin-left:36pt\">Die Revision des Angeklagten gegen das Urteil des Landgerichts D\u00fcsseldorf vom 9. Juli 2009 wird als unbegr\u00fcndet verworfen, da die Nachpr\u00fcfung des Urteils auf Grund der Revisionsrechtfertigung keinen Rechtsfehler zum Nachteil des Angeklagten ergeben hat (\u00a7 349 Abs. 2 StPO).</p>\n            </dd>\n         </dl>\n         <dl class=\"RspDL\">\n            <dt/>\n            <dd>\n               <p/>\n            </dd>\n         </dl>\n         <dl class=\"RspDL\">\n            <dt/>\n            <dd>\n               <p style=\"margin-left:36pt\">Der Beschwerdef\u00fchrer hat die Kosten des Rechtsmittels zu tragen.</p>\n            </dd>\n         </dl>\n         <dl class=\"RspDL\">\n            <dt/>\n            <dd>\n               <p/>\n            </dd>\n         </dl>\n         <dl class=\"RspDL\">\n            <dt/>\n            <dd>\n               <p>Erg\u00e4nzend zur Antragsschrift des Generalbundesanwalts bemerkt der Senat zur R\u00fcge der Verletzung des \u00a7 261 i. V. m. \u00a7 98 Abs. 1 Satz 1, \u00a7 105 Abs. 1 Satz 1 StPO:</p>\n            </dd>\n         </dl>\n         <dl class=\"RspDL\">\n            <dt/>\n            <dd>\n               <p/>\n            </dd>\n         </dl>\n         <dl class=\"RspDL\">\n            <dt/>\n            <dd>\n               <p>Die ermittelnden Polizeibeamten haben im Vorfeld der Wohnungsdurchsuchung, die sie am 23. Januar 2009 gegen 4.00 Uhr wegen \"Gefahr im Verzug\" anordneten, keinen so schwerwiegenden Fehler begangen, dass bei der erforderlichen Abw\u00e4gung der widerstreitenden Interessen, insbesondere dem Gewicht der begangenen Nachl\u00e4ssigkeiten und der Verpflichtung des Gerichts zur Erforschung der Wahrheit (vgl. BGHSt 44, 243, 248 f.; BGHSt 51, 285, 289 f.), von einem Verwertungsverbot f\u00fcr die bei der Durchsuchung und Beschlagnahme gewonnenen Erkenntnisse auszugehen ist. Nach dem Ergebnis der vom Landgericht durchgef\u00fchrten Beweisaufnahme ist auszuschlie\u00dfen, dass sie den f\u00fcr die Durchsuchung einer Wohnung regelm\u00e4\u00dfig bestehenden Richtervorbehalt bewusst missachtet haben.</p>\n            </dd>\n         </dl>\n         <dl class=\"RspDL\">\n            <dt/>\n            <dd>\n               <p/>\n            </dd>\n         </dl>\n         <dl class=\"RspDL\">\n            <dt/>\n            <dd>\n               <p>Dass die Ermittlungsbeamten nicht schon am 21. oder 22. Januar 2009 eine richterliche Durchsuchungsanordnung f\u00fcr das Durchsuchungsobjekt beantragt haben, stellt sich allenfalls als geringf\u00fcgiges Vers\u00e4umnis dar, das kein Beweisverwertungsverbot zur Folge hat. Sie erhielten erst am 20. Januar 2009 durch die ihnen von der Polizei in Bochum \u00fcbermittelten Aussage der Zeugin M.\u00a0vom gleichen Tag brauchbare Hinweise auf das vom Angeklagten als Aufbewahrungsort f\u00fcr Kokain und zwei Schusswaffen mit Munition genutzte Zimmer. Allein aufgrund der schriftlichen Zeugenaussage waren weder die Wohnung noch das Zimmer genau zu lokalisieren. Dies w\u00e4re indes erforderlich gewesen, um einen richterlichen Durchsuchungsbeschluss sofort erlangen zu k\u00f6nnen. Bevor ein richterlicher Beschluss beantragt werden konnte, war es daher notwendig, zun\u00e4chst mit der Zeugin Kontakt aufzunehmen und einen Termin vor Ort zu vereinbaren, um die genaue Belegenheit des Zimmers zu ermitteln. Dass dies wegen der anderen durchgef\u00fchrten Ermittlungsma\u00dfnahmen, insbesondere der Observation des Angeklagten, nicht bereits am n\u00e4chsten oder \u00fcbern\u00e4chsten Tag nach der Zeugenaussage geschah, weil zun\u00e4chst die Observation weiter durchgef\u00fchrt werden sollte, stellt - wenn \u00fcberhaupt - jedenfalls keine derartig gravierende Nachl\u00e4ssigkeit im Ermittlungsablauf dar, dass allein hieraus die Unverwertbarkeit der Erkenntnisse aus der am 23. Januar 2009 ohne richterliche Anordnung vollzogenen Durchsuchung des Zimmers abgeleitet werden k\u00f6nnte. Erst nachdem der Angeklagte die Observation bemerkt hatte, deshalb am 22. Januar 2009 gegen 22.00 Uhr festgenommen worden war und eine Wohnung, die der Angeklagte zusammen mit seiner Lebensgef\u00e4hrtin nutzte, aufgrund einer bereits vorliegenden richterlichen Anordnung erfolglos nach Bet\u00e4ubungsmitteln durchsucht worden war, bestand f\u00fcr die Polizeibeamten zwingend akuter Handlungsbedarf f\u00fcr die sofortige Durchsuchung des von der Zeugin M.\u00a0\u00a0\u00a0\u00a0beschriebenen Zimmers. Unter diesen Umst\u00e4nden kann es den Polizeibeamten nicht als grobes Vers\u00e4umnis vorgeworfen werden, dass sie die Zeugin erst jetzt zur Lokalisierung des Zimmers herbeischafften, statt dies schon am 21. oder 22. Januar 2009 getan und auf dieser Grundlage einen richterlichen Durchsuchungsbeschluss erwirkt zu haben.</p>\n            </dd>\n         </dl>\n         <dl class=\"RspDL\">\n            <dt/>\n            <dd>\n               <p/>\n            </dd>\n         </dl>\n         <dl class=\"RspDL\">\n            <dt/>\n            <dd>\n               <p>Als die herbeigerufene Zeugin M.\u00a0die Wohnung, in der sich das als Bunker f\u00fcr Bet\u00e4ubungsmittel genutzte Zimmer des Angeklagten befand, identifiziert hatte, durften die Polizeibeamten ohne die Anordnung eines Richters oder nachrangig eines Staatsanwalts die Durchsuchung jedenfalls dann durchf\u00fchren, als die in der Wohnung befindlichen Personen durch die Ungeschicklichkeit einer Polizeibeamtin sogleich aufmerksam geworden waren und sich nach \u00d6ffnen der Wohnungst\u00fcr teils unkooperativ verhielten oder zu fliehen versuchten. Denn sp\u00e4testens zu diesem Zeitpunkt lagen die engen Voraussetzungen der \"Gefahr im Verzug\" vor, weil bis zur Einholung einer Entscheidung durch den Richter oder zumindest den Staatsanwalt der Zweck der Durchsuchung gef\u00e4hrdet gewesen w\u00e4re (BVerfG NJW 2001, 1121, 1123; Meyer-Go\u00dfner, StPO 52. Aufl. \u00a7 98 Rdn. 6). Es bestand die nahe liegende Gefahr, dass ohne eine sofortige Durchsuchung Beweismittel vernichtet werden k\u00f6nnten, zumal bereits nach der Durchsuchung der ersten Wohnung die Ermittlungen gegen den Angeklagten bekannt geworden waren. Dass diese Situation durch die Ungeschicklichkeit der Polizeibeamtin ausgel\u00f6st worden war, begr\u00fcndet ebenfalls kein Verwertungsverbot; denn dieser Umstand ist nicht ann\u00e4hernd solchen Fallgestaltungen vergleichbar, in denen durch bewusst gesteuertes oder grob nachl\u00e4ssiges polizeiliches Ermittlungsverhalten die \"Gefahr im Verzug\" gleichsam heraufbeschworen und damit der Richtervorbehalt gezielt oder leichtfertig umgangen wird.</p>\n            </dd>\n         </dl>\n         <dl class=\"RspDL\">\n            <dt/>\n            <dd>\n               <p/>\n            </dd>\n         </dl>\n         <dl class=\"RspDL\">\n            <dt/>\n            <dd>\n               <p>Da die Polizeibeamten wegen der dargestellten \"Gefahr im Verzug\" ausnahmsweise selbst die Durchsuchung anordnen durften, hat sich der Umstand, dass in D\u00fcsseldorf in der Zeit zwischen 21.00 Uhr und 6.00 Uhr kein richterlicher Bereitschaftsdienst f\u00fcr Eilanordnungen zur Verf\u00fcgung steht, nicht ausgewirkt. Vor dem Eintritt der \"Gefahr im Verzug\" h\u00e4tte auch beim Bestehen eines Bereitschaftsdienstes eine richterliche Entscheidung \u00fcber die Durchsuchung nicht eingeholt werden k\u00f6nnen, weil bis dahin weder die Wohnung noch das vom Angeklagten benutzte Zimmer identifiziert waren. Aus diesem Grunde muss der Senat nicht entscheiden, ob das Fehlen eines richterlichen Bereitschaftsdienstes w\u00e4hrend der Nachtzeit in einer Gro\u00dfstadt wie D\u00fcsseldorf als ein schwerwiegender Organisationsmangel anzusehen ist (vgl. BVerfG NJW 2004, 1442; BGH NStZ-RR 2007, 242), der im Einzelfall zu einem Beweisverwertungsverbot f\u00fchren kann.</p>\n            </dd>\n         </dl>\n         <dl class=\"RspDL\">\n            <dt/>\n            <dd>\n               <p/>\n            </dd>\n         </dl>\n         <dl class=\"RspDL\">\n            <dt/>\n            <dd>\n               <p>Becker\u00a0\u00a0\u00a0\u00a0\u00a0\u00a0\u00a0\u00a0\u00a0\u00a0\u00a0\u00a0\u00a0\u00a0\u00a0\u00a0\u00a0\u00a0\u00a0\u00a0\u00a0\u00a0\u00a0\u00a0\u00a0\u00a0\u00a0\u00a0\u00a0\u00a0\u00a0\u00a0\u00a0\u00a0\u00a0\u00a0\u00a0von Lienen\u00a0\u00a0\u00a0\u00a0\u00a0\u00a0\u00a0\u00a0\u00a0\u00a0\u00a0\u00a0\u00a0\u00a0\u00a0\u00a0\u00a0\u00a0\u00a0\u00a0\u00a0\u00a0\u00a0\u00a0\u00a0\u00a0\u00a0\u00a0\u00a0Sost-Scheible</p>\n            </dd>\n         </dl>\n         <dl class=\"RspDL\">\n            <dt/>\n            <dd>\n               <p>\u00a0\u00a0\u00a0\u00a0\u00a0\u00a0\u00a0\u00a0\u00a0\u00a0\u00a0\u00a0\u00a0\u00a0\u00a0\u00a0\u00a0\u00a0\u00a0\u00a0\u00a0\u00a0\u00a0Sch\u00e4fer\u00a0\u00a0\u00a0\u00a0\u00a0\u00a0\u00a0\u00a0\u00a0\u00a0\u00a0\u00a0\u00a0\u00a0\u00a0\u00a0\u00a0\u00a0\u00a0\u00a0\u00a0\u00a0\u00a0\u00a0\u00a0\u00a0\u00a0\u00a0\u00a0\u00a0\u00a0\u00a0\u00a0\u00a0\u00a0\u00a0\u00a0\u00a0\u00a0\u00a0Mayer</p>\n            </dd>\n         </dl>\n         <dl class=\"RspDL\">\n            <dt/>\n            <dd>\n               <p/>\n            </dd>\n         </dl>\n      </div>\n   ", "regionAbk": "DEU"}