{"publisher": "BMJV", "tatbestand": "", "absaetze": [{"num": "1", "textProcessed": ["landgericht", "angeklagt", "untreu", "fall", "gesamtfreiheitsstraf", "drei", "jahr", "verurteilt", "ausub", "beruf", "rechtsanwalt", "dau", "drei", "jahr", "verbot", "anerkenntnis", "verurteilt", "adhasionsklagerin", "betrag", "hoh", "euro", "nebst", "zins", "zahl", "revision", "angeklagt", "verletz", "formell", "materiell", "recht", "rugt", "sachbeschwerd", "entscheidungsformel", "ersicht", "teilerfolg", "ubrig", "rechtsmittel", "unbegrundet", "sinn", "abs", "stpo"], "text": "Das Landgericht hat den Angeklagten wegen Untreue in 110 F\u00e4llen zu einer Gesamtfreiheitsstrafe von drei Jahren verurteilt, ihm die Aus\u00fcbung des Berufs eines Rechtsanwalts f\u00fcr die Dauer von drei Jahren verboten und ihn auf sein Anerkenntnis hin verurteilt, an die Adh\u00e4sionskl\u00e4gerin einen Betrag in H\u00f6he von 172.301,68 Euro nebst Zinsen zu zahlen. Die Revision des Angeklagten, mit der er die Verletzung formellen und materiellen Rechts r\u00fcgt, hat mit der Sachbeschwerde den aus der Entscheidungsformel ersichtlichen Teilerfolg; im \u00dcbrigen ist das Rechtsmittel unbegr\u00fcndet im Sinne des \u00a7 349 Abs. 2 StPO."}, {"num": "2", "textProcessed": ["verfahrensrug", "grund", "antragsschrift", "generalbundesanwalt", "april", "erfolg"], "text": "Die Verfahrensr\u00fcge hat aus den Gr\u00fcnden der Antragsschrift des Generalbundesanwalts vom 21. April 2010 keinen Erfolg."}, {"num": "3", "textProcessed": ["entgeg", "auffass", "landgericht", "steh", "fall", "sowi", "realkonkurrenz"], "text": "1. Entgegen der Auffassung des Landgerichts stehen die F\u00e4lle 18 und 19, 21 und 22 sowie 67 und 68 nicht in Realkonkurrenz."}, {"num": "4", "textProcessed": ["feststell", "uberwi", "angeklagt", "oktob", "girokonto", "sparkass", "zweimal", "jeweil", "eig", "konto", "verbraucht", "geld", "tat", "oktob", "sowi", "juni", "hob", "konto", "jeweil", "geld", "person", "verbrauch", "ab", "veranlasst", "zugleich", "je", "uberweis", "eig", "zweck", "tat", "sowi"], "text": "a) Nach den Feststellungen \u00fcberwies der Angeklagte am 10. Oktober 2006 von demselben Girokonto bei der Sparkasse E.\u00a0zweimal jeweils 8.000 \u20ac auf sein eigenes Konto und verbrauchte das Geld f\u00fcr sich (Taten 18 und 19). Am 25. Oktober 2006 sowie am 15. Juni 2007 hob er von diesem Konto jeweils Geld zum pers\u00f6nlichen Verbrauch ab und veranlasste zugleich je eine \u00dcberweisung zu eigenen Zwecken (Taten 21 und 22 sowie 67 und 68)."}, {"num": "5", "textProcessed": ["danach", "steh", "jeweil", "selb", "tag", "vorgenomm", "uberweis", "bzw", "barabheb", "jedenfall", "natur", "handlungsein", "liegt", "mehrheit", "strafrecht", "relevant", "verhaltensweis", "derart", "unmittelbar", "raumlich", "zeitlich", "zusammenhang", "besteht", "dass", "gesamt", "handeln", "tat", "dritt", "objektiv", "einheit", "zusammengehor", "tun", "erscheint", "einzeln", "betat", "einzig", "willensentschliess", "beruh", "st", "rspr", "vgl", "senatsurteil", "septemb", "str", "nstz", "voraussetz", "gegeb", "barabheb", "bzw", "uberweis", "erfolgt", "jeweil", "selb", "tag", "betraf", "jeweil", "girokonto", "geschadigt", "sparkass", "nah", "legt", "dass", "angeklagt", "verfug", "jeweil", "zusamm", "erledigt", "grund", "neu", "tatentschluss", "handelt"], "text": "b) Danach stehen die jeweils am selben Tag vorgenommenen \u00dcberweisungen bzw. Barabhebungen jedenfalls in nat\u00fcrlicher Handlungseinheit. Eine solche liegt vor, wenn zwischen einer Mehrheit strafrechtlich relevanter Verhaltensweisen ein derart unmittelbarer r\u00e4umlicher und zeitlicher Zusammenhang besteht, dass das gesamte Handeln des T\u00e4ters auch f\u00fcr einen Dritten objektiv als einheitliches zusammengeh\u00f6riges Tun erscheint, und wenn die einzelnen Bet\u00e4tigungen auf einer einzigen Willensentschlie\u00dfung beruhen (st. Rspr.; vgl. nur Senatsurteil vom 1. September 1994 \u2013 4 StR 259/94, NStZ 1995, 46 m.w.N.). Diese Voraussetzungen sind hier gegeben. Die Barabhebungen bzw. \u00dcberweisungen erfolgten jeweils am selben Tag und betrafen auch jeweils dasselbe Girokonto der Gesch\u00e4digten bei der Sparkasse E., was nahe legt, dass der Angeklagte die Verf\u00fcgungen jeweils zusammen erledigte und nicht auf Grund eines neuen Tatentschlusses handelte."}, {"num": "6", "textProcessed": ["berucksicht", "stpo", "senat", "erford", "schuldspruch", "vornehm", "angeklagt", "voll", "umfang", "gestand"], "text": "2. Auch unter Ber\u00fccksichtigung von \u00a7 265 StPO kann der Senat die erforderliche \u00c4nderung des Schuldspruchs selbst vornehmen; der Angeklagte ist in vollem Umfang gest\u00e4ndig."}, {"num": "7", "textProcessed": ["drei", "einzelstraf", "jahr", "bzw", "zweimal", "acht", "monat", "entfall", "drei", "weit", "einzelstraf", "jeweil", "gleich", "hoh", "senat", "aufrechterhalt", "angesicht", "zahl", "summ", "einzelstraf", "ausgeschloss", "dass", "verhangt", "gesamtfreiheitsstraf", "zutreff", "beurteil", "konkurrenzverhaltnis", "betreff", "einzeltat", "niedrig", "ausgefall"], "text": "Drei Einzelstrafen von einem Jahr bzw. zweimal acht Monaten m\u00fcssen entfallen; die drei weiteren Einzelstrafen in jeweils gleicher H\u00f6he hat der Senat aufrechterhalten. Angesichts der Zahl und der Summe der Einzelstrafen kann sicher ausgeschlossen werden, dass die verh\u00e4ngte Gesamtfreiheitsstrafe bei zutreffender Beurteilung des Konkurrenzverh\u00e4ltnisses der betreffenden Einzeltaten niedriger ausgefallen w\u00e4re."}, {"num": "8", "textProcessed": ["ledig", "geringfug", "erfolg", "revision", "unbill", "beschwerdefuhr", "gesamt", "kost", "rechtsmittel", "belast", "abs", "stpo"], "text": "Wegen des lediglich geringf\u00fcgigen Erfolgs der Revision ist es nicht unbillig, den Beschwerdef\u00fchrer mit den gesamten Kosten seines Rechtsmittels zu belasten (\u00a7 473 Abs. 4 StPO)."}], "norm": ["\u00a7 52 StGB", "\u00a7 266 StGB"], "doktyp": "Beschluss", "regionLong": "Bundesrepublik Deutschland", "sonstlt": "", "gruendeProcessed": ["landgericht", "angeklagt", "untreu", "fall", "gesamtfreiheitsstraf", "drei", "jahr", "verurteilt", "ausub", "beruf", "rechtsanwalt", "dau", "drei", "jahr", "verbot", "anerkenntnis", "verurteilt", "adhasionsklagerin", "betrag", "hoh", "euro", "nebst", "zins", "zahl", "revision", "angeklagt", "verletz", "formell", "materiell", "recht", "rugt", "sachbeschwerd", "entscheidungsformel", "ersicht", "teilerfolg", "ubrig", "rechtsmittel", "unbegrundet", "sinn", "abs", "stpo", "verfahrensrug", "grund", "antragsschrift", "generalbundesanwalt", "april", "erfolg", "ii", "entgeg", "auffass", "landgericht", "steh", "fall", "sowi", "realkonkurrenz", "feststell", "uberwi", "angeklagt", "oktob", "girokonto", "sparkass", "zweimal", "jeweil", "eig", "konto", "verbraucht", "geld", "tat", "oktob", "sowi", "juni", "hob", "konto", "jeweil", "geld", "person", "verbrauch", "ab", "veranlasst", "zugleich", "je", "uberweis", "eig", "zweck", "tat", "sowi", "danach", "steh", "jeweil", "selb", "tag", "vorgenomm", "uberweis", "bzw", "barabheb", "jedenfall", "natur", "handlungsein", "liegt", "mehrheit", "strafrecht", "relevant", "verhaltensweis", "derart", "unmittelbar", "raumlich", "zeitlich", "zusammenhang", "besteht", "dass", "gesamt", "handeln", "tat", "dritt", "objektiv", "einheit", "zusammengehor", "tun", "erscheint", "einzeln", "betat", "einzig", "willensentschliess", "beruh", "st", "rspr", "vgl", "senatsurteil", "septemb", "str", "nstz", "voraussetz", "gegeb", "barabheb", "bzw", "uberweis", "erfolgt", "jeweil", "selb", "tag", "betraf", "jeweil", "girokonto", "geschadigt", "sparkass", "nah", "legt", "dass", "angeklagt", "verfug", "jeweil", "zusamm", "erledigt", "grund", "neu", "tatentschluss", "handelt", "berucksicht", "stpo", "senat", "erford", "schuldspruch", "vornehm", "angeklagt", "voll", "umfang", "gestand", "drei", "einzelstraf", "jahr", "bzw", "zweimal", "acht", "monat", "entfall", "drei", "weit", "einzelstraf", "jeweil", "gleich", "hoh", "senat", "aufrechterhalt", "angesicht", "zahl", "summ", "einzelstraf", "ausgeschloss", "dass", "verhangt", "gesamtfreiheitsstraf", "zutreff", "beurteil", "konkurrenzverhaltnis", "betreff", "einzeltat", "niedrig", "ausgefall", "iii", "ledig", "geringfug", "erfolg", "revision", "unbill", "beschwerdefuhr", "gesamt", "kost", "rechtsmittel", "belast", "abs", "stpo", "ribgh", "athing", "imruhestand", "daheran", "unterschriftgehindert", "ernemann", "cierniak", "ernemann", "frank", "mutzbau"], "mitwirkung": "", "aktenzeichen": "4 StR 182/10", "language": "deutsch", "gertyp": "BGH", "leitsatz": "", "gruende": "\n      <div>\n         <dl class=\"RspDL\">\n            <dt>\n               <a name=\"rd_1\">1</a>\n            </dt>\n            <dd>\n               <p>Das Landgericht hat den Angeklagten wegen Untreue in 110 F\u00e4llen zu einer Gesamtfreiheitsstrafe von drei Jahren verurteilt, ihm die Aus\u00fcbung des Berufs eines Rechtsanwalts f\u00fcr die Dauer von drei Jahren verboten und ihn auf sein Anerkenntnis hin verurteilt, an die Adh\u00e4sionskl\u00e4gerin einen Betrag in H\u00f6he von 172.301,68 Euro nebst Zinsen zu zahlen. Die Revision des Angeklagten, mit der er die Verletzung formellen und materiellen Rechts r\u00fcgt, hat mit der Sachbeschwerde den aus der Entscheidungsformel ersichtlichen Teilerfolg; im \u00dcbrigen ist das Rechtsmittel unbegr\u00fcndet im Sinne des \u00a7 349 Abs. 2 StPO.</p>\n            </dd>\n         </dl>\n         <dl class=\"RspDL\">\n            <dt/>\n            <dd>\n               <p/>\n            </dd>\n         </dl>\n         <dl class=\"RspDL\">\n            <dt/>\n            <dd>\n               <p>I.</p>\n            </dd>\n         </dl>\n         <dl class=\"RspDL\">\n            <dt/>\n            <dd>\n               <p/>\n            </dd>\n         </dl>\n         <dl class=\"RspDL\">\n            <dt>\n               <a name=\"rd_2\">2</a>\n            </dt>\n            <dd>\n               <p>Die Verfahrensr\u00fcge hat aus den Gr\u00fcnden der Antragsschrift des Generalbundesanwalts vom 21. April 2010 keinen Erfolg.</p>\n            </dd>\n         </dl>\n         <dl class=\"RspDL\">\n            <dt/>\n            <dd>\n               <p/>\n            </dd>\n         </dl>\n         <dl class=\"RspDL\">\n            <dt/>\n            <dd>\n               <p>II.</p>\n            </dd>\n         </dl>\n         <dl class=\"RspDL\">\n            <dt/>\n            <dd>\n               <p/>\n            </dd>\n         </dl>\n         <dl class=\"RspDL\">\n            <dt>\n               <a name=\"rd_3\">3</a>\n            </dt>\n            <dd>\n               <p>1. Entgegen der Auffassung des Landgerichts stehen die F\u00e4lle 18 und 19, 21 und 22 sowie 67 und 68 nicht in Realkonkurrenz.</p>\n            </dd>\n         </dl>\n         <dl class=\"RspDL\">\n            <dt/>\n            <dd>\n               <p/>\n            </dd>\n         </dl>\n         <dl class=\"RspDL\">\n            <dt>\n               <a name=\"rd_4\">4</a>\n            </dt>\n            <dd>\n               <p>a) Nach den Feststellungen \u00fcberwies der Angeklagte am 10. Oktober 2006 von demselben Girokonto bei der Sparkasse E.\u00a0zweimal jeweils 8.000 \u20ac auf sein eigenes Konto und verbrauchte das Geld f\u00fcr sich (Taten 18 und 19). Am 25. Oktober 2006 sowie am 15. Juni 2007 hob er von diesem Konto jeweils Geld zum pers\u00f6nlichen Verbrauch ab und veranlasste zugleich je eine \u00dcberweisung zu eigenen Zwecken (Taten 21 und 22 sowie 67 und 68).</p>\n            </dd>\n         </dl>\n         <dl class=\"RspDL\">\n            <dt/>\n            <dd>\n               <p/>\n            </dd>\n         </dl>\n         <dl class=\"RspDL\">\n            <dt>\n               <a name=\"rd_5\">5</a>\n            </dt>\n            <dd>\n               <p>b) Danach stehen die jeweils am selben Tag vorgenommenen \u00dcberweisungen bzw. Barabhebungen jedenfalls in nat\u00fcrlicher Handlungseinheit. Eine solche liegt vor, wenn zwischen einer Mehrheit strafrechtlich relevanter Verhaltensweisen ein derart unmittelbarer r\u00e4umlicher und zeitlicher Zusammenhang besteht, dass das gesamte Handeln des T\u00e4ters auch f\u00fcr einen Dritten objektiv als einheitliches zusammengeh\u00f6riges Tun erscheint, und wenn die einzelnen Bet\u00e4tigungen auf einer einzigen Willensentschlie\u00dfung beruhen (st. Rspr.; vgl. nur Senatsurteil vom 1. September 1994 \u2013 4 StR 259/94, NStZ 1995, 46 m.w.N.). Diese Voraussetzungen sind hier gegeben. Die Barabhebungen bzw. \u00dcberweisungen erfolgten jeweils am selben Tag und betrafen auch jeweils dasselbe Girokonto der Gesch\u00e4digten bei der Sparkasse E., was nahe legt, dass der Angeklagte die Verf\u00fcgungen jeweils zusammen erledigte und nicht auf Grund eines neuen Tatentschlusses handelte.</p>\n            </dd>\n         </dl>\n         <dl class=\"RspDL\">\n            <dt/>\n            <dd>\n               <p/>\n            </dd>\n         </dl>\n         <dl class=\"RspDL\">\n            <dt>\n               <a name=\"rd_6\">6</a>\n            </dt>\n            <dd>\n               <p>2. Auch unter Ber\u00fccksichtigung von \u00a7 265 StPO kann der Senat die erforderliche \u00c4nderung des Schuldspruchs selbst vornehmen; der Angeklagte ist in vollem Umfang gest\u00e4ndig.</p>\n            </dd>\n         </dl>\n         <dl class=\"RspDL\">\n            <dt/>\n            <dd>\n               <p/>\n            </dd>\n         </dl>\n         <dl class=\"RspDL\">\n            <dt>\n               <a name=\"rd_7\">7</a>\n            </dt>\n            <dd>\n               <p>Drei Einzelstrafen von einem Jahr bzw. zweimal acht Monaten m\u00fcssen entfallen; die drei weiteren Einzelstrafen in jeweils gleicher H\u00f6he hat der Senat aufrechterhalten. Angesichts der Zahl und der Summe der Einzelstrafen kann sicher ausgeschlossen werden, dass die verh\u00e4ngte Gesamtfreiheitsstrafe bei zutreffender Beurteilung des Konkurrenzverh\u00e4ltnisses der betreffenden Einzeltaten niedriger ausgefallen w\u00e4re.</p>\n            </dd>\n         </dl>\n         <dl class=\"RspDL\">\n            <dt/>\n            <dd>\n               <p/>\n            </dd>\n         </dl>\n         <dl class=\"RspDL\">\n            <dt/>\n            <dd>\n               <p>III.</p>\n            </dd>\n         </dl>\n         <dl class=\"RspDL\">\n            <dt/>\n            <dd>\n               <p/>\n            </dd>\n         </dl>\n         <dl class=\"RspDL\">\n            <dt>\n               <a name=\"rd_8\">8</a>\n            </dt>\n            <dd>\n               <p>Wegen des lediglich geringf\u00fcgigen Erfolgs der Revision ist es nicht unbillig, den Beschwerdef\u00fchrer mit den gesamten Kosten seines Rechtsmittels zu belasten (\u00a7 473 Abs. 4 StPO).</p>\n            </dd>\n         </dl>\n         <dl class=\"RspDL\">\n            <dt/>\n            <dd>\n               <p/>\n            </dd>\n         </dl>\n         <dl class=\"RspDL\">\n            <dt/>\n            <dd>\n               <table border=\"0\" cellpadding=\"0\" cellspacing=\"0\" class=\"Rsp\">\n                  <tr>\n                     <td colspan=\"1\" rowspan=\"1\" valign=\"top\">\n                        <p>RiBGH Athing ist im<br/>Ruhestand und daher<br/>an der Unterschrift<br/>gehindert</p>\n                     </td>\n                     <td colspan=\"1\" rowspan=\"1\" valign=\"top\">\n                        <p/>\n                     </td>\n                     <td colspan=\"1\" rowspan=\"1\" valign=\"top\">\n                        <p>Ernemann\u00a0\u00a0\u00a0\u00a0\u00a0\u00a0</p>\n                     </td>\n                     <td colspan=\"1\" rowspan=\"1\" valign=\"top\">\n                        <p/>\n                     </td>\n                     <td colspan=\"1\" rowspan=\"1\" valign=\"top\">\n                        <p>Cierniak</p>\n                     </td>\n                  </tr>\n                  <tr>\n                     <td colspan=\"1\" rowspan=\"1\" valign=\"top\">\n                        <p style=\"text-align:center\">Ernemann</p>\n                     </td>\n                     <td colspan=\"1\" rowspan=\"1\" valign=\"top\">\n                        <p/>\n                     </td>\n                     <td colspan=\"1\" rowspan=\"1\" valign=\"top\">\n                        <p/>\n                     </td>\n                     <td colspan=\"1\" rowspan=\"1\" valign=\"top\">\n                        <p/>\n                     </td>\n                     <td colspan=\"1\" rowspan=\"1\" valign=\"top\">\n                        <p/>\n                     </td>\n                  </tr>\n                  <tr>\n                     <td colspan=\"1\" rowspan=\"1\" valign=\"top\">\n                        <p/>\n                     </td>\n                     <td colspan=\"1\" rowspan=\"1\" valign=\"top\">\n                        <p>Franke\u00a0\u00a0\u00a0\u00a0\u00a0</p>\n                     </td>\n                     <td colspan=\"1\" rowspan=\"1\" valign=\"top\">\n                        <p/>\n                     </td>\n                     <td colspan=\"1\" rowspan=\"1\" valign=\"top\">\n                        <p>Mutzbauer\u00a0\u00a0\u00a0\u00a0\u00a0</p>\n                     </td>\n                     <td colspan=\"1\" rowspan=\"1\" valign=\"top\">\n                        <p/>\n                     </td>\n                  </tr>\n               </table>\n            </dd>\n         </dl>\n         <dl class=\"RspDL\">\n            <dt/>\n            <dd>\n               <p/>\n            </dd>\n         </dl>\n      </div>\n   ", "accessRights": "public", "gerort": "", "entschDatum": "20100518", "coverage": "Deutschland", "titel": "\n      <dl class=\"RspDL\">\n         <dt/>\n         <dd>\n            <p>Untreuetaten in nat\u00fcrlicher Handlungseinheit: Mehrere Abhebungen zum pers\u00f6nlichen Verbrauch von Fremdgeldkonto am selben Tag</p>\n         </dd>\n      </dl>\n   ", "ecli": "", "identifier": "http://www.rechtsprechung-im-internet.de/jportal/?quelle=jlink&docid=JURE100065123&psml=bsjrsprod.psml&max=true", "spruchkoerper": "4. Strafsenat", "vorinstanz": "vorgehend LG Essen, 14. Januar 2010, Az: 56 KLs 19/09, Urteil\n   ", "doknr": "JURE100065123", "abweichendeMeinung": "", "tenor": "\n      <div>\n         <dl class=\"RspDL\">\n            <dt/>\n            <dd>\n               <p>1. Auf die Revision des Angeklagten wird das Urteil des Landgerichts Essen vom 14. Januar 2010 im Schuldspruch dahin ge\u00e4ndert, dass der Angeklagte wegen Untreue in 107 F\u00e4llen zu einer Gesamtfreiheitsstrafe von drei Jahren verurteilt wird.</p>\n            </dd>\n         </dl>\n         <dl class=\"RspDL\">\n            <dt/>\n            <dd>\n               <p/>\n            </dd>\n         </dl>\n         <dl class=\"RspDL\">\n            <dt/>\n            <dd>\n               <p>Die Einzelstrafe von einem Jahr (Fall 19 der Urteilsgr\u00fcnde) sowie die beiden Einzelstrafen von je acht Monaten (F\u00e4lle 22 sowie 68 der Urteilsgr\u00fcnde) entfallen.</p>\n            </dd>\n         </dl>\n         <dl class=\"RspDL\">\n            <dt/>\n            <dd>\n               <p/>\n            </dd>\n         </dl>\n         <dl class=\"RspDL\">\n            <dt/>\n            <dd>\n               <p>2. Die weiter gehende Revision wird verworfen.</p>\n            </dd>\n         </dl>\n         <dl class=\"RspDL\">\n            <dt/>\n            <dd>\n               <p/>\n            </dd>\n         </dl>\n         <dl class=\"RspDL\">\n            <dt/>\n            <dd>\n               <p>3. Der Angeklagte hat die Kosten seines Rechtsmittels zu tragen.</p>\n            </dd>\n         </dl>\n         <dl class=\"RspDL\">\n            <dt/>\n            <dd>\n               <p/>\n            </dd>\n         </dl>\n      </div>\n   ", "regionAbk": "DEU"}