{"publisher": "BMJV", "tatbestand": "", "absaetze": [{"num": "1", "textProcessed": ["landgericht", "angeklagt", "schwer", "sexuell", "missbrauch", "kind", "vorsatz", "korperverletz", "jeweil", "vier", "fall", "freiheitsberaub", "zwei", "fall", "sowi", "sichverschaff", "kinderpornograph", "schrift", "gesamtfreiheitsstraf", "vier", "jahr", "zehn", "monat", "verurteilt", "laptop", "nebst", "extern", "festplatt", "eingezog", "generalbundesanwalt", "vertret", "revision", "beanstandet", "staatsanwaltschaft", "nichtverurteil", "angeklagt", "besitz", "kinderpornograph", "schrift", "strafausspruch", "sowi", "unterblieb", "anordn", "unterbring", "psychiatr", "krankenhaus", "rugt", "verletz", "formell", "materiell", "recht", "rechtsmittel", "fuhrt", "sachrug", "nachhol", "unterblieb", "einzelstrafausspruch", "ubrig", "unbegrundet"], "text": "Das Landgericht hat den Angeklagten wegen schweren sexuellen Missbrauchs von Kindern und wegen vors\u00e4tzlicher K\u00f6rperverletzung in jeweils vier F\u00e4llen, wegen Freiheitsberaubung in zwei F\u00e4llen sowie wegen Sichverschaffens kinderpornographischer Schriften zu einer Gesamtfreiheitsstrafe von vier Jahren und zehn Monaten verurteilt und dessen Laptop nebst externer Festplatte eingezogen. Mit ihrer vom Generalbundesanwalt nicht vertretenen Revision beanstandet die Staatsanwaltschaft die Nichtverurteilung des Angeklagten auch wegen Besitzes von kinderpornographischen Schriften, den Strafausspruch sowie die unterbliebene Anordnung der Unterbringung in einem psychiatrischen Krankenhaus; sie r\u00fcgt die Verletzung formellen und materiellen Rechts. Das Rechtsmittel f\u00fchrt auf die Sachr\u00fcge zur Nachholung eines unterbliebenen Einzelstrafausspruchs; im \u00dcbrigen ist es unbegr\u00fcndet."}, {"num": "2", "textProcessed": ["feststell", "landgericht", "heut", "jahrig", "vorbestraft", "angeklagt", "lebensjahr", "alterstyp", "geschlechtsverkehr", "einhergeh", "bezieh", "geringfug", "jung", "madch", "oktob", "juni", "lebt", "fest", "bezieh", "gleichaltr", "anschluss", "sexuell", "verhaltnis", "jahrig", "madch", "zusammenleb", "spannung", "gekomm", "angeklagt", "pornograph", "teil", "kinderpornograph", "bildmaterial", "konsumiert", "jung", "madch", "jahr", "hingezog", "fuhlt"], "text": "1. Nach den Feststellungen des Landgerichts hatte der heute 24j\u00e4hrige nicht vorbestrafte Angeklagte vor seinem 18. Lebensjahr alterstypische, mit Geschlechtsverkehr einhergehende Beziehungen zu geringf\u00fcgig j\u00fcngeren M\u00e4dchen. Von Oktober 2003 bis Juni 2008 lebte er in einer festen Beziehung mit der gleichaltrigen H. Im Anschluss hatte er ein sexuelles Verh\u00e4ltnis mit einem 17j\u00e4hrigen M\u00e4dchen. W\u00e4hrend des Zusammenlebens mit H.\u00a0war es zu Spannungen gekommen, weil der Angeklagte pornographisches, zum Teil kinderpornographisches Bildmaterial konsumiert hatte und sich zu j\u00fcngeren M\u00e4dchen, auch unter 14 Jahren, hingezogen f\u00fchlte."}, {"num": "3", "textProcessed": ["novemb", "fuhrt", "damal", "jahrig", "angeklagt", "jahr", "zehn", "monat", "alt", "sexuell", "unerfahr", "madch", "bereit", "seit", "lang", "kannt", "einvernehm", "geschlechtsverkehr"], "text": "a) Im November 2007 f\u00fchrte der damals 22j\u00e4hrige Angeklagte mit einem 13 Jahre und zehn Monate alten, sexuell noch unerfahrenen M\u00e4dchen, das er bereits seit l\u00e4ngerem kannte, einvernehmlich Geschlechtsverkehr durch."}, {"num": "4", "textProcessed": ["fruhjahr", "steigert", "spannung", "angeklagt", "lebensgefahrtin", "mundet", "vier", "geleg", "korp", "auseinandersetz", "zeitraum", "lud", "angeklagt", "zwei", "bilddatei", "kinderpornograph", "darstell", "internet", "rechn", "zwei", "fall", "schloss", "angeklagt", "lebensgefahrtin", "streitig", "wohnung"], "text": "b) Im Fr\u00fchjahr 2008 steigerten sich die Spannungen zwischen dem Angeklagten und seiner Lebensgef\u00e4hrtin und m\u00fcndeten bei vier Gelegenheiten in k\u00f6rperlichen Auseinandersetzungen. W\u00e4hrend dieses Zeitraums lud der Angeklagte zwei Bilddateien mit kinderpornographischen Darstellungen aus dem Internet auf seinen Rechner. In zwei F\u00e4llen schloss der Angeklagte seine Lebensgef\u00e4hrtin nach Streitigkeiten in der Wohnung ein."}, {"num": "5", "textProcessed": ["fruhjahr", "schliesslich", "fuhrt", "angeklagt", "sexuell", "bereit", "erfahr", "jahr", "zwei", "monat", "alt", "madch", "seit", "ca", "halb", "jahr", "kannt", "drei", "geleg", "jeweil", "einverstand", "geschlechtsverkehr"], "text": "c) Im Fr\u00fchjahr 2009 schlie\u00dflich f\u00fchrte der Angeklagte mit einem sexuell bereits erfahrenen, 13 Jahre und zwei Monate alten M\u00e4dchen, das er seit ca. einem halben Jahr kannte, bei drei Gelegenheiten jeweils einverst\u00e4ndlich Geschlechtsverkehr durch."}, {"num": "6", "textProcessed": ["ubereinstimm", "gehort", "psychiatr", "sachverstand", "stellt", "strafkamm", "gestand", "verhalt", "bedauernd", "angeklagt", "padophil", "neigung", "fest", "bekennt", "angeklagt", "vorlieg", "padophili", "sei", "jedoch", "sachverstand", "ausmass", "dass", "schwer", "seelisch", "abart", "sinn", "stgb", "wert", "sei", "vielmehr", "handel", "allgemein", "storung", "person", "einfluss", "strafrecht", "verantwort", "stgb"], "text": "2. In \u00dcbereinstimmung mit dem geh\u00f6rten psychiatrischen Sachverst\u00e4ndigen stellte die Strafkammer bei dem gest\u00e4ndigen, sein Verhalten bedauernden Angeklagten p\u00e4dophile Neigungen fest, zu denen dieser sich auch bekennt. Die bei dem Angeklagten vorliegende P\u00e4dophilie sei jedoch - anders als der Sachverst\u00e4ndige meine - nicht von solchem Ausma\u00df, dass sie als schwere andere seelische Abartigkeit im Sinne von \u00a7 20 StGB zu werten sei. Vielmehr handele es sich um eine allgemeine St\u00f6rung der Pers\u00f6nlichkeit, die keinen Einfluss auf die strafrechtliche Verantwortung i.S.d. \u00a7\u00a7 20, 21 StGB habe."}, {"num": "7", "textProcessed": ["rug", "landgericht", "aufklar", "fursorgepflicht", "verstoss", "vorher", "hinweis", "sachverstand", "hinsicht", "frag", "vorlieg", "erheb", "vermindert", "steuerungsfah", "stgb", "gefolgt", "sei", "unbegrundet", "gericht", "rechtlich", "gesichtspunkt", "gehalt", "prozessbeteiligt", "vorlauf", "bewert", "beweismitteln", "sachverstandigengutacht", "informi", "erst", "urteilsberat", "tatricht", "darub", "befind", "erhob", "beweis", "einschatzt", "zwischenverfahr", "gericht", "inhalt", "ergebnis", "einzeln", "beweiserheb", "erklar", "musst", "vorgeseh", "vgl", "bghst", "bgh", "nstz", "rr"], "text": "1. Die R\u00fcge, das Landgericht habe gegen seine Aufkl\u00e4rungs- und F\u00fcrsorgepflicht versto\u00dfen, in dem es ohne vorherigen Hinweis dem Sachverst\u00e4ndigen hinsichtlich der Frage des Vorliegens einer erheblich verminderten Steuerungsf\u00e4higkeit i.S.d. \u00a7 21 StGB nicht gefolgt sei, ist unbegr\u00fcndet. Das Gericht war unter keinem rechtlichen Gesichtspunkt gehalten, die Prozessbeteiligten \u00fcber die vorl\u00e4ufige Bewertung von Beweismitteln - hier des Sachverst\u00e4ndigengutachtens - zu informieren. Erst in der Urteilsberatung hat der Tatrichter dar\u00fcber zu befinden, wie er die erhobenen Beweise einsch\u00e4tzt. Ein Zwischenverfahren, in dem sich das Gericht zu Inhalt und Ergebnis einzelner Beweiserhebungen erkl\u00e4ren m\u00fcsste, ist nicht vorgesehen (vgl. BGHSt 43, 212, 214; BGH NStZ-RR 2008, 180)."}, {"num": "8", "textProcessed": ["sachrug", "deckt", "rechtsfehl", "urteil", "vorteil", "angeklagt"], "text": "2. Auch die Sachr\u00fcge deckt keinen Rechtsfehler des Urteils zum Vorteil des Angeklagten auf."}, {"num": "9", "textProcessed": ["schuldspruch", "beanstand", "fall", "ii", "urteilsgrund", "erfullt", "tatbestandsalternativ", "besitz", "kinderpornograph", "schrift", "gemass", "abs", "satz", "stgb", "auffangtatbestand", "revision", "verkennt", "ausgeurteilt", "tatbestand", "sichverschaff", "schrift", "gemass", "abs", "satz", "stgb", "zurucktritt", "bgh", "nstz", "fisch", "stgb", "aufl", "rdn"], "text": "a) Der Schuldspruch ist nicht zu beanstanden. Die im Fall II.8 der Urteilsgr\u00fcnde zwar erf\u00fcllte Tatbestandsalternative des Besitzes kinderpornographischer Schriften gem\u00e4\u00df \u00a7 184 b Abs. 4 Satz 2 StGB ist ein Auffangtatbestand, der - was die Revision verkennt - hinter dem hier ausgeurteilten Tatbestand des Sichverschaffens dieser Schriften gem\u00e4\u00df \u00a7 184 b Abs. 4 Satz 1 StGB zur\u00fccktritt (BGH NStZ 2009, 208; Fischer, StGB 57. Aufl. \u00a7 184 b Rdn. 28)."}, {"num": "10", "textProcessed": ["ebenso", "wenig", "rechtsfolgenausspruch", "beanstand", "rechtsfehl", "landgericht", "ergebnis", "gelangt", "dass", "angeklagt", "voraussetz", "stgb", "vorlag", "womit", "verhang", "massregel", "stgb", "ausgeschloss", "sachverstand", "einschatz", "gefolgt", "dass", "angeklagt", "padophil", "neigung", "vorlieg", "storungsbild", "eingangsmerkmal", "stgb", "subsumi", "dadurch", "schuldfah", "angeklagt", "erheb", "eingeschrankt", "entscheidet", "sachverstand", "berat", "gericht", "bgh", "nstz", "rr", "beurteil", "tatricht", "gehindert", "gutacht", "vernomm", "sachverstand", "abzuweich", "dabei", "vorlieg", "gescheh", "gehalt", "darleg", "weis", "auseinanderzusetz", "erkenn", "lasst", "dass", "recht", "eig", "sachkund", "anspruch", "genomm", "bgh", "nstz", "landgericht", "ausfuhr", "psychiatr", "sachverstand", "nachprufbar", "weis", "wiedergegeb", "auseinandergesetzt", "abweich", "auffass", "nachvollziehbar", "begrundet", "devianz", "form", "padophili", "weit", "gleichzusetz", "schwer", "seelisch", "abhang", "bgh", "stv", "aufgrund", "gesamtschau", "taterperson", "tat", "darauf", "abzustell", "neigung", "angeklagt", "wes", "person", "verandert", "dass", "bekampf", "trieb", "erford", "hemmung", "aufbringt", "prufung", "strafkamm", "vorgenomm", "einzeln", "begrundet", "weshalb", "angeklagt", "zwanghaft", "gedank", "eineng", "sexualverkehr", "kind", "ebenso", "wenig", "erkenn", "vermocht", "suchtig", "entwickl", "bzw", "ausbau", "raffinement", "erlang", "ungestort", "kontakt", "kind", "vielmehr", "sei", "angeklagt", "lag", "padophil", "neigung", "beherrsch", "gut", "nachvollziehbar", "begrundet", "einschatz", "moglich", "revisionsrecht", "beanstand", "dageg", "strafzumess", "ubrig", "erhob", "einwand", "revision", "erschopf", "revisionsrecht", "unbeacht", "versuch", "eig", "beweiswurd", "teil", "sogar", "urteilsfremd", "grundlag", "stell", "derjen", "landgericht", "setz"], "text": "b) Ebenso wenig ist der Rechtsfolgenausspruch zu beanstanden. Ohne Rechtsfehler ist das Landgericht zu dem Ergebnis gelangt, dass bei dem Angeklagten die Voraussetzungen des \u00a7 21 StGB nicht vorlagen, womit die Verh\u00e4ngung einer Ma\u00dfregel nach \u00a7 63 StGB ausgeschlossen war. Es ist dem Sachverst\u00e4ndigen in dessen Einsch\u00e4tzung gefolgt, dass bei dem Angeklagten p\u00e4dophile Neigungen vorliegen. Ob dieses St\u00f6rungsbild unter eines der Eingangsmerkmale der \u00a7\u00a7 20, 21 StGB zu subsumieren ist und dadurch die Schuldf\u00e4higkeit des Angeklagten erheblich eingeschr\u00e4nkt ist, entscheidet nach sachverst\u00e4ndiger Beratung das Gericht (BGH NStZ-RR 2006, 73). Bei seiner Beurteilung ist der Tatrichter nicht gehindert, von dem Gutachten eines vernommenen Sachverst\u00e4ndigen abzuweichen. Dabei ist er - wie vorliegend geschehen - gehalten, sich mit dessen Darlegungen in einer Weise auseinanderzusetzen, die erkennen l\u00e4sst, dass er mit Recht eigene Sachkunde in Anspruch genommen hat (BGH NStZ 2007, 114). Hier hat das Landgericht die Ausf\u00fchrungen des psychiatrischen Sachverst\u00e4ndigen in nachpr\u00fcfbarer Weise wiedergegeben, sich damit auseinandergesetzt und seine abweichende Auffassung nachvollziehbar begr\u00fcndet. Da nicht jede Devianz in Form einer P\u00e4dophilie ohne Weiteres gleichzusetzen ist mit einer schweren anderen seelischen Abh\u00e4ngigkeit (BGH StV 2005, 20), war aufgrund einer Gesamtschau von T\u00e4terpers\u00f6nlichkeit und Taten darauf abzustellen, ob seine Neigungen den Angeklagten im Wesen seiner Pers\u00f6nlichkeit so ver\u00e4ndert haben, dass er zur Bek\u00e4mpfung seiner Triebe nicht die erforderlichen Hemmungen aufbringt. Eine solche Pr\u00fcfung hat die Strafkammer vorgenommen und im Einzelnen begr\u00fcndet, weshalb sie bei dem Angeklagten eine zwanghafte gedankliche Einengung auf Sexualverkehr mit Kindern ebenso wenig zu erkennen vermochte wie eine s\u00fcchtige Entwicklung bzw. einen Ausbau des Raffinements zur Erlangung ungest\u00f6rter Kontakte mit Kindern. Vielmehr sei der Angeklagte in der Lage, seine p\u00e4dophilen Neigungen zu beherrschen. Diese gut und nachvollziehbar begr\u00fcndete Einsch\u00e4tzung ist m\u00f6glich und damit revisionsrechtlich nicht zu beanstanden. Die dagegen und gegen die Strafzumessung im \u00dcbrigen erhobenen Einw\u00e4nde der Revision ersch\u00f6pfen sich in dem revisionsrechtlich unbeachtlichen Versuch, eine eigene Beweisw\u00fcrdigung - teils sogar auf urteilsfremder Grundlage - an die Stelle derjenigen des Landgerichts zu setzen."}, {"num": "11", "textProcessed": ["fehlend", "festsetz", "einzelstraf", "fall", "ii", "urteilsgrund", "senat", "entsprech", "anwend", "abs", "stpo", "nachzuhol", "verbot", "schlechterstell", "abs", "stpo", "steht", "nachhol", "festsetz", "entgeg", "bghr", "stpo", "abs", "strafausspruch", "antrag", "generalbundesanwalt", "verhangt", "senat", "blick", "hinsicht", "vergleichbar", "fall", "ii", "urteilsgrund", "fall", "ii", "ebenfall", "geldstraf", "tagessatz", "je", "euro"], "text": "c) Die fehlende Festsetzung der Einzelstrafe im Fall II.5 der Urteilsgr\u00fcnde war vom Senat in entsprechender Anwendung von \u00a7 354 Abs. 1 StPO nachzuholen. Das Verbot der Schlechterstellung (\u00a7 358 Abs. 2 StPO) steht der Nachholung der Festsetzung nicht entgegen (BGHR StPO \u00a7 354 Abs. 1 Strafausspruch 10 m.w.N.). Auf Antrag des Generalbundesanwalts verh\u00e4ngt der Senat mit Blick auf die in jeder Hinsicht vergleichbaren F\u00e4lle II.2 bis 4 der Urteilsgr\u00fcnde im Fall II.5 ebenfalls eine Geldstrafe von 90 Tagess\u00e4tzen zu je 5 Euro."}], "norm": ["\u00a7 20 StGB", "\u00a7 21 StGB"], "doktyp": "Urteil", "regionLong": "Bundesrepublik Deutschland", "sonstlt": "", "gruendeProcessed": ["landgericht", "angeklagt", "schwer", "sexuell", "missbrauch", "kind", "vorsatz", "korperverletz", "jeweil", "vier", "fall", "freiheitsberaub", "zwei", "fall", "sowi", "sichverschaff", "kinderpornograph", "schrift", "gesamtfreiheitsstraf", "vier", "jahr", "zehn", "monat", "verurteilt", "laptop", "nebst", "extern", "festplatt", "eingezog", "generalbundesanwalt", "vertret", "revision", "beanstandet", "staatsanwaltschaft", "nichtverurteil", "angeklagt", "besitz", "kinderpornograph", "schrift", "strafausspruch", "sowi", "unterblieb", "anordn", "unterbring", "psychiatr", "krankenhaus", "rugt", "verletz", "formell", "materiell", "recht", "rechtsmittel", "fuhrt", "sachrug", "nachhol", "unterblieb", "einzelstrafausspruch", "ubrig", "unbegrundet", "feststell", "landgericht", "heut", "jahrig", "vorbestraft", "angeklagt", "lebensjahr", "alterstyp", "geschlechtsverkehr", "einhergeh", "bezieh", "geringfug", "jung", "madch", "oktob", "juni", "lebt", "fest", "bezieh", "gleichaltr", "anschluss", "sexuell", "verhaltnis", "jahrig", "madch", "zusammenleb", "spannung", "gekomm", "angeklagt", "pornograph", "teil", "kinderpornograph", "bildmaterial", "konsumiert", "jung", "madch", "jahr", "hingezog", "fuhlt", "novemb", "fuhrt", "damal", "jahrig", "angeklagt", "jahr", "zehn", "monat", "alt", "sexuell", "unerfahr", "madch", "bereit", "seit", "lang", "kannt", "einvernehm", "geschlechtsverkehr", "fruhjahr", "steigert", "spannung", "angeklagt", "lebensgefahrtin", "mundet", "vier", "geleg", "korp", "auseinandersetz", "zeitraum", "lud", "angeklagt", "zwei", "bilddatei", "kinderpornograph", "darstell", "internet", "rechn", "zwei", "fall", "schloss", "angeklagt", "lebensgefahrtin", "streitig", "wohnung", "fruhjahr", "schliesslich", "fuhrt", "angeklagt", "sexuell", "bereit", "erfahr", "jahr", "zwei", "monat", "alt", "madch", "seit", "ca", "halb", "jahr", "kannt", "drei", "geleg", "jeweil", "einverstand", "geschlechtsverkehr", "ubereinstimm", "gehort", "psychiatr", "sachverstand", "stellt", "strafkamm", "gestand", "verhalt", "bedauernd", "angeklagt", "padophil", "neigung", "fest", "bekennt", "angeklagt", "vorlieg", "padophili", "sei", "jedoch", "sachverstand", "ausmass", "dass", "schwer", "seelisch", "abart", "sinn", "stgb", "wert", "sei", "vielmehr", "handel", "allgemein", "storung", "person", "einfluss", "strafrecht", "verantwort", "stgb", "ii", "rug", "landgericht", "aufklar", "fursorgepflicht", "verstoss", "vorher", "hinweis", "sachverstand", "hinsicht", "frag", "vorlieg", "erheb", "vermindert", "steuerungsfah", "stgb", "gefolgt", "sei", "unbegrundet", "gericht", "rechtlich", "gesichtspunkt", "gehalt", "prozessbeteiligt", "vorlauf", "bewert", "beweismitteln", "sachverstandigengutacht", "informi", "erst", "urteilsberat", "tatricht", "darub", "befind", "erhob", "beweis", "einschatzt", "zwischenverfahr", "gericht", "inhalt", "ergebnis", "einzeln", "beweiserheb", "erklar", "musst", "vorgeseh", "vgl", "bghst", "bgh", "nstz", "rr", "sachrug", "deckt", "rechtsfehl", "urteil", "vorteil", "angeklagt", "schuldspruch", "beanstand", "fall", "ii", "urteilsgrund", "erfullt", "tatbestandsalternativ", "besitz", "kinderpornograph", "schrift", "gemass", "abs", "satz", "stgb", "auffangtatbestand", "revision", "verkennt", "ausgeurteilt", "tatbestand", "sichverschaff", "schrift", "gemass", "abs", "satz", "stgb", "zurucktritt", "bgh", "nstz", "fisch", "stgb", "aufl", "rdn", "ebenso", "wenig", "rechtsfolgenausspruch", "beanstand", "rechtsfehl", "landgericht", "ergebnis", "gelangt", "dass", "angeklagt", "voraussetz", "stgb", "vorlag", "womit", "verhang", "massregel", "stgb", "ausgeschloss", "sachverstand", "einschatz", "gefolgt", "dass", "angeklagt", "padophil", "neigung", "vorlieg", "storungsbild", "eingangsmerkmal", "stgb", "subsumi", "dadurch", "schuldfah", "angeklagt", "erheb", "eingeschrankt", "entscheidet", "sachverstand", "berat", "gericht", "bgh", "nstz", "rr", "beurteil", "tatricht", "gehindert", "gutacht", "vernomm", "sachverstand", "abzuweich", "dabei", "vorlieg", "gescheh", "gehalt", "darleg", "weis", "auseinanderzusetz", "erkenn", "lasst", "dass", "recht", "eig", "sachkund", "anspruch", "genomm", "bgh", "nstz", "landgericht", "ausfuhr", "psychiatr", "sachverstand", "nachprufbar", "weis", "wiedergegeb", "auseinandergesetzt", "abweich", "auffass", "nachvollziehbar", "begrundet", "devianz", "form", "padophili", "weit", "gleichzusetz", "schwer", "seelisch", "abhang", "bgh", "stv", "aufgrund", "gesamtschau", "taterperson", "tat", "darauf", "abzustell", "neigung", "angeklagt", "wes", "person", "verandert", "dass", "bekampf", "trieb", "erford", "hemmung", "aufbringt", "prufung", "strafkamm", "vorgenomm", "einzeln", "begrundet", "weshalb", "angeklagt", "zwanghaft", "gedank", "eineng", "sexualverkehr", "kind", "ebenso", "wenig", "erkenn", "vermocht", "suchtig", "entwickl", "bzw", "ausbau", "raffinement", "erlang", "ungestort", "kontakt", "kind", "vielmehr", "sei", "angeklagt", "lag", "padophil", "neigung", "beherrsch", "gut", "nachvollziehbar", "begrundet", "einschatz", "moglich", "revisionsrecht", "beanstand", "dageg", "strafzumess", "ubrig", "erhob", "einwand", "revision", "erschopf", "revisionsrecht", "unbeacht", "versuch", "eig", "beweiswurd", "teil", "sogar", "urteilsfremd", "grundlag", "stell", "derjen", "landgericht", "setz", "fehlend", "festsetz", "einzelstraf", "fall", "ii", "urteilsgrund", "senat", "entsprech", "anwend", "abs", "stpo", "nachzuhol", "verbot", "schlechterstell", "abs", "stpo", "steht", "nachhol", "festsetz", "entgeg", "bghr", "stpo", "abs", "strafausspruch", "antrag", "generalbundesanwalt", "verhangt", "senat", "blick", "hinsicht", "vergleichbar", "fall", "ii", "urteilsgrund", "fall", "ii", "ebenfall", "geldstraf", "tagessatz", "je", "euro", "fisch", "roggenbuck", "appl", "cierniak", "schmitt"], "mitwirkung": "", "aktenzeichen": "2 StR 48/10", "language": "deutsch", "gertyp": "BGH", "leitsatz": "", "gruende": "\n      <div>\n         <dl class=\"RspDL\">\n            <dt>\n               <a name=\"rd_1\">1</a>\n            </dt>\n            <dd>\n               <p>Das Landgericht hat den Angeklagten wegen schweren sexuellen Missbrauchs von Kindern und wegen vors\u00e4tzlicher K\u00f6rperverletzung in jeweils vier F\u00e4llen, wegen Freiheitsberaubung in zwei F\u00e4llen sowie wegen Sichverschaffens kinderpornographischer Schriften zu einer Gesamtfreiheitsstrafe von vier Jahren und zehn Monaten verurteilt und dessen Laptop nebst externer Festplatte eingezogen. Mit ihrer vom Generalbundesanwalt nicht vertretenen Revision beanstandet die Staatsanwaltschaft die Nichtverurteilung des Angeklagten auch wegen Besitzes von kinderpornographischen Schriften, den Strafausspruch sowie die unterbliebene Anordnung der Unterbringung in einem psychiatrischen Krankenhaus; sie r\u00fcgt die Verletzung formellen und materiellen Rechts. Das Rechtsmittel f\u00fchrt auf die Sachr\u00fcge zur Nachholung eines unterbliebenen Einzelstrafausspruchs; im \u00dcbrigen ist es unbegr\u00fcndet.</p>\n            </dd>\n         </dl>\n         <dl class=\"RspDL\">\n            <dt/>\n            <dd>\n               <p/>\n            </dd>\n         </dl>\n         <dl class=\"RspDL\">\n            <dt/>\n            <dd>\n               <p>I.</p>\n            </dd>\n         </dl>\n         <dl class=\"RspDL\">\n            <dt/>\n            <dd>\n               <p/>\n            </dd>\n         </dl>\n         <dl class=\"RspDL\">\n            <dt>\n               <a name=\"rd_2\">2</a>\n            </dt>\n            <dd>\n               <p>1. Nach den Feststellungen des Landgerichts hatte der heute 24j\u00e4hrige nicht vorbestrafte Angeklagte vor seinem 18. Lebensjahr alterstypische, mit Geschlechtsverkehr einhergehende Beziehungen zu geringf\u00fcgig j\u00fcngeren M\u00e4dchen. Von Oktober 2003 bis Juni 2008 lebte er in einer festen Beziehung mit der gleichaltrigen H. Im Anschluss hatte er ein sexuelles Verh\u00e4ltnis mit einem 17j\u00e4hrigen M\u00e4dchen. W\u00e4hrend des Zusammenlebens mit H.\u00a0war es zu Spannungen gekommen, weil der Angeklagte pornographisches, zum Teil kinderpornographisches Bildmaterial konsumiert hatte und sich zu j\u00fcngeren M\u00e4dchen, auch unter 14 Jahren, hingezogen f\u00fchlte.</p>\n            </dd>\n         </dl>\n         <dl class=\"RspDL\">\n            <dt/>\n            <dd>\n               <p/>\n            </dd>\n         </dl>\n         <dl class=\"RspDL\">\n            <dt>\n               <a name=\"rd_3\">3</a>\n            </dt>\n            <dd>\n               <p>a) Im November 2007 f\u00fchrte der damals 22j\u00e4hrige Angeklagte mit einem 13 Jahre und zehn Monate alten, sexuell noch unerfahrenen M\u00e4dchen, das er bereits seit l\u00e4ngerem kannte, einvernehmlich Geschlechtsverkehr durch.</p>\n            </dd>\n         </dl>\n         <dl class=\"RspDL\">\n            <dt/>\n            <dd>\n               <p/>\n            </dd>\n         </dl>\n         <dl class=\"RspDL\">\n            <dt>\n               <a name=\"rd_4\">4</a>\n            </dt>\n            <dd>\n               <p>b) Im Fr\u00fchjahr 2008 steigerten sich die Spannungen zwischen dem Angeklagten und seiner Lebensgef\u00e4hrtin und m\u00fcndeten bei vier Gelegenheiten in k\u00f6rperlichen Auseinandersetzungen. W\u00e4hrend dieses Zeitraums lud der Angeklagte zwei Bilddateien mit kinderpornographischen Darstellungen aus dem Internet auf seinen Rechner. In zwei F\u00e4llen schloss der Angeklagte seine Lebensgef\u00e4hrtin nach Streitigkeiten in der Wohnung ein.</p>\n            </dd>\n         </dl>\n         <dl class=\"RspDL\">\n            <dt/>\n            <dd>\n               <p/>\n            </dd>\n         </dl>\n         <dl class=\"RspDL\">\n            <dt>\n               <a name=\"rd_5\">5</a>\n            </dt>\n            <dd>\n               <p>c) Im Fr\u00fchjahr 2009 schlie\u00dflich f\u00fchrte der Angeklagte mit einem sexuell bereits erfahrenen, 13 Jahre und zwei Monate alten M\u00e4dchen, das er seit ca. einem halben Jahr kannte, bei drei Gelegenheiten jeweils einverst\u00e4ndlich Geschlechtsverkehr durch.</p>\n            </dd>\n         </dl>\n         <dl class=\"RspDL\">\n            <dt/>\n            <dd>\n               <p/>\n            </dd>\n         </dl>\n         <dl class=\"RspDL\">\n            <dt>\n               <a name=\"rd_6\">6</a>\n            </dt>\n            <dd>\n               <p>2. In \u00dcbereinstimmung mit dem geh\u00f6rten psychiatrischen Sachverst\u00e4ndigen stellte die Strafkammer bei dem gest\u00e4ndigen, sein Verhalten bedauernden Angeklagten p\u00e4dophile Neigungen fest, zu denen dieser sich auch bekennt. Die bei dem Angeklagten vorliegende P\u00e4dophilie sei jedoch - anders als der Sachverst\u00e4ndige meine - nicht von solchem Ausma\u00df, dass sie als schwere andere seelische Abartigkeit im Sinne von \u00a7 20 StGB zu werten sei. Vielmehr handele es sich um eine allgemeine St\u00f6rung der Pers\u00f6nlichkeit, die keinen Einfluss auf die strafrechtliche Verantwortung i.S.d. \u00a7\u00a7 20, 21 StGB habe.</p>\n            </dd>\n         </dl>\n         <dl class=\"RspDL\">\n            <dt/>\n            <dd>\n               <p/>\n            </dd>\n         </dl>\n         <dl class=\"RspDL\">\n            <dt/>\n            <dd>\n               <p>II.</p>\n            </dd>\n         </dl>\n         <dl class=\"RspDL\">\n            <dt/>\n            <dd>\n               <p/>\n            </dd>\n         </dl>\n         <dl class=\"RspDL\">\n            <dt>\n               <a name=\"rd_7\">7</a>\n            </dt>\n            <dd>\n               <p>1. Die R\u00fcge, das Landgericht habe gegen seine Aufkl\u00e4rungs- und F\u00fcrsorgepflicht versto\u00dfen, in dem es ohne vorherigen Hinweis dem Sachverst\u00e4ndigen hinsichtlich der Frage des Vorliegens einer erheblich verminderten Steuerungsf\u00e4higkeit i.S.d. \u00a7 21 StGB nicht gefolgt sei, ist unbegr\u00fcndet. Das Gericht war unter keinem rechtlichen Gesichtspunkt gehalten, die Prozessbeteiligten \u00fcber die vorl\u00e4ufige Bewertung von Beweismitteln - hier des Sachverst\u00e4ndigengutachtens - zu informieren. Erst in der Urteilsberatung hat der Tatrichter dar\u00fcber zu befinden, wie er die erhobenen Beweise einsch\u00e4tzt. Ein Zwischenverfahren, in dem sich das Gericht zu Inhalt und Ergebnis einzelner Beweiserhebungen erkl\u00e4ren m\u00fcsste, ist nicht vorgesehen (vgl. BGHSt 43, 212, 214; BGH NStZ-RR 2008, 180).</p>\n            </dd>\n         </dl>\n         <dl class=\"RspDL\">\n            <dt/>\n            <dd>\n               <p/>\n            </dd>\n         </dl>\n         <dl class=\"RspDL\">\n            <dt>\n               <a name=\"rd_8\">8</a>\n            </dt>\n            <dd>\n               <p>2. Auch die Sachr\u00fcge deckt keinen Rechtsfehler des Urteils zum Vorteil des Angeklagten auf.</p>\n            </dd>\n         </dl>\n         <dl class=\"RspDL\">\n            <dt/>\n            <dd>\n               <p/>\n            </dd>\n         </dl>\n         <dl class=\"RspDL\">\n            <dt>\n               <a name=\"rd_9\">9</a>\n            </dt>\n            <dd>\n               <p>a) Der Schuldspruch ist nicht zu beanstanden. Die im Fall II.8 der Urteilsgr\u00fcnde zwar erf\u00fcllte Tatbestandsalternative des Besitzes kinderpornographischer Schriften gem\u00e4\u00df \u00a7 184 b Abs. 4 Satz 2 StGB ist ein Auffangtatbestand, der - was die Revision verkennt - hinter dem hier ausgeurteilten Tatbestand des Sichverschaffens dieser Schriften gem\u00e4\u00df \u00a7 184 b Abs. 4 Satz 1 StGB zur\u00fccktritt (BGH NStZ 2009, 208; Fischer, StGB 57. Aufl. \u00a7 184 b Rdn. 28).</p>\n            </dd>\n         </dl>\n         <dl class=\"RspDL\">\n            <dt/>\n            <dd>\n               <p/>\n            </dd>\n         </dl>\n         <dl class=\"RspDL\">\n            <dt>\n               <a name=\"rd_10\">10</a>\n            </dt>\n            <dd>\n               <p>b) Ebenso wenig ist der Rechtsfolgenausspruch zu beanstanden. Ohne Rechtsfehler ist das Landgericht zu dem Ergebnis gelangt, dass bei dem Angeklagten die Voraussetzungen des \u00a7 21 StGB nicht vorlagen, womit die Verh\u00e4ngung einer Ma\u00dfregel nach \u00a7 63 StGB ausgeschlossen war. Es ist dem Sachverst\u00e4ndigen in dessen Einsch\u00e4tzung gefolgt, dass bei dem Angeklagten p\u00e4dophile Neigungen vorliegen. Ob dieses St\u00f6rungsbild unter eines der Eingangsmerkmale der \u00a7\u00a7 20, 21 StGB zu subsumieren ist und dadurch die Schuldf\u00e4higkeit des Angeklagten erheblich eingeschr\u00e4nkt ist, entscheidet nach sachverst\u00e4ndiger Beratung das Gericht (BGH NStZ-RR 2006, 73). Bei seiner Beurteilung ist der Tatrichter nicht gehindert, von dem Gutachten eines vernommenen Sachverst\u00e4ndigen abzuweichen. Dabei ist er - wie vorliegend geschehen - gehalten, sich mit dessen Darlegungen in einer Weise auseinanderzusetzen, die erkennen l\u00e4sst, dass er mit Recht eigene Sachkunde in Anspruch genommen hat (BGH NStZ 2007, 114). Hier hat das Landgericht die Ausf\u00fchrungen des psychiatrischen Sachverst\u00e4ndigen in nachpr\u00fcfbarer Weise wiedergegeben, sich damit auseinandergesetzt und seine abweichende Auffassung nachvollziehbar begr\u00fcndet. Da nicht jede Devianz in Form einer P\u00e4dophilie ohne Weiteres gleichzusetzen ist mit einer schweren anderen seelischen Abh\u00e4ngigkeit (BGH StV 2005, 20), war aufgrund einer Gesamtschau von T\u00e4terpers\u00f6nlichkeit und Taten darauf abzustellen, ob seine Neigungen den Angeklagten im Wesen seiner Pers\u00f6nlichkeit so ver\u00e4ndert haben, dass er zur Bek\u00e4mpfung seiner Triebe nicht die erforderlichen Hemmungen aufbringt. Eine solche Pr\u00fcfung hat die Strafkammer vorgenommen und im Einzelnen begr\u00fcndet, weshalb sie bei dem Angeklagten eine zwanghafte gedankliche Einengung auf Sexualverkehr mit Kindern ebenso wenig zu erkennen vermochte wie eine s\u00fcchtige Entwicklung bzw. einen Ausbau des Raffinements zur Erlangung ungest\u00f6rter Kontakte mit Kindern. Vielmehr sei der Angeklagte in der Lage, seine p\u00e4dophilen Neigungen zu beherrschen. Diese gut und nachvollziehbar begr\u00fcndete Einsch\u00e4tzung ist m\u00f6glich und damit revisionsrechtlich nicht zu beanstanden. Die dagegen und gegen die Strafzumessung im \u00dcbrigen erhobenen Einw\u00e4nde der Revision ersch\u00f6pfen sich in dem revisionsrechtlich unbeachtlichen Versuch, eine eigene Beweisw\u00fcrdigung - teils sogar auf urteilsfremder Grundlage - an die Stelle derjenigen des Landgerichts zu setzen.</p>\n            </dd>\n         </dl>\n         <dl class=\"RspDL\">\n            <dt/>\n            <dd>\n               <p/>\n            </dd>\n         </dl>\n         <dl class=\"RspDL\">\n            <dt>\n               <a name=\"rd_11\">11</a>\n            </dt>\n            <dd>\n               <p>c) Die fehlende Festsetzung der Einzelstrafe im Fall II.5 der Urteilsgr\u00fcnde war vom Senat in entsprechender Anwendung von \u00a7 354 Abs. 1 StPO nachzuholen. Das Verbot der Schlechterstellung (\u00a7 358 Abs. 2 StPO) steht der Nachholung der Festsetzung nicht entgegen (BGHR StPO \u00a7 354 Abs. 1 Strafausspruch 10 m.w.N.). Auf Antrag des Generalbundesanwalts verh\u00e4ngt der Senat mit Blick auf die in jeder Hinsicht vergleichbaren F\u00e4lle II.2 bis 4 der Urteilsgr\u00fcnde im Fall II.5 ebenfalls eine Geldstrafe von 90 Tagess\u00e4tzen zu je 5 Euro.</p>\n            </dd>\n         </dl>\n         <dl class=\"RspDL\">\n            <dt/>\n            <dd>\n               <p/>\n            </dd>\n         </dl>\n         <dl class=\"RspDL\">\n            <dt/>\n            <dd>\n               <p>Fischer\u00a0\u00a0\u00a0\u00a0\u00a0\u00a0\u00a0\u00a0\u00a0\u00a0\u00a0\u00a0\u00a0\u00a0\u00a0\u00a0\u00a0\u00a0\u00a0\u00a0\u00a0\u00a0\u00a0\u00a0\u00a0\u00a0\u00a0\u00a0\u00a0\u00a0\u00a0\u00a0\u00a0\u00a0\u00a0\u00a0\u00a0Roggenbuck\u00a0\u00a0\u00a0\u00a0\u00a0\u00a0\u00a0\u00a0\u00a0\u00a0\u00a0\u00a0\u00a0\u00a0\u00a0\u00a0\u00a0\u00a0\u00a0\u00a0\u00a0\u00a0\u00a0\u00a0\u00a0\u00a0\u00a0\u00a0\u00a0\u00a0\u00a0\u00a0\u00a0\u00a0\u00a0\u00a0\u00a0\u00a0\u00a0Appl</p>\n            </dd>\n         </dl>\n         <dl class=\"RspDL\">\n            <dt/>\n            <dd>\n               <p>\u00a0\u00a0\u00a0\u00a0\u00a0\u00a0\u00a0\u00a0\u00a0\u00a0\u00a0\u00a0\u00a0\u00a0\u00a0\u00a0\u00a0\u00a0\u00a0\u00a0\u00a0Cierniak\u00a0\u00a0\u00a0\u00a0\u00a0\u00a0\u00a0\u00a0\u00a0\u00a0\u00a0\u00a0\u00a0\u00a0\u00a0\u00a0\u00a0\u00a0\u00a0\u00a0\u00a0\u00a0\u00a0\u00a0\u00a0\u00a0\u00a0\u00a0\u00a0\u00a0\u00a0\u00a0\u00a0\u00a0\u00a0\u00a0\u00a0\u00a0\u00a0\u00a0\u00a0\u00a0\u00a0\u00a0\u00a0Schmitt</p>\n            </dd>\n         </dl>\n         <dl class=\"RspDL\">\n            <dt/>\n            <dd>\n               <p/>\n            </dd>\n         </dl>\n      </div>\n   ", "accessRights": "public", "gerort": "", "entschDatum": "20100526", "coverage": "Deutschland", "titel": "\n      <dl class=\"RspDL\">\n         <dt/>\n         <dd>\n            <p>Schuldf\u00e4higkeit bei Vorliegen p\u00e4dophiler Neigungen: Grundlagen der Beurteilung des Tatrichters; Abweichen von dem Gutachten des Sachverst\u00e4ndigen</p>\n         </dd>\n      </dl>\n   ", "ecli": "", "identifier": "http://www.rechtsprechung-im-internet.de/jportal/?quelle=jlink&docid=JURE100064069&psml=bsjrsprod.psml&max=true", "spruchkoerper": "2. Strafsenat", "vorinstanz": "vorgehend LG Bad Kreuznach, 30. September 2009, Az: 1023 Js 9058/08 - KLs - 3 Ss 218/09, Urteil\n   ", "doknr": "JURE100064069", "abweichendeMeinung": "", "tenor": "\n      <div>\n         <dl class=\"RspDL\">\n            <dt/>\n            <dd>\n               <p>Die Revision der Staatsanwaltschaft gegen das Urteil des Landgerichts Bad Kreuznach vom 30. September 2009 wird mit der Ma\u00dfgabe als unbegr\u00fcndet verworfen, dass f\u00fcr die Tat II.5 der Urteilsgr\u00fcnde eine Einzelgeldstrafe von 90 Tagess\u00e4tzen zu je 5 Euro festgesetzt wird.</p>\n            </dd>\n         </dl>\n         <dl class=\"RspDL\">\n            <dt/>\n            <dd>\n               <p/>\n            </dd>\n         </dl>\n         <dl class=\"RspDL\">\n            <dt/>\n            <dd>\n               <p>Die Kosten des Rechtsmittels und die dem Angeklagten hierdurch entstandenen notwendigen Auslagen hat die Staatskasse zu tragen.</p>\n            </dd>\n         </dl>\n         <dl class=\"RspDL\">\n            <dt/>\n            <dd>\n               <p/>\n            </dd>\n         </dl>\n         <dl class=\"RspDL\">\n            <dt/>\n            <dd>\n               <p>Von Rechts wegen</p>\n            </dd>\n         </dl>\n      </div>\n   ", "regionAbk": "DEU"}