{"publisher": "BMJV", "tatbestand": "", "absaetze": [{"num": "1", "textProcessed": ["landgericht", "angeklagt", "versucht", "totschlag", "freiheitsstraf", "sech", "jahr", "verurteilt", "hiergeg", "gerichtet", "revision", "angeklagt", "verletz", "formell", "materiell", "recht", "rugt", "fuhrt", "erganz", "schuldspruch", "aufheb", "strafausspruch", "abs", "stpo", "ubrig", "unbegrundet", "verwerf", "abs", "stpo"], "text": "Das Landgericht hat den Angeklagten wegen versuchten Totschlages zu einer Freiheitsstrafe von sechs Jahren verurteilt. Die hiergegen gerichtete Revision des Angeklagten, mit der er eine Verletzung formellen und materiellen Rechts r\u00fcgt, f\u00fchrt zur Erg\u00e4nzung des Schuldspruchs und zur Aufhebung im Strafausspruch (\u00a7 349 Abs. 4 StPO); im \u00dcbrigen war sie als unbegr\u00fcndet zu verwerfen (\u00a7 349 Abs. 2 StPO)."}, {"num": "2", "textProcessed": ["revision", "nebenklag", "ebenfall", "erganz", "schuldspruch", "folg", "bleibt", "ubrig", "erfolg", "abs", "stpo"], "text": "Die Revision des Nebenkl\u00e4gers hat ebenfalls die Erg\u00e4nzung des Schuldspruchs zur Folge, bleibt aber im \u00dcbrigen ohne Erfolg (\u00a7 349 Abs. 2 StPO)."}, {"num": "3", "textProcessed": ["schuldspruch", "versucht", "totschlag", "halt", "hinsicht", "beid", "revisionsbegrund", "rechtlich", "uberpruf", "stand", "jedoch", "berucksicht", "tateinheit", "begang", "gefahr", "korperverletz", "kamm", "versehent", "urteilstenor", "aufgenomm", "vgl", "ua", "erganz"], "text": "1. Der Schuldspruch wegen versuchten Totschlags h\u00e4lt hinsichtlich beider Revisionsbegr\u00fcndungen rechtlicher \u00dcberpr\u00fcfung stand. Er ist jedoch unter Ber\u00fccksichtigung der tateinheitlich begangenen gef\u00e4hrlichen K\u00f6rperverletzung, die die Kammer versehentlich nicht in den Urteilstenor aufgenommen hat (vgl. UA S. 40), zu erg\u00e4nzen."}, {"num": "4", "textProcessed": ["entgeg", "rug", "nebenklag", "begegnet", "annahm", "landgericht", "angeklagt", "heimtuck", "gehandelt", "nebenklag", "beim", "todlich", "angriff", "arglos", "sei", "durchgreif", "bedenk", "kamm", "ausdruck", "darauf", "abgestellt", "dass", "nebenklag", "schon", "beim", "erst", "anblick", "angeklagt", "korp", "auseinandersetz", "gerechnet", "jahrig", "tocht", "sexuell", "belastigt", "dass", "deshalb", "sogleich", "angeklagt", "begruss", "entfern", "gesamtzusammenhang", "ergibt", "dass", "fehlend", "arglos", "nebenklag", "beginn", "totungsvorsatz", "begang", "handlung", "andauert", "steht", "annahm", "heimtuck", "entgeg", "vgl", "bghst", "bghr", "stgb", "abs", "heimtuck", "feststell", "kamm", "angeklagt", "nebenklag", "folgend", "namlich", "angehalt", "unvermittelt", "gefragt", "tocht", "mach", "sodann", "eindruck", "nebenklag", "grins", "verhohn", "tatentschluss", "gefasst", "hintergrund", "begegnet", "annahm", "nebenklag", "sei", "arglos", "bedenk", "insbesond", "frag", "tocht", "angeklagt", "befurcht", "nebenklag", "verstark", "steht", "entgeg", "dass", "nebenklag", "zuletzt", "bemerkt", "dass", "angeklagt", "mess", "fuhrt", "somit", "gefahr", "erwart", "angriff", "verschatzt", "vgl", "insoweit", "bghr", "stgb", "heimtuck"], "text": "Entgegen der R\u00fcge der Nebenklage begegnet die Annahme des Landgerichts, der Angeklagte habe nicht heimt\u00fcckisch gehandelt, da der Nebenkl\u00e4ger beim t\u00f6dlichen Angriff nicht arglos gewesen sei, keinen durchgreifenden Bedenken. Die Kammer hat zwar ausdr\u00fccklich nur darauf abgestellt, dass der Nebenkl\u00e4ger schon beim ersten Anblick des Angeklagten mit einer k\u00f6rperlichen Auseinandersetzung gerechnet habe, weil er dessen 15-j\u00e4hrige Tochter sexuell bel\u00e4stigt hatte, und dass er sich deshalb sogleich, ohne den Angeklagten auch nur zu begr\u00fc\u00dfen, entfernen wollte. Aus dem Gesamtzusammenhang ergibt sich aber, dass die fehlende Arglosigkeit des Nebenkl\u00e4gers auch zu Beginn der mit T\u00f6tungsvorsatz begangenen Handlung noch andauerte. Dies steht der Annahme der Heimt\u00fccke entgegen (vgl. BGHSt 32, 382, 384; BGHR StGB \u00a7 211 Abs. 2 Heimt\u00fccke 7 und 13). Nach den Feststellungen der Kammer hat der Angeklagte den Nebenkl\u00e4ger im Folgenden n\u00e4mlich angehalten und unvermittelt gefragt, was dieser mit seiner Tochter mache, und sodann, als er den Eindruck hatte, der Nebenkl\u00e4ger grinse ihn verh\u00f6hnend an, den Tatentschluss gefasst. Vor diesem Hintergrund begegnet die Annahme, der Nebenkl\u00e4ger sei nicht arglos gewesen, keinen Bedenken, da insbesondere die Frage nach der Tochter des Angeklagten die Bef\u00fcrchtungen des Nebenkl\u00e4gers verst\u00e4rken musste. Dem steht nicht entgegen, dass der Nebenkl\u00e4ger bis zuletzt nicht bemerkt hatte, dass der Angeklagte ein Messer mit sich f\u00fchrte, und sich somit in der Gef\u00e4hrlichkeit des zu erwartenden Angriffs versch\u00e4tzt haben kann (vgl. insoweit BGHR StGB \u00a7 211 Heimt\u00fccke 13)."}, {"num": "5", "textProcessed": ["revision", "angeklagt", "urteil", "strafausspruch", "aufzuheb", "bestimm", "strafrahm", "fehlerhaft"], "text": "2. Auf die Revision des Angeklagten war das Urteil im Strafausspruch aufzuheben. Die Bestimmung des Strafrahmens ist fehlerhaft."}, {"num": "6", "textProcessed": ["landgericht", "rechtfehlerhaft", "frag", "auseinandergesetzt", "voraussetz", "minderschw", "fall", "versucht", "totschlag", "sinn", "alt", "alt", "stgb", "vorlag", "gegeb", "umstand", "hatt", "erorter", "gedrangt", "seh", "schon", "prufung", "zwingend", "strafmilder", "alt", "stgb", "bestand", "anlass", "kamm", "davon", "ausgegang", "angeklagt", "erst", "abend", "sexuell", "ubergriff", "nebenklag", "tocht", "erfahr", "gesichtsausdruck", "nebenklag", "verhohn", "deshalb", "provozier", "empfund", "affektiv", "erreg", "spontan", "tatentschluss", "gefuhrt", "ua", "jedenfall", "hatt", "erorter", "bedurft", "allgemein", "strafmilderungsgrund", "annahm", "minderschw", "fall", "alt", "stgb", "rechtfert", "konnt", "bereit", "stell", "zugun", "angeklagt", "strafmilderungsgrund", "gericht", "rahm", "konkret", "strafzumess", "angefuhrt", "teilgestandnis", "ernsthaft", "reu", "handeln", "aufgrund", "arg", "wut", "erreg", "aufgrund", "ubergriff", "tocht", "spontan", "tatentschluss", "erheb", "dauerhaft", "korp", "beeintracht", "opf", "erstverbuss", "berucksicht", "strafscharfungsgrund", "wurdig", "hatt", "bewert", "tatricht", "allgemein", "strafmilderungsgrund", "allein", "begrund", "minderschw", "fall", "ausgereicht", "hatt", "vertypt", "strafmilderungsgrund", "abs", "stgb", "neb", "urteilsgrund", "dargestellt", "milder", "erschwerungsgrund", "rahm", "gesamtbewert", "erortert"], "text": "a) Das Landgericht hat sich rechtfehlerhaft nicht mit der Frage auseinandergesetzt, ob die Voraussetzungen eines minderschweren Falls des versuchten Totschlags im Sinne des \u00a7 213 Alt. 1 oder Alt. 2 StGB vorlagen. Unter den gegebenen Umst\u00e4nden h\u00e4tte es sich zu einer Er\u00f6rterung gedr\u00e4ngt sehen m\u00fcssen. Schon zur Pr\u00fcfung der zwingenden Strafmilderung nach \u00a7 213 Alt. 1 StGB bestand Anlass, da die Kammer davon ausgegangen ist, der Angeklagte habe erst an diesem Abend von den sexuellen \u00dcbergriffen des Nebenkl\u00e4gers auf seine Tochter erfahren und habe den Gesichtsausdruck des Nebenkl\u00e4gers als verh\u00f6hnend und deshalb provozierend empfunden, was bei ihm zu einer affektiven Erregung und dem spontanen Tatentschluss gef\u00fchrt habe (UA S. 32). Jedenfalls h\u00e4tte es der Er\u00f6rterung bedurft, ob die allgemeinen Strafmilderungsgr\u00fcnde die Annahme eines sonst minderschweren Falles nach \u00a7 213 Alt. 2 StGB rechtfertigen konnten. Bereits an dieser Stelle w\u00e4ren zugunsten des Angeklagten die Strafmilderungsgr\u00fcnde, die das Gericht im Rahmen der konkreten Strafzumessung angef\u00fchrt hat (Teilgest\u00e4ndnis, ernsthafte Reue, Handeln aufgrund von \u00c4rger, Wut und Erregung aufgrund der \u00dcbergriffe auf seine Tochter, spontaner Tatentschluss, keine erhebliche dauerhafte k\u00f6rperliche Beeintr\u00e4chtigung des Opfers, Erstverb\u00fc\u00dfer), unter Ber\u00fccksichtigung der Strafsch\u00e4rfungsgr\u00fcnde zu w\u00fcrdigen gewesen. H\u00e4tten nach der Bewertung des Tatrichters die allgemeinen Strafmilderungsgr\u00fcnde allein zur Begr\u00fcndung eines minderschweren Falls nicht ausgereicht, h\u00e4tte auch der vertypte Strafmilderungsgrund des \u00a7 23 Abs. 2 StGB neben allen anderen, in den Urteilsgr\u00fcnden dargestellten Milderungs- und Erschwerungsgr\u00fcnden im Rahmen einer Gesamtbewertung er\u00f6rtert werden m\u00fcssen."}, {"num": "7", "textProcessed": ["strafausspruch", "rechtsfehl", "beruh", "gericht", "straf", "versuch", "gemildert", "strafrahm", "abs", "stgb", "entnomm", "schon", "einfach", "gemildert", "strafrahm", "stgb", "jahr", "zehn", "jahr", "freiheitsstraf", "angeklagt", "gunstig", "wobei", "ausgeschloss", "dass", "zutreff", "gesamtwurd", "strafrahm", "stgb", "begrund", "minderschw", "fall", "womog", "benotigt", "vertypt", "strafmilderungsgrund", "herabgesetzt", "word"], "text": "b) Der Strafausspruch kann auf diesem Rechtsfehler beruhen. Zwar hat das Gericht die Strafe dem wegen Versuchs gemilderten Strafrahmen des \u00a7 212 Abs. 1 StGB entnommen. Doch schon der einfach gemilderte Strafrahmen des \u00a7 213 StGB (ein Jahr bis zehn Jahren Freiheitsstrafe) w\u00e4re f\u00fcr den Angeklagten g\u00fcnstiger, wobei auch nicht ausgeschlossen werden kann, dass bei zutreffender Gesamtw\u00fcrdigung selbst der Strafrahmen des \u00a7 213 StGB wegen eines - zur Begr\u00fcndung des minderschweren Falles wom\u00f6glich nicht ben\u00f6tigten - vertypten Strafmilderungsgrundes noch einmal herabgesetzt worden w\u00e4re."}, {"num": "8", "textProcessed": ["angesicht", "unerheb", "straf", "hoh", "sech", "jahr", "senat", "ausschliess", "dass", "tatricht", "strafrahm", "niedrig", "straf", "gelangt", "straf", "deshalb", "neu", "zugemess"], "text": "Angesichts der nicht unerheblichen Strafe in H\u00f6he von sechs Jahren kann der Senat nicht ausschlie\u00dfen, dass der Tatrichter bei einem anderen Strafrahmen zu einer niedrigeren Strafe gelangt w\u00e4re. Die Strafe muss deshalb neu zugemessen werden."}], "norm": ["\u00a7 22 StGB", "\u00a7 23 StGB", "\u00a7 211 StGB", "\u00a7 212 StGB", "\u00a7 213 StGB"], "doktyp": "Beschluss", "regionLong": "Bundesrepublik Deutschland", "sonstlt": "", "gruendeProcessed": ["landgericht", "angeklagt", "versucht", "totschlag", "freiheitsstraf", "sech", "jahr", "verurteilt", "hiergeg", "gerichtet", "revision", "angeklagt", "verletz", "formell", "materiell", "recht", "rugt", "fuhrt", "erganz", "schuldspruch", "aufheb", "strafausspruch", "abs", "stpo", "ubrig", "unbegrundet", "verwerf", "abs", "stpo", "revision", "nebenklag", "ebenfall", "erganz", "schuldspruch", "folg", "bleibt", "ubrig", "erfolg", "abs", "stpo", "schuldspruch", "versucht", "totschlag", "halt", "hinsicht", "beid", "revisionsbegrund", "rechtlich", "uberpruf", "stand", "jedoch", "berucksicht", "tateinheit", "begang", "gefahr", "korperverletz", "kamm", "versehent", "urteilstenor", "aufgenomm", "vgl", "ua", "erganz", "entgeg", "rug", "nebenklag", "begegnet", "annahm", "landgericht", "angeklagt", "heimtuck", "gehandelt", "nebenklag", "beim", "todlich", "angriff", "arglos", "sei", "durchgreif", "bedenk", "kamm", "ausdruck", "darauf", "abgestellt", "dass", "nebenklag", "schon", "beim", "erst", "anblick", "angeklagt", "korp", "auseinandersetz", "gerechnet", "jahrig", "tocht", "sexuell", "belastigt", "dass", "deshalb", "sogleich", "angeklagt", "begruss", "entfern", "gesamtzusammenhang", "ergibt", "dass", "fehlend", "arglos", "nebenklag", "beginn", "totungsvorsatz", "begang", "handlung", "andauert", "steht", "annahm", "heimtuck", "entgeg", "vgl", "bghst", "bghr", "stgb", "abs", "heimtuck", "feststell", "kamm", "angeklagt", "nebenklag", "folgend", "namlich", "angehalt", "unvermittelt", "gefragt", "tocht", "mach", "sodann", "eindruck", "nebenklag", "grins", "verhohn", "tatentschluss", "gefasst", "hintergrund", "begegnet", "annahm", "nebenklag", "sei", "arglos", "bedenk", "insbesond", "frag", "tocht", "angeklagt", "befurcht", "nebenklag", "verstark", "steht", "entgeg", "dass", "nebenklag", "zuletzt", "bemerkt", "dass", "angeklagt", "mess", "fuhrt", "somit", "gefahr", "erwart", "angriff", "verschatzt", "vgl", "insoweit", "bghr", "stgb", "heimtuck", "revision", "angeklagt", "urteil", "strafausspruch", "aufzuheb", "bestimm", "strafrahm", "fehlerhaft", "landgericht", "rechtfehlerhaft", "frag", "auseinandergesetzt", "voraussetz", "minderschw", "fall", "versucht", "totschlag", "sinn", "alt", "alt", "stgb", "vorlag", "gegeb", "umstand", "hatt", "erorter", "gedrangt", "seh", "schon", "prufung", "zwingend", "strafmilder", "alt", "stgb", "bestand", "anlass", "kamm", "davon", "ausgegang", "angeklagt", "erst", "abend", "sexuell", "ubergriff", "nebenklag", "tocht", "erfahr", "gesichtsausdruck", "nebenklag", "verhohn", "deshalb", "provozier", "empfund", "affektiv", "erreg", "spontan", "tatentschluss", "gefuhrt", "ua", "jedenfall", "hatt", "erorter", "bedurft", "allgemein", "strafmilderungsgrund", "annahm", "minderschw", "fall", "alt", "stgb", "rechtfert", "konnt", "bereit", "stell", "zugun", "angeklagt", "strafmilderungsgrund", "gericht", "rahm", "konkret", "strafzumess", "angefuhrt", "teilgestandnis", "ernsthaft", "reu", "handeln", "aufgrund", "arg", "wut", "erreg", "aufgrund", "ubergriff", "tocht", "spontan", "tatentschluss", "erheb", "dauerhaft", "korp", "beeintracht", "opf", "erstverbuss", "berucksicht", "strafscharfungsgrund", "wurdig", "hatt", "bewert", "tatricht", "allgemein", "strafmilderungsgrund", "allein", "begrund", "minderschw", "fall", "ausgereicht", "hatt", "vertypt", "strafmilderungsgrund", "abs", "stgb", "neb", "urteilsgrund", "dargestellt", "milder", "erschwerungsgrund", "rahm", "gesamtbewert", "erortert", "strafausspruch", "rechtsfehl", "beruh", "gericht", "straf", "versuch", "gemildert", "strafrahm", "abs", "stgb", "entnomm", "schon", "einfach", "gemildert", "strafrahm", "stgb", "jahr", "zehn", "jahr", "freiheitsstraf", "angeklagt", "gunstig", "wobei", "ausgeschloss", "dass", "zutreff", "gesamtwurd", "strafrahm", "stgb", "begrund", "minderschw", "fall", "womog", "benotigt", "vertypt", "strafmilderungsgrund", "herabgesetzt", "word", "angesicht", "unerheb", "straf", "hoh", "sech", "jahr", "senat", "ausschliess", "dass", "tatricht", "strafrahm", "niedrig", "straf", "gelangt", "straf", "deshalb", "neu", "zugemess", "rissing", "van", "saan", "appl", "ribgh", "prof", "dr", "schmitt", "wegenurlaub", "unterschrift", "gehindert", "rissing", "van", "saan", "eschelbach", "ott"], "mitwirkung": "", "aktenzeichen": "2 StR 274/10", "language": "deutsch", "gertyp": "BGH", "leitsatz": "", "gruende": "\n      <div>\n         <dl class=\"RspDL\">\n            <dt>\n               <a name=\"rd_1\">1</a>\n            </dt>\n            <dd>\n               <p>Das Landgericht hat den Angeklagten wegen versuchten Totschlages zu einer Freiheitsstrafe von sechs Jahren verurteilt. Die hiergegen gerichtete Revision des Angeklagten, mit der er eine Verletzung formellen und materiellen Rechts r\u00fcgt, f\u00fchrt zur Erg\u00e4nzung des Schuldspruchs und zur Aufhebung im Strafausspruch (\u00a7 349 Abs. 4 StPO); im \u00dcbrigen war sie als unbegr\u00fcndet zu verwerfen (\u00a7 349 Abs. 2 StPO).</p>\n            </dd>\n         </dl>\n         <dl class=\"RspDL\">\n            <dt/>\n            <dd>\n               <p/>\n            </dd>\n         </dl>\n         <dl class=\"RspDL\">\n            <dt>\n               <a name=\"rd_2\">2</a>\n            </dt>\n            <dd>\n               <p>Die Revision des Nebenkl\u00e4gers hat ebenfalls die Erg\u00e4nzung des Schuldspruchs zur Folge, bleibt aber im \u00dcbrigen ohne Erfolg (\u00a7 349 Abs. 2 StPO).</p>\n            </dd>\n         </dl>\n         <dl class=\"RspDL\">\n            <dt/>\n            <dd>\n               <p/>\n            </dd>\n         </dl>\n         <dl class=\"RspDL\">\n            <dt>\n               <a name=\"rd_3\">3</a>\n            </dt>\n            <dd>\n               <p>1. Der Schuldspruch wegen versuchten Totschlags h\u00e4lt hinsichtlich beider Revisionsbegr\u00fcndungen rechtlicher \u00dcberpr\u00fcfung stand. Er ist jedoch unter Ber\u00fccksichtigung der tateinheitlich begangenen gef\u00e4hrlichen K\u00f6rperverletzung, die die Kammer versehentlich nicht in den Urteilstenor aufgenommen hat (vgl. UA S. 40), zu erg\u00e4nzen.</p>\n            </dd>\n         </dl>\n         <dl class=\"RspDL\">\n            <dt/>\n            <dd>\n               <p/>\n            </dd>\n         </dl>\n         <dl class=\"RspDL\">\n            <dt>\n               <a name=\"rd_4\">4</a>\n            </dt>\n            <dd>\n               <p>Entgegen der R\u00fcge der Nebenklage begegnet die Annahme des Landgerichts, der Angeklagte habe nicht heimt\u00fcckisch gehandelt, da der Nebenkl\u00e4ger beim t\u00f6dlichen Angriff nicht arglos gewesen sei, keinen durchgreifenden Bedenken. Die Kammer hat zwar ausdr\u00fccklich nur darauf abgestellt, dass der Nebenkl\u00e4ger schon beim ersten Anblick des Angeklagten mit einer k\u00f6rperlichen Auseinandersetzung gerechnet habe, weil er dessen 15-j\u00e4hrige Tochter sexuell bel\u00e4stigt hatte, und dass er sich deshalb sogleich, ohne den Angeklagten auch nur zu begr\u00fc\u00dfen, entfernen wollte. Aus dem Gesamtzusammenhang ergibt sich aber, dass die fehlende Arglosigkeit des Nebenkl\u00e4gers auch zu Beginn der mit T\u00f6tungsvorsatz begangenen Handlung noch andauerte. Dies steht der Annahme der Heimt\u00fccke entgegen (vgl. BGHSt 32, 382, 384; BGHR StGB \u00a7 211 Abs. 2 Heimt\u00fccke 7 und 13). Nach den Feststellungen der Kammer hat der Angeklagte den Nebenkl\u00e4ger im Folgenden n\u00e4mlich angehalten und unvermittelt gefragt, was dieser mit seiner Tochter mache, und sodann, als er den Eindruck hatte, der Nebenkl\u00e4ger grinse ihn verh\u00f6hnend an, den Tatentschluss gefasst. Vor diesem Hintergrund begegnet die Annahme, der Nebenkl\u00e4ger sei nicht arglos gewesen, keinen Bedenken, da insbesondere die Frage nach der Tochter des Angeklagten die Bef\u00fcrchtungen des Nebenkl\u00e4gers verst\u00e4rken musste. Dem steht nicht entgegen, dass der Nebenkl\u00e4ger bis zuletzt nicht bemerkt hatte, dass der Angeklagte ein Messer mit sich f\u00fchrte, und sich somit in der Gef\u00e4hrlichkeit des zu erwartenden Angriffs versch\u00e4tzt haben kann (vgl. insoweit BGHR StGB \u00a7 211 Heimt\u00fccke 13).</p>\n            </dd>\n         </dl>\n         <dl class=\"RspDL\">\n            <dt/>\n            <dd>\n               <p/>\n            </dd>\n         </dl>\n         <dl class=\"RspDL\">\n            <dt>\n               <a name=\"rd_5\">5</a>\n            </dt>\n            <dd>\n               <p>2. Auf die Revision des Angeklagten war das Urteil im Strafausspruch aufzuheben. Die Bestimmung des Strafrahmens ist fehlerhaft.</p>\n            </dd>\n         </dl>\n         <dl class=\"RspDL\">\n            <dt/>\n            <dd>\n               <p/>\n            </dd>\n         </dl>\n         <dl class=\"RspDL\">\n            <dt>\n               <a name=\"rd_6\">6</a>\n            </dt>\n            <dd>\n               <p>a) Das Landgericht hat sich rechtfehlerhaft nicht mit der Frage auseinandergesetzt, ob die Voraussetzungen eines minderschweren Falls des versuchten Totschlags im Sinne des \u00a7 213 Alt. 1 oder Alt. 2 StGB vorlagen. Unter den gegebenen Umst\u00e4nden h\u00e4tte es sich zu einer Er\u00f6rterung gedr\u00e4ngt sehen m\u00fcssen. Schon zur Pr\u00fcfung der zwingenden Strafmilderung nach \u00a7 213 Alt. 1 StGB bestand Anlass, da die Kammer davon ausgegangen ist, der Angeklagte habe erst an diesem Abend von den sexuellen \u00dcbergriffen des Nebenkl\u00e4gers auf seine Tochter erfahren und habe den Gesichtsausdruck des Nebenkl\u00e4gers als verh\u00f6hnend und deshalb provozierend empfunden, was bei ihm zu einer affektiven Erregung und dem spontanen Tatentschluss gef\u00fchrt habe (UA S. 32). Jedenfalls h\u00e4tte es der Er\u00f6rterung bedurft, ob die allgemeinen Strafmilderungsgr\u00fcnde die Annahme eines sonst minderschweren Falles nach \u00a7 213 Alt. 2 StGB rechtfertigen konnten. Bereits an dieser Stelle w\u00e4ren zugunsten des Angeklagten die Strafmilderungsgr\u00fcnde, die das Gericht im Rahmen der konkreten Strafzumessung angef\u00fchrt hat (Teilgest\u00e4ndnis, ernsthafte Reue, Handeln aufgrund von \u00c4rger, Wut und Erregung aufgrund der \u00dcbergriffe auf seine Tochter, spontaner Tatentschluss, keine erhebliche dauerhafte k\u00f6rperliche Beeintr\u00e4chtigung des Opfers, Erstverb\u00fc\u00dfer), unter Ber\u00fccksichtigung der Strafsch\u00e4rfungsgr\u00fcnde zu w\u00fcrdigen gewesen. H\u00e4tten nach der Bewertung des Tatrichters die allgemeinen Strafmilderungsgr\u00fcnde allein zur Begr\u00fcndung eines minderschweren Falls nicht ausgereicht, h\u00e4tte auch der vertypte Strafmilderungsgrund des \u00a7 23 Abs. 2 StGB neben allen anderen, in den Urteilsgr\u00fcnden dargestellten Milderungs- und Erschwerungsgr\u00fcnden im Rahmen einer Gesamtbewertung er\u00f6rtert werden m\u00fcssen.</p>\n            </dd>\n         </dl>\n         <dl class=\"RspDL\">\n            <dt/>\n            <dd>\n               <p/>\n            </dd>\n         </dl>\n         <dl class=\"RspDL\">\n            <dt>\n               <a name=\"rd_7\">7</a>\n            </dt>\n            <dd>\n               <p>b) Der Strafausspruch kann auf diesem Rechtsfehler beruhen. Zwar hat das Gericht die Strafe dem wegen Versuchs gemilderten Strafrahmen des \u00a7 212 Abs. 1 StGB entnommen. Doch schon der einfach gemilderte Strafrahmen des \u00a7 213 StGB (ein Jahr bis zehn Jahren Freiheitsstrafe) w\u00e4re f\u00fcr den Angeklagten g\u00fcnstiger, wobei auch nicht ausgeschlossen werden kann, dass bei zutreffender Gesamtw\u00fcrdigung selbst der Strafrahmen des \u00a7 213 StGB wegen eines - zur Begr\u00fcndung des minderschweren Falles wom\u00f6glich nicht ben\u00f6tigten - vertypten Strafmilderungsgrundes noch einmal herabgesetzt worden w\u00e4re.</p>\n            </dd>\n         </dl>\n         <dl class=\"RspDL\">\n            <dt/>\n            <dd>\n               <p/>\n            </dd>\n         </dl>\n         <dl class=\"RspDL\">\n            <dt>\n               <a name=\"rd_8\">8</a>\n            </dt>\n            <dd>\n               <p>Angesichts der nicht unerheblichen Strafe in H\u00f6he von sechs Jahren kann der Senat nicht ausschlie\u00dfen, dass der Tatrichter bei einem anderen Strafrahmen zu einer niedrigeren Strafe gelangt w\u00e4re. Die Strafe muss deshalb neu zugemessen werden.</p>\n            </dd>\n         </dl>\n         <dl class=\"RspDL\">\n            <dt/>\n            <dd>\n               <p/>\n            </dd>\n         </dl>\n         <dl class=\"RspDL\">\n            <dt/>\n            <dd>\n               <table border=\"0\" cellpadding=\"0\" cellspacing=\"0\" class=\"Rsp\">\n                  <tr>\n                     <td colspan=\"1\" rowspan=\"1\" valign=\"top\">\n                        <p>Rissing-van Saan\u00a0\u00a0\u00a0\u00a0\u00a0</p>\n                     </td>\n                     <td colspan=\"1\" rowspan=\"1\" valign=\"top\">\n                        <p/>\n                     </td>\n                     <td colspan=\"1\" rowspan=\"1\" valign=\"top\">\n                        <p>Appl\u00a0\u00a0\u00a0\u00a0\u00a0</p>\n                     </td>\n                     <td colspan=\"1\" rowspan=\"1\" valign=\"top\">\n                        <p/>\n                     </td>\n                     <td colspan=\"1\" rowspan=\"1\" valign=\"top\">\n                        <p>RiBGH Prof. Dr. Schmitt ist wegen<br/>Urlaubs an der Unterschrift gehindert.</p>\n                     </td>\n                  </tr>\n                  <tr>\n                     <td colspan=\"1\" rowspan=\"1\" valign=\"top\">\n                        <p/>\n                     </td>\n                     <td colspan=\"1\" rowspan=\"1\" valign=\"top\">\n                        <p/>\n                     </td>\n                     <td colspan=\"1\" rowspan=\"1\" valign=\"top\">\n                        <p/>\n                     </td>\n                     <td colspan=\"1\" rowspan=\"1\" valign=\"top\">\n                        <p/>\n                     </td>\n                     <td colspan=\"1\" rowspan=\"1\" valign=\"top\">\n                        <p style=\"text-align:center\">Rissing-van Saan</p>\n                     </td>\n                  </tr>\n                  <tr>\n                     <td colspan=\"1\" rowspan=\"1\" valign=\"top\">\n                        <p/>\n                     </td>\n                     <td colspan=\"1\" rowspan=\"1\" valign=\"top\">\n                        <p>Eschelbach\u00a0\u00a0\u00a0\u00a0\u00a0</p>\n                     </td>\n                     <td colspan=\"1\" rowspan=\"1\" valign=\"top\">\n                        <p/>\n                     </td>\n                     <td colspan=\"1\" rowspan=\"1\" valign=\"top\">\n                        <p>Ott\u00a0\u00a0\u00a0\u00a0\u00a0</p>\n                     </td>\n                     <td colspan=\"1\" rowspan=\"1\" valign=\"top\">\n                        <p/>\n                     </td>\n                  </tr>\n               </table>\n            </dd>\n         </dl>\n         <dl class=\"RspDL\">\n            <dt/>\n            <dd>\n               <p/>\n            </dd>\n         </dl>\n      </div>\n   ", "accessRights": "public", "gerort": "", "entschDatum": "20100908", "coverage": "Deutschland", "titel": "\n      <dl class=\"RspDL\">\n         <dt/>\n         <dd>\n            <p>Versuchtes T\u00f6tungsdelikt: Mordmerkmal der Heimt\u00fccke; notwendige Pr\u00fcfung eines minder schweren Fall des Totschlags</p>\n         </dd>\n      </dl>\n   ", "ecli": "", "identifier": "http://www.rechtsprechung-im-internet.de/jportal/?quelle=jlink&docid=JURE100072238&psml=bsjrsprod.psml&max=true", "spruchkoerper": "2. Strafsenat", "vorinstanz": "vorgehend LG Bad Kreuznach, 18. Dezember 2009, Az: 1025 Js 3016/08 Ks, Urteil\n   ", "doknr": "JURE100072238", "abweichendeMeinung": "", "tenor": "\n      <div>\n         <dl class=\"RspDL\">\n            <dt/>\n            <dd>\n               <p>1. Auf die Revisionen des Angeklagten und des Nebenkl\u00e4gers wird das Urteil des Landgerichts Bad Kreuznach vom 18. Dezember 2009 im Schuldspruch dahin ge\u00e4ndert, dass der Angeklagte des versuchten Totschlages in Tateinheit mit gef\u00e4hrlicher K\u00f6rperverletzung schuldig ist.</p>\n            </dd>\n         </dl>\n         <dl class=\"RspDL\">\n            <dt/>\n            <dd>\n               <p/>\n            </dd>\n         </dl>\n         <dl class=\"RspDL\">\n            <dt/>\n            <dd>\n               <p>2. Auf die Revision des Angeklagten wird das genannte Urteil im Strafausspruch mit den dazugeh\u00f6rigen Feststellungen aufgehoben. Insoweit wird die Sache zu neuer Verhandlung und Entscheidung, auch \u00fcber die Kosten des Rechtsmittels des Angeklagten, an eine andere Schwurgerichtskammer des Landgerichts zur\u00fcckverwiesen.</p>\n            </dd>\n         </dl>\n         <dl class=\"RspDL\">\n            <dt/>\n            <dd>\n               <p/>\n            </dd>\n         </dl>\n         <dl class=\"RspDL\">\n            <dt/>\n            <dd>\n               <p>3. Die weitergehenden Revisionen des Angeklagten und des Nebenkl\u00e4gers werden verworfen.</p>\n            </dd>\n         </dl>\n         <dl class=\"RspDL\">\n            <dt/>\n            <dd>\n               <p/>\n            </dd>\n         </dl>\n         <dl class=\"RspDL\">\n            <dt/>\n            <dd>\n               <p>4. Der Nebenkl\u00e4ger hat die Kosten seines Rechtsmittels sowie die dem Angeklagten hierdurch entstandenen notwendigen Auslagen zu tragen.</p>\n            </dd>\n         </dl>\n         <dl class=\"RspDL\">\n            <dt/>\n            <dd>\n               <p/>\n            </dd>\n         </dl>\n      </div>\n   ", "regionAbk": "DEU"}