{"publisher": "BMJV", "tatbestand": "", "absaetze": [{"num": "1", "textProcessed": ["landgericht", "angeklagt", "jeweil", "versucht", "schwer", "raub", "gemass", "abs", "abs", "nr", "buch", "abs", "abs", "stgb", "schuldig", "gesproch", "angeklagt", "freiheitsstraf", "zwei", "jahr", "neun", "monat", "verurteilt", "angeklagt", "freiheitsstraf", "zwei", "jahr", "verhangt", "vollstreck", "bewahr", "ausgesetzt", "ungun", "angeklagt", "eingelegt", "revision", "staatsanwaltschaft", "rugt", "verletz", "sachlich", "recht", "beschwerdefuhrerin", "beanstandet", "insbesond", "dass", "landgericht", "tat", "vollendet", "besond", "schwer", "raub", "gemass", "abs", "abs", "nr", "stgb", "gewurdigt", "generalbundesanwalt", "vertret", "rechtsmittel", "erfolg", "angeklagt", "wend", "jeweil", "rug", "verletz", "sachlich", "recht", "urteil", "landgericht", "rechtsmittel", "angeklagt", "verteid", "revisionshauptverhandl", "wirksam", "strafausspruch", "beschrankt", "revision", "angeklagt", "bleib", "erfolg"], "text": "Das Landgericht hat die Angeklagten jeweils des versuchten schweren Raubes gem\u00e4\u00df \u00a7 249 Abs. 1, \u00a7 250 Abs. 1 Nr. 1 Buchst. a, \u00a7 25 Abs. 2, \u00a7\u00a7 22, 23 Abs. 1 StGB schuldig gesprochen. Den Angeklagten M.\u00a0E.\u00a0hat es zur Freiheitsstrafe von zwei Jahren und neun Monaten verurteilt, gegen den Angeklagten A.\u00a0E.\u00a0hat es eine Freiheitsstrafe von zwei Jahren verh\u00e4ngt und deren Vollstreckung zur Bew\u00e4hrung ausgesetzt. Die zu Ungunsten der Angeklagten eingelegte Revision der Staatsanwaltschaft r\u00fcgt die Verletzung sachlichen Rechts. Die Beschwerdef\u00fchrerin beanstandet insbesondere, dass das Landgericht die Tat nicht als vollendeten (besonders) schweren Raub gem\u00e4\u00df \u00a7 249 Abs. 1, \u00a7 250 Abs. 2 Nr. 1 StGB gew\u00fcrdigt hat. Das vom Generalbundesanwalt vertretene Rechtsmittel hat Erfolg. Die Angeklagten wenden sich jeweils mit der R\u00fcge der Verletzung sachlichen Rechts gegen das Urteil des Landgerichts. Das Rechtsmittel des Angeklagten M.\u00a0E.\u00a0hat dessen Verteidiger in der Revisionshauptverhandlung wirksam auf den Strafausspruch beschr\u00e4nkt. Die Revisionen der Angeklagten bleiben ohne Erfolg."}, {"num": "2", "textProcessed": ["landgericht", "festgestellt"], "text": "Das Landgericht hat festgestellt:"}, {"num": "3", "textProcessed": ["angeklagt", "beabsichtigt", "zunach", "tankstell", "einzubrech", "tabakwar", "stehl", "einbruchswerkzeug", "fuhrt", "angeklagt", "meissel", "eingedruckt", "spitz", "angeklagt", "schraubendreh", "spitz", "end", "abgebroch", "wid", "erwart", "kassi", "anwes", "entschloss", "angeklagt", "trotz", "verandert", "umstand", "geplant", "vorhab", "fortzufahr", "kassi", "sah", "dass", "angeklagt", "ubergezog", "sturmmask", "eingangstur", "tankstell", "nahert", "lost", "polizei", "still", "alarm", "angeklagt", "sturmt", "verkaufsraum", "erklart", "zeug", "ruhig", "verhalt", "passi", "geheiss", "angeklagt", "opf", "nebenraum", "begeb", "beleucht", "verkaufsraum", "losch", "dorthin", "hielt", "angeklagt", "kassi", "hand", "link", "arm", "fest", "druckt", "hand", "abgebroch", "schraubendreh", "ruck", "zeug", "sah", "werkzeug", "augenwinkeln", "verspurt", "leicht", "druck", "angeklagt", "mitgefuhrt", "meissel", "nahm", "hingeg", "zunach", "wahr", "nachd", "zeug", "licht", "geloscht", "verkaufsraum", "zuruckgekehrt", "wies", "angeklagt", "stuhl", "setz", "bod", "schau", "verlangt", "zunach", "herausgab", "tresorschlussel", "fordert", "zeug", "sodann", "nachd", "erklart", "schlussel", "besitz", "kass", "offn", "tat", "angeklagt", "nahm", "geld", "kass", "steckt", "schein", "hosentasch", "angeklagt", "munzroll", "wert", "ubergab", "ebenfall", "einsteckt", "sodann", "fullt", "angeklagt", "nachd", "schraubendreh", "meissel", "weggelegt", "beid", "hand", "arbeit", "zigarettenstang", "genannt", "gelb", "sack", "tatopf", "verlangt", "erhalt", "bereit", "zwei", "sack", "gefullt", "sowi", "abtransport", "bereit", "gestellt", "dabei", "dritt", "sack", "befull", "mehr", "polizeibeamt", "eintraf", "verkaufsraum", "sturmt", "angeklagt", "festnahm"], "text": "Die Angeklagten beabsichtigten zun\u00e4chst in eine Tankstelle einzubrechen, um Tabakwaren zu stehlen. Als Einbruchswerkzeuge f\u00fchrte der Angeklagte M.\u00a0E.\u00a0einen Mei\u00dfel mit eingedr\u00fcckter Spitze, der Angeklagte A.\u00a0E.\u00a0einen Schraubendreher mit sich, dessen spitzes Ende abgebrochen war. Da wider Erwarten der Kassierer noch anwesend war, entschlossen sich die Angeklagten, trotz der ver\u00e4nderten Umst\u00e4nde \"mit ihrem geplanten Vorhaben fortzufahren\". Als der Kassierer sah, dass sich die Angeklagten mit \u00fcbergezogenen Sturmmasken der Eingangst\u00fcr der Tankstelle n\u00e4herten, l\u00f6ste er bei der Polizei einen - stillen - Alarm aus. Die Angeklagten st\u00fcrmten in den Verkaufsraum und erkl\u00e4rten dem Zeugen, \"er solle sich ruhig verhalten, dann werde auch nichts passieren\". Auf Gehei\u00df eines der Angeklagten musste sich das Opfer in einen Nebenraum begeben, um dort die Beleuchtung im Verkaufsraum zu l\u00f6schen. Auf dem Weg dorthin hielt der Angeklagte A.\u00a0E.\u00a0den Kassierer mit einer Hand an dessen linken Arm fest und dr\u00fcckte mit seiner anderen Hand den abgebrochenen Schraubendreher gegen den R\u00fccken des Zeugen. Dieser sah das Werkzeug aus den Augenwinkeln und versp\u00fcrte einen leichten Druck. Den vom Angeklagten M.\u00a0E.\u00a0mitgef\u00fchrten Mei\u00dfel nahm er hingegen zun\u00e4chst nicht wahr. Nachdem der Zeuge das Licht gel\u00f6scht hatte und sie in den Verkaufsraum zur\u00fcckgekehrt waren, wiesen die Angeklagten ihn an, sich auf einen Stuhl zu setzen und auf den Boden zu schauen. Sie verlangten zun\u00e4chst die Herausgabe des Tresorschl\u00fcssels und forderten den Zeugen sodann auf - nachdem dieser erkl\u00e4rt hatte, einen solchen Schl\u00fcssel nicht zu besitzen - die Kasse zu \u00f6ffnen, was dieser auch tat. Der Angeklagte M.\u00a0E.\u00a0nahm Geld aus der Kasse und steckte selbst 800 \u20ac in Scheinen in seine Hosentasche, w\u00e4hrend er dem Angeklagten A.\u00a0E.\u00a0eine M\u00fcnzrolle im Wert von 50 \u20ac \u00fcbergab, die dieser ebenfalls einsteckte. Sodann f\u00fcllten die Angeklagten - nachdem sie Schraubendreher und Mei\u00dfel weggelegt hatten, um mit beiden H\u00e4nden arbeiten zu k\u00f6nnen - Zigarettenstangen in so genannte gelbe S\u00e4cke, die sie von dem Tatopfer verlangt und erhalten hatten. Sie hatten bereits zwei S\u00e4cke gef\u00fcllt sowie zum Abtransport bereit gestellt und waren dabei einen dritten Sack zu bef\u00fcllen, als mehrere Polizeibeamte eintrafen, den Verkaufsraum st\u00fcrmten und die Angeklagten festnahmen."}, {"num": "4", "textProcessed": ["revision", "staatsanwaltschaft"], "text": "I. Revision der Staatsanwaltschaft\n"}, {"num": "5", "textProcessed": ["annahm", "landgericht", "angeklagt", "hatt", "objektiv", "hinsicht", "qualifikationstatbestand", "abs", "nr", "buch", "stgb", "hingeg", "abs", "nr", "stgb", "verwirklicht", "sowi", "wertung", "tat", "sei", "angeklagt", "vollendet", "ledig", "versucht", "word", "halt", "rechtlich", "prufung", "stand"], "text": "Die Annahme des Landgerichts, die Angeklagten h\u00e4tten in objektiver Hinsicht den Qualifikationstatbestand des \u00a7 250 Abs. 1 Nr. 1 Buchst. a StGB, nicht hingegen den des \u00a7 250 Abs. 2 Nr. 1 StGB verwirklicht, sowie die Wertung, die Tat sei von den Angeklagten nicht vollendet, sondern lediglich versucht worden, h\u00e4lt der rechtlichen Pr\u00fcfung nicht stand."}, {"num": "6", "textProcessed": ["zutreff", "geht", "landgericht", "allerding", "davon", "dass", "angeklagt", "gefuhrt", "schraubendreh", "gefahr", "werkzeug", "sinn", "beid", "qualifikationsvariant", "handelt", "schraubendreh", "gegenstand", "objektiv", "beschaff", "geeignet", "opf", "erheb", "korperverletz", "zuzufug", "etwa", "einsatz", "stichwerkzeug"], "text": "1. Zutreffend geht das Landgericht allerdings davon aus, dass es sich bei dem von dem Angeklagten A.\u00a0E.\u00a0gef\u00fchrten Schraubendreher um ein gef\u00e4hrliches Werkzeug im Sinne beider Qualifikationsvarianten handelte; denn dieser Schraubendreher war ein Gegenstand, der nach seiner objektiven Beschaffenheit geeignet war, einem Opfer erhebliche K\u00f6rperverletzungen zuzuf\u00fcgen, etwa bei einem Einsatz als Stichwerkzeug."}, {"num": "7", "textProcessed": ["gefahr", "werkzeug", "angeklagt", "sinn", "abs", "nr", "buch", "stgb", "gefuhrt", "gemass", "abs", "nr", "stgb", "verwendet", "landgericht", "rechtlich", "unzutreff", "begriff", "verwend", "ausgegang"], "text": "2. Dieses gef\u00e4hrliche Werkzeug hat der Angeklagte A.\u00a0E.\u00a0nicht (nur) im Sinne des \u00a7 250 Abs. 1 Nr. 1 Buchst. a StGB bei sich gef\u00fchrt, sondern gem\u00e4\u00df \u00a7 250 Abs. 2 Nr. 1 StGB auch verwendet. Das Landgericht ist von einem rechtlich unzutreffenden Begriff des Verwendens ausgegangen."}, {"num": "8", "textProcessed": ["tatbestandsmerkmal", "verwend", "umfasst", "zweckgerichtet", "gebrauch", "objektiv", "gefahr", "tatmittel", "konzeption", "raubdelikt", "bezieht", "verwend", "einsatz", "notigungsmittel", "grundtatbestand", "dass", "imm", "bejah", "tat", "wegnahm", "fremd", "beweg", "sach", "waff", "gefahr", "werkzeug", "gerad", "mittel", "entwed", "gewalt", "person", "drohung", "gegenwart", "gefahr", "leib", "leb", "gebraucht", "bghst", "bgh", "nstz", "sand", "munchkomm", "stgb", "rdn", "dabei", "setzt", "vollendet", "verwend", "drohung", "voraus", "dass", "opf", "notigungsmittel", "erkennt", "androh", "einsatz", "wahrnimmt", "drohung", "inaussichtstell", "kunftig", "ubel", "drohend", "einfluss", "vorgibt", "bghst", "verwirklich", "inhalt", "ausser", "fall", "bedingungseintritt", "ausser", "drohung", "ausdruck", "konkludent", "erfolg", "fisch", "stgb", "aufl", "rdn", "verwend", "bloss", "mitsichfuhr", "grundsatz", "off", "erfolgt", "bgh", "nstz", "rr", "fisch", "aao", "rdn"], "text": "a) Das Tatbestandsmerkmal des Verwendens umfasst jeden zweckgerichteten Gebrauch eines objektiv gef\u00e4hrlichen Tatmittels. Nach der Konzeption der Raubdelikte bezieht sich das Verwenden auf den Einsatz des N\u00f6tigungsmittels im Grundtatbestand, so dass es immer dann zu bejahen ist, wenn der T\u00e4ter zur Wegnahme einer fremden beweglichen Sache eine Waffe oder ein gef\u00e4hrliches Werkzeug gerade als Mittel entweder der Gewalt gegen eine Person oder der Drohung mit gegenw\u00e4rtiger Gefahr f\u00fcr Leib oder Leben gebraucht (BGHSt 45, 92, 94 f. m. w. N.; BGH NStZ 2008, 687; Sander in M\u00fcnchKomm-StGB \u00a7 250 Rdn. 58). Dabei setzt (vollendetes) Verwenden zur Drohung voraus, dass das Opfer das N\u00f6tigungsmittel als solches erkennt und die Androhung seines Einsatzes wahrnimmt. Drohung ist das Inaussichtstellen eines k\u00fcnftigen \u00dcbels, auf das der Drohende Einfluss hat oder zu haben vorgibt (BGHSt 16, 386) und dessen Verwirklichung er nach dem Inhalt seiner \u00c4u\u00dferung f\u00fcr den Fall des Bedingungseintritts will. Die \u00c4u\u00dferung der Drohung kann ausdr\u00fccklich oder konkludent erfolgen (Fischer, StGB 57. Aufl. \u00a7 240 Rdn. 31 m. w. N.). Kein Verwenden ist das blo\u00dfe Mitsichf\u00fchren und zwar grunds\u00e4tzlich auch dann nicht, wenn es offen erfolgt (BGH NStZ-RR 2004, 169; Fischer aaO \u00a7 250 Rdn. 18)."}, {"num": "9", "textProcessed": ["danach", "angeklagt", "kassi", "schraubendreh", "geseh", "ruck", "druckt", "entgeg", "auffass", "landgericht", "tatbestand", "abs", "nr", "stgb", "objektiv", "verwirklicht", "droht", "handlung", "zusammenwirk", "vorangegang", "ausser", "zeug", "ruhig", "verhalt", "gescheh", "konkludent", "widerstand", "nichtbefolg", "forder", "gefahr", "werkzeug", "stichwerkzeug", "einzusetz", "entgeg", "auffass", "landgericht", "setzt", "begriff", "verwend", "voraus", "dass", "art", "einsatz", "objektiv", "gefahr", "tatmittel", "konkret", "gefahr", "erheb", "verletz", "ergibt", "vielmehr", "genugt", "benutz", "tatmittel", "anwend", "gewalt", "drohmittel", "bghst"], "text": "b) Danach hat der Angeklagte A.\u00a0E., indem er dem Kassierer den Schraubendreher - den dieser gesehen hatte - in den R\u00fccken dr\u00fcckte, entgegen der Auffassung des Landgerichts den Tatbestand des \u00a7 250 Abs. 2 Nr. 1 StGB objektiv verwirklicht. Er drohte durch diese Handlung - im Zusammenwirken mit der vorangegangen \u00c4u\u00dferung, wenn sich der Zeuge ruhig verhalte, werde (ihm) nichts geschehen - konkludent damit, bei Widerstand und Nichtbefolgung seiner Forderungen dieses gef\u00e4hrliche Werkzeug als Stichwerkzeug gegen ihn einzusetzen. Entgegen der Auffassung des Landgerichts setzt der Begriff des Verwendens nicht voraus, dass sich aus der Art des Einsatzes des objektiv gef\u00e4hrlichen Tatmittels eine konkrete Gefahr erheblicher Verletzungen ergibt. Vielmehr gen\u00fcgt jedes Benutzen solcher Tatmittel bei der Anwendung von Gewalt oder - wie hier - als Drohmittel (BGHSt 45, 92, 94 f.)."}, {"num": "10", "textProcessed": ["auffass", "landgericht", "angeklagt", "hatt", "hinsicht", "kass", "entnomm", "banknot", "munzroll", "wert", "angeklagt", "schon", "hosentasch", "gesteckt", "bevor", "polizei", "eintraf", "festnahm", "hinreich", "neu", "gewahrsam", "begrundet", "somit", "tat", "versucht", "begegnet", "ebenfall", "durchgreif", "rechtlich", "bedenk"], "text": "3. Die Auffassung des Landgerichts, die Angeklagten h\u00e4tten hinsichtlich der aus der Kasse entnommenen 800 \u20ac in Banknoten und der M\u00fcnzrolle im Wert von 50 \u20ac, die sich die Angeklagten schon in ihre Hosentaschen gesteckt hatten, bevor die Polizei eintraf und sie festnahm, \"noch keinen hinreichenden neuen Gewahrsam begr\u00fcndet\" und somit die Tat nur versucht, begegnet ebenfalls durchgreifenden rechtlichen Bedenken."}, {"num": "11", "textProcessed": ["vollendet", "wegnahm", "setzt", "voraus", "dass", "fremd", "gewahrsam", "gebroch", "neu", "gewahrsam", "begrundet", "letzt", "beurteilt", "danach", "tat", "herrschaft", "sach", "derart", "erlangt", "dass", "behinder", "fruh", "gewahrsamsinhab", "ausub", "frag", "sachherrschaft", "kommt", "entscheid", "anschau", "taglich", "leb", "dabei", "macht", "sowohl", "sachherrschaft", "bisher", "gewahrsamsinhab", "tat", "entscheid", "unterschied", "diebesgut", "umfangreich", "nament", "schwer", "sach", "handelt", "abtransport", "besond", "schwierig", "verbund", "klein", "leicht", "transportabl", "gegenstand", "geht", "unauffall", "leicht", "beweg", "sach", "etwa", "geldschein", "sowi", "geld", "schmuckstuck", "lasst", "verkehrsauffass", "vollendet", "wegnahm", "schon", "ergreif", "festhalt", "sach", "genug", "steckt", "tat", "gegenstand", "zueignungsabsicht", "kleidung", "schliesst", "allein", "tatsach", "vorgang", "sachherrschaft", "bestohl", "begrundet", "eig", "ausschliess", "gewahrsam", "verkehrsauffass", "weist", "dah", "regelfall", "person", "stand", "tasch", "kleidung", "tragt", "ausschliess", "sachherrschaft", "vgl", "bghst"], "text": "a) Die vollendete Wegnahme setzt voraus, dass fremder Gewahrsam gebrochen und neuer Gewahrsam begr\u00fcndet ist. Letzteres beurteilt sich danach, ob der T\u00e4ter die Herrschaft \u00fcber die Sache derart erlangt hat, dass er sie ohne Behinderung durch den fr\u00fcheren Gewahrsamsinhaber aus\u00fcben kann. F\u00fcr die Frage der Sachherrschaft kommt es entscheidend auf die Anschauungen des t\u00e4glichen Lebens an. Dabei macht es sowohl f\u00fcr die Sachherrschaft des bisherigen Gewahrsamsinhabers wie f\u00fcr die des T\u00e4ters einen entscheidenden Unterschied, ob es sich bei dem Diebesgut um umfangreiche, namentlich schwere Sachen handelt, deren Abtransport mit besonderen Schwierigkeiten verbunden ist, oder ob es nur um kleine, leicht transportable Gegenst\u00e4nde geht. Bei unauff\u00e4lligen, leicht beweglichen Sachen, wie etwa bei Geldscheinen sowie Geld- und Schmuckst\u00fccken, l\u00e4sst die Verkehrsauffassung f\u00fcr die vollendete Wegnahme schon ein Ergreifen und Festhalten der Sache gen\u00fcgen. Steckt der T\u00e4ter einen Gegenstand in Zueignungsabsicht in seine Kleidung, so schlie\u00dft er allein durch diesen tats\u00e4chlichen Vorgang die Sachherrschaft des Bestohlenen aus und begr\u00fcndet eigenen ausschlie\u00dflichen Gewahrsam.Die Verkehrsauffassung weist daher im Regelfall einer Person, die einen Gegen-stand in der Tasche ihrer Kleidung tr\u00e4gt, die ausschlie\u00dfliche Sachherrschaft zu (vgl. BGHSt 16, 271, 273 f.; 23, 254, 255 m. w. N.)."}, {"num": "12", "textProcessed": ["annahm", "gewahrsamswechsel", "steht", "fall", "entgeg", "dass", "erbeutet", "gegenstand", "etwa", "festnahm", "tat", "tatort", "gewahrsamsbereich", "berechtigt", "befindet", "tatvollend", "setzt", "gesichert", "gewahrsam", "voraus", "alsbald", "entdeck", "tat", "festnahm", "gibt", "moglich", "sach", "abzunehm", "etwaig", "beobacht", "tatvorgang", "andert", "vollzieh", "gewahrsamswechsel", "diebstahl", "heimlich", "tat", "beobacht", "bestohl", "ledig", "moglich", "gibt", "bereit", "entzog", "gewahrsam", "wiederzuerlang", "demgemass", "nimmt", "bundesgerichtshof", "standig", "rechtsprech", "regelmass", "vollend", "wegnahm", "tat", "innerhalb", "fremd", "raum", "leicht", "beweg", "gegenstand", "kleidung", "steckt", "vgl", "bghst", "schmitz", "munchkomm", "stgb", "rdn"], "text": "Der Annahme eines Gewahrsamswechsels steht in diesen F\u00e4llen nicht entgegen, dass sich der erbeutete Gegenstand, wie etwa bei Festnahme des T\u00e4ters am Tatort, noch im Gewahrsamsbereich des Berechtigten befindet. Die Tatvollendung setzt keinen gesicherten Gewahrsam voraus. Die alsbaldige Entdeckung des T\u00e4ters und seine Festnahme gibt nur die M\u00f6glichkeit, ihm die Sache wieder abzunehmen. Auch eine etwaige Beobachtung dieses Tatvorgangs \u00e4ndert an der Vollziehung des Gewahrsamswechsels nichts, da der Diebstahl keine heimliche Tat ist und die Beobachtung dem Bestohlenen lediglich die M\u00f6glichkeit gibt, den ihm bereits entzogenen Gewahrsam wiederzuerlangen. Demgem\u00e4\u00df nimmt der Bundesgerichtshof in st\u00e4ndiger Rechtsprechung regelm\u00e4\u00dfig Vollendung der Wegnahme an, wenn der T\u00e4ter innerhalb fremder R\u00e4ume leicht bewegliche Gegenst\u00e4nde in seine Kleidung steckt (vgl. BGHSt 26, 24, 25 f.; Schmitz in M\u00fcnchKomm-StGB \u00a7 242 Rdn. 52, 61, 72)."}, {"num": "13", "textProcessed": ["massstab", "wegnahm", "einsteck", "geld", "kleidung", "vollendet", "besond", "umstand", "beurteil", "rechtfert", "konnt", "lieg", "ergibt", "strafkamm", "begrund", "rechtlich", "wurdig", "herangezog", "entscheid", "bundesgerichtshof", "stv", "fallgestalt", "gegenstand", "dahinsteh", "deshalb", "wegnahm", "sack", "gepackt", "zigarettenstang", "bereit", "vollendet", "zumal", "bisher", "feststell", "off", "lass", "gross", "schwer", "ganz", "bzw", "teilweis", "befullt", "behaltnis", "vgl", "russ", "lk", "aufl", "rdn"], "text": "b) Nach diesen Ma\u00dfst\u00e4ben war hier die Wegnahme mit dem Einstecken des Geldes in die Kleidung vollendet. Besondere Umst\u00e4nde, die eine andere Beurteilung rechtfertigen k\u00f6nnten, liegen nicht vor. Etwas anderes ergibt sich auch nicht aus der von der Strafkammer zur Begr\u00fcndung ihrer rechtlichen W\u00fcrdigung herangezogenen Entscheidung des Bundesgerichtshofs in StV 1985, 323, die eine andere Fallgestaltung zum Gegenstand hat. Dahinstehen kann deshalb, ob auch die Wegnahme der in die S\u00e4cke gepackten Zigarettenstangen bereits vollendet war, zumal die bisherigen Feststellungen offen lassen, wie gro\u00df und schwer diese ganz bzw. teilweise bef\u00fcllten Beh\u00e4ltnisse waren (vgl. Ru\u00df in LK 11. Aufl. \u00a7 242 Rdn. 42 m. w. N.)."}, {"num": "14", "textProcessed": ["sach", "bedarf", "insgesamt", "neu", "verhandl", "entscheid", "bisher", "feststell", "beleg", "verwirklich", "subjektiv", "tatbestand", "besond", "schwer", "raub", "gemass", "abs", "abs", "nr", "alt", "stgb", "angeklagt", "nament", "angeklagt", "hinreich", "dah", "senat", "gehindert", "schuldspruch", "abzuand"], "text": "4. Die Sache bedarf insgesamt der neuen Verhandlung und Entscheidung. Die bisherigen Feststellungen belegen die Verwirklichung des subjektiven Tatbestandes eines besonders schweren Raubes gem\u00e4\u00df \u00a7 249 Abs. 1, \u00a7 250 Abs. 2 Nr. 1 2. Alt. StGB durch die Angeklagten - namentlich durch den Angeklagten M.\u00a0E.\u00a0- nicht hinreichend. Daher ist der Senat gehindert, den Schuldspruch selbst abzu\u00e4ndern."}, {"num": "15", "textProcessed": ["senat", "weist", "neu", "tatricht", "darauf", "dass", "abs", "satz", "stpo", "gefordert", "rechtlich", "bezeichn", "straftat", "kennzeichn", "jeweil", "gegeb", "qualifikation", "notwend", "macht", "dah", "fall", "verurteil", "abs", "nr", "stgb", "besond", "schwer", "raub", "erkenn", "vgl", "bgh", "beschl", "juli", "str", "rdn", "insoweit", "nstz", "rr", "abgedruckt", "bghr", "stpo", "abs", "satz", "urteilsformel", "schoreit", "kk", "aufl", "rdn"], "text": "Der Senat weist den neuen Tatrichter darauf hin, dass die von \u00a7 260 Abs. 4 Satz 1 StPO geforderte rechtliche Bezeichnung der Straftat die Kennzeichnung der jeweils gegebenen Qualifikation notwendig macht. Daher wird im Falle der Verurteilung nach \u00a7 250 Abs. 2 Nr. 1 StGB auf \"besonders schweren Raub\" zu erkennen sein (vgl. BGH, Beschl. vom 8. Juli 2008 - 3 StR 229/08 - Rdn. 5, insoweit in NStZ-RR 2008, 342 nicht abgedruckt; BGHR StPO \u00a7 260 Abs. 4 Satz 1 Urteilsformel 4; Schoreit in KK 6. Aufl. \u00a7 260 Rdn. 30)."}, {"num": "16", "textProcessed": ["revision", "staatsanwaltschaft", "fuhrt", "abander", "aufheb", "angefocht", "urteil", "gunst", "angeklagt", "stpo", "vgl", "unt", "ii"], "text": "5. Die Revision der Staatsanwaltschaft f\u00fchrt nicht zur Ab\u00e4nderung oder Aufhebung des angefochtenen Urteils zu Gunsten der Angeklagten (\u00a7 301 StPO; vgl. unten II.)."}, {"num": "17", "textProcessed": ["ii", "revision", "angeklagt"], "text": "II. Revisionen der Angeklagten\n"}, {"num": "18", "textProcessed": ["revision", "angeklagt", "unbegrundet", "zeig", "wed", "schuldspruch", "strafausspruch", "durchgreif", "rechtsfehl", "nachteil", "angeklagt"], "text": "Die Revisionen der Angeklagten sind unbegr\u00fcndet; sie zeigen weder zum Schuldspruch noch zum Strafausspruch einen durchgreifenden Rechtsfehler zum Nachteil der Angeklagten auf."}, {"num": "19", "textProcessed": ["landgericht", "rahm", "strafzumess", "last", "beid", "angeklagt", "berucksichtigt", "dass", "gefahr", "werkzeug", "fuhrt", "erwag", "lasst", "blick", "landgericht", "angenomm", "schwer", "raub", "gemass", "abs", "nr", "buch", "stgb", "verstoss", "abs", "stgb", "besorg", "frei", "rechtlich", "bedenk", "fern", "dass", "strafkamm", "angeklagt", "strafzumess", "strafrahm", "mind", "schwer", "fall", "gemass", "abs", "stgb", "freiheitsstraf", "zehn", "jahr", "zugrund", "gelegt", "erort", "statt", "anwend", "versuchsgrundsatz", "abs", "abs", "nr", "stgb", "gemildert", "strafrahm", "raubqualifikation", "abs", "nr", "buch", "stgb", "betracht", "kommt", "hochstmass", "mindestmass", "angeklagt", "gunstig", "mind", "schwer", "fall", "dah", "hinblick", "unt", "strafrahmenbereich", "angesiedelt", "straf", "erorter", "milderungsmog", "gebot", "vgl", "bgh", "nstz", "rr", "senat", "angesicht", "beid", "aussergewohn", "mild", "straf", "ind", "ausschliess", "dass", "landgericht", "aufgezeigt", "rechtsfehl", "gering", "straf", "festgesetzt", "hatt"], "text": "Das Landgericht hat zwar im Rahmen der Strafzumessung zu Lasten beider Angeklagten ber\u00fccksichtigt, dass sie \"ein gef\u00e4hrliches Werkzeug mit sich\" f\u00fchrten; diese Erw\u00e4gung l\u00e4sst mit Blick auf den vom Landgericht angenommenen schweren Raub gem\u00e4\u00df \u00a7 250 Abs. 1 Nr. 1 Buchst. a StGB einen Versto\u00df gegen \u00a7 46 Abs. 3 StGB besorgen. Nicht frei von rechtlichen Bedenken ist ferner, dass die Strafkammer bei dem Angeklagten M.\u00a0E.\u00a0ihrer Strafzumessung den Strafrahmen des minder schweren Falles gem\u00e4\u00df \u00a7 250 Abs. 3 StGB (Freiheitsstrafe von einem bis zu zehn Jahren) zugrunde gelegt hat, ohne zu er\u00f6rtern, ob statt dessen die Anwendung des nach Versuchsgrunds\u00e4tzen (\u00a7\u00a7 22, 23 Abs. 2, \u00a7 49 Abs. 1 Nr. 2 und 3 StGB) gemilderten Strafrahmens der Raubqualifikation nach \u00a7 250 Abs. 1 Nr. 1 Buchst. a StGB in Betracht kommt, der zwar nicht im H\u00f6chstma\u00df, aber im Mindestma\u00df f\u00fcr die Angeklagten g\u00fcnstiger ist, als der des minder schweren Falles. Daher w\u00e4re im Hinblick auf die im unteren Strafrahmenbereich angesiedelte Strafe eine Er\u00f6rterung dieser Milderungsm\u00f6glichkeit geboten gewesen (vgl. BGH NStZ-RR 2000, 43). Der Senat kann angesichts der beiden au\u00dfergew\u00f6hnlich milden Strafen hier indes ausschlie\u00dfen, dass das Landgericht ohne die aufgezeigten Rechtsfehler (noch) geringere Strafen festgesetzt h\u00e4tte."}, {"num": "20", "textProcessed": ["revision", "angeklagt", "dringt", "beanstand", "landgericht", "moglich", "weit", "milder", "sonderstrafrahm", "abs", "stgb", "abs", "abs", "nr", "stgb", "uberseh", "urteilsgrund", "ergibt", "dass", "landgericht", "mind", "schwer", "fall", "voraussetz", "angenomm", "dass", "gesetz", "fakultativ", "milderungsgrund", "abs", "stgb", "rahm", "gebot", "gesamtwurd", "neb", "allgemein", "strafmildernd", "umstand", "gunst", "angeklagt", "zusatz", "berucksicht", "findet", "ua", "danach", "stgb", "ergeb", "verbot", "doppelverwert", "vertypt", "strafmilderungsgrund", "weit", "milder", "strafrahm", "mind", "schwer", "fall", "versuchsgrundsatz", "raum"], "text": "Die Revision des Angeklagten M.\u00a0E.\u00a0dringt auch mit ihrer Beanstandung nicht durch, das Landgericht habe die M\u00f6glichkeit einer weiteren Milderung des Sonderstrafrahmens des \u00a7 250 Abs. 3 StGB nach \u00a7\u00a7 22, 23 Abs. 1, \u00a7 49 Abs. 1 Nr. 2 und 3 StGB \u00fcbersehen. Denn aus den Urteilsgr\u00fcnden ergibt sich, dass das Landgericht einen minder schweren Fall nur unter der Voraussetzung angenommen hat, dass der gesetzliche (fakultative) Milderungsgrund des \u00a7 23 Abs. 2 StGB im Rahmen der gebotenen Gesamtw\u00fcrdigung neben den allgemeinen strafmildernden Umst\u00e4nden zu Gunsten des Angeklagten zus\u00e4tzlich Ber\u00fccksichtigung findet (UA S. 21). Danach war wegen des sich aus \u00a7 50 StGB ergebenden Verbots der Doppelverwertung vertypter Strafmilderungsgr\u00fcnde f\u00fcr eine weitere Milderung des Strafrahmens des minder schweren Falles nach Versuchsgrunds\u00e4tzen kein Raum."}, {"num": "21", "textProcessed": ["soweit", "angeklagt", "mitangeklagt", "betreff", "strafrahmenwahl", "rugt", "rechtsfehl", "nachteil", "ausgewirkt"], "text": "Soweit der Angeklagte A.\u00a0E.\u00a0die den Mitangeklagten betreffende Strafrahmenwahl r\u00fcgt, k\u00f6nnte sich ein solcher Rechtsfehler nicht zu seinem Nachteil ausgewirkt haben."}], "norm": ["\u00a7 249 StGB", "\u00a7 250 Nr 1 Buchst a StGB", "\u00a7 250 Nr 1 StGB"], "doktyp": "Urteil", "regionLong": "Bundesrepublik Deutschland", "sonstlt": "", "gruendeProcessed": ["landgericht", "angeklagt", "jeweil", "versucht", "schwer", "raub", "gemass", "abs", "abs", "nr", "buch", "abs", "abs", "stgb", "schuldig", "gesproch", "angeklagt", "freiheitsstraf", "zwei", "jahr", "neun", "monat", "verurteilt", "angeklagt", "freiheitsstraf", "zwei", "jahr", "verhangt", "vollstreck", "bewahr", "ausgesetzt", "ungun", "angeklagt", "eingelegt", "revision", "staatsanwaltschaft", "rugt", "verletz", "sachlich", "recht", "beschwerdefuhrerin", "beanstandet", "insbesond", "dass", "landgericht", "tat", "vollendet", "besond", "schwer", "raub", "gemass", "abs", "abs", "nr", "stgb", "gewurdigt", "generalbundesanwalt", "vertret", "rechtsmittel", "erfolg", "angeklagt", "wend", "jeweil", "rug", "verletz", "sachlich", "recht", "urteil", "landgericht", "rechtsmittel", "angeklagt", "verteid", "revisionshauptverhandl", "wirksam", "strafausspruch", "beschrankt", "revision", "angeklagt", "bleib", "erfolg", "landgericht", "festgestellt", "angeklagt", "beabsichtigt", "zunach", "tankstell", "einzubrech", "tabakwar", "stehl", "einbruchswerkzeug", "fuhrt", "angeklagt", "meissel", "eingedruckt", "spitz", "angeklagt", "schraubendreh", "spitz", "end", "abgebroch", "wid", "erwart", "kassi", "anwes", "entschloss", "angeklagt", "trotz", "verandert", "umstand", "geplant", "vorhab", "fortzufahr", "kassi", "sah", "dass", "angeklagt", "ubergezog", "sturmmask", "eingangstur", "tankstell", "nahert", "lost", "polizei", "still", "alarm", "angeklagt", "sturmt", "verkaufsraum", "erklart", "zeug", "ruhig", "verhalt", "passi", "geheiss", "angeklagt", "opf", "nebenraum", "begeb", "beleucht", "verkaufsraum", "losch", "dorthin", "hielt", "angeklagt", "kassi", "hand", "link", "arm", "fest", "druckt", "hand", "abgebroch", "schraubendreh", "ruck", "zeug", "sah", "werkzeug", "augenwinkeln", "verspurt", "leicht", "druck", "angeklagt", "mitgefuhrt", "meissel", "nahm", "hingeg", "zunach", "wahr", "nachd", "zeug", "licht", "geloscht", "verkaufsraum", "zuruckgekehrt", "wies", "angeklagt", "stuhl", "setz", "bod", "schau", "verlangt", "zunach", "herausgab", "tresorschlussel", "fordert", "zeug", "sodann", "nachd", "erklart", "schlussel", "besitz", "kass", "offn", "tat", "angeklagt", "nahm", "geld", "kass", "steckt", "schein", "hosentasch", "angeklagt", "munzroll", "wert", "ubergab", "ebenfall", "einsteckt", "sodann", "fullt", "angeklagt", "nachd", "schraubendreh", "meissel", "weggelegt", "beid", "hand", "arbeit", "zigarettenstang", "genannt", "gelb", "sack", "tatopf", "verlangt", "erhalt", "bereit", "zwei", "sack", "gefullt", "sowi", "abtransport", "bereit", "gestellt", "dabei", "dritt", "sack", "befull", "mehr", "polizeibeamt", "eintraf", "verkaufsraum", "sturmt", "angeklagt", "festnahm", "revision", "staatsanwaltschaft", "annahm", "landgericht", "angeklagt", "hatt", "objektiv", "hinsicht", "qualifikationstatbestand", "abs", "nr", "buch", "stgb", "hingeg", "abs", "nr", "stgb", "verwirklicht", "sowi", "wertung", "tat", "sei", "angeklagt", "vollendet", "ledig", "versucht", "word", "halt", "rechtlich", "prufung", "stand", "zutreff", "geht", "landgericht", "allerding", "davon", "dass", "angeklagt", "gefuhrt", "schraubendreh", "gefahr", "werkzeug", "sinn", "beid", "qualifikationsvariant", "handelt", "schraubendreh", "gegenstand", "objektiv", "beschaff", "geeignet", "opf", "erheb", "korperverletz", "zuzufug", "etwa", "einsatz", "stichwerkzeug", "gefahr", "werkzeug", "angeklagt", "sinn", "abs", "nr", "buch", "stgb", "gefuhrt", "gemass", "abs", "nr", "stgb", "verwendet", "landgericht", "rechtlich", "unzutreff", "begriff", "verwend", "ausgegang", "tatbestandsmerkmal", "verwend", "umfasst", "zweckgerichtet", "gebrauch", "objektiv", "gefahr", "tatmittel", "konzeption", "raubdelikt", "bezieht", "verwend", "einsatz", "notigungsmittel", "grundtatbestand", "dass", "imm", "bejah", "tat", "wegnahm", "fremd", "beweg", "sach", "waff", "gefahr", "werkzeug", "gerad", "mittel", "entwed", "gewalt", "person", "drohung", "gegenwart", "gefahr", "leib", "leb", "gebraucht", "bghst", "bgh", "nstz", "sand", "munchkomm", "stgb", "rdn", "dabei", "setzt", "vollendet", "verwend", "drohung", "voraus", "dass", "opf", "notigungsmittel", "erkennt", "androh", "einsatz", "wahrnimmt", "drohung", "inaussichtstell", "kunftig", "ubel", "drohend", "einfluss", "vorgibt", "bghst", "verwirklich", "inhalt", "ausser", "fall", "bedingungseintritt", "ausser", "drohung", "ausdruck", "konkludent", "erfolg", "fisch", "stgb", "aufl", "rdn", "verwend", "bloss", "mitsichfuhr", "grundsatz", "off", "erfolgt", "bgh", "nstz", "rr", "fisch", "aao", "rdn", "danach", "angeklagt", "kassi", "schraubendreh", "geseh", "ruck", "druckt", "entgeg", "auffass", "landgericht", "tatbestand", "abs", "nr", "stgb", "objektiv", "verwirklicht", "droht", "handlung", "zusammenwirk", "vorangegang", "ausser", "zeug", "ruhig", "verhalt", "gescheh", "konkludent", "widerstand", "nichtbefolg", "forder", "gefahr", "werkzeug", "stichwerkzeug", "einzusetz", "entgeg", "auffass", "landgericht", "setzt", "begriff", "verwend", "voraus", "dass", "art", "einsatz", "objektiv", "gefahr", "tatmittel", "konkret", "gefahr", "erheb", "verletz", "ergibt", "vielmehr", "genugt", "benutz", "tatmittel", "anwend", "gewalt", "drohmittel", "bghst", "auffass", "landgericht", "angeklagt", "hatt", "hinsicht", "kass", "entnomm", "banknot", "munzroll", "wert", "angeklagt", "schon", "hosentasch", "gesteckt", "bevor", "polizei", "eintraf", "festnahm", "hinreich", "neu", "gewahrsam", "begrundet", "somit", "tat", "versucht", "begegnet", "ebenfall", "durchgreif", "rechtlich", "bedenk", "vollendet", "wegnahm", "setzt", "voraus", "dass", "fremd", "gewahrsam", "gebroch", "neu", "gewahrsam", "begrundet", "letzt", "beurteilt", "danach", "tat", "herrschaft", "sach", "derart", "erlangt", "dass", "behinder", "fruh", "gewahrsamsinhab", "ausub", "frag", "sachherrschaft", "kommt", "entscheid", "anschau", "taglich", "leb", "dabei", "macht", "sowohl", "sachherrschaft", "bisher", "gewahrsamsinhab", "tat", "entscheid", "unterschied", "diebesgut", "umfangreich", "nament", "schwer", "sach", "handelt", "abtransport", "besond", "schwierig", "verbund", "klein", "leicht", "transportabl", "gegenstand", "geht", "unauffall", "leicht", "beweg", "sach", "etwa", "geldschein", "sowi", "geld", "schmuckstuck", "lasst", "verkehrsauffass", "vollendet", "wegnahm", "schon", "ergreif", "festhalt", "sach", "genug", "steckt", "tat", "gegenstand", "zueignungsabsicht", "kleidung", "schliesst", "allein", "tatsach", "vorgang", "sachherrschaft", "bestohl", "begrundet", "eig", "ausschliess", "gewahrsam", "verkehrsauffass", "weist", "dah", "regelfall", "person", "stand", "tasch", "kleidung", "tragt", "ausschliess", "sachherrschaft", "vgl", "bghst", "annahm", "gewahrsamswechsel", "steht", "fall", "entgeg", "dass", "erbeutet", "gegenstand", "etwa", "festnahm", "tat", "tatort", "gewahrsamsbereich", "berechtigt", "befindet", "tatvollend", "setzt", "gesichert", "gewahrsam", "voraus", "alsbald", "entdeck", "tat", "festnahm", "gibt", "moglich", "sach", "abzunehm", "etwaig", "beobacht", "tatvorgang", "andert", "vollzieh", "gewahrsamswechsel", "diebstahl", "heimlich", "tat", "beobacht", "bestohl", "ledig", "moglich", "gibt", "bereit", "entzog", "gewahrsam", "wiederzuerlang", "demgemass", "nimmt", "bundesgerichtshof", "standig", "rechtsprech", "regelmass", "vollend", "wegnahm", "tat", "innerhalb", "fremd", "raum", "leicht", "beweg", "gegenstand", "kleidung", "steckt", "vgl", "bghst", "schmitz", "munchkomm", "stgb", "rdn", "massstab", "wegnahm", "einsteck", "geld", "kleidung", "vollendet", "besond", "umstand", "beurteil", "rechtfert", "konnt", "lieg", "ergibt", "strafkamm", "begrund", "rechtlich", "wurdig", "herangezog", "entscheid", "bundesgerichtshof", "stv", "fallgestalt", "gegenstand", "dahinsteh", "deshalb", "wegnahm", "sack", "gepackt", "zigarettenstang", "bereit", "vollendet", "zumal", "bisher", "feststell", "off", "lass", "gross", "schwer", "ganz", "bzw", "teilweis", "befullt", "behaltnis", "vgl", "russ", "lk", "aufl", "rdn", "sach", "bedarf", "insgesamt", "neu", "verhandl", "entscheid", "bisher", "feststell", "beleg", "verwirklich", "subjektiv", "tatbestand", "besond", "schwer", "raub", "gemass", "abs", "abs", "nr", "alt", "stgb", "angeklagt", "nament", "angeklagt", "hinreich", "dah", "senat", "gehindert", "schuldspruch", "abzuand", "senat", "weist", "neu", "tatricht", "darauf", "dass", "abs", "satz", "stpo", "gefordert", "rechtlich", "bezeichn", "straftat", "kennzeichn", "jeweil", "gegeb", "qualifikation", "notwend", "macht", "dah", "fall", "verurteil", "abs", "nr", "stgb", "besond", "schwer", "raub", "erkenn", "vgl", "bgh", "beschl", "juli", "str", "rdn", "insoweit", "nstz", "rr", "abgedruckt", "bghr", "stpo", "abs", "satz", "urteilsformel", "schoreit", "kk", "aufl", "rdn", "revision", "staatsanwaltschaft", "fuhrt", "abander", "aufheb", "angefocht", "urteil", "gunst", "angeklagt", "stpo", "vgl", "unt", "ii", "ii", "revision", "angeklagt", "revision", "angeklagt", "unbegrundet", "zeig", "wed", "schuldspruch", "strafausspruch", "durchgreif", "rechtsfehl", "nachteil", "angeklagt", "landgericht", "rahm", "strafzumess", "last", "beid", "angeklagt", "berucksichtigt", "dass", "gefahr", "werkzeug", "fuhrt", "erwag", "lasst", "blick", "landgericht", "angenomm", "schwer", "raub", "gemass", "abs", "nr", "buch", "stgb", "verstoss", "abs", "stgb", "besorg", "frei", "rechtlich", "bedenk", "fern", "dass", "strafkamm", "angeklagt", "strafzumess", "strafrahm", "mind", "schwer", "fall", "gemass", "abs", "stgb", "freiheitsstraf", "zehn", "jahr", "zugrund", "gelegt", "erort", "statt", "anwend", "versuchsgrundsatz", "abs", "abs", "nr", "stgb", "gemildert", "strafrahm", "raubqualifikation", "abs", "nr", "buch", "stgb", "betracht", "kommt", "hochstmass", "mindestmass", "angeklagt", "gunstig", "mind", "schwer", "fall", "dah", "hinblick", "unt", "strafrahmenbereich", "angesiedelt", "straf", "erorter", "milderungsmog", "gebot", "vgl", "bgh", "nstz", "rr", "senat", "angesicht", "beid", "aussergewohn", "mild", "straf", "ind", "ausschliess", "dass", "landgericht", "aufgezeigt", "rechtsfehl", "gering", "straf", "festgesetzt", "hatt", "revision", "angeklagt", "dringt", "beanstand", "landgericht", "moglich", "weit", "milder", "sonderstrafrahm", "abs", "stgb", "abs", "abs", "nr", "stgb", "uberseh", "urteilsgrund", "ergibt", "dass", "landgericht", "mind", "schwer", "fall", "voraussetz", "angenomm", "dass", "gesetz", "fakultativ", "milderungsgrund", "abs", "stgb", "rahm", "gebot", "gesamtwurd", "neb", "allgemein", "strafmildernd", "umstand", "gunst", "angeklagt", "zusatz", "berucksicht", "findet", "ua", "danach", "stgb", "ergeb", "verbot", "doppelverwert", "vertypt", "strafmilderungsgrund", "weit", "milder", "strafrahm", "mind", "schwer", "fall", "versuchsgrundsatz", "raum", "soweit", "angeklagt", "mitangeklagt", "betreff", "strafrahmenwahl", "rugt", "rechtsfehl", "nachteil", "ausgewirkt", "sost", "scheibl", "pfist", "lien", "hubert", "schaf"], "mitwirkung": "", "aktenzeichen": "3 StR 556/09", "language": "deutsch", "gertyp": "BGH", "leitsatz": "", "gruende": "\n      <div>\n         <dl class=\"RspDL\">\n            <dt>\n               <a name=\"rd_1\">1</a>\n            </dt>\n            <dd>\n               <p>Das Landgericht hat die Angeklagten jeweils des versuchten schweren Raubes gem\u00e4\u00df \u00a7 249 Abs. 1, \u00a7 250 Abs. 1 Nr. 1 Buchst. a, \u00a7 25 Abs. 2, \u00a7\u00a7 22, 23 Abs. 1 StGB schuldig gesprochen. Den Angeklagten M.\u00a0E.\u00a0hat es zur Freiheitsstrafe von zwei Jahren und neun Monaten verurteilt, gegen den Angeklagten A.\u00a0E.\u00a0hat es eine Freiheitsstrafe von zwei Jahren verh\u00e4ngt und deren Vollstreckung zur Bew\u00e4hrung ausgesetzt. Die zu Ungunsten der Angeklagten eingelegte Revision der Staatsanwaltschaft r\u00fcgt die Verletzung sachlichen Rechts. Die Beschwerdef\u00fchrerin beanstandet insbesondere, dass das Landgericht die Tat nicht als vollendeten (besonders) schweren Raub gem\u00e4\u00df \u00a7 249 Abs. 1, \u00a7 250 Abs. 2 Nr. 1 StGB gew\u00fcrdigt hat. Das vom Generalbundesanwalt vertretene Rechtsmittel hat Erfolg. Die Angeklagten wenden sich jeweils mit der R\u00fcge der Verletzung sachlichen Rechts gegen das Urteil des Landgerichts. Das Rechtsmittel des Angeklagten M.\u00a0E.\u00a0hat dessen Verteidiger in der Revisionshauptverhandlung wirksam auf den Strafausspruch beschr\u00e4nkt. Die Revisionen der Angeklagten bleiben ohne Erfolg.</p>\n            </dd>\n         </dl>\n         <dl class=\"RspDL\">\n            <dt/>\n            <dd>\n               <p/>\n            </dd>\n         </dl>\n         <dl class=\"RspDL\">\n            <dt>\n               <a name=\"rd_2\">2</a>\n            </dt>\n            <dd>\n               <p>Das Landgericht hat festgestellt:</p>\n            </dd>\n         </dl>\n         <dl class=\"RspDL\">\n            <dt/>\n            <dd>\n               <p/>\n            </dd>\n         </dl>\n         <dl class=\"RspDL\">\n            <dt>\n               <a name=\"rd_3\">3</a>\n            </dt>\n            <dd>\n               <p>Die Angeklagten beabsichtigten zun\u00e4chst in eine Tankstelle einzubrechen, um Tabakwaren zu stehlen. Als Einbruchswerkzeuge f\u00fchrte der Angeklagte M.\u00a0E.\u00a0einen Mei\u00dfel mit eingedr\u00fcckter Spitze, der Angeklagte A.\u00a0E.\u00a0einen Schraubendreher mit sich, dessen spitzes Ende abgebrochen war. Da wider Erwarten der Kassierer noch anwesend war, entschlossen sich die Angeklagten, trotz der ver\u00e4nderten Umst\u00e4nde \"mit ihrem geplanten Vorhaben fortzufahren\". Als der Kassierer sah, dass sich die Angeklagten mit \u00fcbergezogenen Sturmmasken der Eingangst\u00fcr der Tankstelle n\u00e4herten, l\u00f6ste er bei der Polizei einen - stillen - Alarm aus. Die Angeklagten st\u00fcrmten in den Verkaufsraum und erkl\u00e4rten dem Zeugen, \"er solle sich ruhig verhalten, dann werde auch nichts passieren\". Auf Gehei\u00df eines der Angeklagten musste sich das Opfer in einen Nebenraum begeben, um dort die Beleuchtung im Verkaufsraum zu l\u00f6schen. Auf dem Weg dorthin hielt der Angeklagte A.\u00a0E.\u00a0den Kassierer mit einer Hand an dessen linken Arm fest und dr\u00fcckte mit seiner anderen Hand den abgebrochenen Schraubendreher gegen den R\u00fccken des Zeugen. Dieser sah das Werkzeug aus den Augenwinkeln und versp\u00fcrte einen leichten Druck. Den vom Angeklagten M.\u00a0E.\u00a0mitgef\u00fchrten Mei\u00dfel nahm er hingegen zun\u00e4chst nicht wahr. Nachdem der Zeuge das Licht gel\u00f6scht hatte und sie in den Verkaufsraum zur\u00fcckgekehrt waren, wiesen die Angeklagten ihn an, sich auf einen Stuhl zu setzen und auf den Boden zu schauen. Sie verlangten zun\u00e4chst die Herausgabe des Tresorschl\u00fcssels und forderten den Zeugen sodann auf - nachdem dieser erkl\u00e4rt hatte, einen solchen Schl\u00fcssel nicht zu besitzen - die Kasse zu \u00f6ffnen, was dieser auch tat. Der Angeklagte M.\u00a0E.\u00a0nahm Geld aus der Kasse und steckte selbst 800 \u20ac in Scheinen in seine Hosentasche, w\u00e4hrend er dem Angeklagten A.\u00a0E.\u00a0eine M\u00fcnzrolle im Wert von 50 \u20ac \u00fcbergab, die dieser ebenfalls einsteckte. Sodann f\u00fcllten die Angeklagten - nachdem sie Schraubendreher und Mei\u00dfel weggelegt hatten, um mit beiden H\u00e4nden arbeiten zu k\u00f6nnen - Zigarettenstangen in so genannte gelbe S\u00e4cke, die sie von dem Tatopfer verlangt und erhalten hatten. Sie hatten bereits zwei S\u00e4cke gef\u00fcllt sowie zum Abtransport bereit gestellt und waren dabei einen dritten Sack zu bef\u00fcllen, als mehrere Polizeibeamte eintrafen, den Verkaufsraum st\u00fcrmten und die Angeklagten festnahmen.</p>\n            </dd>\n         </dl>\n         <dl class=\"RspDL\">\n            <dt/>\n            <dd>\n               <p/>\n            </dd>\n         </dl>\n         <dl class=\"RspDL\">\n            <dt>\n               <a name=\"rd_4\">4</a>\n            </dt>\n            <dd>\n               <p>I. <span style=\"text-decoration:underline\">Revision der Staatsanwaltschaft</span>\n               </p>\n            </dd>\n         </dl>\n         <dl class=\"RspDL\">\n            <dt/>\n            <dd>\n               <p/>\n            </dd>\n         </dl>\n         <dl class=\"RspDL\">\n            <dt>\n               <a name=\"rd_5\">5</a>\n            </dt>\n            <dd>\n               <p>Die Annahme des Landgerichts, die Angeklagten h\u00e4tten in objektiver Hinsicht den Qualifikationstatbestand des \u00a7 250 Abs. 1 Nr. 1 Buchst. a StGB, nicht hingegen den des \u00a7 250 Abs. 2 Nr. 1 StGB verwirklicht, sowie die Wertung, die Tat sei von den Angeklagten nicht vollendet, sondern lediglich versucht worden, h\u00e4lt der rechtlichen Pr\u00fcfung nicht stand.</p>\n            </dd>\n         </dl>\n         <dl class=\"RspDL\">\n            <dt/>\n            <dd>\n               <p/>\n            </dd>\n         </dl>\n         <dl class=\"RspDL\">\n            <dt>\n               <a name=\"rd_6\">6</a>\n            </dt>\n            <dd>\n               <p>1. Zutreffend geht das Landgericht allerdings davon aus, dass es sich bei dem von dem Angeklagten A.\u00a0E.\u00a0gef\u00fchrten Schraubendreher um ein gef\u00e4hrliches Werkzeug im Sinne beider Qualifikationsvarianten handelte; denn dieser Schraubendreher war ein Gegenstand, der nach seiner objektiven Beschaffenheit geeignet war, einem Opfer erhebliche K\u00f6rperverletzungen zuzuf\u00fcgen, etwa bei einem Einsatz als Stichwerkzeug.</p>\n            </dd>\n         </dl>\n         <dl class=\"RspDL\">\n            <dt/>\n            <dd>\n               <p/>\n            </dd>\n         </dl>\n         <dl class=\"RspDL\">\n            <dt>\n               <a name=\"rd_7\">7</a>\n            </dt>\n            <dd>\n               <p>2. Dieses gef\u00e4hrliche Werkzeug hat der Angeklagte A.\u00a0E.\u00a0nicht (nur) im Sinne des \u00a7 250 Abs. 1 Nr. 1 Buchst. a StGB bei sich gef\u00fchrt, sondern gem\u00e4\u00df \u00a7 250 Abs. 2 Nr. 1 StGB auch verwendet. Das Landgericht ist von einem rechtlich unzutreffenden Begriff des Verwendens ausgegangen.</p>\n            </dd>\n         </dl>\n         <dl class=\"RspDL\">\n            <dt/>\n            <dd>\n               <p/>\n            </dd>\n         </dl>\n         <dl class=\"RspDL\">\n            <dt>\n               <a name=\"rd_8\">8</a>\n            </dt>\n            <dd>\n               <p>a) Das Tatbestandsmerkmal des Verwendens umfasst jeden zweckgerichteten Gebrauch eines objektiv gef\u00e4hrlichen Tatmittels. Nach der Konzeption der Raubdelikte bezieht sich das Verwenden auf den Einsatz des N\u00f6tigungsmittels im Grundtatbestand, so dass es immer dann zu bejahen ist, wenn der T\u00e4ter zur Wegnahme einer fremden beweglichen Sache eine Waffe oder ein gef\u00e4hrliches Werkzeug gerade als Mittel entweder der Gewalt gegen eine Person oder der Drohung mit gegenw\u00e4rtiger Gefahr f\u00fcr Leib oder Leben gebraucht (BGHSt 45, 92, 94 f. m. w. N.; BGH NStZ 2008, 687; Sander in M\u00fcnchKomm-StGB \u00a7 250 Rdn. 58). Dabei setzt (vollendetes) Verwenden zur Drohung voraus, dass das Opfer das N\u00f6tigungsmittel als solches erkennt und die Androhung seines Einsatzes wahrnimmt. Drohung ist das Inaussichtstellen eines k\u00fcnftigen \u00dcbels, auf das der Drohende Einfluss hat oder zu haben vorgibt (BGHSt 16, 386) und dessen Verwirklichung er nach dem Inhalt seiner \u00c4u\u00dferung f\u00fcr den Fall des Bedingungseintritts will. Die \u00c4u\u00dferung der Drohung kann ausdr\u00fccklich oder konkludent erfolgen (Fischer, StGB 57. Aufl. \u00a7 240 Rdn. 31 m. w. N.). Kein Verwenden ist das blo\u00dfe Mitsichf\u00fchren und zwar grunds\u00e4tzlich auch dann nicht, wenn es offen erfolgt (BGH NStZ-RR 2004, 169; Fischer aaO \u00a7 250 Rdn. 18).</p>\n            </dd>\n         </dl>\n         <dl class=\"RspDL\">\n            <dt/>\n            <dd>\n               <p/>\n            </dd>\n         </dl>\n         <dl class=\"RspDL\">\n            <dt>\n               <a name=\"rd_9\">9</a>\n            </dt>\n            <dd>\n               <p>b) Danach hat der Angeklagte A.\u00a0E., indem er dem Kassierer den Schraubendreher - den dieser gesehen hatte - in den R\u00fccken dr\u00fcckte, entgegen der Auffassung des Landgerichts den Tatbestand des \u00a7 250 Abs. 2 Nr. 1 StGB objektiv verwirklicht. Er drohte durch diese Handlung - im Zusammenwirken mit der vorangegangen \u00c4u\u00dferung, wenn sich der Zeuge ruhig verhalte, werde (ihm) nichts geschehen - konkludent damit, bei Widerstand und Nichtbefolgung seiner Forderungen dieses gef\u00e4hrliche Werkzeug als Stichwerkzeug gegen ihn einzusetzen. Entgegen der Auffassung des Landgerichts setzt der Begriff des Verwendens nicht voraus, dass sich aus der Art des Einsatzes des objektiv gef\u00e4hrlichen Tatmittels eine konkrete Gefahr erheblicher Verletzungen ergibt. Vielmehr gen\u00fcgt jedes Benutzen solcher Tatmittel bei der Anwendung von Gewalt oder - wie hier - als Drohmittel (BGHSt 45, 92, 94 f.).</p>\n            </dd>\n         </dl>\n         <dl class=\"RspDL\">\n            <dt/>\n            <dd>\n               <p/>\n            </dd>\n         </dl>\n         <dl class=\"RspDL\">\n            <dt>\n               <a name=\"rd_10\">10</a>\n            </dt>\n            <dd>\n               <p>3. Die Auffassung des Landgerichts, die Angeklagten h\u00e4tten hinsichtlich der aus der Kasse entnommenen 800 \u20ac in Banknoten und der M\u00fcnzrolle im Wert von 50 \u20ac, die sich die Angeklagten schon in ihre Hosentaschen gesteckt hatten, bevor die Polizei eintraf und sie festnahm, \"noch keinen hinreichenden neuen Gewahrsam begr\u00fcndet\" und somit die Tat nur versucht, begegnet ebenfalls durchgreifenden rechtlichen Bedenken.</p>\n            </dd>\n         </dl>\n         <dl class=\"RspDL\">\n            <dt/>\n            <dd>\n               <p/>\n            </dd>\n         </dl>\n         <dl class=\"RspDL\">\n            <dt>\n               <a name=\"rd_11\">11</a>\n            </dt>\n            <dd>\n               <p>a) Die vollendete Wegnahme setzt voraus, dass fremder Gewahrsam gebrochen und neuer Gewahrsam begr\u00fcndet ist. Letzteres beurteilt sich danach, ob der T\u00e4ter die Herrschaft \u00fcber die Sache derart erlangt hat, dass er sie ohne Behinderung durch den fr\u00fcheren Gewahrsamsinhaber aus\u00fcben kann. F\u00fcr die Frage der Sachherrschaft kommt es entscheidend auf die Anschauungen des t\u00e4glichen Lebens an. Dabei macht es sowohl f\u00fcr die Sachherrschaft des bisherigen Gewahrsamsinhabers wie f\u00fcr die des T\u00e4ters einen entscheidenden Unterschied, ob es sich bei dem Diebesgut um umfangreiche, namentlich schwere Sachen handelt, deren Abtransport mit besonderen Schwierigkeiten verbunden ist, oder ob es nur um kleine, leicht transportable Gegenst\u00e4nde geht. Bei unauff\u00e4lligen, leicht beweglichen Sachen, wie etwa bei Geldscheinen sowie Geld- und Schmuckst\u00fccken, l\u00e4sst die Verkehrsauffassung f\u00fcr die vollendete Wegnahme schon ein Ergreifen und Festhalten der Sache gen\u00fcgen. Steckt der T\u00e4ter einen Gegenstand in Zueignungsabsicht in seine Kleidung, so schlie\u00dft er allein durch diesen tats\u00e4chlichen Vorgang die Sachherrschaft des Bestohlenen aus und begr\u00fcndet eigenen ausschlie\u00dflichen Gewahrsam.Die Verkehrsauffassung weist daher im Regelfall einer Person, die einen Gegen-stand in der Tasche ihrer Kleidung tr\u00e4gt, die ausschlie\u00dfliche Sachherrschaft zu (vgl. BGHSt 16, 271, 273 f.; 23, 254, 255 m. w. N.).</p>\n            </dd>\n         </dl>\n         <dl class=\"RspDL\">\n            <dt/>\n            <dd>\n               <p/>\n            </dd>\n         </dl>\n         <dl class=\"RspDL\">\n            <dt>\n               <a name=\"rd_12\">12</a>\n            </dt>\n            <dd>\n               <p>Der Annahme eines Gewahrsamswechsels steht in diesen F\u00e4llen nicht entgegen, dass sich der erbeutete Gegenstand, wie etwa bei Festnahme des T\u00e4ters am Tatort, noch im Gewahrsamsbereich des Berechtigten befindet. Die Tatvollendung setzt keinen gesicherten Gewahrsam voraus. Die alsbaldige Entdeckung des T\u00e4ters und seine Festnahme gibt nur die M\u00f6glichkeit, ihm die Sache wieder abzunehmen. Auch eine etwaige Beobachtung dieses Tatvorgangs \u00e4ndert an der Vollziehung des Gewahrsamswechsels nichts, da der Diebstahl keine heimliche Tat ist und die Beobachtung dem Bestohlenen lediglich die M\u00f6glichkeit gibt, den ihm bereits entzogenen Gewahrsam wiederzuerlangen. Demgem\u00e4\u00df nimmt der Bundesgerichtshof in st\u00e4ndiger Rechtsprechung regelm\u00e4\u00dfig Vollendung der Wegnahme an, wenn der T\u00e4ter innerhalb fremder R\u00e4ume leicht bewegliche Gegenst\u00e4nde in seine Kleidung steckt (vgl. BGHSt 26, 24, 25 f.; Schmitz in M\u00fcnchKomm-StGB \u00a7 242 Rdn. 52, 61, 72).</p>\n            </dd>\n         </dl>\n         <dl class=\"RspDL\">\n            <dt/>\n            <dd>\n               <p/>\n            </dd>\n         </dl>\n         <dl class=\"RspDL\">\n            <dt>\n               <a name=\"rd_13\">13</a>\n            </dt>\n            <dd>\n               <p>b) Nach diesen Ma\u00dfst\u00e4ben war hier die Wegnahme mit dem Einstecken des Geldes in die Kleidung vollendet. Besondere Umst\u00e4nde, die eine andere Beurteilung rechtfertigen k\u00f6nnten, liegen nicht vor. Etwas anderes ergibt sich auch nicht aus der von der Strafkammer zur Begr\u00fcndung ihrer rechtlichen W\u00fcrdigung herangezogenen Entscheidung des Bundesgerichtshofs in StV 1985, 323, die eine andere Fallgestaltung zum Gegenstand hat. Dahinstehen kann deshalb, ob auch die Wegnahme der in die S\u00e4cke gepackten Zigarettenstangen bereits vollendet war, zumal die bisherigen Feststellungen offen lassen, wie gro\u00df und schwer diese ganz bzw. teilweise bef\u00fcllten Beh\u00e4ltnisse waren (vgl. Ru\u00df in LK 11. Aufl. \u00a7 242 Rdn. 42 m. w. N.).</p>\n            </dd>\n         </dl>\n         <dl class=\"RspDL\">\n            <dt/>\n            <dd>\n               <p/>\n            </dd>\n         </dl>\n         <dl class=\"RspDL\">\n            <dt>\n               <a name=\"rd_14\">14</a>\n            </dt>\n            <dd>\n               <p>4. Die Sache bedarf insgesamt der neuen Verhandlung und Entscheidung. Die bisherigen Feststellungen belegen die Verwirklichung des subjektiven Tatbestandes eines besonders schweren Raubes gem\u00e4\u00df \u00a7 249 Abs. 1, \u00a7 250 Abs. 2 Nr. 1 2. Alt. StGB durch die Angeklagten - namentlich durch den Angeklagten M.\u00a0E.\u00a0- nicht hinreichend. Daher ist der Senat gehindert, den Schuldspruch selbst abzu\u00e4ndern.</p>\n            </dd>\n         </dl>\n         <dl class=\"RspDL\">\n            <dt/>\n            <dd>\n               <p/>\n            </dd>\n         </dl>\n         <dl class=\"RspDL\">\n            <dt>\n               <a name=\"rd_15\">15</a>\n            </dt>\n            <dd>\n               <p>Der Senat weist den neuen Tatrichter darauf hin, dass die von \u00a7 260 Abs. 4 Satz 1 StPO geforderte rechtliche Bezeichnung der Straftat die Kennzeichnung der jeweils gegebenen Qualifikation notwendig macht. Daher wird im Falle der Verurteilung nach \u00a7 250 Abs. 2 Nr. 1 StGB auf \"besonders schweren Raub\" zu erkennen sein (vgl. BGH, Beschl. vom 8. Juli 2008 - 3 StR 229/08 - Rdn. 5, insoweit in NStZ-RR 2008, 342 nicht abgedruckt; BGHR StPO \u00a7 260 Abs. 4 Satz 1 Urteilsformel 4; Schoreit in KK 6. Aufl. \u00a7 260 Rdn. 30).</p>\n            </dd>\n         </dl>\n         <dl class=\"RspDL\">\n            <dt/>\n            <dd>\n               <p/>\n            </dd>\n         </dl>\n         <dl class=\"RspDL\">\n            <dt>\n               <a name=\"rd_16\">16</a>\n            </dt>\n            <dd>\n               <p>5. Die Revision der Staatsanwaltschaft f\u00fchrt nicht zur Ab\u00e4nderung oder Aufhebung des angefochtenen Urteils zu Gunsten der Angeklagten (\u00a7 301 StPO; vgl. unten II.).</p>\n            </dd>\n         </dl>\n         <dl class=\"RspDL\">\n            <dt/>\n            <dd>\n               <p/>\n            </dd>\n         </dl>\n         <dl class=\"RspDL\">\n            <dt>\n               <a name=\"rd_17\">17</a>\n            </dt>\n            <dd>\n               <p>II. <span style=\"text-decoration:underline\">Revisionen der Angeklagten</span>\n               </p>\n            </dd>\n         </dl>\n         <dl class=\"RspDL\">\n            <dt/>\n            <dd>\n               <p/>\n            </dd>\n         </dl>\n         <dl class=\"RspDL\">\n            <dt>\n               <a name=\"rd_18\">18</a>\n            </dt>\n            <dd>\n               <p>Die Revisionen der Angeklagten sind unbegr\u00fcndet; sie zeigen weder zum Schuldspruch noch zum Strafausspruch einen durchgreifenden Rechtsfehler zum Nachteil der Angeklagten auf.</p>\n            </dd>\n         </dl>\n         <dl class=\"RspDL\">\n            <dt/>\n            <dd>\n               <p/>\n            </dd>\n         </dl>\n         <dl class=\"RspDL\">\n            <dt>\n               <a name=\"rd_19\">19</a>\n            </dt>\n            <dd>\n               <p>Das Landgericht hat zwar im Rahmen der Strafzumessung zu Lasten beider Angeklagten ber\u00fccksichtigt, dass sie \"ein gef\u00e4hrliches Werkzeug mit sich\" f\u00fchrten; diese Erw\u00e4gung l\u00e4sst mit Blick auf den vom Landgericht angenommenen schweren Raub gem\u00e4\u00df \u00a7 250 Abs. 1 Nr. 1 Buchst. a StGB einen Versto\u00df gegen \u00a7 46 Abs. 3 StGB besorgen. Nicht frei von rechtlichen Bedenken ist ferner, dass die Strafkammer bei dem Angeklagten M.\u00a0E.\u00a0ihrer Strafzumessung den Strafrahmen des minder schweren Falles gem\u00e4\u00df \u00a7 250 Abs. 3 StGB (Freiheitsstrafe von einem bis zu zehn Jahren) zugrunde gelegt hat, ohne zu er\u00f6rtern, ob statt dessen die Anwendung des nach Versuchsgrunds\u00e4tzen (\u00a7\u00a7 22, 23 Abs. 2, \u00a7 49 Abs. 1 Nr. 2 und 3 StGB) gemilderten Strafrahmens der Raubqualifikation nach \u00a7 250 Abs. 1 Nr. 1 Buchst. a StGB in Betracht kommt, der zwar nicht im H\u00f6chstma\u00df, aber im Mindestma\u00df f\u00fcr die Angeklagten g\u00fcnstiger ist, als der des minder schweren Falles. Daher w\u00e4re im Hinblick auf die im unteren Strafrahmenbereich angesiedelte Strafe eine Er\u00f6rterung dieser Milderungsm\u00f6glichkeit geboten gewesen (vgl. BGH NStZ-RR 2000, 43). Der Senat kann angesichts der beiden au\u00dfergew\u00f6hnlich milden Strafen hier indes ausschlie\u00dfen, dass das Landgericht ohne die aufgezeigten Rechtsfehler (noch) geringere Strafen festgesetzt h\u00e4tte.</p>\n            </dd>\n         </dl>\n         <dl class=\"RspDL\">\n            <dt/>\n            <dd>\n               <p/>\n            </dd>\n         </dl>\n         <dl class=\"RspDL\">\n            <dt>\n               <a name=\"rd_20\">20</a>\n            </dt>\n            <dd>\n               <p>Die Revision des Angeklagten M.\u00a0E.\u00a0dringt auch mit ihrer Beanstandung nicht durch, das Landgericht habe die M\u00f6glichkeit einer weiteren Milderung des Sonderstrafrahmens des \u00a7 250 Abs. 3 StGB nach \u00a7\u00a7 22, 23 Abs. 1, \u00a7 49 Abs. 1 Nr. 2 und 3 StGB \u00fcbersehen. Denn aus den Urteilsgr\u00fcnden ergibt sich, dass das Landgericht einen minder schweren Fall nur unter der Voraussetzung angenommen hat, dass der gesetzliche (fakultative) Milderungsgrund des \u00a7 23 Abs. 2 StGB im Rahmen der gebotenen Gesamtw\u00fcrdigung neben den allgemeinen strafmildernden Umst\u00e4nden zu Gunsten des Angeklagten zus\u00e4tzlich Ber\u00fccksichtigung findet (UA S. 21). Danach war wegen des sich aus \u00a7 50 StGB ergebenden Verbots der Doppelverwertung vertypter Strafmilderungsgr\u00fcnde f\u00fcr eine weitere Milderung des Strafrahmens des minder schweren Falles nach Versuchsgrunds\u00e4tzen kein Raum.</p>\n            </dd>\n         </dl>\n         <dl class=\"RspDL\">\n            <dt/>\n            <dd>\n               <p/>\n            </dd>\n         </dl>\n         <dl class=\"RspDL\">\n            <dt>\n               <a name=\"rd_21\">21</a>\n            </dt>\n            <dd>\n               <p>Soweit der Angeklagte A.\u00a0E.\u00a0die den Mitangeklagten betreffende Strafrahmenwahl r\u00fcgt, k\u00f6nnte sich ein solcher Rechtsfehler nicht zu seinem Nachteil ausgewirkt haben.</p>\n            </dd>\n         </dl>\n         <dl class=\"RspDL\">\n            <dt/>\n            <dd>\n               <p/>\n            </dd>\n         </dl>\n         <dl class=\"RspDL\">\n            <dt/>\n            <dd>\n               <p>Sost-Scheible\u00a0\u00a0\u00a0\u00a0\u00a0\u00a0\u00a0\u00a0\u00a0\u00a0\u00a0\u00a0\u00a0\u00a0\u00a0\u00a0\u00a0\u00a0\u00a0\u00a0\u00a0\u00a0\u00a0\u00a0\u00a0\u00a0\u00a0\u00a0\u00a0\u00a0\u00a0\u00a0\u00a0\u00a0\u00a0\u00a0Pfister\u00a0\u00a0\u00a0\u00a0\u00a0\u00a0\u00a0\u00a0\u00a0\u00a0\u00a0\u00a0\u00a0\u00a0\u00a0\u00a0\u00a0\u00a0\u00a0\u00a0\u00a0\u00a0\u00a0\u00a0\u00a0\u00a0\u00a0\u00a0\u00a0\u00a0\u00a0\u00a0von Lienen</p>\n            </dd>\n         </dl>\n         <dl class=\"RspDL\">\n            <dt/>\n            <dd>\n               <p>\u00a0\u00a0\u00a0\u00a0\u00a0\u00a0\u00a0\u00a0\u00a0\u00a0\u00a0\u00a0\u00a0\u00a0\u00a0\u00a0\u00a0\u00a0\u00a0\u00a0\u00a0\u00a0\u00a0\u00a0\u00a0\u00a0\u00a0\u00a0\u00a0\u00a0\u00a0Hubert\u00a0\u00a0\u00a0\u00a0\u00a0\u00a0\u00a0\u00a0\u00a0\u00a0\u00a0\u00a0\u00a0\u00a0\u00a0\u00a0\u00a0\u00a0\u00a0\u00a0\u00a0\u00a0\u00a0\u00a0\u00a0\u00a0\u00a0\u00a0\u00a0\u00a0\u00a0\u00a0\u00a0\u00a0\u00a0Sch\u00e4fer</p>\n            </dd>\n         </dl>\n         <dl class=\"RspDL\">\n            <dt/>\n            <dd>\n               <p/>\n            </dd>\n         </dl>\n      </div>\n   ", "accessRights": "public", "gerort": "", "entschDatum": "20100218", "coverage": "Deutschland", "titel": "\n      <dl class=\"RspDL\">\n         <dt/>\n         <dd>\n            <p>Schwerer Raub: Schraubendreher als gef\u00e4hrliches Werkzeug und vollendete Verwendung des Werkzeugs zur Drohung; vollendete Wegnahme beim Einstecken erbeuteter Geldscheine in die Kleidung</p>\n         </dd>\n      </dl>\n   ", "ecli": "", "identifier": "http://www.rechtsprechung-im-internet.de/jportal/?quelle=jlink&docid=JURE100060251&psml=bsjrsprod.psml&max=true", "spruchkoerper": "3. Strafsenat", "vorinstanz": "vorgehend LG Wuppertal, 6. Juli 2009, Az: 30 KLs 721 Js 629/09 - 9/09, Urteil\n   ", "doknr": "JURE100060251", "abweichendeMeinung": "", "tenor": "\n      <div>\n         <dl class=\"RspDL\">\n            <dt/>\n            <dd>\n               <p>1. Auf die Revision der Staatsanwaltschaft wird das Urteil des Landgerichts Wuppertal vom 6. Juli 2009 mit den Feststellungen aufgehoben.</p>\n            </dd>\n         </dl>\n         <dl class=\"RspDL\">\n            <dt/>\n            <dd>\n               <p/>\n            </dd>\n         </dl>\n         <dl class=\"RspDL\">\n            <dt/>\n            <dd>\n               <p>Die Sache wird zu neuer Verhandlung und Entscheidung, auch \u00fcber die Kosten des Rechtsmittels, an eine andere Strafkammer des Landgerichts zur\u00fcckverwiesen.</p>\n            </dd>\n         </dl>\n         <dl class=\"RspDL\">\n            <dt/>\n            <dd>\n               <p/>\n            </dd>\n         </dl>\n         <dl class=\"RspDL\">\n            <dt/>\n            <dd>\n               <p>2. Die Revisionen der Angeklagten gegen das vorbezeichnete Urteil werden verworfen.</p>\n            </dd>\n         </dl>\n         <dl class=\"RspDL\">\n            <dt/>\n            <dd>\n               <p/>\n            </dd>\n         </dl>\n         <dl class=\"RspDL\">\n            <dt/>\n            <dd>\n               <p>Jeder Angeklagte hat die Kosten seines Rechtsmittels zu tragen.</p>\n            </dd>\n         </dl>\n         <dl class=\"RspDL\">\n            <dt/>\n            <dd>\n               <p/>\n            </dd>\n         </dl>\n         <dl class=\"RspDL\">\n            <dt/>\n            <dd>\n               <p>Von Rechts wegen</p>\n            </dd>\n         </dl>\n         <dl class=\"RspDL\">\n            <dt/>\n            <dd>\n               <p/>\n            </dd>\n         </dl>\n      </div>\n   ", "regionAbk": "DEU"}