{"publisher": "BMJV", "tatbestand": "", "absaetze": [{"num": "1", "textProcessed": ["landgericht", "angeklagt", "vorsatz", "gefahr", "eingriff", "strassenverkehr", "schuldig", "gesproch", "einbezieh", "urteil", "jugendschoffengericht", "neuruppin", "april", "unterbring", "angeklagt", "psychiatr", "krankenhaus", "angeordnet", "gemass", "abs", "jgg", "verhang", "jugendstraf", "abgeseh"], "text": "Das Landgericht hat den Angeklagten des vors\u00e4tzlichen gef\u00e4hrlichen Eingriffs in den Stra\u00dfenverkehr schuldig gesprochen. Unter Einbeziehung des Urteils des Jugendsch\u00f6ffengerichts Neuruppin vom 3. April 2008 hat es die Unterbringung des Angeklagten in einem psychiatrischen Krankenhaus angeordnet und gem\u00e4\u00df \u00a7 5 Abs. 3 JGG von der Verh\u00e4ngung einer Jugendstrafe abgesehen."}, {"num": "2", "textProcessed": ["revision", "rugt", "angeklagt", "verletz", "formell", "materiell", "recht", "sachrug", "fuhrt", "schuldspruch", "ubrig", "rechtsmittel", "unbegrundet", "sinn", "abs", "stpo"], "text": "Mit seiner Revision r\u00fcgt der Angeklagte die Verletzung formellen und materiellen Rechts. Die Sachr\u00fcge f\u00fchrt zu einer \u00c4nderung des Schuldspruchs; im \u00dcbrigen ist das Rechtsmittel unbegr\u00fcndet im Sinne des \u00a7 349 Abs. 2 StPO."}, {"num": "3", "textProcessed": ["revision", "beanstandet", "annahm", "landgericht", "angeklagt", "vollendet", "vorsatz", "gefahr", "eingriff", "strassenverkehr", "abs", "nr", "stgb", "schuldig", "gemacht", "recht", "rechtsfehlerfrei", "getroff", "feststell", "angeklagt", "versuch", "abs", "stgb", "verurteilt"], "text": "Die Revision beanstandet die Annahme des Landgerichts, der Angeklagte habe sich des (vollendeten) vors\u00e4tzlichen gef\u00e4hrlichen Eingriffs in den Stra\u00dfenverkehr (\u00a7 315 b Abs. 1 Nr. 3 StGB) schuldig gemacht, zu Recht. Nach den rechtsfehlerfrei getroffenen Feststellungen kann der Angeklagte nur wegen Versuchs (\u00a7 315 b Abs. 2 StGB) verurteilt werden."}, {"num": "4", "textProcessed": ["feststell", "warf", "angeklagt", "etwa", "faustgross", "wovon", "gunst", "auszugeh", "bruchig", "sandstein", "autobahnbruck", "etwa", "weit", "recht", "fahrstreif", "hierbei", "darub", "klar", "dass", "dadurch", "konkret", "gefahrd", "leib", "leb", "insass", "fahrstreif", "fahrend", "mazda", "fahrzeug", "komm", "nahm", "billig", "kauf", "entgeg", "auffass", "landgericht", "tatbestand", "erfolg", "namlich", "konkret", "gefahrd", "sinn", "abs", "stgb", "vgl", "senat", "urteil", "dezemb", "str", "bghst", "senat", "beschluss", "novemb", "str", "nstz", "jew", "eingetret", "stein", "schlug", "unmittelbar", "zeug", "gefuhrt", "mazda", "zersplittert", "aufflieg", "steinsplitt", "verursacht", "krachend", "gerausch", "unterbod", "fahrzeug", "zeug", "pkw", "aufschlagstell", "hinweg", "fuhr", "schad", "fahrzeug", "wurd", "festgestellt", "dass", "eingriff", "angeklagt", "kritisch", "situation", "sinn", "beinah", "unfall", "gefuhrt", "vgl", "senat", "beschluss", "dezemb", "str", "nstz", "rr", "senat", "beschluss", "novemb", "str", "nstz", "jew", "feststell", "belegt", "danach", "unmittelbar", "pkw", "aufschlag", "zersplitternd", "stein", "wed", "fahrverhalt", "fahrsich", "zeug", "irgendein", "weis", "beeintrachtigt", "word"], "text": "Nach den Feststellungen warf der Angeklagte einen etwa faustgro\u00dfen und - wovon zu seinen Gunsten auszugehen ist - br\u00fcchigen Sandstein von der Autobahnbr\u00fccke etwa 25 m weit auf den rechten Fahrstreifen. Zwar war er sich hierbei dar\u00fcber im Klaren, dass es dadurch zu einer konkreten Gef\u00e4hrdung von Leib und Leben der Insassen des auf dem Fahrstreifen fahrenden Mazda 626 und/oder des Fahrzeugs kommen k\u00f6nnte und nahm dies billigend in Kauf. Entgegen der Auffassung des Landgerichts ist aber der tatbestandliche Erfolg, n\u00e4mlich eine konkrete Gef\u00e4hrdung im Sinne des \u00a7 315 b Abs. 1 StGB (vgl. Senat, Urteil vom 4. Dezember 2002 - 4 StR 103/02, BGHSt 48, 119, 125; Senat, Beschluss vom 4. November 2008 - 4 StR 411/08 = NStZ 2009, 100, jew. m.w.N.), nicht eingetreten. Der Stein schlug \"unmittelbar\" vor dem von dem Zeugen D. gef\u00fchrten Mazda 626 auf und zersplitterte. Die auffliegenden Steinsplitter verursachten zwar ein krachendes Ger\u00e4usch am Unterboden des Fahrzeugs, als der Zeuge mit dem Pkw \u00fcber die Aufschlagstelle hinweg fuhr. Sch\u00e4den an dem Fahrzeug wurden aber nicht festgestellt. Dass der Eingriff des Angeklagten zu einer kritischen Situation im Sinne eines \"Beinahe-Unfalls\" gef\u00fchrt hat (vgl. Senat, Beschluss vom 10. Dezember 1996 - 4 StR 615/96, NStZ-RR 1997, 200; Senat, Beschluss vom 4. November 2008 - 4 StR 411/08, NStZ 2009, 100, jew. m.w.N.) ist durch die Feststellungen nicht belegt, weil danach durch den unmittelbar vor dem Pkw aufschlagenden und zersplitternden Stein weder das Fahrverhalten noch die Fahrsicherheit des Zeugen D. in irgendeiner Weise beeintr\u00e4chtigt worden sind."}, {"num": "5", "textProcessed": ["senat", "schuldspruch", "and", "stpo", "steht", "entgeg", "angeklagt", "hatt", "geandert", "schuldspruch", "wirksam", "gescheh", "verteid"], "text": "Der Senat kann den Schuldspruch von sich aus \u00e4ndern. \u00a7 265 StPO steht dem nicht entgegen, denn der Angeklagte h\u00e4tte sich gegen den ge\u00e4nderten Schuldspruch nicht wirksamer als geschehen verteidigen k\u00f6nnen."}, {"num": "6", "textProcessed": ["anordn", "unterbring", "angeklagt", "psychiatr", "krankenhaus", "gemass", "stgb", "schuldspruch", "frag", "gestellt"], "text": "Die Anordnung der Unterbringung des Angeklagten in einem psychiatrischen Krankenhaus gem\u00e4\u00df \u00a7 63 StGB wird durch die \u00c4nderung des Schuldspruchs nicht in Frage gestellt."}, {"num": "7", "textProcessed": ["kostenentscheid", "folgt", "abs", "abs", "satz", "jgg"], "text": "Die Kostenentscheidung folgt aus \u00a7\u00a7 74, 105 Abs. 1, 109 Abs. 2 Satz 1 JGG."}], "norm": ["\u00a7 22 StGB", "\u00a7 23 StGB", "\u00a7 315b Nr 3 StGB", "\u00a7 315b StGB"], "doktyp": "Beschluss", "regionLong": "Bundesrepublik Deutschland", "sonstlt": "", "gruendeProcessed": ["landgericht", "angeklagt", "vorsatz", "gefahr", "eingriff", "strassenverkehr", "schuldig", "gesproch", "einbezieh", "urteil", "jugendschoffengericht", "neuruppin", "april", "unterbring", "angeklagt", "psychiatr", "krankenhaus", "angeordnet", "gemass", "abs", "jgg", "verhang", "jugendstraf", "abgeseh", "revision", "rugt", "angeklagt", "verletz", "formell", "materiell", "recht", "sachrug", "fuhrt", "schuldspruch", "ubrig", "rechtsmittel", "unbegrundet", "sinn", "abs", "stpo", "revision", "beanstandet", "annahm", "landgericht", "angeklagt", "vollendet", "vorsatz", "gefahr", "eingriff", "strassenverkehr", "abs", "nr", "stgb", "schuldig", "gemacht", "recht", "rechtsfehlerfrei", "getroff", "feststell", "angeklagt", "versuch", "abs", "stgb", "verurteilt", "feststell", "warf", "angeklagt", "etwa", "faustgross", "wovon", "gunst", "auszugeh", "bruchig", "sandstein", "autobahnbruck", "etwa", "weit", "recht", "fahrstreif", "hierbei", "darub", "klar", "dass", "dadurch", "konkret", "gefahrd", "leib", "leb", "insass", "fahrstreif", "fahrend", "mazda", "fahrzeug", "komm", "nahm", "billig", "kauf", "entgeg", "auffass", "landgericht", "tatbestand", "erfolg", "namlich", "konkret", "gefahrd", "sinn", "abs", "stgb", "vgl", "senat", "urteil", "dezemb", "str", "bghst", "senat", "beschluss", "novemb", "str", "nstz", "jew", "eingetret", "stein", "schlug", "unmittelbar", "zeug", "gefuhrt", "mazda", "zersplittert", "aufflieg", "steinsplitt", "verursacht", "krachend", "gerausch", "unterbod", "fahrzeug", "zeug", "pkw", "aufschlagstell", "hinweg", "fuhr", "schad", "fahrzeug", "wurd", "festgestellt", "dass", "eingriff", "angeklagt", "kritisch", "situation", "sinn", "beinah", "unfall", "gefuhrt", "vgl", "senat", "beschluss", "dezemb", "str", "nstz", "rr", "senat", "beschluss", "novemb", "str", "nstz", "jew", "feststell", "belegt", "danach", "unmittelbar", "pkw", "aufschlag", "zersplitternd", "stein", "wed", "fahrverhalt", "fahrsich", "zeug", "irgendein", "weis", "beeintrachtigt", "word", "senat", "schuldspruch", "and", "stpo", "steht", "entgeg", "angeklagt", "hatt", "geandert", "schuldspruch", "wirksam", "gescheh", "verteid", "anordn", "unterbring", "angeklagt", "psychiatr", "krankenhaus", "gemass", "stgb", "schuldspruch", "frag", "gestellt", "kostenentscheid", "folgt", "abs", "abs", "satz", "jgg", "tepperwi", "maatz", "athing", "ernemann", "mutzbau"], "mitwirkung": "", "aktenzeichen": "4 StR 506/09", "language": "deutsch", "gertyp": "BGH", "leitsatz": "", "gruende": "\n      <div>\n         <dl class=\"RspDL\">\n            <dt>\n               <a name=\"rd_1\">1</a>\n            </dt>\n            <dd>\n               <p>Das Landgericht hat den Angeklagten des vors\u00e4tzlichen gef\u00e4hrlichen Eingriffs in den Stra\u00dfenverkehr schuldig gesprochen. Unter Einbeziehung des Urteils des Jugendsch\u00f6ffengerichts Neuruppin vom 3. April 2008 hat es die Unterbringung des Angeklagten in einem psychiatrischen Krankenhaus angeordnet und gem\u00e4\u00df \u00a7 5 Abs. 3 JGG von der Verh\u00e4ngung einer Jugendstrafe abgesehen.</p>\n            </dd>\n         </dl>\n         <dl class=\"RspDL\">\n            <dt/>\n            <dd>\n               <p/>\n            </dd>\n         </dl>\n         <dl class=\"RspDL\">\n            <dt>\n               <a name=\"rd_2\">2</a>\n            </dt>\n            <dd>\n               <p>Mit seiner Revision r\u00fcgt der Angeklagte die Verletzung formellen und materiellen Rechts. Die Sachr\u00fcge f\u00fchrt zu einer \u00c4nderung des Schuldspruchs; im \u00dcbrigen ist das Rechtsmittel unbegr\u00fcndet im Sinne des \u00a7 349 Abs. 2 StPO.</p>\n            </dd>\n         </dl>\n         <dl class=\"RspDL\">\n            <dt/>\n            <dd>\n               <p/>\n            </dd>\n         </dl>\n         <dl class=\"RspDL\">\n            <dt>\n               <a name=\"rd_3\">3</a>\n            </dt>\n            <dd>\n               <p>Die Revision beanstandet die Annahme des Landgerichts, der Angeklagte habe sich des (vollendeten) vors\u00e4tzlichen gef\u00e4hrlichen Eingriffs in den Stra\u00dfenverkehr (\u00a7 315 b Abs. 1 Nr. 3 StGB) schuldig gemacht, zu Recht. Nach den rechtsfehlerfrei getroffenen Feststellungen kann der Angeklagte nur wegen Versuchs (\u00a7 315 b Abs. 2 StGB) verurteilt werden.</p>\n            </dd>\n         </dl>\n         <dl class=\"RspDL\">\n            <dt/>\n            <dd>\n               <p/>\n            </dd>\n         </dl>\n         <dl class=\"RspDL\">\n            <dt>\n               <a name=\"rd_4\">4</a>\n            </dt>\n            <dd>\n               <p>Nach den Feststellungen warf der Angeklagte einen etwa faustgro\u00dfen und - wovon zu seinen Gunsten auszugehen ist - br\u00fcchigen Sandstein von der Autobahnbr\u00fccke etwa 25 m weit auf den rechten Fahrstreifen. Zwar war er sich hierbei dar\u00fcber im Klaren, dass es dadurch zu einer konkreten Gef\u00e4hrdung von Leib und Leben der Insassen des auf dem Fahrstreifen fahrenden Mazda 626 und/oder des Fahrzeugs kommen k\u00f6nnte und nahm dies billigend in Kauf. Entgegen der Auffassung des Landgerichts ist aber der tatbestandliche Erfolg, n\u00e4mlich eine konkrete Gef\u00e4hrdung im Sinne des \u00a7 315 b Abs. 1 StGB (vgl. Senat, Urteil vom 4. Dezember 2002 - 4 StR 103/02, BGHSt 48, 119, 125; Senat, Beschluss vom 4. November 2008 - 4 StR 411/08 = NStZ 2009, 100, jew. m.w.N.), nicht eingetreten. Der Stein schlug \"unmittelbar\" vor dem von dem Zeugen D. gef\u00fchrten Mazda 626 auf und zersplitterte. Die auffliegenden Steinsplitter verursachten zwar ein krachendes Ger\u00e4usch am Unterboden des Fahrzeugs, als der Zeuge mit dem Pkw \u00fcber die Aufschlagstelle hinweg fuhr. Sch\u00e4den an dem Fahrzeug wurden aber nicht festgestellt. Dass der Eingriff des Angeklagten zu einer kritischen Situation im Sinne eines \"Beinahe-Unfalls\" gef\u00fchrt hat (vgl. Senat, Beschluss vom 10. Dezember 1996 - 4 StR 615/96, NStZ-RR 1997, 200; Senat, Beschluss vom 4. November 2008 - 4 StR 411/08, NStZ 2009, 100, jew. m.w.N.) ist durch die Feststellungen nicht belegt, weil danach durch den unmittelbar vor dem Pkw aufschlagenden und zersplitternden Stein weder das Fahrverhalten noch die Fahrsicherheit des Zeugen D. in irgendeiner Weise beeintr\u00e4chtigt worden sind.</p>\n            </dd>\n         </dl>\n         <dl class=\"RspDL\">\n            <dt/>\n            <dd>\n               <p/>\n            </dd>\n         </dl>\n         <dl class=\"RspDL\">\n            <dt>\n               <a name=\"rd_5\">5</a>\n            </dt>\n            <dd>\n               <p>Der Senat kann den Schuldspruch von sich aus \u00e4ndern. \u00a7 265 StPO steht dem nicht entgegen, denn der Angeklagte h\u00e4tte sich gegen den ge\u00e4nderten Schuldspruch nicht wirksamer als geschehen verteidigen k\u00f6nnen.</p>\n            </dd>\n         </dl>\n         <dl class=\"RspDL\">\n            <dt/>\n            <dd>\n               <p/>\n            </dd>\n         </dl>\n         <dl class=\"RspDL\">\n            <dt>\n               <a name=\"rd_6\">6</a>\n            </dt>\n            <dd>\n               <p>Die Anordnung der Unterbringung des Angeklagten in einem psychiatrischen Krankenhaus gem\u00e4\u00df \u00a7 63 StGB wird durch die \u00c4nderung des Schuldspruchs nicht in Frage gestellt.</p>\n            </dd>\n         </dl>\n         <dl class=\"RspDL\">\n            <dt/>\n            <dd>\n               <p/>\n            </dd>\n         </dl>\n         <dl class=\"RspDL\">\n            <dt>\n               <a name=\"rd_7\">7</a>\n            </dt>\n            <dd>\n               <p>Die Kostenentscheidung folgt aus \u00a7\u00a7 74, 105 Abs. 1, 109 Abs. 2 Satz 1 JGG.</p>\n            </dd>\n         </dl>\n         <dl class=\"RspDL\">\n            <dt/>\n            <dd>\n               <p/>\n            </dd>\n         </dl>\n         <dl class=\"RspDL\">\n            <dt/>\n            <dd>\n               <p>Tepperwien\u00a0\u00a0\u00a0\u00a0\u00a0\u00a0\u00a0\u00a0\u00a0\u00a0\u00a0\u00a0\u00a0\u00a0\u00a0\u00a0\u00a0\u00a0\u00a0\u00a0\u00a0\u00a0\u00a0\u00a0\u00a0\u00a0\u00a0\u00a0\u00a0\u00a0\u00a0\u00a0\u00a0\u00a0\u00a0\u00a0\u00a0\u00a0\u00a0\u00a0Maatz\u00a0\u00a0\u00a0\u00a0\u00a0\u00a0\u00a0\u00a0\u00a0\u00a0\u00a0\u00a0\u00a0\u00a0\u00a0\u00a0\u00a0\u00a0\u00a0\u00a0\u00a0\u00a0\u00a0\u00a0\u00a0\u00a0\u00a0\u00a0\u00a0\u00a0\u00a0\u00a0\u00a0\u00a0\u00a0\u00a0\u00a0\u00a0\u00a0\u00a0\u00a0Athing</p>\n            </dd>\n         </dl>\n         <dl class=\"RspDL\">\n            <dt/>\n            <dd>\n               <p>\u00a0\u00a0\u00a0\u00a0\u00a0\u00a0\u00a0\u00a0\u00a0\u00a0\u00a0\u00a0\u00a0\u00a0\u00a0\u00a0\u00a0\u00a0\u00a0\u00a0\u00a0\u00a0\u00a0\u00a0\u00a0\u00a0\u00a0\u00a0Ernemann\u00a0\u00a0\u00a0\u00a0\u00a0\u00a0\u00a0\u00a0\u00a0\u00a0\u00a0\u00a0\u00a0\u00a0\u00a0\u00a0\u00a0\u00a0\u00a0\u00a0\u00a0\u00a0\u00a0\u00a0\u00a0\u00a0\u00a0\u00a0\u00a0\u00a0\u00a0\u00a0\u00a0\u00a0\u00a0Mutzbauer</p>\n            </dd>\n         </dl>\n         <dl class=\"RspDL\">\n            <dt/>\n            <dd>\n               <p/>\n            </dd>\n         </dl>\n      </div>\n   ", "accessRights": "public", "gerort": "", "entschDatum": "20100223", "coverage": "Deutschland", "titel": "\n      <dl class=\"RspDL\">\n         <dt/>\n         <dd>\n            <p>Versuch eines gef\u00e4hrlichen Eingriffs in den Stra\u00dfenverkehr: Steinwurf von der Autobahn</p>\n         </dd>\n      </dl>\n   ", "ecli": "", "identifier": "http://www.rechtsprechung-im-internet.de/jportal/?quelle=jlink&docid=JURE100059868&psml=bsjrsprod.psml&max=true", "spruchkoerper": "4. Strafsenat", "vorinstanz": "vorgehend LG Neuruppin, 20. Juli 2009, Az: 21 KLs 359 Js 4016/09 - 8/09 - 5 AR 65/09, Urteil\n   ", "doknr": "JURE100059868", "abweichendeMeinung": "", "tenor": "\n      <div>\n         <dl class=\"RspDL\">\n            <dt/>\n            <dd>\n               <p>1. Auf die Revision des Angeklagten wird das Urteil des Landgerichts Neuruppin vom 20. Juli 2009 im Schuldspruch dahin ge\u00e4ndert, dass der Angeklagte des versuchten gef\u00e4hrlichen Eingriffs in den Stra\u00dfenverkehr schuldig ist.</p>\n            </dd>\n         </dl>\n         <dl class=\"RspDL\">\n            <dt/>\n            <dd>\n               <p/>\n            </dd>\n         </dl>\n         <dl class=\"RspDL\">\n            <dt/>\n            <dd>\n               <p>2. Die weiter gehende Revision wird verworfen.</p>\n            </dd>\n         </dl>\n         <dl class=\"RspDL\">\n            <dt/>\n            <dd>\n               <p/>\n            </dd>\n         </dl>\n         <dl class=\"RspDL\">\n            <dt/>\n            <dd>\n               <p>3. Es wird davon abgesehen, dem Beschwerdef\u00fchrer die Kosten und Auslagen des Revisionsverfahrens aufzuerlegen.</p>\n            </dd>\n         </dl>\n         <dl class=\"RspDL\">\n            <dt/>\n            <dd>\n               <p/>\n            </dd>\n         </dl>\n      </div>\n   ", "regionAbk": "DEU"}