{"publisher": "BMJV", "tatbestand": "", "absaetze": [{"num": "1", "textProcessed": ["landgericht", "angeklagt", "urteil", "septemb", "schwer", "raub", "tatein", "gefahr", "korperverletz", "bandendiebstahl", "zwei", "fall", "besitz", "halbautomat", "kurzwaff", "tatein", "besitz", "munition", "verschaff", "falsch", "amtlich", "ausweis", "tatein", "verschaff", "unecht", "aufenthaltsrecht", "papi", "gesamtfreiheitsstraf", "acht", "jahr", "sech", "monat", "verurteilt", "ausserd", "unterbring", "sicherungsverwahr", "angeordnet"], "text": "Das Landgericht hatte den Angeklagten mit Urteil vom 22. September 2009 wegen schweren Raubes in Tateinheit mit gef\u00e4hrlicher K\u00f6rperverletzung, Bandendiebstahls in zwei F\u00e4llen, Besitzes einer halbautomatischen Kurzwaffe in Tateinheit mit dem Besitz von Munition und wegen Verschaffens von falschen amtlichen Ausweisen in Tateinheit mit Verschaffen eines unechten aufenthaltsrechtlichen Papiers zu einer Gesamtfreiheitsstrafe von acht Jahren und sechs Monaten verurteilt. Au\u00dferdem hatte es seine Unterbringung in der Sicherungsverwahrung angeordnet."}, {"num": "2", "textProcessed": ["revision", "angeklagt", "senat", "beschluss", "februar", "str", "schuldspruch", "dahin", "geandert", "dass", "angeklagt", "statt", "schwer", "raub", "besond", "schwer", "raub", "schuldig", "massregelausspruch", "zugehor", "feststell", "aufgehob", "umfang", "aufheb", "sach", "neu", "verhandl", "entscheid", "strafkamm", "landgericht", "zuruckverwies", "weitergeh", "revision", "angeklagt", "verworf"], "text": "Auf die Revision des Angeklagten hat der Senat mit Beschluss vom 2. Februar 2010 - 3 StR 566/09 - den Schuldspruch dahin ge\u00e4ndert, dass der Angeklagte statt des \"schweren Raubes\" des \"besonders schweren Raubes\" schuldig ist, den Ma\u00dfregelausspruch mit den zugeh\u00f6rigen Feststellungen aufgehoben und im Umfang der Aufhebung die Sache zu neuer Verhandlung und Entscheidung an eine andere Strafkammer des Landgerichts zur\u00fcckverwiesen. Die weitergehende Revision des Angeklagten hat er verworfen."}, {"num": "3", "textProcessed": ["urteil", "juni", "neu", "sach", "befasst", "strafkamm", "unterbring", "angeklagt", "sicherungsverwahr", "abgeseh", "hiergeg", "wendet", "angeklagt", "rug", "verletz", "formell", "materiell", "recht", "gestutzt", "revision", "einwend", "schuldspruch", "strafausspruch", "erhebt", "rechtsmittel", "unzulass"], "text": "Mit Urteil vom 15. Juni 2010 hat die neu mit der Sache befasste Strafkammer von der Unterbringung des Angeklagten in der Sicherungsverwahrung abgesehen. Hiergegen wendet sich der Angeklagte mit seiner auf die R\u00fcge der Verletzung formellen und materiellen Rechts gest\u00fctzten Revision, mit der er Einwendungen gegen den Schuldspruch und den Strafausspruch erhebt. Das Rechtsmittel ist unzul\u00e4ssig."}, {"num": "4", "textProcessed": ["hierzu", "generalbundesanwalt", "ausgefuhrt"], "text": "Hierzu hat der Generalbundesanwalt ausgef\u00fchrt:"}, {"num": "5", "textProcessed": ["schliesst", "senat"], "text": "Dem schlie\u00dft sich der Senat an."}], "norm": ["\u00a7 66 StGB", "\u00a7 337 StPO"], "doktyp": "Beschluss", "regionLong": "Bundesrepublik Deutschland", "sonstlt": "", "gruendeProcessed": ["landgericht", "angeklagt", "urteil", "septemb", "schwer", "raub", "tatein", "gefahr", "korperverletz", "bandendiebstahl", "zwei", "fall", "besitz", "halbautomat", "kurzwaff", "tatein", "besitz", "munition", "verschaff", "falsch", "amtlich", "ausweis", "tatein", "verschaff", "unecht", "aufenthaltsrecht", "papi", "gesamtfreiheitsstraf", "acht", "jahr", "sech", "monat", "verurteilt", "ausserd", "unterbring", "sicherungsverwahr", "angeordnet", "revision", "angeklagt", "senat", "beschluss", "februar", "str", "schuldspruch", "dahin", "geandert", "dass", "angeklagt", "statt", "schwer", "raub", "besond", "schwer", "raub", "schuldig", "massregelausspruch", "zugehor", "feststell", "aufgehob", "umfang", "aufheb", "sach", "neu", "verhandl", "entscheid", "strafkamm", "landgericht", "zuruckverwies", "weitergeh", "revision", "angeklagt", "verworf", "urteil", "juni", "neu", "sach", "befasst", "strafkamm", "unterbring", "angeklagt", "sicherungsverwahr", "abgeseh", "hiergeg", "wendet", "angeklagt", "rug", "verletz", "formell", "materiell", "recht", "gestutzt", "revision", "einwend", "schuldspruch", "strafausspruch", "erhebt", "rechtsmittel", "unzulass", "hierzu", "generalbundesanwalt", "ausgefuhrt", "angeklagt", "ergang", "urteil", "allein", "desweg", "anfecht", "neb", "straf", "massregel", "besser", "sicher", "angeordnet", "word", "angeordnet", "massregel", "stellt", "grundsatz", "zusatz", "ubel", "neb", "freiheitsstraf", "dar", "unterlass", "massregelanordn", "angeklagt", "dah", "beschwert", "soweit", "rechtsmittel", "nichtanordn", "massregel", "beanstandet", "mithin", "unzulass", "bghst", "bghr", "stgb", "ablehn", "mey", "gossn", "stpo", "auflag", "rn", "bewert", "andert", "dadurch", "dass", "vorlieg", "verteid", "angeklagt", "rahm", "revisionsbegrund", "ausgefuhrt", "rechtsmittel", "richt", "aufheb", "rb", "juni", "bzw", "frag", "rb", "juli", "sicherungsverwahr", "wirksam", "revisionsbeschrank", "hierin", "lieg", "unmog", "gesamt", "angefocht", "entscheid", "angriff", "rechtsmittel", "auszunehm", "revision", "verkennt", "dass", "landgericht", "angegriff", "urteil", "hauptsach", "allein", "frag", "massregelanordn", "befund", "ubrig", "hinsicht", "schuldspruch", "verhangt", "gesamtfreiheitsstraf", "verurteil", "angeklagt", "septemb", "aufgrund", "entscheid", "senat", "februar", "bereit", "rechtskraft", "erwachs", "dah", "insoweit", "mehr", "angefocht", "folglich", "angeklagt", "neu", "revisionsverfahr", "mehr", "einwend", "schuldspruch", "sowi", "hoh", "verhangt", "straf", "gehort", "schliesst", "senat", "beck", "pfist", "lien", "schaf", "may"], "mitwirkung": "", "aktenzeichen": "3 StR 375/10", "language": "deutsch", "gertyp": "BGH", "leitsatz": "", "gruende": "\n      <div>\n         <dl class=\"RspDL\">\n            <dt>\n               <a name=\"rd_1\">1</a>\n            </dt>\n            <dd>\n               <p>Das Landgericht hatte den Angeklagten mit Urteil vom 22. September 2009 wegen schweren Raubes in Tateinheit mit gef\u00e4hrlicher K\u00f6rperverletzung, Bandendiebstahls in zwei F\u00e4llen, Besitzes einer halbautomatischen Kurzwaffe in Tateinheit mit dem Besitz von Munition und wegen Verschaffens von falschen amtlichen Ausweisen in Tateinheit mit Verschaffen eines unechten aufenthaltsrechtlichen Papiers zu einer Gesamtfreiheitsstrafe von acht Jahren und sechs Monaten verurteilt. Au\u00dferdem hatte es seine Unterbringung in der Sicherungsverwahrung angeordnet.</p>\n            </dd>\n         </dl>\n         <dl class=\"RspDL\">\n            <dt/>\n            <dd>\n               <p/>\n            </dd>\n         </dl>\n         <dl class=\"RspDL\">\n            <dt>\n               <a name=\"rd_2\">2</a>\n            </dt>\n            <dd>\n               <p>Auf die Revision des Angeklagten hat der Senat mit Beschluss vom 2. Februar 2010 - 3 StR 566/09 - den Schuldspruch dahin ge\u00e4ndert, dass der Angeklagte statt des \"schweren Raubes\" des \"besonders schweren Raubes\" schuldig ist, den Ma\u00dfregelausspruch mit den zugeh\u00f6rigen Feststellungen aufgehoben und im Umfang der Aufhebung die Sache zu neuer Verhandlung und Entscheidung an eine andere Strafkammer des Landgerichts zur\u00fcckverwiesen. Die weitergehende Revision des Angeklagten hat er verworfen.</p>\n            </dd>\n         </dl>\n         <dl class=\"RspDL\">\n            <dt/>\n            <dd>\n               <p/>\n            </dd>\n         </dl>\n         <dl class=\"RspDL\">\n            <dt>\n               <a name=\"rd_3\">3</a>\n            </dt>\n            <dd>\n               <p>Mit Urteil vom 15. Juni 2010 hat die neu mit der Sache befasste Strafkammer von der Unterbringung des Angeklagten in der Sicherungsverwahrung abgesehen. Hiergegen wendet sich der Angeklagte mit seiner auf die R\u00fcge der Verletzung formellen und materiellen Rechts gest\u00fctzten Revision, mit der er Einwendungen gegen den Schuldspruch und den Strafausspruch erhebt. Das Rechtsmittel ist unzul\u00e4ssig.</p>\n            </dd>\n         </dl>\n         <dl class=\"RspDL\">\n            <dt/>\n            <dd>\n               <p/>\n            </dd>\n         </dl>\n         <dl class=\"RspDL\">\n            <dt>\n               <a name=\"rd_4\">4</a>\n            </dt>\n            <dd>\n               <p>Hierzu hat der Generalbundesanwalt ausgef\u00fchrt:</p>\n            </dd>\n         </dl>\n         <dl class=\"RspDL\">\n            <dt/>\n            <dd>\n               <p/>\n            </dd>\n         </dl>\n         <dl class=\"RspDL\">\n            <dt/>\n            <dd>\n               <p style=\"margin-left:36pt\">\"Ein Angeklagter kann ein gegen ihn ergangenes Urteil nicht allein deswegen anfechten, weil gegen ihn (neben der Strafe) keine Ma\u00dfregel der Besserung und Sicherung angeordnet worden ist. Denn die angeordnete Ma\u00dfregel stellt grunds\u00e4tzlich ein zus\u00e4tzliches \u00dcbel neben der Freiheitsstrafe dar. Durch das Unterlassen der Ma\u00dfregelanordnung ist ein Angeklagter daher nicht beschwert. Soweit ein Rechtsmittel die Nichtanordnung der Ma\u00dfregel beanstandet, ist es mithin unzul\u00e4ssig (BGHSt 28, 327, 330 f.; 37, 5, 7; 38, 4, 7; BGHR StGB \u00a7 64 Ablehnung 11; Meyer-Go\u00dfner StPO 53. Auflage vor \u00a7 296 Rn. 10 m.w.N.).</p>\n            </dd>\n         </dl>\n         <dl class=\"RspDL\">\n            <dt/>\n            <dd>\n               <p/>\n            </dd>\n         </dl>\n         <dl class=\"RspDL\">\n            <dt/>\n            <dd>\n               <p style=\"margin-left:36pt\">An dieser Bewertung \u00e4ndert sich auch dadurch nichts, dass vorliegend der Verteidiger des Angeklagten im Rahmen der Revisionsbegr\u00fcndung ausgef\u00fchrt hat, das Rechtsmittel richte sich 'nicht gegen die Aufhebung' (RB vom 21. Juni 2010) bzw. 'nicht gegen Fragen' (RB vom 19. Juli 2010) der Sicherungsverwahrung. Eine wirksame Revisionsbeschr\u00e4nkung kann hierin nicht liegen, da es unm\u00f6glich ist, die gesamte angefochtene Entscheidung vom Angriff eines Rechtsmittels auszunehmen. Die Revision verkennt, dass das Landgericht mit dem angegriffenen Urteil in der Hauptsache allein noch \u00fcber die Frage der Ma\u00dfregelanordnung befunden hat. Denn im \u00dcbrigen - hinsichtlich des Schuldspruchs und der verh\u00e4ngten Gesamtfreiheitsstrafe - ist die Verurteilung des Angeklagten vom 22. September 2009 aufgrund der Entscheidung des Senats vom 2. Februar 2010 bereits in Rechtskraft erwachsen und kann daher insoweit nicht mehr angefochten werden. Folglich kann der Angeklagte im neuerlichen Revisionsverfahren auch nicht mehr mit seinen Einwendungen gegen den Schuldspruch sowie die H\u00f6he der verh\u00e4ngten Strafe geh\u00f6rt werden.\"</p>\n            </dd>\n         </dl>\n         <dl class=\"RspDL\">\n            <dt/>\n            <dd>\n               <p/>\n            </dd>\n         </dl>\n         <dl class=\"RspDL\">\n            <dt>\n               <a name=\"rd_5\">5</a>\n            </dt>\n            <dd>\n               <p>Dem schlie\u00dft sich der Senat an.</p>\n            </dd>\n         </dl>\n         <dl class=\"RspDL\">\n            <dt/>\n            <dd>\n               <p/>\n            </dd>\n         </dl>\n         <dl class=\"RspDL\">\n            <dt/>\n            <dd>\n               <p>Becker\u00a0\u00a0\u00a0\u00a0\u00a0\u00a0\u00a0\u00a0\u00a0\u00a0\u00a0\u00a0\u00a0\u00a0\u00a0\u00a0\u00a0\u00a0\u00a0\u00a0\u00a0\u00a0\u00a0\u00a0\u00a0\u00a0\u00a0\u00a0\u00a0\u00a0\u00a0\u00a0Pfister\u00a0\u00a0\u00a0\u00a0\u00a0\u00a0\u00a0\u00a0\u00a0\u00a0\u00a0\u00a0\u00a0\u00a0\u00a0\u00a0\u00a0\u00a0\u00a0\u00a0\u00a0\u00a0\u00a0\u00a0\u00a0\u00a0\u00a0\u00a0\u00a0\u00a0von Lienen</p>\n            </dd>\n         </dl>\n         <dl class=\"RspDL\">\n            <dt/>\n            <dd>\n               <p>\u00a0\u00a0\u00a0\u00a0\u00a0\u00a0\u00a0\u00a0\u00a0\u00a0\u00a0\u00a0\u00a0\u00a0\u00a0\u00a0\u00a0\u00a0\u00a0Sch\u00e4fer\u00a0\u00a0\u00a0\u00a0\u00a0\u00a0\u00a0\u00a0\u00a0\u00a0\u00a0\u00a0\u00a0\u00a0\u00a0\u00a0\u00a0\u00a0\u00a0\u00a0\u00a0\u00a0\u00a0\u00a0\u00a0\u00a0\u00a0\u00a0\u00a0\u00a0\u00a0\u00a0Mayer</p>\n            </dd>\n         </dl>\n         <dl class=\"RspDL\">\n            <dt/>\n            <dd>\n               <p/>\n            </dd>\n         </dl>\n         <dl class=\"RspDL\">\n            <dt/>\n            <dd>\n               <p/>\n            </dd>\n         </dl>\n         <dl class=\"RspDL\">\n            <dt/>\n            <dd>\n               <p/>\n            </dd>\n         </dl>\n         <dl class=\"RspDL\">\n            <dt/>\n            <dd>\n               <p/>\n            </dd>\n         </dl>\n         <dl class=\"RspDL\">\n            <dt/>\n            <dd>\n               <p/>\n            </dd>\n         </dl>\n      </div>\n   ", "accessRights": "public", "gerort": "", "entschDatum": "20101007", "coverage": "Deutschland", "titel": "\n      <dl class=\"RspDL\">\n         <dt/>\n         <dd>\n            <p>Revision des Angeklagten wegen Absehens des Tatrichters von der Anordnung von Sicherungsverwahrung</p>\n         </dd>\n      </dl>\n   ", "ecli": "", "identifier": "http://www.rechtsprechung-im-internet.de/jportal/?quelle=jlink&docid=JURE100072719&psml=bsjrsprod.psml&max=true", "spruchkoerper": "3. Strafsenat", "vorinstanz": "vorgehend LG Osnabr\u00fcck, 15. Juni 2010, Az: 10 KLs 710 Js 50665/06 - 10/10, Urteil\n   ", "doknr": "JURE100072719", "abweichendeMeinung": "", "tenor": "\n      <div>\n         <dl class=\"RspDL\">\n            <dt/>\n            <dd>\n               <p>Die Revision des Angeklagten gegen das Urteil des Landgerichts\u00a0Osnabr\u00fcck vom 15. Juni 2010 wird verworfen.</p>\n            </dd>\n         </dl>\n         <dl class=\"RspDL\">\n            <dt/>\n            <dd>\n               <p/>\n            </dd>\n         </dl>\n         <dl class=\"RspDL\">\n            <dt/>\n            <dd>\n               <p>Der Beschwerdef\u00fchrer hat die Kosten des Rechtsmittels zu tragen.</p>\n            </dd>\n         </dl>\n         <dl class=\"RspDL\">\n            <dt/>\n            <dd>\n               <p/>\n            </dd>\n         </dl>\n      </div>\n   ", "regionAbk": "DEU"}