{"publisher": "BMJV", "tatbestand": "", "absaetze": [{"num": "1", "textProcessed": ["landgericht", "angeklagt", "schwer", "sexuell", "notig", "tatein", "schwer", "rauber", "erpress", "freiheitsstraf", "zwei", "jahr", "zehn", "monat", "verurteilt", "revision", "rugt", "verletz", "materiell", "recht", "rechtsmittel", "beschlussformel", "ersicht", "teilerfolg", "ubrig", "unbegrundet", "sinn", "abs", "stpo"], "text": "Das Landgericht hat den Angeklagten wegen schwerer sexueller N\u00f6tigung in Tateinheit mit schwerer r\u00e4uberischer Erpressung zu der Freiheitsstrafe von zwei Jahren und zehn Monaten verurteilt. Dessen Revision r\u00fcgt die Verletzung materiellen Rechts. Das Rechtsmittel hat den aus der Beschlussformel ersichtlichen Teilerfolg; im \u00dcbrigen ist es unbegr\u00fcndet im Sinne von \u00a7 349 Abs. 2 StPO."}, {"num": "2", "textProcessed": ["schuldspruch", "schwer", "rauber", "erpress", "bestand"], "text": "1. Der Schuldspruch auch wegen schwerer r\u00e4uberischer Erpressung hat keinen Bestand."}, {"num": "3", "textProcessed": ["feststell", "angeklagt", "geschadigt", "wohnmobil", "prostitution", "nachging", "bedroh", "ungelad", "schreckschussrevolv", "zwing", "hand", "sexuell", "befried", "liess", "preis", "ausub", "oral", "vaginalverkehr", "nenn", "erklart", "einverstand", "darauf", "liess", "geschadigt", "wohnmobil", "setzt", "bettkant", "zog", "angeklagt", "schreckschussrevolv", "hervor", "hielt", "geschadigt", "kopf", "bedeutet", "geschlechtsteil", "manipuli", "zwei", "fluchtversuch", "geschadigt", "unterband", "dadurch", "dass", "freien", "hand", "bett", "zuruckdruckt", "angst", "kam", "geschadigt", "ansinn", "schliesslich", "kurz", "zeit", "gelang", "ind", "erhob", "recht", "arm", "angeklagt", "imm", "revolv", "hielt", "hindurchzuschlupf", "wohnmobil", "verlass"], "text": "a) Nach den Feststellungen wollte der Angeklagte die Gesch\u00e4digte, die in einem Wohnmobil der Prostitution nachging, durch Bedrohung mit einem ungeladenen Schreckschussrevolver dazu zwingen, ihn mit der Hand sexuell zu befriedigen. Er lie\u00df sich von ihr die Preise f\u00fcr die Aus\u00fcbung von Oral- und Vaginalverkehr nennen und erkl\u00e4rte sich damit einverstanden. Darauf lie\u00df ihn die Gesch\u00e4digte in das Wohnmobil ein und setzte sich vor ihm auf die Bettkante. Nun zog der Angeklagte den Schreckschussrevolver hervor, hielt ihn der Gesch\u00e4digten an den Kopf und bedeutete ihr, an seinem Geschlechtsteil zu manipulieren. Zwei Fluchtversuche der Gesch\u00e4digten unterband er dadurch, dass er sie mit der freien Hand auf das Bett zur\u00fcckdr\u00fcckte. Aus Angst kam die Gesch\u00e4digte dem Ansinnen schlie\u00dflich nach. Nach kurzer Zeit gelang es ihr indes, unter dem erhobenen rechten Arm des Angeklagten, mit dem er immer noch den Revolver hielt, hindurchzuschl\u00fcpfen und das Wohnmobil zu verlassen."}, {"num": "4", "textProcessed": ["ansicht", "landgericht", "angeklagt", "geschadigt", "genotigt", "sexuell", "handlung", "vorzunehm", "abs", "abs", "nr", "stgb", "geltendmach", "forder", "hoh", "leistung", "erwunscht", "sexuell", "dien", "ublicherweis", "kostet", "verzicht", "abs", "nr", "buch", "stgb", "senat", "anschliess", "prostituiert", "vornahm", "sexuell", "handlung", "gezwung", "erwachs", "hieraus", "opf", "sexuell", "notig", "vergewalt", "anspruch", "ersatz", "tat", "entstand", "materiell", "immateriell", "schad", "abs", "abs", "satz", "bgb", "stgb", "bgb", "dienstvertrag", "anspruch", "hierdurch", "begrundet", "daran", "andert", "tat", "zunach", "vertrau", "prostituiert", "dadurch", "erschleicht", "dass", "normal", "freier", "ausgibt", "zahlungsbereitschaft", "vortauscht", "satz", "prostg", "ergibt", "gegenteil", "bestimm", "erwirbt", "prostituiert", "rechtswirksam", "forder", "sexuell", "handlung", "vorh", "vereinbart", "entgelt", "vorgenomm", "word", "ausnahmevorschrift", "abs", "bgb", "bestimmt", "wirksam", "anspruch", "prostituiert", "vereinbart", "entgelt", "trotz", "sittenwidr", "rechtsgeschaft", "anwendbar", "weitergeh", "allgemein", "regel", "dienstvertragsrecht", "abs", "bgb", "fuhrt", "vorschrift", "demgemass", "kommt", "erpress", "prostituiert", "form", "dass", "verzicht", "vereinbart", "entgelt", "abgenotigt", "erst", "betracht", "abgesproch", "sexuell", "handlung", "einvernehm", "vorgenomm", "word"], "text": "b) Der Ansicht des Landgerichts, damit habe der Angeklagte die Gesch\u00e4digte nicht nur gen\u00f6tigt, sexuelle Handlungen an ihm vorzunehmen (\u00a7 177 Abs. 1, Abs. 3 Nr. 2 StGB), sondern auch dazu, auf die Geltendmachung einer Forderung in H\u00f6he dessen, was \"die Leistung des erw\u00fcnschten sexuellen Dienstes \u2026 \u00fcblicherweise kostet\", zu verzichten (\u00a7 250 Abs. 1 Nr. 1 Buchst. b, \u00a7\u00a7 253, 255 StGB), kann sich der Senat nicht anschlie\u00dfen. Wird eine Prostituierte zur Vornahme sexueller Handlungen gezwungen, so erwachsen ihr hieraus, wie jedem Opfer einer sexuellen N\u00f6tigung oder Vergewaltigung, Anspr\u00fcche auf Ersatz des ihr durch die Tat entstandenen materiellen und immateriellen Schadens (\u00a7 823 Abs. 1, Abs. 2 Satz 1 BGB i.V.m. \u00a7 177 StGB, \u00a7\u00a7 249, 253 BGB). Dienstvertragliche Anspr\u00fcche werden hierdurch nicht begr\u00fcndet. Daran \u00e4ndert sich auch nichts, wenn der T\u00e4ter zun\u00e4chst das Vertrauen der Prostituierten dadurch erschleicht, dass er sich als normaler Freier ausgibt und Zahlungsbereitschaft vort\u00e4uscht. Aus \u00a7 1 Satz 1 ProstG ergibt sich nichts Gegenteiliges. Nach dieser Bestimmung erwirbt eine Prostituierte nur dann eine rechtswirksame Forderung, wenn die sexuellen Handlungen gegen ein vorher vereinbartes Entgelt vorgenommen worden sind. Sie ist Ausnahmevorschrift zu \u00a7 138 Abs. 1 BGB und bestimmt die Wirksamkeit des Anspruchs der Prostituierten auf das vereinbarte Entgelt trotz Sittenwidrigkeit des Rechtsgesch\u00e4fts. Zur Anwendbarkeit weitergehender allgemeiner Regelungen des Dienstvertragsrechts, wie \u00a7 612 Abs. 1 und 2 BGB, f\u00fchrt die Vorschrift nicht. Demgem\u00e4\u00df kommt die Erpressung einer Prostituierten in der Form, dass ihr der Verzicht auf das vereinbarte Entgelt abgen\u00f6tigt wird, erst dann in Betracht, wenn die abgesprochene sexuelle Handlung einvernehmlich vorgenommen worden ist."}, {"num": "5", "textProcessed": ["ersicht", "fall", "geschadigt", "manipulation", "geschlechtsteil", "angeklagt", "einvernehm", "erwart", "zugesagt", "entlohn", "vorgenomm", "wurd", "hierzu", "gezwung", "danach", "bedarf", "nah", "betracht", "flucht", "geschadigt", "uberhaupt", "verzicht", "zusteh", "werthalt", "vgl", "bgh", "beschluss", "august", "str", "nstz", "forder", "gewertet"], "text": "Dies war hier ersichtlich nicht der Fall; denn die Gesch\u00e4digte hat die Manipulationen am Geschlechtsteil des Angeklagten nicht einvernehmlich in der Erwartung einer zugesagten Entlohnung vorgenommen, sondern wurde hierzu gegen ihren Willen gezwungen. Danach bedarf es keiner n\u00e4heren Betrachtung, ob die Flucht der Gesch\u00e4digten \u00fcberhaupt als Verzicht auf eine ihr zustehende - werthaltige (vgl. BGH, Beschluss vom 17. August 2006 - 3 StR 279/06, NStZ 2007, 95 f.) - Forderung gewertet werden k\u00f6nnte."}, {"num": "6", "textProcessed": ["verurteil", "angeklagt", "versucht", "schwer", "rauber", "erpress", "kommt", "betracht", "grundsatz", "denkbar", "dass", "tat", "irrtum", "davon", "ausgeht", "opf", "abgepresst", "handlung", "duldung", "unterlass", "rechtswidr", "bereich", "versucht", "erpress", "schuldig", "macht", "untaug", "versuch", "etwa", "bgh", "urteil", "septemb", "str", "nstz", "landgericht", "ausdruck", "festgestellt", "angeklagt", "sei", "tat", "neb", "erzwing", "sexuell", "handlung", "darum", "gegang", "geschadigt", "verzicht", "manuell", "stimulation", "ublich", "dirnenlohn", "notig", "feststell", "findet", "ind", "beweiswurd", "stutz", "worauf", "landgericht", "entsprech", "uberzeug", "grundet", "dargelegt", "hatt", "bedurft", "entsprech", "uberleg", "sexualstraftat", "mehr", "fern", "lieg", "dass", "erneut", "hauptverhandl", "derart", "subjektiv", "vorstell", "angeklagt", "belegbar", "erscheint", "ausgeschloss", "recht", "rechtsprech", "literatur", "soweit", "ersicht", "bish", "erwog", "word", "tat", "gewalt", "sexual", "sonstig", "nichtvermogensdelikt", "opf", "notigt", "tat", "flieh", "flucht", "tat", "duld", "konn", "desweg", "erpress", "schuldig", "gemacht", "hierdurch", "opf", "verzicht", "tat", "begrundet", "schadenersatz", "schmerzensgeldanspruch", "gezwung", "senat", "lasst", "dah", "verurteil", "schwer", "rauber", "erpress", "entfall", "andert", "schuldspruch", "entsprech", "ab"], "text": "Auch eine Verurteilung des Angeklagten wegen versuchter schwerer r\u00e4uberischer Erpressung kommt nicht in Betracht. Zwar ist es grunds\u00e4tzlich denkbar, dass sich der T\u00e4ter, der irrt\u00fcmlich davon ausgeht, er werde sich durch die dem Opfer abgepresste Handlung, Duldung oder Unterlassung rechtswidrig bereichern, der versuchten Erpressung schuldig macht (untauglicher Versuch; s. etwa BGH, Urteil vom 20. September 2007 - 3 StR 274/07, NStZ 2008, 214). Auch hat das Landgericht ausdr\u00fccklich festgestellt, dem Angeklagten sei es bei der Tat neben der Erzwingung der sexuellen Handlung auch darum gegangen, die Gesch\u00e4digte zum Verzicht auf den f\u00fcr die manuelle Stimulation \"\u00fcblichen Dirnenlohn\" zu n\u00f6tigen. Diese Feststellung findet indes in der Beweisw\u00fcrdigung keine St\u00fctze. Worauf das Landgericht seine entsprechende \u00dcberzeugung gr\u00fcndet, wird nicht dargelegt. Dessen h\u00e4tte es aber bedurft, da entsprechende \u00dcberlegungen eines Sexualstraft\u00e4ters mehr als fern liegen. Dass in einer erneuten Hauptverhandlung eine derartige subjektive Vorstellung des Angeklagten noch belegbar sein wird, erscheint ausgeschlossen. Mit Recht ist in Rechtsprechung und Literatur - soweit ersichtlich - bisher auch nicht erwogen worden, der T\u00e4ter eines Gewalt-, Sexual- oder sonstigen Nichtverm\u00f6gensdelikts, der sein Opfer n\u00f6tigt, nach der Tat zu fliehen oder die Flucht des T\u00e4ters zu dulden, k\u00f6nne sich deswegen der Erpressung schuldig gemacht haben, weil er hierdurch das Opfer zum Verzicht auf die durch die Tat begr\u00fcndeten Schadenersatz- und/oder Schmerzensgeldanspr\u00fcche gezwungen habe. Der Senat l\u00e4sst daher die Verurteilung wegen schwerer r\u00e4uberischer Erpressung entfallen und \u00e4ndert den Schuldspruch entsprechend ab."}, {"num": "7", "textProcessed": ["abander", "schuldspruch", "fuhrt", "aufheb", "strafausspruch", "auszuschliess", "dass", "bemess", "straf", "annahm", "beruht", "angeklagt", "tateinheit", "schwer", "sexuell", "notig", "weit", "verbrechenstatbestand", "verwirklicht", "ua", "zugehor", "feststell", "hatt", "wertungsfehl", "einfluss", "deshalb", "aufrechterhalt", "bleib"], "text": "2. Die Ab\u00e4nderung des Schuldspruchs f\u00fchrt zur Aufhebung des Strafausspruchs, denn es ist nicht auszuschlie\u00dfen, dass die Bemessung der Strafe auf der Annahme beruht, der Angeklagte habe tateinheitlich zur schweren sexuellen N\u00f6tigung einen weiteren Verbrechenstatbestand verwirklicht (s. UA S. 15). Auf die zugeh\u00f6rigen Feststellungen h\u00e4tte dieser Wertungsfehler keinen Einfluss; sie k\u00f6nnen deshalb aufrechterhalten bleiben."}], "norm": ["\u00a7 1 S 1 ProstG", "\u00a7 177 StGB", "\u00a7 250 Buchst b StGB", "\u00a7 253 StGB", "\u00a7 255 StGB", "\u00a7 138  BGB", "\u00a7 249 BGB", "\u00a7 253 BGB", "\u00a7 612  BGB", "\u00a7 612  BGB", "\u00a7 823  BGB", "\u00a7 823 S 1  BGB"], "doktyp": "Beschluss", "regionLong": "Bundesrepublik Deutschland", "sonstlt": "", "gruendeProcessed": ["landgericht", "angeklagt", "schwer", "sexuell", "notig", "tatein", "schwer", "rauber", "erpress", "freiheitsstraf", "zwei", "jahr", "zehn", "monat", "verurteilt", "revision", "rugt", "verletz", "materiell", "recht", "rechtsmittel", "beschlussformel", "ersicht", "teilerfolg", "ubrig", "unbegrundet", "sinn", "abs", "stpo", "schuldspruch", "schwer", "rauber", "erpress", "bestand", "feststell", "angeklagt", "geschadigt", "wohnmobil", "prostitution", "nachging", "bedroh", "ungelad", "schreckschussrevolv", "zwing", "hand", "sexuell", "befried", "liess", "preis", "ausub", "oral", "vaginalverkehr", "nenn", "erklart", "einverstand", "darauf", "liess", "geschadigt", "wohnmobil", "setzt", "bettkant", "zog", "angeklagt", "schreckschussrevolv", "hervor", "hielt", "geschadigt", "kopf", "bedeutet", "geschlechtsteil", "manipuli", "zwei", "fluchtversuch", "geschadigt", "unterband", "dadurch", "dass", "freien", "hand", "bett", "zuruckdruckt", "angst", "kam", "geschadigt", "ansinn", "schliesslich", "kurz", "zeit", "gelang", "ind", "erhob", "recht", "arm", "angeklagt", "imm", "revolv", "hielt", "hindurchzuschlupf", "wohnmobil", "verlass", "ansicht", "landgericht", "angeklagt", "geschadigt", "genotigt", "sexuell", "handlung", "vorzunehm", "abs", "abs", "nr", "stgb", "geltendmach", "forder", "hoh", "leistung", "erwunscht", "sexuell", "dien", "ublicherweis", "kostet", "verzicht", "abs", "nr", "buch", "stgb", "senat", "anschliess", "prostituiert", "vornahm", "sexuell", "handlung", "gezwung", "erwachs", "hieraus", "opf", "sexuell", "notig", "vergewalt", "anspruch", "ersatz", "tat", "entstand", "materiell", "immateriell", "schad", "abs", "abs", "satz", "bgb", "stgb", "bgb", "dienstvertrag", "anspruch", "hierdurch", "begrundet", "daran", "andert", "tat", "zunach", "vertrau", "prostituiert", "dadurch", "erschleicht", "dass", "normal", "freier", "ausgibt", "zahlungsbereitschaft", "vortauscht", "satz", "prostg", "ergibt", "gegenteil", "bestimm", "erwirbt", "prostituiert", "rechtswirksam", "forder", "sexuell", "handlung", "vorh", "vereinbart", "entgelt", "vorgenomm", "word", "ausnahmevorschrift", "abs", "bgb", "bestimmt", "wirksam", "anspruch", "prostituiert", "vereinbart", "entgelt", "trotz", "sittenwidr", "rechtsgeschaft", "anwendbar", "weitergeh", "allgemein", "regel", "dienstvertragsrecht", "abs", "bgb", "fuhrt", "vorschrift", "demgemass", "kommt", "erpress", "prostituiert", "form", "dass", "verzicht", "vereinbart", "entgelt", "abgenotigt", "erst", "betracht", "abgesproch", "sexuell", "handlung", "einvernehm", "vorgenomm", "word", "ersicht", "fall", "geschadigt", "manipulation", "geschlechtsteil", "angeklagt", "einvernehm", "erwart", "zugesagt", "entlohn", "vorgenomm", "wurd", "hierzu", "gezwung", "danach", "bedarf", "nah", "betracht", "flucht", "geschadigt", "uberhaupt", "verzicht", "zusteh", "werthalt", "vgl", "bgh", "beschluss", "august", "str", "nstz", "forder", "gewertet", "verurteil", "angeklagt", "versucht", "schwer", "rauber", "erpress", "kommt", "betracht", "grundsatz", "denkbar", "dass", "tat", "irrtum", "davon", "ausgeht", "opf", "abgepresst", "handlung", "duldung", "unterlass", "rechtswidr", "bereich", "versucht", "erpress", "schuldig", "macht", "untaug", "versuch", "etwa", "bgh", "urteil", "septemb", "str", "nstz", "landgericht", "ausdruck", "festgestellt", "angeklagt", "sei", "tat", "neb", "erzwing", "sexuell", "handlung", "darum", "gegang", "geschadigt", "verzicht", "manuell", "stimulation", "ublich", "dirnenlohn", "notig", "feststell", "findet", "ind", "beweiswurd", "stutz", "worauf", "landgericht", "entsprech", "uberzeug", "grundet", "dargelegt", "hatt", "bedurft", "entsprech", "uberleg", "sexualstraftat", "mehr", "fern", "lieg", "dass", "erneut", "hauptverhandl", "derart", "subjektiv", "vorstell", "angeklagt", "belegbar", "erscheint", "ausgeschloss", "recht", "rechtsprech", "literatur", "soweit", "ersicht", "bish", "erwog", "word", "tat", "gewalt", "sexual", "sonstig", "nichtvermogensdelikt", "opf", "notigt", "tat", "flieh", "flucht", "tat", "duld", "konn", "desweg", "erpress", "schuldig", "gemacht", "hierdurch", "opf", "verzicht", "tat", "begrundet", "schadenersatz", "schmerzensgeldanspruch", "gezwung", "senat", "lasst", "dah", "verurteil", "schwer", "rauber", "erpress", "entfall", "andert", "schuldspruch", "entsprech", "ab", "abander", "schuldspruch", "fuhrt", "aufheb", "strafausspruch", "auszuschliess", "dass", "bemess", "straf", "annahm", "beruht", "angeklagt", "tateinheit", "schwer", "sexuell", "notig", "weit", "verbrechenstatbestand", "verwirklicht", "ua", "zugehor", "feststell", "hatt", "wertungsfehl", "einfluss", "deshalb", "aufrechterhalt", "bleib", "beck", "lien", "hubert", "schaf", "may"], "mitwirkung": "", "aktenzeichen": "3 StR 467/10", "language": "deutsch", "gertyp": "BGH", "leitsatz": "", "gruende": "\n      <div>\n         <dl class=\"RspDL\">\n            <dt>\n               <a name=\"rd_1\">1</a>\n            </dt>\n            <dd>\n               <p>Das Landgericht hat den Angeklagten wegen schwerer sexueller N\u00f6tigung in Tateinheit mit schwerer r\u00e4uberischer Erpressung zu der Freiheitsstrafe von zwei Jahren und zehn Monaten verurteilt. Dessen Revision r\u00fcgt die Verletzung materiellen Rechts. Das Rechtsmittel hat den aus der Beschlussformel ersichtlichen Teilerfolg; im \u00dcbrigen ist es unbegr\u00fcndet im Sinne von \u00a7 349 Abs. 2 StPO.</p>\n            </dd>\n         </dl>\n         <dl class=\"RspDL\">\n            <dt/>\n            <dd>\n               <p/>\n            </dd>\n         </dl>\n         <dl class=\"RspDL\">\n            <dt>\n               <a name=\"rd_2\">2</a>\n            </dt>\n            <dd>\n               <p>1. Der Schuldspruch auch wegen schwerer r\u00e4uberischer Erpressung hat keinen Bestand.</p>\n            </dd>\n         </dl>\n         <dl class=\"RspDL\">\n            <dt/>\n            <dd>\n               <p/>\n            </dd>\n         </dl>\n         <dl class=\"RspDL\">\n            <dt>\n               <a name=\"rd_3\">3</a>\n            </dt>\n            <dd>\n               <p>a) Nach den Feststellungen wollte der Angeklagte die Gesch\u00e4digte, die in einem Wohnmobil der Prostitution nachging, durch Bedrohung mit einem ungeladenen Schreckschussrevolver dazu zwingen, ihn mit der Hand sexuell zu befriedigen. Er lie\u00df sich von ihr die Preise f\u00fcr die Aus\u00fcbung von Oral- und Vaginalverkehr nennen und erkl\u00e4rte sich damit einverstanden. Darauf lie\u00df ihn die Gesch\u00e4digte in das Wohnmobil ein und setzte sich vor ihm auf die Bettkante. Nun zog der Angeklagte den Schreckschussrevolver hervor, hielt ihn der Gesch\u00e4digten an den Kopf und bedeutete ihr, an seinem Geschlechtsteil zu manipulieren. Zwei Fluchtversuche der Gesch\u00e4digten unterband er dadurch, dass er sie mit der freien Hand auf das Bett zur\u00fcckdr\u00fcckte. Aus Angst kam die Gesch\u00e4digte dem Ansinnen schlie\u00dflich nach. Nach kurzer Zeit gelang es ihr indes, unter dem erhobenen rechten Arm des Angeklagten, mit dem er immer noch den Revolver hielt, hindurchzuschl\u00fcpfen und das Wohnmobil zu verlassen.</p>\n            </dd>\n         </dl>\n         <dl class=\"RspDL\">\n            <dt/>\n            <dd>\n               <p/>\n            </dd>\n         </dl>\n         <dl class=\"RspDL\">\n            <dt>\n               <a name=\"rd_4\">4</a>\n            </dt>\n            <dd>\n               <p>b) Der Ansicht des Landgerichts, damit habe der Angeklagte die Gesch\u00e4digte nicht nur gen\u00f6tigt, sexuelle Handlungen an ihm vorzunehmen (\u00a7 177 Abs. 1, Abs. 3 Nr. 2 StGB), sondern auch dazu, auf die Geltendmachung einer Forderung in H\u00f6he dessen, was \"die Leistung des erw\u00fcnschten sexuellen Dienstes \u2026 \u00fcblicherweise kostet\", zu verzichten (\u00a7 250 Abs. 1 Nr. 1 Buchst. b, \u00a7\u00a7 253, 255 StGB), kann sich der Senat nicht anschlie\u00dfen. Wird eine Prostituierte zur Vornahme sexueller Handlungen gezwungen, so erwachsen ihr hieraus, wie jedem Opfer einer sexuellen N\u00f6tigung oder Vergewaltigung, Anspr\u00fcche auf Ersatz des ihr durch die Tat entstandenen materiellen und immateriellen Schadens (\u00a7 823 Abs. 1, Abs. 2 Satz 1 BGB i.V.m. \u00a7 177 StGB, \u00a7\u00a7 249, 253 BGB). Dienstvertragliche Anspr\u00fcche werden hierdurch nicht begr\u00fcndet. Daran \u00e4ndert sich auch nichts, wenn der T\u00e4ter zun\u00e4chst das Vertrauen der Prostituierten dadurch erschleicht, dass er sich als normaler Freier ausgibt und Zahlungsbereitschaft vort\u00e4uscht. Aus \u00a7 1 Satz 1 ProstG ergibt sich nichts Gegenteiliges. Nach dieser Bestimmung erwirbt eine Prostituierte nur dann eine rechtswirksame Forderung, wenn die sexuellen Handlungen gegen ein vorher vereinbartes Entgelt vorgenommen worden sind. Sie ist Ausnahmevorschrift zu \u00a7 138 Abs. 1 BGB und bestimmt die Wirksamkeit des Anspruchs der Prostituierten auf das vereinbarte Entgelt trotz Sittenwidrigkeit des Rechtsgesch\u00e4fts. Zur Anwendbarkeit weitergehender allgemeiner Regelungen des Dienstvertragsrechts, wie \u00a7 612 Abs. 1 und 2 BGB, f\u00fchrt die Vorschrift nicht. Demgem\u00e4\u00df kommt die Erpressung einer Prostituierten in der Form, dass ihr der Verzicht auf das vereinbarte Entgelt abgen\u00f6tigt wird, erst dann in Betracht, wenn die abgesprochene sexuelle Handlung einvernehmlich vorgenommen worden ist.</p>\n            </dd>\n         </dl>\n         <dl class=\"RspDL\">\n            <dt/>\n            <dd>\n               <p/>\n            </dd>\n         </dl>\n         <dl class=\"RspDL\">\n            <dt>\n               <a name=\"rd_5\">5</a>\n            </dt>\n            <dd>\n               <p>Dies war hier ersichtlich nicht der Fall; denn die Gesch\u00e4digte hat die Manipulationen am Geschlechtsteil des Angeklagten nicht einvernehmlich in der Erwartung einer zugesagten Entlohnung vorgenommen, sondern wurde hierzu gegen ihren Willen gezwungen. Danach bedarf es keiner n\u00e4heren Betrachtung, ob die Flucht der Gesch\u00e4digten \u00fcberhaupt als Verzicht auf eine ihr zustehende - werthaltige (vgl. BGH, Beschluss vom 17. August 2006 - 3 StR 279/06, NStZ 2007, 95 f.) - Forderung gewertet werden k\u00f6nnte.</p>\n            </dd>\n         </dl>\n         <dl class=\"RspDL\">\n            <dt/>\n            <dd>\n               <p/>\n            </dd>\n         </dl>\n         <dl class=\"RspDL\">\n            <dt>\n               <a name=\"rd_6\">6</a>\n            </dt>\n            <dd>\n               <p>Auch eine Verurteilung des Angeklagten wegen versuchter schwerer r\u00e4uberischer Erpressung kommt nicht in Betracht. Zwar ist es grunds\u00e4tzlich denkbar, dass sich der T\u00e4ter, der irrt\u00fcmlich davon ausgeht, er werde sich durch die dem Opfer abgepresste Handlung, Duldung oder Unterlassung rechtswidrig bereichern, der versuchten Erpressung schuldig macht (untauglicher Versuch; s. etwa BGH, Urteil vom 20. September 2007 - 3 StR 274/07, NStZ 2008, 214). Auch hat das Landgericht ausdr\u00fccklich festgestellt, dem Angeklagten sei es bei der Tat neben der Erzwingung der sexuellen Handlung auch darum gegangen, die Gesch\u00e4digte zum Verzicht auf den f\u00fcr die manuelle Stimulation \"\u00fcblichen Dirnenlohn\" zu n\u00f6tigen. Diese Feststellung findet indes in der Beweisw\u00fcrdigung keine St\u00fctze. Worauf das Landgericht seine entsprechende \u00dcberzeugung gr\u00fcndet, wird nicht dargelegt. Dessen h\u00e4tte es aber bedurft, da entsprechende \u00dcberlegungen eines Sexualstraft\u00e4ters mehr als fern liegen. Dass in einer erneuten Hauptverhandlung eine derartige subjektive Vorstellung des Angeklagten noch belegbar sein wird, erscheint ausgeschlossen. Mit Recht ist in Rechtsprechung und Literatur - soweit ersichtlich - bisher auch nicht erwogen worden, der T\u00e4ter eines Gewalt-, Sexual- oder sonstigen Nichtverm\u00f6gensdelikts, der sein Opfer n\u00f6tigt, nach der Tat zu fliehen oder die Flucht des T\u00e4ters zu dulden, k\u00f6nne sich deswegen der Erpressung schuldig gemacht haben, weil er hierdurch das Opfer zum Verzicht auf die durch die Tat begr\u00fcndeten Schadenersatz- und/oder Schmerzensgeldanspr\u00fcche gezwungen habe. Der Senat l\u00e4sst daher die Verurteilung wegen schwerer r\u00e4uberischer Erpressung entfallen und \u00e4ndert den Schuldspruch entsprechend ab.</p>\n            </dd>\n         </dl>\n         <dl class=\"RspDL\">\n            <dt/>\n            <dd>\n               <p/>\n            </dd>\n         </dl>\n         <dl class=\"RspDL\">\n            <dt>\n               <a name=\"rd_7\">7</a>\n            </dt>\n            <dd>\n               <p>2. Die Ab\u00e4nderung des Schuldspruchs f\u00fchrt zur Aufhebung des Strafausspruchs, denn es ist nicht auszuschlie\u00dfen, dass die Bemessung der Strafe auf der Annahme beruht, der Angeklagte habe tateinheitlich zur schweren sexuellen N\u00f6tigung einen weiteren Verbrechenstatbestand verwirklicht (s. UA S. 15). Auf die zugeh\u00f6rigen Feststellungen h\u00e4tte dieser Wertungsfehler keinen Einfluss; sie k\u00f6nnen deshalb aufrechterhalten bleiben.</p>\n            </dd>\n         </dl>\n         <dl class=\"RspDL\">\n            <dt/>\n            <dd>\n               <p/>\n            </dd>\n         </dl>\n         <dl class=\"RspDL\">\n            <dt/>\n            <dd>\n               <p style=\"text-align:left\">Becker\u00a0\u00a0\u00a0\u00a0\u00a0\u00a0\u00a0\u00a0\u00a0\u00a0\u00a0\u00a0\u00a0\u00a0\u00a0\u00a0\u00a0\u00a0\u00a0\u00a0\u00a0\u00a0\u00a0\u00a0\u00a0\u00a0\u00a0\u00a0\u00a0\u00a0von Lienen\u00a0\u00a0\u00a0\u00a0\u00a0\u00a0\u00a0\u00a0\u00a0\u00a0\u00a0\u00a0\u00a0\u00a0\u00a0\u00a0\u00a0\u00a0\u00a0\u00a0\u00a0\u00a0\u00a0\u00a0\u00a0\u00a0\u00a0\u00a0\u00a0\u00a0Hubert</p>\n            </dd>\n         </dl>\n         <dl class=\"RspDL\">\n            <dt/>\n            <dd>\n               <p style=\"text-align:left\">\u00a0\u00a0\u00a0\u00a0\u00a0\u00a0\u00a0\u00a0\u00a0\u00a0\u00a0\u00a0\u00a0\u00a0\u00a0\u00a0\u00a0\u00a0\u00a0Sch\u00e4fer\u00a0\u00a0\u00a0\u00a0\u00a0\u00a0\u00a0\u00a0\u00a0\u00a0\u00a0\u00a0\u00a0\u00a0\u00a0\u00a0\u00a0\u00a0\u00a0\u00a0\u00a0\u00a0\u00a0\u00a0\u00a0\u00a0\u00a0\u00a0\u00a0\u00a0\u00a0\u00a0\u00a0\u00a0\u00a0\u00a0Mayer</p>\n            </dd>\n         </dl>\n         <dl class=\"RspDL\">\n            <dt/>\n            <dd>\n               <p/>\n            </dd>\n         </dl>\n      </div>\n   ", "accessRights": "public", "gerort": "", "entschDatum": "20110118", "coverage": "Deutschland", "titel": "\n      <dl class=\"RspDL\">\n         <dt/>\n         <dd>\n            <p>Schwere r\u00e4uberische Erpressung: Voraussetzungen einer Erpressung einer Prostituierten</p>\n         </dd>\n      </dl>\n   ", "ecli": "", "identifier": "http://www.rechtsprechung-im-internet.de/jportal/?quelle=jlink&docid=JURE110003222&psml=bsjrsprod.psml&max=true", "spruchkoerper": "3. Strafsenat", "vorinstanz": "vorgehend LG Hannover, 16. August 2010, Az: 46 KLs 12/10, Urteil\n   ", "doknr": "JURE110003222", "abweichendeMeinung": "", "tenor": "\n      <div>\n         <dl class=\"RspDL\">\n            <dt/>\n            <dd>\n               <p>1. Auf die Revision des Angeklagten wird das Urteil des Landgerichts Hannover vom 16. August 2010</p>\n            </dd>\n         </dl>\n         <dl class=\"RspDL\">\n            <dt/>\n            <dd>\n               <p/>\n            </dd>\n         </dl>\n         <dl class=\"RspDL\">\n            <dt/>\n            <dd>\n               <p style=\"margin-left:18pt\">- im Schuldspruch dahin abge\u00e4ndert, dass der Angeklagte der schweren sexuellen N\u00f6tigung schuldig ist;</p>\n            </dd>\n         </dl>\n         <dl class=\"RspDL\">\n            <dt/>\n            <dd>\n               <p style=\"margin-left:18pt\"/>\n            </dd>\n         </dl>\n         <dl class=\"RspDL\">\n            <dt/>\n            <dd>\n               <p style=\"margin-left:18pt\">- im Strafausspruch aufgehoben; jedoch bleiben die zugeh\u00f6rigen Feststellungen aufrechterhalten.</p>\n            </dd>\n         </dl>\n         <dl class=\"RspDL\">\n            <dt/>\n            <dd>\n               <p/>\n            </dd>\n         </dl>\n         <dl class=\"RspDL\">\n            <dt/>\n            <dd>\n               <p>Im Umfang der Aufhebung wird die Sache zu neuer Verhandlung und Entscheidung, auch \u00fcber die Kosten des Rechtsmittels, an eine andere Strafkammer des Landgerichts zur\u00fcckverwiesen.</p>\n            </dd>\n         </dl>\n         <dl class=\"RspDL\">\n            <dt/>\n            <dd>\n               <p/>\n            </dd>\n         </dl>\n         <dl class=\"RspDL\">\n            <dt/>\n            <dd>\n               <p>2. Die weitergehende Revision wird verworfen.</p>\n            </dd>\n         </dl>\n         <dl class=\"RspDL\">\n            <dt/>\n            <dd>\n               <p/>\n            </dd>\n         </dl>\n      </div>\n   ", "regionAbk": "DEU"}