{"publisher": "BMJV", "tatbestand": "", "absaetze": [{"num": "1", "textProcessed": ["wiedereinsetzungsantrag", "unzulass"], "text": "Der Wiedereinsetzungsantrag ist unzul\u00e4ssig."}, {"num": "2", "textProcessed": ["wiedereinsetz", "vorig", "stand", "antrag", "demjen", "gewahr", "verschuld", "verhindert", "frist", "einzuhalt", "satz", "stpo", "antrag", "wiedereinsetz", "binn", "woch", "wegfall", "hindernis", "stell", "satz", "stpo", "dah", "angab", "zeitpunkt", "wegfall", "hindernis", "enthalt", "vgl", "mey", "gossn", "stpo", "aufl", "rn", "fern", "gesuchstell", "tatsach", "glaubhaft", "entscheid", "zulass", "begrundet", "gesuch", "bedeut", "abs", "stpo", "mey", "gossn", "aao", "rn", "zulassigkeitsvoraussetz", "fehlt"], "text": "Wiedereinsetzung in den vorigen Stand ist auf Antrag demjenigen zu gew\u00e4hren, der ohne Verschulden verhindert war, eine Frist einzuhalten (\u00a7 44 Satz 1 StPO). Der Antrag auf Wiedereinsetzung ist binnen einer Woche nach Wegfall des Hindernisses zu stellen (\u00a7 45 Satz 1 StPO) und muss daher auch Angaben \u00fcber den Zeitpunkt des Wegfalls des Hindernisses enthalten (vgl. Meyer-Go\u00dfner, StPO, 53. Aufl., \u00a7 45 Rn. 5). Ferner hat der Gesuchsteller alle Tatsachen glaubhaft zu machen, die f\u00fcr die Entscheidung \u00fcber die Zul\u00e4ssigkeit und Begr\u00fcndetheit seines Gesuchs von Bedeutung sind (\u00a7 45 Abs. 2 StPO; Meyer-Go\u00dfner aaO, Rn. 6). An diesen Zul\u00e4ssigkeitsvoraussetzungen fehlt es."}, {"num": "3", "textProcessed": ["generalbundesanwalt", "antragsschrift", "hierzu", "ausgefuhrt"], "text": "Der Generalbundesanwalt hat in seiner Antragsschrift hierzu ausgef\u00fchrt:"}, {"num": "4", "textProcessed": ["schliesst", "senat", "soweit", "antragstell", "glaubhaftmach", "zeitpunkt", "hinderniswegfall", "jahr", "abzufordernd", "erklar", "instanzverteid", "benennt", "schon", "deshalb", "ausreich", "verteid", "verurteilt", "eingetret", "ereignis", "ersicht", "mitteil", "konnt", "deshalb", "dahinsteh", "antragstell", "erwider", "antrag", "generalbundesanwalt", "vortragt", "benenn", "erklar", "instanzverteid", "mittel", "glaubhaftmach", "erklar", "geleg", "benannt", "person", "vernehm", "ubrig", "antragstell", "damal", "pflichtverteid", "fruh", "wahlverteid", "wiedereinsetzungsgesuch", "entgeg", "beauftrag", "verurteilt", "begrund", "revision", "versaumt", "verschwiegenheitspflicht", "entbund", "vgl", "bgh", "beschluss", "juli", "str", "nstz", "schliesslich", "reicht", "bloss", "benenn", "zeug", "glaubhaftmach", "gleichzeit", "dargetan", "schriftlich", "bestat", "verweigert", "sei", "unverzug", "erreichbar", "handel", "saumnis", "verantwort", "beamt", "vgl", "kk", "maul", "aufl", "rn", "vorlieg", "fall"], "text": "Dem schlie\u00dft sich der Senat an. Soweit der Antragsteller zur Glaubhaftmachung des Zeitpunktes des Hinderniswegfalls \"im Jahre 2010\" (\"abzufordernde\") Erkl\u00e4rungen seiner Instanzverteidiger benennt, ist dies schon deshalb nicht ausreichend, weil diese Verteidiger zu dem bei dem Verurteilten eingetretenen Ereignis ersichtlich nichts mitteilen k\u00f6nnten. Deshalb kann auch dahinstehen, ob - wie der Antragsteller in seiner Erwiderung zum Antrag des Generalbundesanwalts vortr\u00e4gt - in der Benennung der Erkl\u00e4rungen der Instanzverteidiger als Mittel der Glaubhaftmachung die Erkl\u00e4rung gelegen hat, die benannten Personen zu vernehmen. Im \u00dcbrigen hat der Antragsteller zwar seinen damaligen Pflichtverteidiger, nicht aber seinen fr\u00fcheren Wahlverteidiger, der nach dem Wiedereinsetzungsgesuch entgegen der Beauftragung durch den Verurteilten die Begr\u00fcndung der Revision vers\u00e4umt haben soll, von der Verschwiegenheitspflicht entbunden (vgl. BGH, Beschluss vom 17. Juli 2003\u00a0\u00a0- 3 StR 142/03, NStZ 2004, 166). Schlie\u00dflich reicht die blo\u00dfe Benennung eines Zeugen zur Glaubhaftmachung nur dann, wenn gleichzeitig dargetan wird, dieser habe eine schriftliche Best\u00e4tigung verweigert, er sei nicht unverz\u00fcglich erreichbar oder es handele sich um einen f\u00fcr die S\u00e4umnis verantwortlichen Beamten (vgl. KK-Maul, 6. Aufl., \u00a7 45 Rn. 11). Solches ist vorliegend nicht der Fall."}, {"num": "5", "textProcessed": ["entscheid", "wiedereinsetzungsgesuch", "erhob", "bewahrungsbeschluss", "landgericht", "gerichtet", "beschwerd", "antragstell", "senat", "zustand", "abs", "stpo", "vgl", "kk", "engelhardt", "aao", "rn"], "text": "F\u00fcr die Entscheidung \u00fcber die mit dem Wiedereinsetzungsgesuch erhobene, gegen den Bew\u00e4hrungsbeschluss des Landgerichts gerichtete Beschwerde des Antragstellers ist der Senat nicht zust\u00e4ndig (\u00a7 305a Abs. 2 StPO; vgl. KK-Engelhardt, aaO, \u00a7 305a Rn. 17 f.)."}], "norm": ["\u00a7 44 S 1  StPO", "\u00a7 45 S 1 StPO"], "doktyp": "Beschluss", "regionLong": "Bundesrepublik Deutschland", "sonstlt": "", "gruendeProcessed": ["wiedereinsetzungsantrag", "unzulass", "wiedereinsetz", "vorig", "stand", "antrag", "demjen", "gewahr", "verschuld", "verhindert", "frist", "einzuhalt", "satz", "stpo", "antrag", "wiedereinsetz", "binn", "woch", "wegfall", "hindernis", "stell", "satz", "stpo", "dah", "angab", "zeitpunkt", "wegfall", "hindernis", "enthalt", "vgl", "mey", "gossn", "stpo", "aufl", "rn", "fern", "gesuchstell", "tatsach", "glaubhaft", "entscheid", "zulass", "begrundet", "gesuch", "bedeut", "abs", "stpo", "mey", "gossn", "aao", "rn", "zulassigkeitsvoraussetz", "fehlt", "generalbundesanwalt", "antragsschrift", "hierzu", "ausgefuhrt", "antrag", "enthalt", "angab", "wann", "hindernis", "fristwahr", "entgegenstand", "wegfiel", "senat", "beschluss", "april", "str", "bgh", "nstz", "bghr", "stpo", "abs", "tatsachenvortrag", "mey", "gossn", "stpo", "aufl", "rn", "verteid", "vorgetrag", "verwerf", "revision", "sei", "verurteilt", "erstmal", "jahr", "zugestellt", "verfahrenskostenrechn", "kenntnis", "gelangt", "wann", "genau", "verurteilt", "versaum", "revisionsbegrundungsfrist", "bekannt", "wurd", "teilt", "wiedereinsetzungsantrag", "jedoch", "wahrung", "frist", "abs", "stpo", "aktenlag", "offensicht", "vielmehr", "angeklagt", "beschluss", "landgericht", "aurich", "revision", "unzulass", "verworf", "word", "bereit", "novemb", "formlos", "ubersandt", "word", "bl", "band", "damal", "verteid", "rechtsanwalt", "rechtsanwalt", "wurd", "beschluss", "novemb", "empfangsbekenntnis", "rechtsmittelbelehr", "zugestellt", "bl", "band", "darub", "hinaus", "fehlt", "ausreich", "glaubhaftmach", "gemass", "abs", "satz", "stpo", "eig", "erklar", "angeklagt", "erst", "zustell", "verfahrenskostenrechn", "kenntnis", "erlangt", "reicht", "hierfur", "bghr", "stpo", "abs", "glaubhaftmach", "bgh", "nstz", "mey", "gossn", "aa", "rn", "erklar", "rechtsanwalt", "angeklagt", "vorgelegt", "schliesst", "senat", "soweit", "antragstell", "glaubhaftmach", "zeitpunkt", "hinderniswegfall", "jahr", "abzufordernd", "erklar", "instanzverteid", "benennt", "schon", "deshalb", "ausreich", "verteid", "verurteilt", "eingetret", "ereignis", "ersicht", "mitteil", "konnt", "deshalb", "dahinsteh", "antragstell", "erwider", "antrag", "generalbundesanwalt", "vortragt", "benenn", "erklar", "instanzverteid", "mittel", "glaubhaftmach", "erklar", "geleg", "benannt", "person", "vernehm", "ubrig", "antragstell", "damal", "pflichtverteid", "fruh", "wahlverteid", "wiedereinsetzungsgesuch", "entgeg", "beauftrag", "verurteilt", "begrund", "revision", "versaumt", "verschwiegenheitspflicht", "entbund", "vgl", "bgh", "beschluss", "juli", "str", "nstz", "schliesslich", "reicht", "bloss", "benenn", "zeug", "glaubhaftmach", "gleichzeit", "dargetan", "schriftlich", "bestat", "verweigert", "sei", "unverzug", "erreichbar", "handel", "saumnis", "verantwort", "beamt", "vgl", "kk", "maul", "aufl", "rn", "vorlieg", "fall", "entscheid", "wiedereinsetzungsgesuch", "erhob", "bewahrungsbeschluss", "landgericht", "gerichtet", "beschwerd", "antragstell", "senat", "zustand", "abs", "stpo", "vgl", "kk", "engelhardt", "aao", "rn", "beck", "lien", "sost", "scheibl", "hubert", "may"], "mitwirkung": "", "aktenzeichen": "3 StR 269/10", "language": "deutsch", "gertyp": "BGH", "leitsatz": "", "gruende": "\n      <div>\n         <dl class=\"RspDL\">\n            <dt>\n               <a name=\"rd_1\">1</a>\n            </dt>\n            <dd>\n               <p>Der Wiedereinsetzungsantrag ist unzul\u00e4ssig.</p>\n            </dd>\n         </dl>\n         <dl class=\"RspDL\">\n            <dt/>\n            <dd>\n               <p/>\n            </dd>\n         </dl>\n         <dl class=\"RspDL\">\n            <dt>\n               <a name=\"rd_2\">2</a>\n            </dt>\n            <dd>\n               <p>Wiedereinsetzung in den vorigen Stand ist auf Antrag demjenigen zu gew\u00e4hren, der ohne Verschulden verhindert war, eine Frist einzuhalten (\u00a7 44 Satz 1 StPO). Der Antrag auf Wiedereinsetzung ist binnen einer Woche nach Wegfall des Hindernisses zu stellen (\u00a7 45 Satz 1 StPO) und muss daher auch Angaben \u00fcber den Zeitpunkt des Wegfalls des Hindernisses enthalten (vgl. Meyer-Go\u00dfner, StPO, 53. Aufl., \u00a7 45 Rn. 5). Ferner hat der Gesuchsteller alle Tatsachen glaubhaft zu machen, die f\u00fcr die Entscheidung \u00fcber die Zul\u00e4ssigkeit und Begr\u00fcndetheit seines Gesuchs von Bedeutung sind (\u00a7 45 Abs. 2 StPO; Meyer-Go\u00dfner aaO, Rn. 6). An diesen Zul\u00e4ssigkeitsvoraussetzungen fehlt es.</p>\n            </dd>\n         </dl>\n         <dl class=\"RspDL\">\n            <dt/>\n            <dd>\n               <p/>\n            </dd>\n         </dl>\n         <dl class=\"RspDL\">\n            <dt>\n               <a name=\"rd_3\">3</a>\n            </dt>\n            <dd>\n               <p>Der Generalbundesanwalt hat in seiner Antragsschrift hierzu ausgef\u00fchrt:</p>\n            </dd>\n         </dl>\n         <dl class=\"RspDL\">\n            <dt/>\n            <dd>\n               <p/>\n            </dd>\n         </dl>\n         <dl class=\"RspDL\">\n            <dt/>\n            <dd>\n               <p style=\"margin-left:36pt\">\"Der Antrag enth\u00e4lt keine Angaben dazu, wann das Hindernis, das der Fristwahrung entgegenstand, wegfiel (Senat, Beschluss vom 8. April 2003 - 3 StR 30/03; BGH NStZ 2006, 54, 55; BGHR StPO \u00a7 45 Abs. 2 Tatsachenvortrag 2, 7; Meyer-Go\u00dfner StPO 52. Aufl. \u00a7 45 Rn. 5). Zwar hat der Verteidiger vorgetragen, die Verwerfung seiner Revision sei dem Verurteilten erstmals durch die im Jahr 2010 zugestellten Verfahrenskostenrechnungen zur Kenntnis gelangt. Wann genau dem Verurteilten die Vers\u00e4umung der Revisionsbegr\u00fcndungsfrist bekannt wurde, teilt der Wiedereinsetzungsantrag jedoch nicht mit. Die Wahrung der Frist des \u00a7 45 Abs. 1 StPO ist nach Aktenlage auch nicht offensichtlich. Vielmehr ist dem Angeklagten der Beschluss des Landgerichts Aurich, mit dem seine Revision als unzul\u00e4ssig verworfen worden ist, bereits am 16. November 2009 formlos \u00fcbersandt worden (Bl. 2 - 4 Band V d.A.). Seinen damaligen Verteidigern, Rechtsanwalt J.\u00a0und Rechtsanwalt B., wurde der Beschluss am 18. und 23. November 2009 gegen Empfangsbekenntnis mit Rechtsmittelbelehrung zugestellt (Bl. 4, 6, 7 Band V d.A.).</p>\n            </dd>\n         </dl>\n         <dl class=\"RspDL\">\n            <dt/>\n            <dd>\n               <p/>\n            </dd>\n         </dl>\n         <dl class=\"RspDL\">\n            <dt/>\n            <dd>\n               <p style=\"margin-left:36pt\">Dar\u00fcber hinaus fehlt es an einer ausreichenden Glaubhaftmachung gem\u00e4\u00df \u00a7 45 Abs. 2 Satz 1 StPO. Die eigene Erkl\u00e4rung des Angeklagten, er habe erst 2010 mit Zustellung der Verfahrenskostenrechnungen Kenntnis erlangt, reicht hierf\u00fcr nicht aus (BGHR StPO \u00a7 45 Abs. 2 Glaubhaftmachung 3; BGH NStZ 2006, 54; Meyer-Go\u00dfner aa0 \u00a7 45 Rn. 9 f. m.w.N.). Erkl\u00e4rungen der Rechtsanw\u00e4lte J.\u00a0und B.\u00a0hat der Angeklagten nicht vorgelegt.\"</p>\n            </dd>\n         </dl>\n         <dl class=\"RspDL\">\n            <dt/>\n            <dd>\n               <p/>\n            </dd>\n         </dl>\n         <dl class=\"RspDL\">\n            <dt>\n               <a name=\"rd_4\">4</a>\n            </dt>\n            <dd>\n               <p>Dem schlie\u00dft sich der Senat an. Soweit der Antragsteller zur Glaubhaftmachung des Zeitpunktes des Hinderniswegfalls \"im Jahre 2010\" (\"abzufordernde\") Erkl\u00e4rungen seiner Instanzverteidiger benennt, ist dies schon deshalb nicht ausreichend, weil diese Verteidiger zu dem bei dem Verurteilten eingetretenen Ereignis ersichtlich nichts mitteilen k\u00f6nnten. Deshalb kann auch dahinstehen, ob - wie der Antragsteller in seiner Erwiderung zum Antrag des Generalbundesanwalts vortr\u00e4gt - in der Benennung der Erkl\u00e4rungen der Instanzverteidiger als Mittel der Glaubhaftmachung die Erkl\u00e4rung gelegen hat, die benannten Personen zu vernehmen. Im \u00dcbrigen hat der Antragsteller zwar seinen damaligen Pflichtverteidiger, nicht aber seinen fr\u00fcheren Wahlverteidiger, der nach dem Wiedereinsetzungsgesuch entgegen der Beauftragung durch den Verurteilten die Begr\u00fcndung der Revision vers\u00e4umt haben soll, von der Verschwiegenheitspflicht entbunden (vgl. BGH, Beschluss vom 17. Juli 2003\u00a0\u00a0- 3 StR 142/03, NStZ 2004, 166). Schlie\u00dflich reicht die blo\u00dfe Benennung eines Zeugen zur Glaubhaftmachung nur dann, wenn gleichzeitig dargetan wird, dieser habe eine schriftliche Best\u00e4tigung verweigert, er sei nicht unverz\u00fcglich erreichbar oder es handele sich um einen f\u00fcr die S\u00e4umnis verantwortlichen Beamten (vgl. KK-Maul, 6. Aufl., \u00a7 45 Rn. 11). Solches ist vorliegend nicht der Fall.</p>\n            </dd>\n         </dl>\n         <dl class=\"RspDL\">\n            <dt/>\n            <dd>\n               <p/>\n            </dd>\n         </dl>\n         <dl class=\"RspDL\">\n            <dt>\n               <a name=\"rd_5\">5</a>\n            </dt>\n            <dd>\n               <p>F\u00fcr die Entscheidung \u00fcber die mit dem Wiedereinsetzungsgesuch erhobene, gegen den Bew\u00e4hrungsbeschluss des Landgerichts gerichtete Beschwerde des Antragstellers ist der Senat nicht zust\u00e4ndig (\u00a7 305a Abs. 2 StPO; vgl. KK-Engelhardt, aaO, \u00a7 305a Rn. 17 f.).</p>\n            </dd>\n         </dl>\n         <dl class=\"RspDL\">\n            <dt/>\n            <dd>\n               <p/>\n            </dd>\n         </dl>\n         <dl class=\"RspDL\">\n            <dt/>\n            <dd>\n               <p>Becker\u00a0\u00a0\u00a0\u00a0\u00a0\u00a0\u00a0\u00a0\u00a0\u00a0\u00a0\u00a0\u00a0\u00a0\u00a0\u00a0\u00a0\u00a0\u00a0\u00a0\u00a0\u00a0\u00a0\u00a0\u00a0\u00a0\u00a0\u00a0\u00a0\u00a0von Lienen\u00a0\u00a0\u00a0\u00a0\u00a0\u00a0\u00a0\u00a0\u00a0\u00a0\u00a0\u00a0\u00a0\u00a0\u00a0\u00a0\u00a0\u00a0\u00a0\u00a0\u00a0\u00a0\u00a0\u00a0\u00a0\u00a0\u00a0\u00a0\u00a0Sost-Scheible</p>\n            </dd>\n         </dl>\n         <dl class=\"RspDL\">\n            <dt/>\n            <dd>\n               <p>\u00a0\u00a0\u00a0\u00a0\u00a0\u00a0\u00a0\u00a0\u00a0\u00a0\u00a0\u00a0\u00a0\u00a0\u00a0\u00a0\u00a0\u00a0\u00a0\u00a0Hubert\u00a0\u00a0\u00a0\u00a0\u00a0\u00a0\u00a0\u00a0\u00a0\u00a0\u00a0\u00a0\u00a0\u00a0\u00a0\u00a0\u00a0\u00a0\u00a0\u00a0\u00a0\u00a0\u00a0\u00a0\u00a0\u00a0\u00a0\u00a0\u00a0\u00a0\u00a0\u00a0\u00a0\u00a0\u00a0\u00a0Mayer</p>\n            </dd>\n         </dl>\n         <dl class=\"RspDL\">\n            <dt/>\n            <dd>\n               <p/>\n            </dd>\n         </dl>\n      </div>\n   ", "accessRights": "public", "gerort": "", "entschDatum": "20100805", "coverage": "Deutschland", "titel": "\n      <dl class=\"RspDL\">\n         <dt/>\n         <dd>\n            <p>Antrag auf Wiedereinsetzung in die vers\u00e4umte Revisionsbegr\u00fcndungsfrist im Strafverfahren: Anforderungen an die Glaubhaftmachung des Zeitpunkt des Wegfalls des Hindernisses</p>\n         </dd>\n      </dl>\n   ", "ecli": "", "identifier": "http://www.rechtsprechung-im-internet.de/jportal/?quelle=jlink&docid=JURE100069915&psml=bsjrsprod.psml&max=true", "spruchkoerper": "3. Strafsenat", "vorinstanz": "vorgehend LG Aurich, 11. August 2009, Az: 11 KLs 410 Js 6308/09 (11/09), Urteil\n   ", "doknr": "JURE100069915", "abweichendeMeinung": "", "tenor": "\n      <div>\n         <dl class=\"RspDL\">\n            <dt/>\n            <dd>\n               <p>Der Antrag des Verurteilten, ihm nach Vers\u00e4umung der Frist zur Begr\u00fcndung der Revision gegen das Urteil des Landgerichts Aurich vom 11. August 2009 Wiedereinsetzung in den vorigen Stand zu gew\u00e4hren, wird auf seine Kosten verworfen.</p>\n            </dd>\n         </dl>\n         <dl class=\"RspDL\">\n            <dt/>\n            <dd>\n               <p/>\n            </dd>\n         </dl>\n      </div>\n   ", "regionAbk": "DEU"}