{"publisher": "BMJV", "tatbestand": "", "absaetze": [{"num": "1", "textProcessed": ["angeklagt", "mitarbeit", "faktisch", "brud", "geleitet", "firma", "zusammenhang", "handel", "gebraucht", "baumaschin", "lastkraftwag", "nah", "beschrieb", "jahr", "bundesweit", "praktiziert", "steuerhinterziehungssyst", "einbezog", "ergebnis", "wurd", "umsatzsteu", "sowohl", "verschleier", "umsatz", "unberechtigt", "vorsteuerabzug", "grundlag", "fingiert", "rechnung", "hinterzog"], "text": "Der Angeklagte war Mitarbeiter einer (faktisch) von seinem Bruder geleiteten Firma, die im Zusammenhang mit dem Handel mit gebrauchten Baumaschinen und Lastkraftwagen in ein n\u00e4her beschriebenes, \u00fcber Jahre bundesweit praktiziertes Steuerhinterziehungssystem einbezogen war. Im Ergebnis wurde Umsatzsteuer sowohl durch die Verschleierung von Ums\u00e4tzen als auch durch unberechtigten Vorsteuerabzug auf der Grundlage fingierter Rechnungen hinterzogen."}, {"num": "2", "textProcessed": ["strafkamm", "uberzeug", "gelangt", "dass", "gestand", "angeklagt", "kenntnis", "umstand", "alled", "vielfalt", "tatig", "ort", "etwa", "ansprechpartn", "haufig", "abwes", "brud", "herausgab", "lastkraftwag", "ausstell", "scheck", "entgegennahm", "bargeld", "beihilf", "tat", "geleistet"], "text": "Die Strafkammer ist zu der \u00dcberzeugung gelangt, dass der - gest\u00e4ndige - Angeklagte in Kenntnis aller Umst\u00e4nde zu alledem durch vielf\u00e4ltige T\u00e4tigkeiten \"vor Ort\" (etwa als Ansprechpartner w\u00e4hrend der h\u00e4ufigen Abwesenheit des Bruders, durch Herausgabe von Lastkraftwagen, durch Ausstellung von Schecks, durch Entgegennahme von Bargeld) Beihilfe zu diesen Taten geleistet hat."}, {"num": "3", "textProcessed": ["grundlag", "feststell", "strafkamm", "angeklagt", "beihilf", "steuerhinterzieh", "nah", "dargelegt", "grund", "sech", "fall", "gesamtfreiheitsstraf", "zwei", "jahr", "sech", "monat", "verurteilt"], "text": "Auf der Grundlage dieser Feststellungen hat die Strafkammer den Angeklagten wegen Beihilfe zur Steuerhinterziehung in (aus n\u00e4her dargelegten Gr\u00fcnden) sechs F\u00e4llen zu einer Gesamtfreiheitsstrafe von zwei Jahren und sechs Monaten verurteilt."}, {"num": "4", "textProcessed": ["nah", "ausgefuhrt", "sachrug", "gestutzt", "revision", "bleibt", "erfolglos", "abs", "stpo", "gebot", "uberpruf", "urteil", "durchgreif", "rechtsfehl", "nachteil", "angeklagt", "ergeb"], "text": "Seine auf die (n\u00e4her ausgef\u00fchrte) Sachr\u00fcge gest\u00fctzte Revision bleibt erfolglos (\u00a7 349 Abs. 2 StPO). Die gebotene \u00dcberpr\u00fcfung des Urteils hat keinen durchgreifenden Rechtsfehler zum Nachteil des Angeklagten ergeben."}, {"num": "5", "textProcessed": ["erorter", "bedarf", "ledig", "folgend"], "text": "Der Er\u00f6rterung bedarf lediglich folgendes:"}, {"num": "6", "textProcessed": ["urteilsgrund", "beleg", "ausdruck", "hoch", "umsatz", "brud", "angeklagt", "begang", "umsatzsteuerhinterzieh", "grund", "lag", "angeklagt", "beihilf", "geleistet", "gefahrdet", "allerding", "bestand", "urteil"], "text": "1. Die Urteilsgr\u00fcnde belegen nicht ausdr\u00fccklich, wie hoch die Ums\u00e4tze waren, die den vom Bruder des Angeklagten begangenen Umsatzsteuerhinterziehungen zu Grunde lagen, zu denen der Angeklagte Beihilfe geleistet hat. Dies gef\u00e4hrdet hier allerdings den Bestand des Urteils nicht."}, {"num": "7", "textProcessed": ["differenzi"], "text": "Es ist zu differenzieren:"}, {"num": "8", "textProcessed": ["soweit", "unberechtigt", "vorsteuerabzug", "ustg", "grundlag", "scheinrechn", "erfolgt", "reicht", "sachdarstell", "urteilsgrund", "dass", "hoh", "beziffert", "vgl", "bgh", "beschluss", "dezemb", "str", "umstand", "dass", "vorlieg", "scheinrechn", "tatsach", "erbracht", "leistung", "grund", "lag", "folgt", "dass", "gesamt", "scheinrechn", "geltend", "gemacht", "vorsteuerabzug", "unrecht", "erfolgt", "besond", "einzelfall", "weit", "darleg", "erford", "gemacht", "hatt", "vorlieg", "ersicht"], "text": "a) Soweit unberechtigter Vorsteuerabzug (\u00a7 15 UStG) auf der Grundlage von Scheinrechnungen erfolgte, reichte es f\u00fcr die Sachdarstellung in den Urteilsgr\u00fcnden aus, dass dessen H\u00f6he beziffert wird (vgl. BGH, Beschluss vom 14. Dezember 2010 - 1 StR 420/10). Aus dem Umstand, dass vorliegend den Scheinrechnungen keine tats\u00e4chlich erbrachten Leistungen zu Grunde lagen, folgt, dass der gesamte aus diesen Scheinrechnungen geltend gemachte Vorsteuerabzug zu Unrecht erfolgte. Besonderheiten des Einzelfalls, die weitere Darlegungen erforderlich gemacht h\u00e4tten, sind vorliegend nicht ersichtlich."}, {"num": "9", "textProcessed": ["soweit", "umsatzsteu", "dadurch", "verkurzt", "wurd", "dass", "umsatzsteuervoranmeld", "umsatzsteuerjahreserklar", "unternehm", "steuerbar", "umsatz", "verschwieg", "wurd", "demgegenub", "erkennbar", "mehraufwand", "verbund", "feststell", "hoh", "verschwieg", "umsatz", "sachgerecht", "senat", "aufwand", "eig", "bemuh", "rechtlich", "tragfah", "uberpruf", "tatsach", "grundlag", "urteil", "erkenn", "lass", "gegeb", "umstand", "gefahrdet", "mangel", "bestand", "urteil", "jedoch"], "text": "b) Soweit Umsatzsteuer dadurch verk\u00fcrzt wurde, dass in den Umsatzsteuervoranmeldungen und Umsatzsteuerjahreserkl\u00e4rungen des Unternehmens steuerbare Ums\u00e4tze verschwiegen wurden, w\u00e4ren demgegen\u00fcber - nicht mit erkennbarem Mehraufwand verbundene - Feststellungen zur H\u00f6he der verschwiegenen Ums\u00e4tze sachgerecht gewesen, um den Senat auch ohne aufw\u00e4ndige eigene Bem\u00fchungen die von ihm auf ihre rechtliche Tragf\u00e4higkeit zu \u00fcberpr\u00fcfenden tats\u00e4chlichen Grundlagen des Urteils erkennen zu lassen. Unter den gegebenen Umst\u00e4nden gef\u00e4hrdet dieser Mangel hier den Bestand des Urteils jedoch nicht:"}, {"num": "10", "textProcessed": ["uberzeug", "richtig", "urteil", "festgestellt", "besteuerungsgrundlag", "tatgericht", "anhand", "gestandnis", "angeklagt", "tatgericht", "uberpruft", "anhand", "verlass", "wahrnehm", "beamt", "finanzverwalt", "hauptverhandl", "zeug", "bericht", "gewinn", "angab", "beamt", "finanzverwalt", "tatsach", "gegeb", "sonstig", "zeug", "tauglich", "grundlag", "uberzeug", "tatgericht", "vgl", "bgh", "urteil", "mai", "str", "njw", "rn"], "text": "Die \u00dcberzeugung von der Richtigkeit der im Urteil festgestellten Besteuerungsgrundlagen kann das Tatgericht auch anhand eines Gest\u00e4ndnisses des Angeklagten, das das Tatgericht \u00fcberpr\u00fcft hat, oder anhand von verl\u00e4sslichen Wahrnehmungen von Beamten der Finanzverwaltung, die diese in der Hauptverhandlung als Zeuge berichten, gewinnen. Angaben von Beamten der Finanzverwaltung zu tats\u00e4chlichen Gegebenheiten k\u00f6nnen - wie bei sonstigen Zeugen auch - taugliche Grundlage der \u00dcberzeugung des Tatgerichts sein (vgl. BGH, Urteil vom 12. Mai 2009 - 1 StR 718/08, NJW 2009, 2546 Rn. 18 f.)."}, {"num": "11", "textProcessed": ["erweist", "berechn", "verkurzt", "steu", "grundlag", "getroff", "feststell", "einfach", "rechenschritt", "festgestellt", "hinterziehungssumm", "stellt", "tatzeit", "geltend", "umsatzsteuersatz", "grund", "liegend", "umsatz", "dar", "ausnahmsweis", "feststell", "allein", "hinterzog", "steu", "ausreich", "anhaltspunkt", "dafur", "dass", "strafkamm", "berechn", "hinterzog", "umsatzsteu", "vgl", "ua", "gegeb", "sachlag", "rechtsanwendungsfehl", "nachteil", "angeklagt", "unterlauf", "besteh", "zumal", "verteidigt", "angeklagt", "richtig", "zahlenwerk", "anerkannt"], "text": "Erweist sich - wie hier - die Berechnung der verk\u00fcrzten Steuern auf Grundlage der so getroffenen Feststellungen als einfacher Rechenschritt (die festgestellte Hinterziehungssumme stellt nach dem zur Tatzeit geltenden Umsatzsteuersatz 16 % des zu Grunde liegenden Umsatzes dar), kann ausnahmsweise die Feststellung allein der hinterzogenen Steuern ausreichend sein. Anhaltspunkte daf\u00fcr, dass der Strafkammer bei der Berechnung der hinterzogenen Umsatzsteuer (vgl. UA S. 12) bei der gegebenen Sachlage Rechtsanwendungsfehler zum Nachteil des Angeklagten unterlaufen sind, bestehen nicht, zumal der verteidigte Angeklagte die Richtigkeit des Zahlenwerks auch selbst anerkannt hat."}, {"num": "12", "textProcessed": ["rechtsfehlerfrei", "feststell", "vorsatz", "angeklagt", "hinsicht", "steuerhinterzieh", "zusammenhang", "schwarzgeld", "bezweifelt", "revision", "meint", "jedoch", "urteilsgrund", "ergab", "dass", "angeklagt", "darub", "klar", "verhalt", "mittel", "fingiert", "rechnung", "begang", "steuerhinterzieh", "ford", "strafkamm", "gleichwohl", "davon", "ausgegang", "sei", "dass", "angeklagt", "insoweit", "beihilf", "geleistet", "sei", "rechtsfehlerhaft", "gross", "schuldumfang", "ausgegang"], "text": "2. Die rechtsfehlerfreie Feststellung des Vorsatzes des Angeklagten hinsichtlich Steuerhinterziehung im Zusammenhang mit \"Schwarzgeld\" bezweifelt auch die Revision nicht. Sie meint jedoch, die Urteilsgr\u00fcnde erg\u00e4ben nicht, dass der Angeklagte sich auch dar\u00fcber im Klaren gewesen w\u00e4re, mit seinem Verhalten auch die mittels fingierter Rechnungen begangenen Steuerhinterziehungen zu f\u00f6rdern. Da die Strafkammer gleichwohl davon ausgegangen sei, dass der Angeklagte auch insoweit Beihilfe geleistet habe, sei sie rechtsfehlerhaft von einem zu gro\u00dfen Schuldumfang ausgegangen."}, {"num": "13", "textProcessed": ["wenngleich", "strafkamm", "kenntnis", "angeklagt", "steuerhinterzieh", "schwarzgeld", "wesent", "eingeh", "begrundet", "kenntnis", "steuerhinterzieh", "verwend", "fingiert", "rechnung", "teilt", "senat", "auffass", "angeklagt", "ausweis", "urteilsgrund", "dass", "irgendwelch", "einschrank", "ersicht", "urteilsgrund", "festgestellt", "tatsach", "gestand", "spricht", "dageg", "dass", "sach", "getroff", "feststell", "landgericht", "samtlich", "variant", "verhalt", "unterstutzt", "steuerhinterzieh", "kenntnis", "gehabt", "gestandnis", "gedeckt", "sei", "erhartet", "ergebnis", "feststell", "dass", "hoh", "insgesamt", "samtlich", "variant", "hinterzog", "steu", "ausfuhr", "gegenstand", "hauptverhandl", "dabei", "angefall", "erkenntnis", "angeklagt", "richtig", "anerkannt", "wurd", "spricht", "dafur", "dass", "angeklagt", "feststell", "verhalt", "gefordert", "dennoch", "unbekannt", "variant", "steuerhinterzieh", "richtig", "anerkannt", "hatt"], "text": "Wenngleich die Strafkammer die Kenntnis des Angeklagten von der Steuerhinterziehung durch \"Schwarzgeld\" wesentlich eingehender begr\u00fcndet hat als seine Kenntnis von der Steuerhinterziehung unter Verwendung fingierter Rechnungen, teilt der Senat diese Auffassung nicht. Der Angeklagte hat ausweislich der Urteilsgr\u00fcnde, ohne dass irgendwelche Einschr\u00e4nkungen ersichtlich w\u00e4ren, die in den Urteilsgr\u00fcnden festgestellten Tatsachen gestanden. Dies spricht dagegen, dass die der Sache nach getroffene Feststellung des Landgerichts, er habe von s\u00e4mtlichen Varianten der durch sein Verhalten unterst\u00fctzten Steuerhinterziehung Kenntnis gehabt, nicht von seinem Gest\u00e4ndnis gedeckt sei. Erh\u00e4rtet wird dieses Ergebnis durch die Feststellung, dass die H\u00f6he der \"insgesamt\" - also durch s\u00e4mtliche Varianten - hinterzogenen Steuern \"ausf\u00fchrlich\" Gegenstand der Hauptverhandlung war und die dabei angefallenen Erkenntnisse vom Angeklagten \"als richtig anerkannt\" wurden. Es spricht nichts daf\u00fcr, dass der Angeklagte Feststellungen zu durch sein Verhalten zwar gef\u00f6rderten, ihm dennoch aber unbekannten Varianten der Steuerhinterziehung als richtig anerkannt h\u00e4tte."}, {"num": "14", "textProcessed": ["auffass", "revision", "roll", "angeklagt", "mann", "werkstatt", "sei", "jahr", "hinzieh", "je", "bedarf", "unterschied", "konkret", "handlung", "gekennzeichnet", "verhalt", "handlung", "rechtssinn", "wert", "teilt", "senat", "generalbundesanwalt", "zutreff", "dargelegt", "erwider", "revision", "entkraftet", "grund", "ubrig", "gebot", "annahm", "tatein", "ergebnis", "bestand", "strafausspruch", "gefahrd", "allein", "beurteil", "konkurrenzverhaltnis", "schuld", "unrechtsgehalt", "tatgescheh", "andert", "sodass", "auszuschliess", "dass", "tat", "verhang", "einzelstraf", "niedrig", "ausgefall", "annahm", "tatmehr", "gebildet", "gesamtstraf", "auffass", "revision", "gelt", "annahm", "tatmehr", "strafscharf", "gedank", "trag", "angeklagt", "imm", "neu", "beihilf", "tatsach", "gegeb", "jeweil", "neu", "tat", "brud", "geleistet", "teilt", "senat", "wed", "strafkamm", "derart", "erwag", "ausdruck", "ausgefuhrt", "liegt", "nah", "strafkamm", "vielmehr", "massgeb", "vielzahl", "einzelakt", "tat", "angerichtet", "hoh", "siebenstell", "schad", "abgestellt", "gesichtspunkt", "blieb", "beurteil", "konkurrenzverhaltnis", "unberuhrt"], "text": "3. Die Auffassung der Revision, wegen der Rolle des Angeklagten als \"Mann in der Werkstatt\" sei sein sich \u00fcber Jahre hinziehendes, durch je nach Bedarf unterschiedliche konkrete Handlungen gekennzeichnetes Verhalten als nur eine Handlung im Rechtssinne zu werten, teilt der Senat aus den auch vom Generalbundesanwalt zutreffend dargelegten, durch die Erwiderung der Revision nicht entkr\u00e4fteten Gr\u00fcnden nicht. Im \u00dcbrigen k\u00f6nnte auch die - hier nicht gebotene - Annahme von Tateinheit im Ergebnis den Bestand des Strafausspruchs nicht gef\u00e4hrden, da sich allein durch die andere Beurteilung des Konkurrenzverh\u00e4ltnisses der Schuld- und Unrechtsgehalt des Tatgeschehens nicht \u00e4nderte, sodass auszuschlie\u00dfen ist, dass die wegen einer Tat zu verh\u00e4ngende Einzelstrafe niedriger ausgefallen w\u00e4re, als die bei Annahme von Tatmehrheit gebildete Gesamtstrafe. Die Auffassung der Revision, dies w\u00fcrde hier nicht gelten, weil die Annahme von Tatmehrheit\u00a0\u00a0\"in sich den strafsch\u00e4rfenden Gedanken (trage), der Angeklagte habe immer aufs Neue \u2026 Beihilfe zu einer \u2026 (tats\u00e4chlich gegebenen) jeweils neuen Tat seines Bruders geleistet\", teilt der Senat nicht. Weder hat die Strafkammer eine derartige Erw\u00e4gung ausdr\u00fccklich ausgef\u00fchrt, noch liegt sie nahe. Die Strafkammer hat vielmehr ma\u00dfgeblich auf die \"Vielzahl der Einzelakte\" und den durch die Taten angerichteten hohen (siebenstelligen) Schaden abgestellt. Diese Gesichtspunkte blieben durch eine andere Beurteilung der Konkurrenzverh\u00e4ltnisse unber\u00fchrt."}], "norm": ["\u00a7 370 Nr 1 AO", "\u00a7 370 AO", "\u00a7 15 UStG", "\u00a7 16 UStG", "\u00a7 18 UStG", "\u00a7 261 StPO", "\u00a7 267 StPO", "\u00a7 27 StGB"], "doktyp": "Beschluss", "regionLong": "Bundesrepublik Deutschland", "sonstlt": "", "gruendeProcessed": ["angeklagt", "mitarbeit", "faktisch", "brud", "geleitet", "firma", "zusammenhang", "handel", "gebraucht", "baumaschin", "lastkraftwag", "nah", "beschrieb", "jahr", "bundesweit", "praktiziert", "steuerhinterziehungssyst", "einbezog", "ergebnis", "wurd", "umsatzsteu", "sowohl", "verschleier", "umsatz", "unberechtigt", "vorsteuerabzug", "grundlag", "fingiert", "rechnung", "hinterzog", "strafkamm", "uberzeug", "gelangt", "dass", "gestand", "angeklagt", "kenntnis", "umstand", "alled", "vielfalt", "tatig", "ort", "etwa", "ansprechpartn", "haufig", "abwes", "brud", "herausgab", "lastkraftwag", "ausstell", "scheck", "entgegennahm", "bargeld", "beihilf", "tat", "geleistet", "grundlag", "feststell", "strafkamm", "angeklagt", "beihilf", "steuerhinterzieh", "nah", "dargelegt", "grund", "sech", "fall", "gesamtfreiheitsstraf", "zwei", "jahr", "sech", "monat", "verurteilt", "nah", "ausgefuhrt", "sachrug", "gestutzt", "revision", "bleibt", "erfolglos", "abs", "stpo", "gebot", "uberpruf", "urteil", "durchgreif", "rechtsfehl", "nachteil", "angeklagt", "ergeb", "erorter", "bedarf", "ledig", "folgend", "urteilsgrund", "beleg", "ausdruck", "hoch", "umsatz", "brud", "angeklagt", "begang", "umsatzsteuerhinterzieh", "grund", "lag", "angeklagt", "beihilf", "geleistet", "gefahrdet", "allerding", "bestand", "urteil", "differenzi", "soweit", "unberechtigt", "vorsteuerabzug", "ustg", "grundlag", "scheinrechn", "erfolgt", "reicht", "sachdarstell", "urteilsgrund", "dass", "hoh", "beziffert", "vgl", "bgh", "beschluss", "dezemb", "str", "umstand", "dass", "vorlieg", "scheinrechn", "tatsach", "erbracht", "leistung", "grund", "lag", "folgt", "dass", "gesamt", "scheinrechn", "geltend", "gemacht", "vorsteuerabzug", "unrecht", "erfolgt", "besond", "einzelfall", "weit", "darleg", "erford", "gemacht", "hatt", "vorlieg", "ersicht", "soweit", "umsatzsteu", "dadurch", "verkurzt", "wurd", "dass", "umsatzsteuervoranmeld", "umsatzsteuerjahreserklar", "unternehm", "steuerbar", "umsatz", "verschwieg", "wurd", "demgegenub", "erkennbar", "mehraufwand", "verbund", "feststell", "hoh", "verschwieg", "umsatz", "sachgerecht", "senat", "aufwand", "eig", "bemuh", "rechtlich", "tragfah", "uberpruf", "tatsach", "grundlag", "urteil", "erkenn", "lass", "gegeb", "umstand", "gefahrdet", "mangel", "bestand", "urteil", "jedoch", "uberzeug", "richtig", "urteil", "festgestellt", "besteuerungsgrundlag", "tatgericht", "anhand", "gestandnis", "angeklagt", "tatgericht", "uberpruft", "anhand", "verlass", "wahrnehm", "beamt", "finanzverwalt", "hauptverhandl", "zeug", "bericht", "gewinn", "angab", "beamt", "finanzverwalt", "tatsach", "gegeb", "sonstig", "zeug", "tauglich", "grundlag", "uberzeug", "tatgericht", "vgl", "bgh", "urteil", "mai", "str", "njw", "rn", "erweist", "berechn", "verkurzt", "steu", "grundlag", "getroff", "feststell", "einfach", "rechenschritt", "festgestellt", "hinterziehungssumm", "stellt", "tatzeit", "geltend", "umsatzsteuersatz", "grund", "liegend", "umsatz", "dar", "ausnahmsweis", "feststell", "allein", "hinterzog", "steu", "ausreich", "anhaltspunkt", "dafur", "dass", "strafkamm", "berechn", "hinterzog", "umsatzsteu", "vgl", "ua", "gegeb", "sachlag", "rechtsanwendungsfehl", "nachteil", "angeklagt", "unterlauf", "besteh", "zumal", "verteidigt", "angeklagt", "richtig", "zahlenwerk", "anerkannt", "rechtsfehlerfrei", "feststell", "vorsatz", "angeklagt", "hinsicht", "steuerhinterzieh", "zusammenhang", "schwarzgeld", "bezweifelt", "revision", "meint", "jedoch", "urteilsgrund", "ergab", "dass", "angeklagt", "darub", "klar", "verhalt", "mittel", "fingiert", "rechnung", "begang", "steuerhinterzieh", "ford", "strafkamm", "gleichwohl", "davon", "ausgegang", "sei", "dass", "angeklagt", "insoweit", "beihilf", "geleistet", "sei", "rechtsfehlerhaft", "gross", "schuldumfang", "ausgegang", "wenngleich", "strafkamm", "kenntnis", "angeklagt", "steuerhinterzieh", "schwarzgeld", "wesent", "eingeh", "begrundet", "kenntnis", "steuerhinterzieh", "verwend", "fingiert", "rechnung", "teilt", "senat", "auffass", "angeklagt", "ausweis", "urteilsgrund", "dass", "irgendwelch", "einschrank", "ersicht", "urteilsgrund", "festgestellt", "tatsach", "gestand", "spricht", "dageg", "dass", "sach", "getroff", "feststell", "landgericht", "samtlich", "variant", "verhalt", "unterstutzt", "steuerhinterzieh", "kenntnis", "gehabt", "gestandnis", "gedeckt", "sei", "erhartet", "ergebnis", "feststell", "dass", "hoh", "insgesamt", "samtlich", "variant", "hinterzog", "steu", "ausfuhr", "gegenstand", "hauptverhandl", "dabei", "angefall", "erkenntnis", "angeklagt", "richtig", "anerkannt", "wurd", "spricht", "dafur", "dass", "angeklagt", "feststell", "verhalt", "gefordert", "dennoch", "unbekannt", "variant", "steuerhinterzieh", "richtig", "anerkannt", "hatt", "auffass", "revision", "roll", "angeklagt", "mann", "werkstatt", "sei", "jahr", "hinzieh", "je", "bedarf", "unterschied", "konkret", "handlung", "gekennzeichnet", "verhalt", "handlung", "rechtssinn", "wert", "teilt", "senat", "generalbundesanwalt", "zutreff", "dargelegt", "erwider", "revision", "entkraftet", "grund", "ubrig", "gebot", "annahm", "tatein", "ergebnis", "bestand", "strafausspruch", "gefahrd", "allein", "beurteil", "konkurrenzverhaltnis", "schuld", "unrechtsgehalt", "tatgescheh", "andert", "sodass", "auszuschliess", "dass", "tat", "verhang", "einzelstraf", "niedrig", "ausgefall", "annahm", "tatmehr", "gebildet", "gesamtstraf", "auffass", "revision", "gelt", "annahm", "tatmehr", "strafscharf", "gedank", "trag", "angeklagt", "imm", "neu", "beihilf", "tatsach", "gegeb", "jeweil", "neu", "tat", "brud", "geleistet", "teilt", "senat", "wed", "strafkamm", "derart", "erwag", "ausdruck", "ausgefuhrt", "liegt", "nah", "strafkamm", "vielmehr", "massgeb", "vielzahl", "einzelakt", "tat", "angerichtet", "hoh", "siebenstell", "schad", "abgestellt", "gesichtspunkt", "blieb", "beurteil", "konkurrenzverhaltnis", "unberuhrt", "nack", "wahl", "hebenstreit", "jag", "ribgh", "prof", "dr", "sanderbefindet", "urlaub", "undist", "deshalb", "unterschriftgehindert", "nack"], "mitwirkung": "", "aktenzeichen": "1 StR 421/10", "language": "deutsch", "gertyp": "BGH", "leitsatz": "", "gruende": "\n      <div>\n         <dl class=\"RspDL\">\n            <dt>\n               <a name=\"rd_1\">1</a>\n            </dt>\n            <dd>\n               <p>Der Angeklagte war Mitarbeiter einer (faktisch) von seinem Bruder geleiteten Firma, die im Zusammenhang mit dem Handel mit gebrauchten Baumaschinen und Lastkraftwagen in ein n\u00e4her beschriebenes, \u00fcber Jahre bundesweit praktiziertes Steuerhinterziehungssystem einbezogen war. Im Ergebnis wurde Umsatzsteuer sowohl durch die Verschleierung von Ums\u00e4tzen als auch durch unberechtigten Vorsteuerabzug auf der Grundlage fingierter Rechnungen hinterzogen.</p>\n            </dd>\n         </dl>\n         <dl class=\"RspDL\">\n            <dt/>\n            <dd>\n               <p/>\n            </dd>\n         </dl>\n         <dl class=\"RspDL\">\n            <dt>\n               <a name=\"rd_2\">2</a>\n            </dt>\n            <dd>\n               <p>Die Strafkammer ist zu der \u00dcberzeugung gelangt, dass der - gest\u00e4ndige - Angeklagte in Kenntnis aller Umst\u00e4nde zu alledem durch vielf\u00e4ltige T\u00e4tigkeiten \"vor Ort\" (etwa als Ansprechpartner w\u00e4hrend der h\u00e4ufigen Abwesenheit des Bruders, durch Herausgabe von Lastkraftwagen, durch Ausstellung von Schecks, durch Entgegennahme von Bargeld) Beihilfe zu diesen Taten geleistet hat.</p>\n            </dd>\n         </dl>\n         <dl class=\"RspDL\">\n            <dt/>\n            <dd>\n               <p/>\n            </dd>\n         </dl>\n         <dl class=\"RspDL\">\n            <dt>\n               <a name=\"rd_3\">3</a>\n            </dt>\n            <dd>\n               <p>Auf der Grundlage dieser Feststellungen hat die Strafkammer den Angeklagten wegen Beihilfe zur Steuerhinterziehung in (aus n\u00e4her dargelegten Gr\u00fcnden) sechs F\u00e4llen zu einer Gesamtfreiheitsstrafe von zwei Jahren und sechs Monaten verurteilt.</p>\n            </dd>\n         </dl>\n         <dl class=\"RspDL\">\n            <dt/>\n            <dd>\n               <p/>\n            </dd>\n         </dl>\n         <dl class=\"RspDL\">\n            <dt>\n               <a name=\"rd_4\">4</a>\n            </dt>\n            <dd>\n               <p>Seine auf die (n\u00e4her ausgef\u00fchrte) Sachr\u00fcge gest\u00fctzte Revision bleibt erfolglos (\u00a7 349 Abs. 2 StPO). Die gebotene \u00dcberpr\u00fcfung des Urteils hat keinen durchgreifenden Rechtsfehler zum Nachteil des Angeklagten ergeben.</p>\n            </dd>\n         </dl>\n         <dl class=\"RspDL\">\n            <dt/>\n            <dd>\n               <p/>\n            </dd>\n         </dl>\n         <dl class=\"RspDL\">\n            <dt>\n               <a name=\"rd_5\">5</a>\n            </dt>\n            <dd>\n               <p>Der Er\u00f6rterung bedarf lediglich folgendes:</p>\n            </dd>\n         </dl>\n         <dl class=\"RspDL\">\n            <dt/>\n            <dd>\n               <p/>\n            </dd>\n         </dl>\n         <dl class=\"RspDL\">\n            <dt>\n               <a name=\"rd_6\">6</a>\n            </dt>\n            <dd>\n               <p>1. Die Urteilsgr\u00fcnde belegen nicht ausdr\u00fccklich, wie hoch die Ums\u00e4tze waren, die den vom Bruder des Angeklagten begangenen Umsatzsteuerhinterziehungen zu Grunde lagen, zu denen der Angeklagte Beihilfe geleistet hat. Dies gef\u00e4hrdet hier allerdings den Bestand des Urteils nicht.</p>\n            </dd>\n         </dl>\n         <dl class=\"RspDL\">\n            <dt/>\n            <dd>\n               <p/>\n            </dd>\n         </dl>\n         <dl class=\"RspDL\">\n            <dt>\n               <a name=\"rd_7\">7</a>\n            </dt>\n            <dd>\n               <p>Es ist zu differenzieren:</p>\n            </dd>\n         </dl>\n         <dl class=\"RspDL\">\n            <dt/>\n            <dd>\n               <p/>\n            </dd>\n         </dl>\n         <dl class=\"RspDL\">\n            <dt>\n               <a name=\"rd_8\">8</a>\n            </dt>\n            <dd>\n               <p>a) Soweit unberechtigter Vorsteuerabzug (\u00a7 15 UStG) auf der Grundlage von Scheinrechnungen erfolgte, reichte es f\u00fcr die Sachdarstellung in den Urteilsgr\u00fcnden aus, dass dessen H\u00f6he beziffert wird (vgl. BGH, Beschluss vom 14. Dezember 2010 - 1 StR 420/10). Aus dem Umstand, dass vorliegend den Scheinrechnungen keine tats\u00e4chlich erbrachten Leistungen zu Grunde lagen, folgt, dass der gesamte aus diesen Scheinrechnungen geltend gemachte Vorsteuerabzug zu Unrecht erfolgte. Besonderheiten des Einzelfalls, die weitere Darlegungen erforderlich gemacht h\u00e4tten, sind vorliegend nicht ersichtlich.</p>\n            </dd>\n         </dl>\n         <dl class=\"RspDL\">\n            <dt/>\n            <dd>\n               <p/>\n            </dd>\n         </dl>\n         <dl class=\"RspDL\">\n            <dt>\n               <a name=\"rd_9\">9</a>\n            </dt>\n            <dd>\n               <p>b) Soweit Umsatzsteuer dadurch verk\u00fcrzt wurde, dass in den Umsatzsteuervoranmeldungen und Umsatzsteuerjahreserkl\u00e4rungen des Unternehmens steuerbare Ums\u00e4tze verschwiegen wurden, w\u00e4ren demgegen\u00fcber - nicht mit erkennbarem Mehraufwand verbundene - Feststellungen zur H\u00f6he der verschwiegenen Ums\u00e4tze sachgerecht gewesen, um den Senat auch ohne aufw\u00e4ndige eigene Bem\u00fchungen die von ihm auf ihre rechtliche Tragf\u00e4higkeit zu \u00fcberpr\u00fcfenden tats\u00e4chlichen Grundlagen des Urteils erkennen zu lassen. Unter den gegebenen Umst\u00e4nden gef\u00e4hrdet dieser Mangel hier den Bestand des Urteils jedoch nicht:</p>\n            </dd>\n         </dl>\n         <dl class=\"RspDL\">\n            <dt/>\n            <dd>\n               <p/>\n            </dd>\n         </dl>\n         <dl class=\"RspDL\">\n            <dt>\n               <a name=\"rd_10\">10</a>\n            </dt>\n            <dd>\n               <p>Die \u00dcberzeugung von der Richtigkeit der im Urteil festgestellten Besteuerungsgrundlagen kann das Tatgericht auch anhand eines Gest\u00e4ndnisses des Angeklagten, das das Tatgericht \u00fcberpr\u00fcft hat, oder anhand von verl\u00e4sslichen Wahrnehmungen von Beamten der Finanzverwaltung, die diese in der Hauptverhandlung als Zeuge berichten, gewinnen. Angaben von Beamten der Finanzverwaltung zu tats\u00e4chlichen Gegebenheiten k\u00f6nnen - wie bei sonstigen Zeugen auch - taugliche Grundlage der \u00dcberzeugung des Tatgerichts sein (vgl. BGH, Urteil vom 12. Mai 2009 - 1 StR 718/08, NJW 2009, 2546 Rn. 18 f.).</p>\n            </dd>\n         </dl>\n         <dl class=\"RspDL\">\n            <dt/>\n            <dd>\n               <p/>\n            </dd>\n         </dl>\n         <dl class=\"RspDL\">\n            <dt>\n               <a name=\"rd_11\">11</a>\n            </dt>\n            <dd>\n               <p>Erweist sich - wie hier - die Berechnung der verk\u00fcrzten Steuern auf Grundlage der so getroffenen Feststellungen als einfacher Rechenschritt (die festgestellte Hinterziehungssumme stellt nach dem zur Tatzeit geltenden Umsatzsteuersatz 16 % des zu Grunde liegenden Umsatzes dar), kann ausnahmsweise die Feststellung allein der hinterzogenen Steuern ausreichend sein. Anhaltspunkte daf\u00fcr, dass der Strafkammer bei der Berechnung der hinterzogenen Umsatzsteuer (vgl. UA S. 12) bei der gegebenen Sachlage Rechtsanwendungsfehler zum Nachteil des Angeklagten unterlaufen sind, bestehen nicht, zumal der verteidigte Angeklagte die Richtigkeit des Zahlenwerks auch selbst anerkannt hat.</p>\n            </dd>\n         </dl>\n         <dl class=\"RspDL\">\n            <dt/>\n            <dd>\n               <p/>\n            </dd>\n         </dl>\n         <dl class=\"RspDL\">\n            <dt>\n               <a name=\"rd_12\">12</a>\n            </dt>\n            <dd>\n               <p>2. Die rechtsfehlerfreie Feststellung des Vorsatzes des Angeklagten hinsichtlich Steuerhinterziehung im Zusammenhang mit \"Schwarzgeld\" bezweifelt auch die Revision nicht. Sie meint jedoch, die Urteilsgr\u00fcnde erg\u00e4ben nicht, dass der Angeklagte sich auch dar\u00fcber im Klaren gewesen w\u00e4re, mit seinem Verhalten auch die mittels fingierter Rechnungen begangenen Steuerhinterziehungen zu f\u00f6rdern. Da die Strafkammer gleichwohl davon ausgegangen sei, dass der Angeklagte auch insoweit Beihilfe geleistet habe, sei sie rechtsfehlerhaft von einem zu gro\u00dfen Schuldumfang ausgegangen.</p>\n            </dd>\n         </dl>\n         <dl class=\"RspDL\">\n            <dt/>\n            <dd>\n               <p/>\n            </dd>\n         </dl>\n         <dl class=\"RspDL\">\n            <dt>\n               <a name=\"rd_13\">13</a>\n            </dt>\n            <dd>\n               <p>Wenngleich die Strafkammer die Kenntnis des Angeklagten von der Steuerhinterziehung durch \"Schwarzgeld\" wesentlich eingehender begr\u00fcndet hat als seine Kenntnis von der Steuerhinterziehung unter Verwendung fingierter Rechnungen, teilt der Senat diese Auffassung nicht. Der Angeklagte hat ausweislich der Urteilsgr\u00fcnde, ohne dass irgendwelche Einschr\u00e4nkungen ersichtlich w\u00e4ren, die in den Urteilsgr\u00fcnden festgestellten Tatsachen gestanden. Dies spricht dagegen, dass die der Sache nach getroffene Feststellung des Landgerichts, er habe von s\u00e4mtlichen Varianten der durch sein Verhalten unterst\u00fctzten Steuerhinterziehung Kenntnis gehabt, nicht von seinem Gest\u00e4ndnis gedeckt sei. Erh\u00e4rtet wird dieses Ergebnis durch die Feststellung, dass die H\u00f6he der \"insgesamt\" - also durch s\u00e4mtliche Varianten - hinterzogenen Steuern \"ausf\u00fchrlich\" Gegenstand der Hauptverhandlung war und die dabei angefallenen Erkenntnisse vom Angeklagten \"als richtig anerkannt\" wurden. Es spricht nichts daf\u00fcr, dass der Angeklagte Feststellungen zu durch sein Verhalten zwar gef\u00f6rderten, ihm dennoch aber unbekannten Varianten der Steuerhinterziehung als richtig anerkannt h\u00e4tte.</p>\n            </dd>\n         </dl>\n         <dl class=\"RspDL\">\n            <dt/>\n            <dd>\n               <p/>\n            </dd>\n         </dl>\n         <dl class=\"RspDL\">\n            <dt>\n               <a name=\"rd_14\">14</a>\n            </dt>\n            <dd>\n               <p>3. Die Auffassung der Revision, wegen der Rolle des Angeklagten als \"Mann in der Werkstatt\" sei sein sich \u00fcber Jahre hinziehendes, durch je nach Bedarf unterschiedliche konkrete Handlungen gekennzeichnetes Verhalten als nur eine Handlung im Rechtssinne zu werten, teilt der Senat aus den auch vom Generalbundesanwalt zutreffend dargelegten, durch die Erwiderung der Revision nicht entkr\u00e4fteten Gr\u00fcnden nicht. Im \u00dcbrigen k\u00f6nnte auch die - hier nicht gebotene - Annahme von Tateinheit im Ergebnis den Bestand des Strafausspruchs nicht gef\u00e4hrden, da sich allein durch die andere Beurteilung des Konkurrenzverh\u00e4ltnisses der Schuld- und Unrechtsgehalt des Tatgeschehens nicht \u00e4nderte, sodass auszuschlie\u00dfen ist, dass die wegen einer Tat zu verh\u00e4ngende Einzelstrafe niedriger ausgefallen w\u00e4re, als die bei Annahme von Tatmehrheit gebildete Gesamtstrafe. Die Auffassung der Revision, dies w\u00fcrde hier nicht gelten, weil die Annahme von Tatmehrheit\u00a0\u00a0\"in sich den strafsch\u00e4rfenden Gedanken (trage), der Angeklagte habe immer aufs Neue \u2026 Beihilfe zu einer \u2026 (tats\u00e4chlich gegebenen) jeweils neuen Tat seines Bruders geleistet\", teilt der Senat nicht. Weder hat die Strafkammer eine derartige Erw\u00e4gung ausdr\u00fccklich ausgef\u00fchrt, noch liegt sie nahe. Die Strafkammer hat vielmehr ma\u00dfgeblich auf die \"Vielzahl der Einzelakte\" und den durch die Taten angerichteten hohen (siebenstelligen) Schaden abgestellt. Diese Gesichtspunkte blieben durch eine andere Beurteilung der Konkurrenzverh\u00e4ltnisse unber\u00fchrt.</p>\n            </dd>\n         </dl>\n         <dl class=\"RspDL\">\n            <dt/>\n            <dd>\n               <p/>\n            </dd>\n         </dl>\n         <dl class=\"RspDL\">\n            <dt/>\n            <dd>\n               <table border=\"0\" cellpadding=\"0\" cellspacing=\"0\" class=\"Rsp\">\n                  <tr>\n                     <td colspan=\"1\" rowspan=\"1\" valign=\"top\">\n                        <p>Nack\u00a0\u00a0\u00a0\u00a0\u00a0</p>\n                     </td>\n                     <td colspan=\"1\" rowspan=\"1\" valign=\"top\">\n                        <p/>\n                     </td>\n                     <td colspan=\"1\" rowspan=\"1\" valign=\"top\">\n                        <p>Wahl\u00a0\u00a0\u00a0\u00a0\u00a0</p>\n                     </td>\n                     <td colspan=\"1\" rowspan=\"1\" valign=\"top\">\n                        <p/>\n                     </td>\n                     <td colspan=\"1\" rowspan=\"1\" valign=\"top\">\n                        <p>\u00a0\u00a0\u00a0\u00a0\u00a0Hebenstreit</p>\n                     </td>\n                  </tr>\n                  <tr>\n                     <td colspan=\"1\" rowspan=\"1\" valign=\"top\">\n                        <p/>\n                     </td>\n                     <td colspan=\"1\" rowspan=\"1\" valign=\"top\">\n                        <p>J\u00e4ger\u00a0\u00a0\u00a0\u00a0\u00a0</p>\n                     </td>\n                     <td colspan=\"1\" rowspan=\"1\" valign=\"top\">\n                        <p/>\n                     </td>\n                     <td colspan=\"1\" rowspan=\"1\" valign=\"top\">\n                        <p>RiBGH Prof. Dr. Sander<br/>befindet sich in Urlaub und<br/>ist deshalb an der Unterschrift<br/>gehindert.</p>\n                     </td>\n                     <td colspan=\"1\" rowspan=\"1\" valign=\"top\">\n                        <p/>\n                     </td>\n                  </tr>\n                  <tr>\n                     <td colspan=\"1\" rowspan=\"1\" valign=\"top\">\n                        <p/>\n                     </td>\n                     <td colspan=\"1\" rowspan=\"1\" valign=\"top\">\n                        <p/>\n                     </td>\n                     <td colspan=\"1\" rowspan=\"1\" valign=\"top\">\n                        <p/>\n                     </td>\n                     <td colspan=\"1\" rowspan=\"1\" valign=\"top\">\n                        <p style=\"text-align:center\">Nack</p>\n                     </td>\n                     <td colspan=\"1\" rowspan=\"1\" valign=\"top\">\n                        <p/>\n                     </td>\n                  </tr>\n               </table>\n            </dd>\n         </dl>\n         <dl class=\"RspDL\">\n            <dt/>\n            <dd>\n               <p/>\n            </dd>\n         </dl>\n      </div>\n   ", "accessRights": "public", "gerort": "", "entschDatum": "20101214", "coverage": "Deutschland", "titel": "\n      <dl class=\"RspDL\">\n         <dt/>\n         <dd>\n            <p>Steuerhinterziehung: Anforderungen an die Beweisw\u00fcrdigung und die Urteilsfeststellungen bei unberechtigtem Vorsteuerabzug auf der Grundlage von Scheinrechnungen im Falle eines gest\u00e4ndigen Gehilfen</p>\n         </dd>\n      </dl>\n   ", "ecli": "", "identifier": "http://www.rechtsprechung-im-internet.de/jportal/?quelle=jlink&docid=JURE110001468&psml=bsjrsprod.psml&max=true", "spruchkoerper": "1. Strafsenat", "vorinstanz": "vorgehend LG Wuppertal, 28. Januar 2010, Az: 26 KLs 2/10, Urteil\n   ", "doknr": "JURE110001468", "abweichendeMeinung": "", "tenor": "\n      <div>\n         <dl class=\"RspDL\">\n            <dt/>\n            <dd>\n               <p>Die Revision des Angeklagten gegen das Urteil des Landgerichts Wuppertal vom 28. Januar 2010 wird als unbegr\u00fcndet verworfen.</p>\n            </dd>\n         </dl>\n         <dl class=\"RspDL\">\n            <dt/>\n            <dd>\n               <p/>\n            </dd>\n         </dl>\n         <dl class=\"RspDL\">\n            <dt/>\n            <dd>\n               <p>Der Beschwerdef\u00fchrer hat die Kosten des Rechtsmittels zu tragen.</p>\n            </dd>\n         </dl>\n      </div>\n   ", "regionAbk": "DEU"}