{"publisher": "BMJV", "tatbestand": "", "absaetze": [{"num": "1", "textProcessed": ["landgericht", "angeklagt", "unerlaubt", "handeltreib", "betaubungsmitteln", "gering", "meng", "zwei", "fall", "davon", "fall", "bewaffnet", "gesamtfreiheitsstraf", "zwei", "jahr", "sech", "monat", "verurteilt", "sachrug", "gestutzt", "revision", "angeklagt", "tenor", "ersicht", "umfang", "erfolg", "ubrig", "unbegrundet", "sinn", "abs", "stpo"], "text": "Das Landgericht hat den Angeklagten wegen unerlaubten Handeltreibens mit Bet\u00e4ubungsmitteln in nicht geringer Menge in zwei F\u00e4llen, davon in einem Fall bewaffnet, zu einer Gesamtfreiheitsstrafe von zwei Jahren und sechs Monaten verurteilt. Die auf die Sachr\u00fcge gest\u00fctzte Revision des Angeklagten hat in dem aus dem Tenor ersichtlichen Umfang Erfolg; im \u00dcbrigen ist sie unbegr\u00fcndet im Sinne des \u00a7 349 Abs. 2 StPO."}, {"num": "2", "textProcessed": ["generalbundesanwalt", "antragsschrift", "april", "ausgefuhrt"], "text": "Der Generalbundesanwalt hat in seiner Antragsschrift vom 27. April 2010 ausgef\u00fchrt:"}, {"num": "3", "textProcessed": ["getroff", "feststell", "trag", "verurteil", "angeklagt", "bewaffnet", "handeltreib", "betaubungsmitteln", "gering", "meng", "fall", "ii", "urteilsgrund", "abs", "nr", "btmg"], "text": "\"Die getroffenen Feststellungen tragen die Verurteilung des Angeklagten wegen bewaffneten Handeltreibens mit Bet\u00e4ubungsmitteln in nicht geringer Menge im Fall II. 2 der Urteilsgr\u00fcnde nicht (\u00a7 30a Abs. 2 Nr. 2 BtMG)."}, {"num": "4", "textProcessed": ["tatbestand", "setzt", "voraus", "dass", "tat", "schusswaff", "beim", "handeltreib", "fuhrt", "mitsichfuhr", "liegt", "schusswaff", "bewusst", "gebrauchsbereit", "weis", "dass", "jederzeit", "bedi", "eig", "korp", "waff", "getrag", "genugt", "griffweit", "befindet", "tat", "waff", "gegebenenfall", "einzusetz", "erford", "setzt", "tat", "mehr", "einzelakt", "zusamm", "reicht", "tatbestandserfull", "qualifizier", "umstand", "einzelakt", "verwirklicht", "vgl", "bghst", "bgh", "njw"], "text": "Der Tatbestand setzt u. a. voraus, dass der T\u00e4ter die Schusswaffe beim Handeltreiben mit sich f\u00fchrt. Ein Mitsichf\u00fchren liegt dann vor, wenn er die Schusswaffe bewusst gebrauchsbereit in der Weise bei sich hat, dass er sich ihrer jederzeit bedienen kann. Am eigenen K\u00f6rper muss die Waffe nicht getragen werden; es gen\u00fcgt, wenn sie sich in Griffweite befindet. Der Wille des T\u00e4ters, die Waffe gegebenenfalls einzusetzen, ist nicht erforderlich. Setzt sich die Tat aus mehreren Einzelakten zusammen, reicht es zur Tatbestandserf\u00fcllung aus, wenn der qualifizierende Umstand nur bei einem Einzelakt verwirklicht ist (vgl. nur BGHSt 42, 368; 43, 8, 10; BGH NJW 1999, 3206, 3207)."}, {"num": "5", "textProcessed": ["urteilsfeststell", "wohnung", "angeklagt", "sichergestellt", "rauschgift", "haschisch", "thc", "gehalt", "wohnzimm", "gelagert", "gaspatron", "durchgelad", "schreckschusspistol", "mark", "walt", "befand", "verschloss", "tresor", "abstellraum", "wohnung", "eingab", "zahlencod", "binn", "zeitraum", "sekund", "gebrauchsbereit", "ua"], "text": "Nach den Urteilsfeststellungen war das in der Wohnung des Angeklagten sichergestellte Rauschgift (136,51 g Haschisch mit einem THC-Gehalt von 8,5 g) im Wohnzimmer gelagert. Die mit Gaspatronen durchgeladene Schreckschusspistole Marke Walter befand sich in einem verschlossenen Tresor im Abstellraum der Wohnung; nach Eingabe eines Zahlencodes war sie binnen eines Zeitraums von 30 Sekunden gebrauchsbereit (UA S. 7, 10)."}, {"num": "6", "textProcessed": ["mitsichfuhr", "sinn", "tatbestand", "gegeb", "fallgestalt", "ausgegang", "vorhandensein", "behaltnis", "gelagert", "schusswaff", "raum", "regel", "genug", "bgh", "nstz", "vorlieg", "allein", "offn", "raum", "befind", "behaltnis", "gross", "zeitspann", "erford", "jederzeit", "zugriffsmog", "sinn", "tatbestand", "norm", "mehr", "red", "erhellt", "daraus", "dass", "etwaig", "ubergab", "rauschgift", "kauf", "wohnung", "gelt"], "text": "Von einem Mitsichf\u00fchren im Sinne des Tatbestandes kann bei der gegebenen Fallgestaltung nicht ausgegangen werden. Ein Vorhandensein der in einem Beh\u00e4ltnis gelagerten Schusswaffe in einem anderen Raum ist in der Regel nicht gen\u00fcgend (BGH NStZ 2000, 433). Ist, wie vorliegend, allein f\u00fcr das \u00d6ffnen des in einem anderen Raum befindlichen Beh\u00e4ltnisses eine gr\u00f6\u00dfere Zeitspanne erforderlich, kann von einer jederzeitigen Zugriffsm\u00f6glichkeit im Sinne der tatbestandlichen Norm nicht mehr die Rede sein. Dies erhellt sich auch daraus, dass selbst bei einer etwaigen \u00dcbergabe des Rauschgifts an den K\u00e4ufer in der Wohnung nichts anderes gelten w\u00fcrde.\""}, {"num": "7", "textProcessed": ["schliesst", "senat", "senat", "schuldspruch", "geandert", "erganz", "feststell", "erwart", "stpo", "steht", "schuldspruchander", "entgeg", "gestand", "angeklagt", "gescheh", "hatt", "verteid"], "text": "Dem schlie\u00dft sich der Senat an. Der Senat hat den Schuldspruch selbst ge\u00e4ndert, weil erg\u00e4nzende Feststellungen nicht zu erwarten sind. \u00a7 265 StPO steht der Schuldspruch\u00e4nderung nicht entgegen, weil sich der gest\u00e4ndige Angeklagte nicht anders als geschehen h\u00e4tte verteidigen k\u00f6nnen."}, {"num": "8", "textProcessed": ["schuldspruch", "fuhrt", "aufheb", "fall", "ii", "verhangt", "einsatzstraf", "landgericht", "strafzumess", "strafrahm", "abs", "btmg", "grund", "gelegt", "zeigt", "vergleich", "fall", "ii", "urteilsgrund", "verhangt", "straf", "dass", "annahm", "bewaffnet", "handeltreib", "strafhoh", "ausgewirkt", "zusamm", "einsatzstraf", "entfallt", "gesamtfreiheitsstraf", "fall", "ii", "urteilsgrund", "verhangt", "straf", "strafzumess", "zugrund", "liegend", "feststell", "rechtsfehl", "dageg", "beruhrt", "besteh", "bleib", "erganz", "feststell", "getroff", "sof", "bisher", "aufrecht", "erhalt", "widersprech"], "text": "Die \u00c4nderung des Schuldspruchs f\u00fchrt zur Aufhebung der im Fall II. 2 verh\u00e4ngten Einsatzstrafe. Auch wenn das Landgericht der Strafzumessung den Strafrahmen des \u00a7 30a Abs. 3 BtMG zu Grunde gelegt hat, zeigt doch der Vergleich mit der im Fall II. 1 der Urteilsgr\u00fcnde verh\u00e4ngten Strafe, dass sich die Annahme bewaffneten Handeltreibens auf die Strafh\u00f6he ausgewirkt hat. Zusammen mit der Einsatzstrafe entf\u00e4llt auch die Gesamtfreiheitsstrafe. Die im Fall II. 1 der Urteilsgr\u00fcnde verh\u00e4ngte Strafe und die der Strafzumessung zugrunde liegenden Feststellungen sind von dem Rechtsfehler dagegen nicht ber\u00fchrt und k\u00f6nnen bestehen bleiben. Erg\u00e4nzende Feststellungen k\u00f6nnen getroffen werden, sofern sie den bisherigen, aufrecht erhaltenen nicht widersprechen."}], "norm": ["\u00a7 30a Nr 2 BtMG"], "doktyp": "Beschluss", "regionLong": "Bundesrepublik Deutschland", "sonstlt": "", "gruendeProcessed": ["landgericht", "angeklagt", "unerlaubt", "handeltreib", "betaubungsmitteln", "gering", "meng", "zwei", "fall", "davon", "fall", "bewaffnet", "gesamtfreiheitsstraf", "zwei", "jahr", "sech", "monat", "verurteilt", "sachrug", "gestutzt", "revision", "angeklagt", "tenor", "ersicht", "umfang", "erfolg", "ubrig", "unbegrundet", "sinn", "abs", "stpo", "generalbundesanwalt", "antragsschrift", "april", "ausgefuhrt", "getroff", "feststell", "trag", "verurteil", "angeklagt", "bewaffnet", "handeltreib", "betaubungsmitteln", "gering", "meng", "fall", "ii", "urteilsgrund", "abs", "nr", "btmg", "tatbestand", "setzt", "voraus", "dass", "tat", "schusswaff", "beim", "handeltreib", "fuhrt", "mitsichfuhr", "liegt", "schusswaff", "bewusst", "gebrauchsbereit", "weis", "dass", "jederzeit", "bedi", "eig", "korp", "waff", "getrag", "genugt", "griffweit", "befindet", "tat", "waff", "gegebenenfall", "einzusetz", "erford", "setzt", "tat", "mehr", "einzelakt", "zusamm", "reicht", "tatbestandserfull", "qualifizier", "umstand", "einzelakt", "verwirklicht", "vgl", "bghst", "bgh", "njw", "urteilsfeststell", "wohnung", "angeklagt", "sichergestellt", "rauschgift", "haschisch", "thc", "gehalt", "wohnzimm", "gelagert", "gaspatron", "durchgelad", "schreckschusspistol", "mark", "walt", "befand", "verschloss", "tresor", "abstellraum", "wohnung", "eingab", "zahlencod", "binn", "zeitraum", "sekund", "gebrauchsbereit", "ua", "mitsichfuhr", "sinn", "tatbestand", "gegeb", "fallgestalt", "ausgegang", "vorhandensein", "behaltnis", "gelagert", "schusswaff", "raum", "regel", "genug", "bgh", "nstz", "vorlieg", "allein", "offn", "raum", "befind", "behaltnis", "gross", "zeitspann", "erford", "jederzeit", "zugriffsmog", "sinn", "tatbestand", "norm", "mehr", "red", "erhellt", "daraus", "dass", "etwaig", "ubergab", "rauschgift", "kauf", "wohnung", "gelt", "schliesst", "senat", "senat", "schuldspruch", "geandert", "erganz", "feststell", "erwart", "stpo", "steht", "schuldspruchander", "entgeg", "gestand", "angeklagt", "gescheh", "hatt", "verteid", "schuldspruch", "fuhrt", "aufheb", "fall", "ii", "verhangt", "einsatzstraf", "landgericht", "strafzumess", "strafrahm", "abs", "btmg", "grund", "gelegt", "zeigt", "vergleich", "fall", "ii", "urteilsgrund", "verhangt", "straf", "dass", "annahm", "bewaffnet", "handeltreib", "strafhoh", "ausgewirkt", "zusamm", "einsatzstraf", "entfallt", "gesamtfreiheitsstraf", "fall", "ii", "urteilsgrund", "verhangt", "straf", "strafzumess", "zugrund", "liegend", "feststell", "rechtsfehl", "dageg", "beruhrt", "besteh", "bleib", "erganz", "feststell", "getroff", "sof", "bisher", "aufrecht", "erhalt", "widersprech", "rissing", "van", "saan", "roggenbuck", "appl", "schmitt", "krehl"], "mitwirkung": "", "aktenzeichen": "2 StR 203/10", "language": "deutsch", "gertyp": "BGH", "leitsatz": "", "gruende": "\n      <div>\n         <dl class=\"RspDL\">\n            <dt>\n               <a name=\"rd_1\">1</a>\n            </dt>\n            <dd>\n               <p>Das Landgericht hat den Angeklagten wegen unerlaubten Handeltreibens mit Bet\u00e4ubungsmitteln in nicht geringer Menge in zwei F\u00e4llen, davon in einem Fall bewaffnet, zu einer Gesamtfreiheitsstrafe von zwei Jahren und sechs Monaten verurteilt. Die auf die Sachr\u00fcge gest\u00fctzte Revision des Angeklagten hat in dem aus dem Tenor ersichtlichen Umfang Erfolg; im \u00dcbrigen ist sie unbegr\u00fcndet im Sinne des \u00a7 349 Abs. 2 StPO.</p>\n            </dd>\n         </dl>\n         <dl class=\"RspDL\">\n            <dt/>\n            <dd>\n               <p/>\n            </dd>\n         </dl>\n         <dl class=\"RspDL\">\n            <dt>\n               <a name=\"rd_2\">2</a>\n            </dt>\n            <dd>\n               <p>Der Generalbundesanwalt hat in seiner Antragsschrift vom 27. April 2010 ausgef\u00fchrt:</p>\n            </dd>\n         </dl>\n         <dl class=\"RspDL\">\n            <dt/>\n            <dd>\n               <p/>\n            </dd>\n         </dl>\n         <dl class=\"RspDL\">\n            <dt>\n               <a name=\"rd_3\">3</a>\n            </dt>\n            <dd>\n               <p>\"Die getroffenen Feststellungen tragen die Verurteilung des Angeklagten wegen bewaffneten Handeltreibens mit Bet\u00e4ubungsmitteln in nicht geringer Menge im Fall II. 2 der Urteilsgr\u00fcnde nicht (\u00a7 30a Abs. 2 Nr. 2 BtMG).</p>\n            </dd>\n         </dl>\n         <dl class=\"RspDL\">\n            <dt/>\n            <dd>\n               <p/>\n            </dd>\n         </dl>\n         <dl class=\"RspDL\">\n            <dt>\n               <a name=\"rd_4\">4</a>\n            </dt>\n            <dd>\n               <p>Der Tatbestand setzt u. a. voraus, dass der T\u00e4ter die Schusswaffe beim Handeltreiben mit sich f\u00fchrt. Ein Mitsichf\u00fchren liegt dann vor, wenn er die Schusswaffe bewusst gebrauchsbereit in der Weise bei sich hat, dass er sich ihrer jederzeit bedienen kann. Am eigenen K\u00f6rper muss die Waffe nicht getragen werden; es gen\u00fcgt, wenn sie sich in Griffweite befindet. Der Wille des T\u00e4ters, die Waffe gegebenenfalls einzusetzen, ist nicht erforderlich. Setzt sich die Tat aus mehreren Einzelakten zusammen, reicht es zur Tatbestandserf\u00fcllung aus, wenn der qualifizierende Umstand nur bei einem Einzelakt verwirklicht ist (vgl. nur BGHSt 42, 368; 43, 8, 10; BGH NJW 1999, 3206, 3207).</p>\n            </dd>\n         </dl>\n         <dl class=\"RspDL\">\n            <dt/>\n            <dd>\n               <p/>\n            </dd>\n         </dl>\n         <dl class=\"RspDL\">\n            <dt>\n               <a name=\"rd_5\">5</a>\n            </dt>\n            <dd>\n               <p>Nach den Urteilsfeststellungen war das in der Wohnung des Angeklagten sichergestellte Rauschgift (136,51 g Haschisch mit einem THC-Gehalt von 8,5 g) im Wohnzimmer gelagert. Die mit Gaspatronen durchgeladene Schreckschusspistole Marke Walter befand sich in einem verschlossenen Tresor im Abstellraum der Wohnung; nach Eingabe eines Zahlencodes war sie binnen eines Zeitraums von 30 Sekunden gebrauchsbereit (UA S. 7, 10).</p>\n            </dd>\n         </dl>\n         <dl class=\"RspDL\">\n            <dt/>\n            <dd>\n               <p/>\n            </dd>\n         </dl>\n         <dl class=\"RspDL\">\n            <dt>\n               <a name=\"rd_6\">6</a>\n            </dt>\n            <dd>\n               <p>Von einem Mitsichf\u00fchren im Sinne des Tatbestandes kann bei der gegebenen Fallgestaltung nicht ausgegangen werden. Ein Vorhandensein der in einem Beh\u00e4ltnis gelagerten Schusswaffe in einem anderen Raum ist in der Regel nicht gen\u00fcgend (BGH NStZ 2000, 433). Ist, wie vorliegend, allein f\u00fcr das \u00d6ffnen des in einem anderen Raum befindlichen Beh\u00e4ltnisses eine gr\u00f6\u00dfere Zeitspanne erforderlich, kann von einer jederzeitigen Zugriffsm\u00f6glichkeit im Sinne der tatbestandlichen Norm nicht mehr die Rede sein. Dies erhellt sich auch daraus, dass selbst bei einer etwaigen \u00dcbergabe des Rauschgifts an den K\u00e4ufer in der Wohnung nichts anderes gelten w\u00fcrde.\"</p>\n            </dd>\n         </dl>\n         <dl class=\"RspDL\">\n            <dt/>\n            <dd>\n               <p/>\n            </dd>\n         </dl>\n         <dl class=\"RspDL\">\n            <dt>\n               <a name=\"rd_7\">7</a>\n            </dt>\n            <dd>\n               <p>Dem schlie\u00dft sich der Senat an. Der Senat hat den Schuldspruch selbst ge\u00e4ndert, weil erg\u00e4nzende Feststellungen nicht zu erwarten sind. \u00a7 265 StPO steht der Schuldspruch\u00e4nderung nicht entgegen, weil sich der gest\u00e4ndige Angeklagte nicht anders als geschehen h\u00e4tte verteidigen k\u00f6nnen.</p>\n            </dd>\n         </dl>\n         <dl class=\"RspDL\">\n            <dt/>\n            <dd>\n               <p/>\n            </dd>\n         </dl>\n         <dl class=\"RspDL\">\n            <dt>\n               <a name=\"rd_8\">8</a>\n            </dt>\n            <dd>\n               <p>Die \u00c4nderung des Schuldspruchs f\u00fchrt zur Aufhebung der im Fall II. 2 verh\u00e4ngten Einsatzstrafe. Auch wenn das Landgericht der Strafzumessung den Strafrahmen des \u00a7 30a Abs. 3 BtMG zu Grunde gelegt hat, zeigt doch der Vergleich mit der im Fall II. 1 der Urteilsgr\u00fcnde verh\u00e4ngten Strafe, dass sich die Annahme bewaffneten Handeltreibens auf die Strafh\u00f6he ausgewirkt hat. Zusammen mit der Einsatzstrafe entf\u00e4llt auch die Gesamtfreiheitsstrafe. Die im Fall II. 1 der Urteilsgr\u00fcnde verh\u00e4ngte Strafe und die der Strafzumessung zugrunde liegenden Feststellungen sind von dem Rechtsfehler dagegen nicht ber\u00fchrt und k\u00f6nnen bestehen bleiben. Erg\u00e4nzende Feststellungen k\u00f6nnen getroffen werden, sofern sie den bisherigen, aufrecht erhaltenen nicht widersprechen.</p>\n            </dd>\n         </dl>\n         <dl class=\"RspDL\">\n            <dt/>\n            <dd>\n               <p/>\n            </dd>\n         </dl>\n         <dl class=\"RspDL\">\n            <dt/>\n            <dd>\n               <p>Rissing-van Saan\u00a0\u00a0\u00a0\u00a0\u00a0\u00a0\u00a0\u00a0\u00a0\u00a0\u00a0\u00a0\u00a0\u00a0\u00a0\u00a0\u00a0\u00a0\u00a0\u00a0\u00a0\u00a0\u00a0\u00a0\u00a0\u00a0\u00a0\u00a0\u00a0\u00a0Roggenbuck\u00a0\u00a0\u00a0\u00a0\u00a0\u00a0\u00a0\u00a0\u00a0\u00a0\u00a0\u00a0\u00a0\u00a0\u00a0\u00a0\u00a0\u00a0\u00a0\u00a0\u00a0\u00a0\u00a0\u00a0\u00a0\u00a0\u00a0\u00a0\u00a0\u00a0Appl</p>\n            </dd>\n         </dl>\n         <dl class=\"RspDL\">\n            <dt/>\n            <dd>\n               <p>\u00a0\u00a0\u00a0\u00a0\u00a0\u00a0\u00a0\u00a0\u00a0\u00a0\u00a0\u00a0\u00a0\u00a0\u00a0\u00a0\u00a0\u00a0\u00a0\u00a0\u00a0\u00a0\u00a0\u00a0\u00a0\u00a0\u00a0\u00a0\u00a0\u00a0\u00a0\u00a0\u00a0Schmitt\u00a0\u00a0\u00a0\u00a0\u00a0\u00a0\u00a0\u00a0\u00a0\u00a0\u00a0\u00a0\u00a0\u00a0\u00a0\u00a0\u00a0\u00a0\u00a0\u00a0\u00a0\u00a0\u00a0\u00a0\u00a0\u00a0\u00a0\u00a0\u00a0\u00a0\u00a0\u00a0\u00a0\u00a0\u00a0\u00a0\u00a0\u00a0Krehl</p>\n            </dd>\n         </dl>\n         <dl class=\"RspDL\">\n            <dt/>\n            <dd>\n               <p/>\n            </dd>\n         </dl>\n      </div>\n   ", "accessRights": "public", "gerort": "", "entschDatum": "20100623", "coverage": "Deutschland", "titel": "\n      <dl class=\"RspDL\">\n         <dt/>\n         <dd>\n            <p>Bet\u00e4ubungsmittelhandel: Bewaffnetes Handeltreiben bei Aufbewahrung einer Schreckschusspistole in einem verschlossenen Tresor im Nebenraum</p>\n         </dd>\n      </dl>\n   ", "ecli": "", "identifier": "http://www.rechtsprechung-im-internet.de/jportal/?quelle=jlink&docid=JURE100066832&psml=bsjrsprod.psml&max=true", "spruchkoerper": "2. Strafsenat", "vorinstanz": "vorgehend LG Frankfurt, 12. Januar 2010, Az: 5/4 KLs 5340 Js 206864/09 - 44/09, Urteil\n   ", "doknr": "JURE100066832", "abweichendeMeinung": "", "tenor": "\n      <div>\n         <dl class=\"RspDL\">\n            <dt/>\n            <dd>\n               <p>1. Auf die Revision des Angeklagten wird das Urteil des Landgerichts Frankfurt am Main vom 12. Januar 2010</p>\n            </dd>\n         </dl>\n         <dl class=\"RspDL\">\n            <dt/>\n            <dd>\n               <p style=\"margin-left:18pt\">a) im Schuldspruch dahin ge\u00e4ndert, dass der Angeklagte des unerlaubten Handeltreibens mit Bet\u00e4ubungsmitteln in nicht geringer Menge in zwei F\u00e4llen schuldig ist,</p>\n            </dd>\n         </dl>\n         <dl class=\"RspDL\">\n            <dt/>\n            <dd>\n               <p style=\"margin-left:18pt\">b) im Ausspruch \u00fcber die Einzelstrafe im Fall II. 2 der Urteilsgr\u00fcnde und im Gesamtstrafenausspruch aufgehoben.</p>\n            </dd>\n         </dl>\n         <dl class=\"RspDL\">\n            <dt/>\n            <dd>\n               <p>2. Im Umfang der Aufhebung wird die Sache zu neuer Verhandlung und Entscheidung, auch \u00fcber die Kosten des Rechtsmittels, an eine andere Strafkammer des Landgerichts zur\u00fcckverwiesen.</p>\n            </dd>\n         </dl>\n         <dl class=\"RspDL\">\n            <dt/>\n            <dd>\n               <p>3. Die weitergehende Revision wird verworfen.</p>\n            </dd>\n         </dl>\n         <dl class=\"RspDL\">\n            <dt/>\n            <dd>\n               <p/>\n            </dd>\n         </dl>\n      </div>\n   ", "regionAbk": "DEU"}