{"publisher": "BMJV", "tatbestand": "", "absaetze": [{"num": "1", "textProcessed": ["landgericht", "angeklagt", "versucht", "schwer", "rauber", "erpress", "tatein", "gefahr", "korperverletz", "schuldig", "gesproch", "angeklagt", "deshalb", "freiheitsstraf", "drei", "jahr", "sech", "monat", "verurteilt", "angeklagt", "freiheitsstraf", "drei", "jahr", "sech", "monat", "festgesetzt", "auflos", "gesamtfreiheitsstraf", "vorverurteil", "einbezieh", "dortig", "einzelstraf", "gesamtfreiheitsstraf", "acht", "jahr", "sech", "monat", "verurteilt", "revision", "rug", "angeklagt", "verletz", "sachlich", "recht", "angeklagt", "beanstandet", "darub", "hinaus", "verfahr", "rechtsmittel", "sachrug", "beschlussformel", "ersicht", "teilerfolg", "ubrig", "unbegrundet", "sinn", "abs", "stpo"], "text": "Das Landgericht hat die Angeklagten der versuchten schweren r\u00e4uberischen Erpressung in Tateinheit mit gef\u00e4hrlicher K\u00f6rperverletzung schuldig gesprochen. Den Angeklagten M.\u00a0hat es deshalb zu einer Freiheitsstrafe von drei Jahren und sechs Monaten verurteilt. Gegen den Angeklagten W.\u00a0hat es eine Freiheitsstrafe von drei Jahren und sechs Monaten festgesetzt und ihn unter Aufl\u00f6sung der Gesamtfreiheitsstrafe aus einer Vorverurteilung und unter Einbeziehung der dortigen Einzelstrafen zu einer Gesamtfreiheitsstrafe von acht Jahren und sechs Monaten verurteilt. Mit ihren Revisionen r\u00fcgen die Angeklagten die Verletzung sachlichen Rechts; der Angeklagte M.\u00a0beanstandet dar\u00fcber hinaus das Verfahren. Die Rechtsmittel haben mit der Sachr\u00fcge den aus der Beschlussformel ersichtlichen Teilerfolg; im \u00dcbrigen sind sie unbegr\u00fcndet im Sinne des \u00a7 349 Abs. 2 StPO."}, {"num": "2", "textProcessed": ["feststell", "landgericht", "angeklagt", "verliebt", "bordell", "zuhalt", "ma", "zweck", "sexuell", "ausbeut", "russland", "deutschland", "gelockt", "prostitution", "nachging", "zeugin", "gemeinsam", "zukunft", "aufbau", "vereinbart", "angeklagt", "ma", "freikaufpreis", "euro", "gegenzug", "ma", "recht", "zeugin", "freigeb", "reisepass", "aushand", "zahlung", "ubergab", "russisch", "reisepass", "marz", "erfuhr", "angeklagt", "zeugin", "dass", "pass", "abgelauf", "dass", "ma", "getauscht", "gefalscht", "litau", "reisepass", "ablauf", "touristenvisum", "verschafft", "zuruckgegeb", "nunmehr", "fuhlt", "angeklagt", "abgezockt", "geld", "notfall", "einsatz", "gewalt", "zuruckhol", "zweck", "begab", "selb", "tag", "eingeweiht", "angeklagt", "weit", "helf", "ma", "verschafft", "ruckzahlungsforder", "gewaltsam", "nachdruck", "angeklagt", "helf", "axtstiel", "kopf", "oberkorp", "ma", "einprugeln", "liess", "nachd", "zeugin", "gelung", "hilf", "ruf", "floh", "ziel", "erreicht"], "text": "1. Nach den Feststellungen des Landgerichts hatte sich der Angeklagte W.\u00a0in E.\u00a0I.\u00a0verliebt, die in den Bordellen ihres Zuh\u00e4lters J.\u00a0Ma., der sie zum Zweck der sexuellen Ausbeutung aus Russland nach Deutschland gelockt hatte, der Prostitution nachging. Um mit der Zeugin I.\u00a0eine gemeinsame Zukunft aufbauen zu k\u00f6nnen, vereinbarte der Angeklagte W.\u00a0mit Ma.\u00a0einen \"Freikaufpreis\" von 10.000 Euro; im Gegenzug sollte Ma.\u00a0die \"Rechte\" an der Zeugin freigeben und ihm ihren Reisepass aush\u00e4ndigen. Nach der Zahlung und der \u00dcbergabe des russischen Reisepasses am 17. M\u00e4rz 2006 erfuhr der Angeklagte W.\u00a0von der Zeugin I.\u00a0, dass dieser Pass abgelaufen war und dass sie, von Ma.\u00a0get\u00e4uscht, diesem den gef\u00e4lschten litauischen Reisepass, den dieser ihr nach Ablauf ihres Touristenvisums verschafft hatte, zur\u00fcckgegeben hatte. Nunmehr f\u00fchlte sich der Angeklagte W.\u00a0\"abgezockt\" und wollte sich das Geld notfalls unter Einsatz von Gewalt zur\u00fcckholen. Zu diesem Zwecke begab er sich noch am selben Tage mit dem eingeweihten Angeklagten M.\u00a0und mit weiteren Helfern zu Ma.\u00a0und verschaffte seiner R\u00fcckzahlungsforderung gewaltsam Nachdruck, indem er den Angeklagten M.\u00a0und einen der Helfer mit Axtstielen gegen Kopf und Oberk\u00f6rper des Ma.\u00a0einpr\u00fcgeln lie\u00df. Nachdem es einer Zeugin gelungen war, um Hilfe zu rufen, flohen sie, ohne ihr Ziel erreicht zu haben."}, {"num": "3", "textProcessed": ["feststell", "trag", "neb", "schuldspruch", "gefahr", "korperverletz", "abs", "nr", "stgb", "versucht", "notig", "gemass", "abs", "stgb", "rechtfert", "verurteil", "versucht", "schwer", "rauber", "erpress", "angeklagt", "absicht", "handelt", "bzw", "dritt", "unrecht", "bereich", "angeklagt", "stand", "vielmehr", "ma", "anspruch", "ruckzahl", "euro", "dass", "angeklagt", "irrtum", "gegenteil", "ausging", "folg", "dass", "untaug", "versuch", "betracht", "kam", "bghst", "festgestellt"], "text": "2. Diese Feststellungen tragen zwar neben dem Schuldspruch wegen gef\u00e4hrlicher K\u00f6rperverletzung, \u00a7 224 Abs. 1 Nr. 2 und 4 StGB, auch einen solchen wegen versuchter N\u00f6tigung gem\u00e4\u00df \u00a7 240 Abs. 1, 2 und 3 StGB; sie rechtfertigen aber nicht die Verurteilung wegen versuchter schwerer r\u00e4uberischer Erpressung, da die Angeklagten nicht in der Absicht handelten, sich (bzw. einen Dritten) zu Unrecht zu bereichern. Dem Angeklagten W.\u00a0stand vielmehr gegen Ma.\u00a0ein Anspruch auf R\u00fcckzahlung der 10.000 Euro zu; dass die Angeklagten irrt\u00fcmlich vom Gegenteil ausgingen, mit der Folge, dass ein untauglicher Versuch in Betracht k\u00e4me (BGHSt 42, 268), ist nicht festgestellt."}, {"num": "4", "textProcessed": ["ruckzahlungsanspruch", "ergibt", "abs", "satz", "alt", "bgb", "zahlung", "rechtlich", "grund", "erfolgt", "vereinbar", "freikaufpreis", "bereit", "inhalt", "gut", "sitt", "verstiess", "deshalb", "gemass", "abs", "bgb", "nichtig", "vertrag", "behandelt", "zeugin", "bloss", "objekt", "anerkenn", "person", "freiheit", "ma", "insbesond", "freiheit", "sexuell", "selbstbestimm", "danach", "gegenleist", "abhang"], "text": "a) Der R\u00fcckzahlungsanspruch ergibt sich aus \u00a7 812 Abs. 1 Satz 1 Alt. 1 BGB. Die Zahlung war ohne rechtlichen Grund erfolgt, weil die Vereinbarung \u00fcber den \"Freikaufpreis\" bereits nach ihrem Inhalt gegen die guten Sitten verstie\u00df und deshalb gem\u00e4\u00df \u00a7 138 Abs. 1 BGB nichtig war. Der Vertrag behandelte die Zeugin I.\u00a0als blo\u00dfes Objekt. Die Anerkennung ihrer pers\u00f6nlichen Freiheit durch Ma., insbesondere ihrer Freiheit zur sexuellen Selbstbestimmung, war danach von einer Gegenleistung abh\u00e4ngig."}, {"num": "5", "textProcessed": ["ruckzahlungsanspruch", "wed", "alt", "bgb", "satz", "bgb", "ausgeschloss"], "text": "b) Der R\u00fcckzahlungsanspruch ist auch weder nach \u00a7 814 Alt. 1 BGB noch nach \u00a7 817 Satz 2 BGB ausgeschlossen."}, {"num": "6", "textProcessed": ["alt", "bgb", "wonach", "leistung", "zuruckgefordert", "leistend", "gewusst", "dass", "leistung", "verpflichtet", "anwendbar", "angeklagt", "erkennbar", "freiwill", "gezahlt", "vielmehr", "druck", "vermeid", "drohend", "nachteil", "bgh", "urt", "juli", "xii", "zr", "njw", "ma", "schon", "vergang", "freiheit", "strafbar", "weis", "stgb", "missachtet", "droht", "kunftig", "streitig", "angeklagt", "zahlung", "freikaufpreis", "verhind"], "text": "\u00a7 814 Alt. 1 BGB, wonach die Leistung nicht zur\u00fcckgefordert werden kann, wenn der Leistende gewusst hat, dass er zur Leistung nicht verpflichtet war, ist hier nicht anwendbar, weil der Angeklagte W.\u00a0erkennbar nicht freiwillig gezahlt hatte, sondern vielmehr unter Druck zur Vermeidung eines sonst drohenden Nachteils (BGH, Urt. vom 12. Juli 1995 - XII ZR 95/93 = NJW 1995, 3052, 3054). Ma.\u00a0hatte schon in der Vergangenheit die Freiheit der I.\u00a0in strafbarer Weise (\u00a7 232 StGB) missachtet und er drohte sie ihr auch k\u00fcnftig streitig zu machen. Dies wollte der Angeklagte W.\u00a0durch die Zahlung des \"Freikaufpreises\" verhindern."}, {"num": "7", "textProcessed": ["kondiktionsausschluss", "satz", "bgb", "greift", "danach", "ruckforder", "leistung", "ausgeschloss", "leistend", "verstoss", "gut", "sitt", "gesetz", "verbot", "last", "fallt", "stand", "zweck", "zahlung", "wiedergewinn", "freiheit", "zeugin", "einklang", "rechtsordn", "angeklagt", "ging", "vereinbar", "ma", "darum", "betrieb", "menschenhandel", "zweck", "sexuell", "ausbeut", "perpetui", "vgl", "olg", "koln", "urt", "dezemb", "njw", "rr", "urteilsfeststell", "zeugin", "einflussbereich", "zuhalt", "entzieh", "gemeinsam", "zukunft", "aufzubau", "ua"], "text": "Auch der Kondiktionsausschluss nach \u00a7 817 Satz 2 BGB greift nicht ein. Danach ist die R\u00fcckforderung der Leistung ausgeschlossen, wenn dem Leistenden ein Versto\u00df gegen die guten Sitten oder gegen ein gesetzliches Verbot zur Last f\u00e4llt. Hier aber stand der Zweck der Zahlung - die Wiedergewinnung der Freiheit der Zeugin I.\u00a0- im Einklang mit der Rechtsordnung. Dem Angeklagten W.\u00a0ging es bei der Vereinbarung mit Ma.\u00a0nicht darum, den von diesem betriebenen Menschenhandel zum Zweck der sexuellen Ausbeutung zu perpetuieren (vgl. dazu OLG K\u00f6ln, Urt. vom 19. Dezember 1997 -\u00a0= NJW-RR 1998, 1518). Nach den Urteilsfeststellungen wollte er die Zeugin dem Einflussbereich ihres Zuh\u00e4lters entziehen, um mit ihr eine gemeinsame Zukunft aufzubauen (UA 17)."}, {"num": "8", "textProcessed": ["senat", "stellt", "schuldspruch", "stpo", "steht", "entgeg", "angeklagt", "gescheh", "hatt", "verteid", "schuldspruchander", "zieht", "aufheb", "strafausspruch", "senat", "ausschliess", "dass", "landgericht", "zutreff", "rechtlich", "wurdig", "gering", "straf", "verhangt", "hatt", "aufheb", "einzelstraf", "bezug", "angeklagt", "erkannt", "gesamtfreiheitsstraf", "bestand"], "text": "3. Der Senat stellt den Schuldspruch um. \u00a7 265 StPO steht dem nicht entgegen, da sich die Angeklagten nicht anders als geschehen h\u00e4tten verteidigen k\u00f6nnen. Die Schuldspruch\u00e4nderung zieht die Aufhebung der Strafausspr\u00fcche nach sich. Der Senat kann nicht ausschlie\u00dfen, dass das Landgericht bei zutreffender rechtlicher W\u00fcrdigung geringere Strafen verh\u00e4ngt h\u00e4tte. Wegen der Aufhebung der Einzelstrafe hat auch die bez\u00fcglich des Angeklagten W.\u00a0erkannte Gesamtfreiheitsstrafe keinen Bestand."}], "norm": ["\u00a7 22 StGB", "\u00a7 23 StGB", "\u00a7 224 Nr 2 StGB", "\u00a7 224 Nr 4 StGB", "\u00a7 240  StGB", "\u00a7 240  StGB", "\u00a7 240  StGB", "\u00a7 253 StGB", "\u00a7 255 StGB", "\u00a7 138  BGB", "\u00a7 812 S 1 Alt 1  BGB", "\u00a7 814 Alt 1  BGB", "\u00a7 817 S 2  BGB"], "doktyp": "Beschluss", "regionLong": "Bundesrepublik Deutschland", "sonstlt": "", "gruendeProcessed": ["landgericht", "angeklagt", "versucht", "schwer", "rauber", "erpress", "tatein", "gefahr", "korperverletz", "schuldig", "gesproch", "angeklagt", "deshalb", "freiheitsstraf", "drei", "jahr", "sech", "monat", "verurteilt", "angeklagt", "freiheitsstraf", "drei", "jahr", "sech", "monat", "festgesetzt", "auflos", "gesamtfreiheitsstraf", "vorverurteil", "einbezieh", "dortig", "einzelstraf", "gesamtfreiheitsstraf", "acht", "jahr", "sech", "monat", "verurteilt", "revision", "rug", "angeklagt", "verletz", "sachlich", "recht", "angeklagt", "beanstandet", "darub", "hinaus", "verfahr", "rechtsmittel", "sachrug", "beschlussformel", "ersicht", "teilerfolg", "ubrig", "unbegrundet", "sinn", "abs", "stpo", "feststell", "landgericht", "angeklagt", "verliebt", "bordell", "zuhalt", "ma", "zweck", "sexuell", "ausbeut", "russland", "deutschland", "gelockt", "prostitution", "nachging", "zeugin", "gemeinsam", "zukunft", "aufbau", "vereinbart", "angeklagt", "ma", "freikaufpreis", "euro", "gegenzug", "ma", "recht", "zeugin", "freigeb", "reisepass", "aushand", "zahlung", "ubergab", "russisch", "reisepass", "marz", "erfuhr", "angeklagt", "zeugin", "dass", "pass", "abgelauf", "dass", "ma", "getauscht", "gefalscht", "litau", "reisepass", "ablauf", "touristenvisum", "verschafft", "zuruckgegeb", "nunmehr", "fuhlt", "angeklagt", "abgezockt", "geld", "notfall", "einsatz", "gewalt", "zuruckhol", "zweck", "begab", "selb", "tag", "eingeweiht", "angeklagt", "weit", "helf", "ma", "verschafft", "ruckzahlungsforder", "gewaltsam", "nachdruck", "angeklagt", "helf", "axtstiel", "kopf", "oberkorp", "ma", "einprugeln", "liess", "nachd", "zeugin", "gelung", "hilf", "ruf", "floh", "ziel", "erreicht", "feststell", "trag", "neb", "schuldspruch", "gefahr", "korperverletz", "abs", "nr", "stgb", "versucht", "notig", "gemass", "abs", "stgb", "rechtfert", "verurteil", "versucht", "schwer", "rauber", "erpress", "angeklagt", "absicht", "handelt", "bzw", "dritt", "unrecht", "bereich", "angeklagt", "stand", "vielmehr", "ma", "anspruch", "ruckzahl", "euro", "dass", "angeklagt", "irrtum", "gegenteil", "ausging", "folg", "dass", "untaug", "versuch", "betracht", "kam", "bghst", "festgestellt", "ruckzahlungsanspruch", "ergibt", "abs", "satz", "alt", "bgb", "zahlung", "rechtlich", "grund", "erfolgt", "vereinbar", "freikaufpreis", "bereit", "inhalt", "gut", "sitt", "verstiess", "deshalb", "gemass", "abs", "bgb", "nichtig", "vertrag", "behandelt", "zeugin", "bloss", "objekt", "anerkenn", "person", "freiheit", "ma", "insbesond", "freiheit", "sexuell", "selbstbestimm", "danach", "gegenleist", "abhang", "ruckzahlungsanspruch", "wed", "alt", "bgb", "satz", "bgb", "ausgeschloss", "alt", "bgb", "wonach", "leistung", "zuruckgefordert", "leistend", "gewusst", "dass", "leistung", "verpflichtet", "anwendbar", "angeklagt", "erkennbar", "freiwill", "gezahlt", "vielmehr", "druck", "vermeid", "drohend", "nachteil", "bgh", "urt", "juli", "xii", "zr", "njw", "ma", "schon", "vergang", "freiheit", "strafbar", "weis", "stgb", "missachtet", "droht", "kunftig", "streitig", "angeklagt", "zahlung", "freikaufpreis", "verhind", "kondiktionsausschluss", "satz", "bgb", "greift", "danach", "ruckforder", "leistung", "ausgeschloss", "leistend", "verstoss", "gut", "sitt", "gesetz", "verbot", "last", "fallt", "stand", "zweck", "zahlung", "wiedergewinn", "freiheit", "zeugin", "einklang", "rechtsordn", "angeklagt", "ging", "vereinbar", "ma", "darum", "betrieb", "menschenhandel", "zweck", "sexuell", "ausbeut", "perpetui", "vgl", "olg", "koln", "urt", "dezemb", "njw", "rr", "urteilsfeststell", "zeugin", "einflussbereich", "zuhalt", "entzieh", "gemeinsam", "zukunft", "aufzubau", "ua", "senat", "stellt", "schuldspruch", "stpo", "steht", "entgeg", "angeklagt", "gescheh", "hatt", "verteid", "schuldspruchander", "zieht", "aufheb", "strafausspruch", "senat", "ausschliess", "dass", "landgericht", "zutreff", "rechtlich", "wurdig", "gering", "straf", "verhangt", "hatt", "aufheb", "einzelstraf", "bezug", "angeklagt", "erkannt", "gesamtfreiheitsstraf", "bestand", "tepperwi", "solin", "stojanovi\u0107", "ernemann", "frank", "mutzbau"], "mitwirkung": "", "aktenzeichen": "4 StR 438/09", "language": "deutsch", "gertyp": "BGH", "leitsatz": "", "gruende": "\n      <div>\n         <dl class=\"RspDL\">\n            <dt>\n               <a name=\"rd_1\">1</a>\n            </dt>\n            <dd>\n               <p>Das Landgericht hat die Angeklagten der versuchten schweren r\u00e4uberischen Erpressung in Tateinheit mit gef\u00e4hrlicher K\u00f6rperverletzung schuldig gesprochen. Den Angeklagten M.\u00a0hat es deshalb zu einer Freiheitsstrafe von drei Jahren und sechs Monaten verurteilt. Gegen den Angeklagten W.\u00a0hat es eine Freiheitsstrafe von drei Jahren und sechs Monaten festgesetzt und ihn unter Aufl\u00f6sung der Gesamtfreiheitsstrafe aus einer Vorverurteilung und unter Einbeziehung der dortigen Einzelstrafen zu einer Gesamtfreiheitsstrafe von acht Jahren und sechs Monaten verurteilt. Mit ihren Revisionen r\u00fcgen die Angeklagten die Verletzung sachlichen Rechts; der Angeklagte M.\u00a0beanstandet dar\u00fcber hinaus das Verfahren. Die Rechtsmittel haben mit der Sachr\u00fcge den aus der Beschlussformel ersichtlichen Teilerfolg; im \u00dcbrigen sind sie unbegr\u00fcndet im Sinne des \u00a7 349 Abs. 2 StPO.</p>\n            </dd>\n         </dl>\n         <dl class=\"RspDL\">\n            <dt/>\n            <dd>\n               <p/>\n            </dd>\n         </dl>\n         <dl class=\"RspDL\">\n            <dt>\n               <a name=\"rd_2\">2</a>\n            </dt>\n            <dd>\n               <p>1. Nach den Feststellungen des Landgerichts hatte sich der Angeklagte W.\u00a0in E.\u00a0I.\u00a0verliebt, die in den Bordellen ihres Zuh\u00e4lters J.\u00a0Ma., der sie zum Zweck der sexuellen Ausbeutung aus Russland nach Deutschland gelockt hatte, der Prostitution nachging. Um mit der Zeugin I.\u00a0eine gemeinsame Zukunft aufbauen zu k\u00f6nnen, vereinbarte der Angeklagte W.\u00a0mit Ma.\u00a0einen \"Freikaufpreis\" von 10.000 Euro; im Gegenzug sollte Ma.\u00a0die \"Rechte\" an der Zeugin freigeben und ihm ihren Reisepass aush\u00e4ndigen. Nach der Zahlung und der \u00dcbergabe des russischen Reisepasses am 17. M\u00e4rz 2006 erfuhr der Angeklagte W.\u00a0von der Zeugin I.\u00a0, dass dieser Pass abgelaufen war und dass sie, von Ma.\u00a0get\u00e4uscht, diesem den gef\u00e4lschten litauischen Reisepass, den dieser ihr nach Ablauf ihres Touristenvisums verschafft hatte, zur\u00fcckgegeben hatte. Nunmehr f\u00fchlte sich der Angeklagte W.\u00a0\"abgezockt\" und wollte sich das Geld notfalls unter Einsatz von Gewalt zur\u00fcckholen. Zu diesem Zwecke begab er sich noch am selben Tage mit dem eingeweihten Angeklagten M.\u00a0und mit weiteren Helfern zu Ma.\u00a0und verschaffte seiner R\u00fcckzahlungsforderung gewaltsam Nachdruck, indem er den Angeklagten M.\u00a0und einen der Helfer mit Axtstielen gegen Kopf und Oberk\u00f6rper des Ma.\u00a0einpr\u00fcgeln lie\u00df. Nachdem es einer Zeugin gelungen war, um Hilfe zu rufen, flohen sie, ohne ihr Ziel erreicht zu haben.</p>\n            </dd>\n         </dl>\n         <dl class=\"RspDL\">\n            <dt/>\n            <dd>\n               <p/>\n            </dd>\n         </dl>\n         <dl class=\"RspDL\">\n            <dt>\n               <a name=\"rd_3\">3</a>\n            </dt>\n            <dd>\n               <p>2. Diese Feststellungen tragen zwar neben dem Schuldspruch wegen gef\u00e4hrlicher K\u00f6rperverletzung, \u00a7 224 Abs. 1 Nr. 2 und 4 StGB, auch einen solchen wegen versuchter N\u00f6tigung gem\u00e4\u00df \u00a7 240 Abs. 1, 2 und 3 StGB; sie rechtfertigen aber nicht die Verurteilung wegen versuchter schwerer r\u00e4uberischer Erpressung, da die Angeklagten nicht in der Absicht handelten, sich (bzw. einen Dritten) <span style=\"text-decoration:underline\">zu Unrecht</span> zu bereichern. Dem Angeklagten W.\u00a0stand vielmehr gegen Ma.\u00a0ein Anspruch auf R\u00fcckzahlung der 10.000 Euro zu; dass die Angeklagten irrt\u00fcmlich vom Gegenteil ausgingen, mit der Folge, dass ein untauglicher Versuch in Betracht k\u00e4me (BGHSt 42, 268), ist nicht festgestellt.</p>\n            </dd>\n         </dl>\n         <dl class=\"RspDL\">\n            <dt/>\n            <dd>\n               <p/>\n            </dd>\n         </dl>\n         <dl class=\"RspDL\">\n            <dt>\n               <a name=\"rd_4\">4</a>\n            </dt>\n            <dd>\n               <p>a) Der R\u00fcckzahlungsanspruch ergibt sich aus \u00a7 812 Abs. 1 Satz 1 Alt. 1 BGB. Die Zahlung war ohne rechtlichen Grund erfolgt, weil die Vereinbarung \u00fcber den \"Freikaufpreis\" bereits nach ihrem Inhalt gegen die guten Sitten verstie\u00df und deshalb gem\u00e4\u00df \u00a7 138 Abs. 1 BGB nichtig war. Der Vertrag behandelte die Zeugin I.\u00a0als blo\u00dfes Objekt. Die Anerkennung ihrer pers\u00f6nlichen Freiheit durch Ma., insbesondere ihrer Freiheit zur sexuellen Selbstbestimmung, war danach von einer Gegenleistung abh\u00e4ngig.</p>\n            </dd>\n         </dl>\n         <dl class=\"RspDL\">\n            <dt/>\n            <dd>\n               <p/>\n            </dd>\n         </dl>\n         <dl class=\"RspDL\">\n            <dt>\n               <a name=\"rd_5\">5</a>\n            </dt>\n            <dd>\n               <p>b) Der R\u00fcckzahlungsanspruch ist auch weder nach \u00a7 814 Alt. 1 BGB noch nach \u00a7 817 Satz 2 BGB ausgeschlossen.</p>\n            </dd>\n         </dl>\n         <dl class=\"RspDL\">\n            <dt/>\n            <dd>\n               <p/>\n            </dd>\n         </dl>\n         <dl class=\"RspDL\">\n            <dt>\n               <a name=\"rd_6\">6</a>\n            </dt>\n            <dd>\n               <p>\u00a7 814 Alt. 1 BGB, wonach die Leistung nicht zur\u00fcckgefordert werden kann, wenn der Leistende gewusst hat, dass er zur Leistung nicht verpflichtet war, ist hier nicht anwendbar, weil der Angeklagte W.\u00a0erkennbar nicht freiwillig gezahlt hatte, sondern vielmehr unter Druck zur Vermeidung eines sonst drohenden Nachteils (BGH, Urt. vom 12. Juli 1995 - XII ZR 95/93 = NJW 1995, 3052, 3054). Ma.\u00a0hatte schon in der Vergangenheit die Freiheit der I.\u00a0in strafbarer Weise (\u00a7 232 StGB) missachtet und er drohte sie ihr auch k\u00fcnftig streitig zu machen. Dies wollte der Angeklagte W.\u00a0durch die Zahlung des \"Freikaufpreises\" verhindern.</p>\n            </dd>\n         </dl>\n         <dl class=\"RspDL\">\n            <dt/>\n            <dd>\n               <p/>\n            </dd>\n         </dl>\n         <dl class=\"RspDL\">\n            <dt>\n               <a name=\"rd_7\">7</a>\n            </dt>\n            <dd>\n               <p>Auch der Kondiktionsausschluss nach \u00a7 817 Satz 2 BGB greift nicht ein. Danach ist die R\u00fcckforderung der Leistung ausgeschlossen, wenn dem Leistenden ein Versto\u00df gegen die guten Sitten oder gegen ein gesetzliches Verbot zur Last f\u00e4llt. Hier aber stand der Zweck der Zahlung - die Wiedergewinnung der Freiheit der Zeugin I.\u00a0- im Einklang mit der Rechtsordnung. Dem Angeklagten W.\u00a0ging es bei der Vereinbarung mit Ma.\u00a0nicht darum, den von diesem betriebenen Menschenhandel zum Zweck der sexuellen Ausbeutung zu perpetuieren (vgl. dazu OLG K\u00f6ln, Urt. vom 19. Dezember 1997 -\u00a0= NJW-RR 1998, 1518). Nach den Urteilsfeststellungen wollte er die Zeugin dem Einflussbereich ihres Zuh\u00e4lters entziehen, um mit ihr eine gemeinsame Zukunft aufzubauen (UA 17).</p>\n            </dd>\n         </dl>\n         <dl class=\"RspDL\">\n            <dt/>\n            <dd>\n               <p/>\n            </dd>\n         </dl>\n         <dl class=\"RspDL\">\n            <dt>\n               <a name=\"rd_8\">8</a>\n            </dt>\n            <dd>\n               <p>3. Der Senat stellt den Schuldspruch um. \u00a7 265 StPO steht dem nicht entgegen, da sich die Angeklagten nicht anders als geschehen h\u00e4tten verteidigen k\u00f6nnen. Die Schuldspruch\u00e4nderung zieht die Aufhebung der Strafausspr\u00fcche nach sich. Der Senat kann nicht ausschlie\u00dfen, dass das Landgericht bei zutreffender rechtlicher W\u00fcrdigung geringere Strafen verh\u00e4ngt h\u00e4tte. Wegen der Aufhebung der Einzelstrafe hat auch die bez\u00fcglich des Angeklagten W.\u00a0erkannte Gesamtfreiheitsstrafe keinen Bestand.</p>\n            </dd>\n         </dl>\n         <dl class=\"RspDL\">\n            <dt/>\n            <dd>\n               <p/>\n            </dd>\n         </dl>\n         <dl class=\"RspDL\">\n            <dt/>\n            <dd>\n               <p>Tepperwien\u00a0\u00a0\u00a0\u00a0\u00a0\u00a0\u00a0\u00a0\u00a0\u00a0\u00a0\u00a0\u00a0\u00a0\u00a0\u00a0\u00a0\u00a0\u00a0\u00a0\u00a0\u00a0\u00a0\u00a0\u00a0\u00a0\u00a0\u00a0\u00a0\u00a0\u00a0\u00a0Solin-Stojanovi\u0107\u00a0\u00a0\u00a0\u00a0\u00a0\u00a0\u00a0\u00a0\u00a0\u00a0\u00a0\u00a0\u00a0\u00a0\u00a0\u00a0\u00a0\u00a0\u00a0\u00a0\u00a0\u00a0\u00a0\u00a0\u00a0\u00a0\u00a0\u00a0\u00a0\u00a0\u00a0\u00a0\u00a0\u00a0\u00a0\u00a0Ernemann</p>\n            </dd>\n         </dl>\n         <dl class=\"RspDL\">\n            <dt/>\n            <dd>\n               <p>\u00a0\u00a0\u00a0\u00a0\u00a0\u00a0\u00a0\u00a0\u00a0\u00a0\u00a0\u00a0\u00a0\u00a0\u00a0\u00a0\u00a0\u00a0\u00a0\u00a0\u00a0\u00a0\u00a0\u00a0\u00a0\u00a0\u00a0Franke\u00a0\u00a0\u00a0\u00a0\u00a0\u00a0\u00a0\u00a0\u00a0\u00a0\u00a0\u00a0\u00a0\u00a0\u00a0\u00a0\u00a0\u00a0\u00a0\u00a0\u00a0\u00a0\u00a0\u00a0\u00a0\u00a0\u00a0\u00a0\u00a0\u00a0\u00a0\u00a0\u00a0\u00a0\u00a0\u00a0\u00a0\u00a0\u00a0\u00a0\u00a0\u00a0\u00a0\u00a0\u00a0Mutzbauer</p>\n            </dd>\n         </dl>\n         <dl class=\"RspDL\">\n            <dt/>\n            <dd>\n               <p/>\n            </dd>\n         </dl>\n      </div>\n   ", "accessRights": "public", "gerort": "", "entschDatum": "20100223", "coverage": "Deutschland", "titel": "\n      <dl class=\"RspDL\">\n         <dt/>\n         <dd>\n            <p>Strafbarkeit der gewaltsamen R\u00fcckforderung eines rechtsgrundlos gezahlten Geldbetrages</p>\n         </dd>\n      </dl>\n   ", "ecli": "", "identifier": "http://www.rechtsprechung-im-internet.de/jportal/?quelle=jlink&docid=JURE100058708&psml=bsjrsprod.psml&max=true", "spruchkoerper": "4. Strafsenat", "vorinstanz": "vorgehend LG Halle (Saale) , 20. M\u00e4rz 2009, Az: 507 Js 28958/06 - 23 KLs 30/07, Urteil\n   ", "doknr": "JURE100058708", "abweichendeMeinung": "", "tenor": "\n      <div>\n         <dl class=\"RspDL\">\n            <dt/>\n            <dd>\n               <p>1. Auf die Revisionen der Angeklagten wird das Urteil des Landgerichts Halle vom 20. M\u00e4rz 2009</p>\n            </dd>\n         </dl>\n         <dl class=\"RspDL\">\n            <dt/>\n            <dd>\n               <p/>\n            </dd>\n         </dl>\n         <dl class=\"RspDL\">\n            <dt/>\n            <dd>\n               <p style=\"margin-left:18pt\">a) im Schuldspruch dahin abge\u00e4ndert, dass die Angeklagten der versuchten N\u00f6tigung in Tateinheit mit gef\u00e4hrlicher K\u00f6rperverletzung schuldig sind,</p>\n            </dd>\n         </dl>\n         <dl class=\"RspDL\">\n            <dt/>\n            <dd>\n               <p/>\n            </dd>\n         </dl>\n         <dl class=\"RspDL\">\n            <dt/>\n            <dd>\n               <p style=\"margin-left:18pt\">b) in den Strafausspr\u00fcchen mit den zugeh\u00f6rigen Feststellungen aufgehoben.</p>\n            </dd>\n         </dl>\n         <dl class=\"RspDL\">\n            <dt/>\n            <dd>\n               <p/>\n            </dd>\n         </dl>\n         <dl class=\"RspDL\">\n            <dt/>\n            <dd>\n               <p>2. Im Umfang der Aufhebung wird die Sache zu neuer Verhandlung und Entscheidung, auch \u00fcber die Kosten der Rechtsmittel, an eine andere Strafkammer des Landgerichts zur\u00fcckverwiesen.</p>\n            </dd>\n         </dl>\n         <dl class=\"RspDL\">\n            <dt/>\n            <dd>\n               <p/>\n            </dd>\n         </dl>\n         <dl class=\"RspDL\">\n            <dt/>\n            <dd>\n               <p>3. Die weiter gehenden Revisionen werden verworfen.</p>\n            </dd>\n         </dl>\n         <dl class=\"RspDL\">\n            <dt/>\n            <dd>\n               <p/>\n            </dd>\n         </dl>\n      </div>\n   ", "regionAbk": "DEU"}