{"publisher": "BMJV", "tatbestand": "", "absaetze": [{"num": "1", "textProcessed": ["landgericht", "angeklagt", "zwei", "mitangeklagt", "totschlag", "tatein", "versucht", "rauber", "erpress", "schuldig", "gesproch", "jugendstraf", "acht", "jahr", "verurteilt", "revision", "angeklagt", "erzielt", "ledig", "beschlussformel", "ersicht", "teilerfolg", "ubrig", "rechtsmittel", "unbegrundet", "sinn", "abs", "stpo"], "text": "Das Landgericht hat den Angeklagten \u2013 wie auch zwei Mitangeklagte \u2013 wegen Totschlags in Tateinheit mit versuchter r\u00e4uberischer Erpressung schuldig gesprochen und ihn zu einer Jugendstrafe von acht Jahren verurteilt. Die Revision des Angeklagten erzielt lediglich den aus der Beschlussformel ersichtlichen Teilerfolg. Im \u00dcbrigen ist das Rechtsmittel unbegr\u00fcndet im Sinne des \u00a7 349 Abs. 2 StPO."}, {"num": "2", "textProcessed": ["verurteil", "liegt", "zugrund", "dass", "angeklagt", "april", "gewaltsam", "eintreib", "aussenstand", "drogenverkauf", "angeklagt", "nichtrevident", "mitgewirkt", "totung", "drogenkauf", "fuhrt", "angeklagt", "zunach", "mitwirk", "totung", "abgelehnt", "ledig", "erteil", "lektion", "einverstand", "erklart", "beginn", "totungshandl", "mittat", "sprang", "mehrfach", "opf", "setzt", "hierdurch", "wehrfah", "herab", "nahm", "kenntnis", "billig", "tathandl", "mittat", "tod", "drogenkauf", "kauf"], "text": "1. Der Verurteilung liegt zugrunde, dass der Angeklagte am 15. April 2008 an einer gewaltsamen Eintreibung von Au\u00dfenst\u00e4nden aus Drogenverk\u00e4ufen des Angeklagten B.\u00a0durch diesen und den Nichtrevidenten L.\u00a0mitgewirkt hat, die zur T\u00f6tung des Drogenk\u00e4ufers f\u00fchrte. Der Angeklagte hatte zun\u00e4chst eine Mitwirkung an der T\u00f6tung abgelehnt und sich lediglich mit der Erteilung einer Lektion einverstanden erkl\u00e4rt. Nach Beginn der T\u00f6tungshandlungen der Mitt\u00e4ter sprang er mehrfach auf das Opfer, setzte hierdurch dessen Wehrf\u00e4higkeit herab und nahm in Kenntnis und Billigung der Tathandlungen der Mitt\u00e4ter den Tod des Drogenk\u00e4ufers in Kauf."}, {"num": "3", "textProcessed": ["landgericht", "jugendstraf", "neb", "schwer", "schuld", "vorlieg", "schadlich", "neigung", "gemass", "abs", "jgg", "begrundet", "hierfur", "ganz", "erheb", "beteil", "angeklagt", "besond", "schwer", "delikt", "treibend", "kraft", "abgestellt", "fern", "ausgefuhrt", "dahin", "geringfug", "strafrecht", "erschein", "getret", "angeklagt", "uberzeug", "kamm", "erkennbar", "defizit", "moglicherweis", "falsch", "erkannt", "handlung", "distanzi", "problem", "abzugrenz", "pragend", "helfertendenz", "fuhrt", "uberzeug", "kamm", "dass", "angeklagt", "falsch", "verstand", "kameradschaft", "bereit", "erheb", "straftat", "beteil", "tat", "schadlich", "neigung", "umfang", "hervorgetret", "lang", "gesamterzieh", "gefahr", "weit", "unerheb", "straftat", "berg", "ua"], "text": "2. Das Landgericht hat die Jugendstrafe neben der Schwere der Schuld auch mit dem Vorliegen sch\u00e4dlicher Neigungen gem\u00e4\u00df \u00a7 17 Abs. 2 JGG begr\u00fcndet und hierf\u00fcr auf die ganz erhebliche Beteiligung des Angeklagten an einem besonders schweren Delikt, wenn auch nicht als treibende Kraft, abgestellt. Es hat ferner ausgef\u00fchrt: \u201eDer bis dahin nur geringf\u00fcgig strafrechtlich in Erscheinung getretene Angeklagte M.\u00a0hat zur \u00dcberzeugung der Kammer erkennbare Defizite, sich von m\u00f6glicherweise als falsch erkannten Handlungen zu distanzieren. Die Probleme, sich abzugrenzen, und die ihn pr\u00e4genden Helfertendenzen f\u00fchrten zur \u00dcberzeugung der Kammer dazu, dass der Angeklagte M.\u00a0aus falsch verstandener Kameradschaft auch bereit war, sich an erheblichsten Straftaten zu beteiligen. In der Tat sind sch\u00e4dliche Neigungen in einem Umfang hervorgetreten, die ohne eine l\u00e4ngere Gesamterziehung die Gefahr weiterer nicht nur unerheblicher Straftaten in sich bergen\u201c (UA S. 188)."}, {"num": "4", "textProcessed": ["erwag", "trag", "annahm", "schadlich", "neigung"], "text": "3. Diese Erw\u00e4gungen tragen die Annahme sch\u00e4dlicher Neigungen nicht."}, {"num": "5", "textProcessed": ["hierfur", "erheb", "anlag", "erziehungsmangel", "erford", "regel", "bejaht", "erheb", "personlichkeitsmangel", "schon", "tat", "verborg", "angelegt", "bghr", "jgg", "abs", "schadlich", "neigung", "bgh", "nstz", "landgericht", "festgestellt"], "text": "a) Hierf\u00fcr sind erhebliche Anlage- und Erziehungsm\u00e4ngel erforderlich, die in aller Regel nur bejaht werden k\u00f6nnen, wenn erhebliche Pers\u00f6nlichkeitsm\u00e4ngel schon vor der Tat, wenn auch verborgen, angelegt waren (BGHR JGG \u00a7 17 Abs. 2 sch\u00e4dliche Neigungen 5 m.w.N.; BGH NStZ 2010, 280, 281). Solche hat das Landgericht aber nicht festgestellt."}, {"num": "6", "textProcessed": ["aa", "jugendstrafkamm", "gutacht", "jugendpsychiatr", "sachverstand", "person", "angeklagt", "gefolgt", "auffall", "sozialverhalt", "angeklagt", "festgestellt", "hilfsbereit", "person", "beschrieb", "gross", "selbstwertgefuhl", "wenig", "selbstvertrau", "verfug", "prufungsang", "leid", "ua", "sei", "bestat", "bemuht", "person", "leicht", "eig", "klar", "position", "defini", "konn", "eher", "tendenz", "zeig", "problem", "erwachs", "anzuvertrau", "verhaltnis", "elt", "deutlich", "emanzipation", "stattgefund", "angeklagt", "sei", "jugendtyp", "anlehnungsbedurft", "ua", "landgericht", "ergebnis", "ledig", "umstand", "festgestellt", "reifeverzoger", "beleg", "vgl", "bghr", "aao"], "text": "aa) Die Jugendstrafkammer ist dem Gutachten des jugendpsychiatrischen Sachverst\u00e4ndigen zur Pers\u00f6nlichkeit des Angeklagten gefolgt, das keine Auff\u00e4lligkeiten im Sozialverhalten des Angeklagten festgestellt und ihn als hilfsbereite Pers\u00f6nlichkeit beschrieben hat, die \u00fcber kein gro\u00dfes Selbstwertgef\u00fchl und wenig Selbstvertrauen verf\u00fcge und unter Pr\u00fcfungsangst leide (UA S. 165). Er sei eine um Best\u00e4tigung bem\u00fchte Person, die nicht leicht eine eigene klare Position definieren k\u00f6nne und eher Tendenzen zeige, sich mit seinen Problemen einem Erwachsenen anzuvertrauen. Im Verh\u00e4ltnis zu den Eltern habe noch keine deutliche Emanzipation stattgefunden, der Angeklagte sei \u201ejugendtypisch anlehnungsbed\u00fcrftig\u201c (UA S. 187). Damit hat das Landgericht im Ergebnis lediglich Umst\u00e4nde festgestellt, die eine Reifeverz\u00f6gerung belegen (vgl. BGHR aaO)."}, {"num": "7", "textProcessed": ["bb", "soweit", "jugendkamm", "angeklagt", "geubt", "falsch", "verstand", "kameradschaft", "schadlich", "neigung", "anerkannt", "fehlt", "hierfur", "gebot", "begrund", "vgl", "bgh", "stv", "annahm", "widerspricht", "zud", "festgestellt", "tatmotivation", "insoweit", "landgericht", "dargelegt", "dass", "angeklagt", "personlichkeitsfremd", "ua", "totungshandl", "mitgewirkt", "anerkannt", "bzw", "anerkenn", "verli", "ua", "jugendkamm", "hatt", "angesicht", "feststell", "erwag", "motivation", "falsch", "verstand", "kameradschaft", "ebenfall", "reifeverzoger", "zuzurechn", "deshalb", "schadlich", "neigung", "begrund", "konnt", "vgl", "bghr", "aao"], "text": "bb) Soweit die Jugendkammer eine vom Angeklagten ge\u00fcbte falsch verstandene Kameradschaft als sch\u00e4dliche Neigung anerkannt hat, fehlt es hierf\u00fcr an der gebotenen Begr\u00fcndung (vgl. BGH StV 1985, 419, 420). Deren Annahme widerspricht zudem der festgestellten Tatmotivation. Insoweit hat das Landgericht dargelegt, dass der Angeklagte bei der \u2013 ihm pers\u00f6nlichkeitsfremden (UA S. 168) \u2013 T\u00f6tungshandlung mitgewirkt habe, um anerkannt zu werden bzw. die Anerkennung nicht zu verlieren (UA S. 167). Die Jugendkammer h\u00e4tte angesichts dieser Feststellung erw\u00e4gen m\u00fcssen, ob diese Motivation \u2013 und damit auch die falsch verstandene Kameradschaft \u2013 ebenfalls den Reifeverz\u00f6gerungen zuzurechnen ist und deshalb keine sch\u00e4dlichen Neigungen begr\u00fcnden konnte (vgl. BGHR aaO)."}, {"num": "8", "textProcessed": ["cc", "landgericht", "fern", "umstand", "bewert", "einbezog", "dass", "angeklagt", "mittat", "eskalier", "gefuhrt", "tatgescheh", "spontan", "mitwirk", "totung", "entschloss", "wurdig", "annahm", "schadlich", "neigung", "tendenziell", "entgegensteh", "situationsbedingt", "versag", "erfordert", "hatt", "vgl", "eisenberg", "jgg", "aufl", "rdn"], "text": "cc) Das Landgericht hat ferner den Umstand nicht in seine Bewertung einbezogen, dass sich der Angeklagte w\u00e4hrend eines von den Mitt\u00e4tern eskalierend gef\u00fchrten Tatgeschehens spontan zur Mitwirkung an der T\u00f6tung entschlossen hat, was eine W\u00fcrdigung als ein der Annahme sch\u00e4dlicher Neigungen tendenziell entgegenstehendes situationsbedingtes Versagen erfordert h\u00e4tte (vgl. Eisenberg, JGG 14. Aufl. \u00a7 17 Rdn. 19)."}, {"num": "9", "textProcessed": ["soweit", "landgericht", "weit", "darleg", "schadlich", "neigung", "urteilszeitpunkt", "besteh", "angenomm", "begegnet", "durchgreif", "bedenk", "zusammenhang", "wesent", "gegenlauf", "feststell", "erwog", "zweifel", "fortdau", "schadlich", "neigung", "annahm", "uberwind", "hatt", "begrund", "vgl", "bgh", "bohm", "nstz", "eisenberg", "aao", "rdn"], "text": "b) Auch soweit das Landgericht \u2013 ohne weitere Darlegung \u2013 sch\u00e4dliche Neigungen noch als zum Urteilszeitpunkt bestehend angenommen hat, begegnet dies durchgreifenden Bedenken. Es hat in diesem Zusammenhang wesentliche gegenl\u00e4ufige Feststellungen nicht erwogen, die Zweifel an der Fortdauer sch\u00e4dlicher Neigungen oder die Annahme von deren \u00dcberwindung h\u00e4tten begr\u00fcnden k\u00f6nnen (vgl. BGH bei B\u00f6hm NStZ 1997, 481; Eisenberg aaO \u00a7 17 Rdn. 23)."}, {"num": "10", "textProcessed": ["angeklagt", "bereit", "neun", "tag", "tat", "april", "mittat", "gelobt", "schweig", "gebroch", "ermittlungsbehord", "gestellt", "bereit", "laufend", "ermittlungsmassnahm", "gekannt", "ua", "angeklagt", "eig", "tatbeitrag", "teilweis", "geleugnet", "landgericht", "zutreff", "belast", "mitangeklagt", "todesursach", "stranguli", "angeklagt", "verleg", "atemweg", "mittel", "gewaltsam", "einfuhr", "zwiebel", "angeklagt", "fruh", "aufklarungsbeitrag", "gewurdigt", "ua", "darub", "hinaus", "angeklagt", "zwei", "entlass", "beeindruck", "untersuchungshaft", "ua", "weit", "verfahr", "jeweil", "gestellt", "relativiert", "tatverhalt", "falsch", "erkannt", "entschuldigt", "ua", "weit", "straftat", "mehr", "begang"], "text": "Der Angeklagte hat bereits neun Tage nach der Tat am 24. April 2008 sein den Mitt\u00e4tern gelobtes Schweigen gebrochen und sich den Ermittlungsbeh\u00f6rden gestellt, ohne gegen ihn bereits laufende Ermittlungsma\u00dfnahmen gekannt zu haben (UA S. 34). Auch wenn der Angeklagte seinen eigenen Tatbeitrag teilweise geleugnet hat, hat das Landgericht die zutreffende Belastung der Mitangeklagten (todesurs\u00e4chliches Strangulieren durch den Angeklagten B.\u00a0und Verlegung der Atemwege mittels gewaltsamer Einf\u00fchrung einer Zwiebel durch den Angeklagten L.) als fr\u00fchen Aufkl\u00e4rungsbeitrag gew\u00fcrdigt (UA S. 190). Dar\u00fcber hinaus hat sich der Angeklagte nach zwei Entlassungen aus der ihn beeindruckenden Untersuchungshaft (UA S. 190) dem weiteren Verfahren jeweils gestellt, sein relativiertes Tatverhalten als falsch erkannt, sich entschuldigt (UA S. 190) und keine weitere Straftat mehr begangen."}, {"num": "11", "textProcessed": ["aufgezeigt", "mangel", "fuhr", "aufheb", "ausspruch", "hoh", "jugendstraf", "jugendkamm", "beanstand", "weis", "notwend", "verhang", "jugendstraf", "schuldschw", "gestutzt", "auszuschliess", "dass", "bish", "feststell", "getrag", "annahm", "schadlich", "neigung", "bemess", "jugendstraf", "nachteil", "angeklagt", "ausgewirkt", "vgl", "bghr", "jgg", "abs", "schadlich", "neigung"], "text": "4. Die aufgezeigten M\u00e4ngel f\u00fchren zur Aufhebung des Ausspruchs \u00fcber die H\u00f6he der Jugendstrafe. Auch wenn die Jugendkammer in nicht zu beanstandender Weise die Notwendigkeit von Verh\u00e4ngung von Jugendstrafe auch auf die Schuldschwere gest\u00fctzt hat, ist nicht auszuschlie\u00dfen, dass sich die bisher von den Feststellungen nicht getragene Annahme sch\u00e4dlicher Neigungen bei der Bemessung der Jugendstrafe zum Nachteil des Angeklagten ausgewirkt hat (vgl. BGHR JGG \u00a7 17 Abs. 2 sch\u00e4dliche Neigungen 5 m.w.N.)."}, {"num": "12", "textProcessed": ["aufheb", "feststell", "bedurft", "vorlieg", "subsumtionsfehl", "landgericht", "jugendstraf", "grundlag", "bish", "getroff", "feststell", "neu", "bestimm", "wobei", "weit", "feststell", "widerspruch", "bish", "getroff", "tret", "strafausspruch", "zugrund", "gelegt"], "text": "Der Aufhebung von Feststellungen bedurfte es bei dem hier vorliegenden Subsumtionsfehler nicht. Das Landgericht wird die Jugendstrafe auf der Grundlage der bisher getroffenen Feststellungen neu zu bestimmen haben, wobei weitere Feststellungen, die nicht in Widerspruch zu den bisher getroffenen treten, dem Strafausspruch zugrunde gelegt werden k\u00f6nnen."}], "norm": ["\u00a7 17 JGG", "\u00a7 22 StGB", "\u00a7 23 StGB", "\u00a7 25  StGB", "\u00a7 52 StGB", "\u00a7 212 StGB", "\u00a7 255 StGB"], "doktyp": "Beschluss", "regionLong": "Bundesrepublik Deutschland", "sonstlt": "", "gruendeProcessed": ["landgericht", "angeklagt", "zwei", "mitangeklagt", "totschlag", "tatein", "versucht", "rauber", "erpress", "schuldig", "gesproch", "jugendstraf", "acht", "jahr", "verurteilt", "revision", "angeklagt", "erzielt", "ledig", "beschlussformel", "ersicht", "teilerfolg", "ubrig", "rechtsmittel", "unbegrundet", "sinn", "abs", "stpo", "verurteil", "liegt", "zugrund", "dass", "angeklagt", "april", "gewaltsam", "eintreib", "aussenstand", "drogenverkauf", "angeklagt", "nichtrevident", "mitgewirkt", "totung", "drogenkauf", "fuhrt", "angeklagt", "zunach", "mitwirk", "totung", "abgelehnt", "ledig", "erteil", "lektion", "einverstand", "erklart", "beginn", "totungshandl", "mittat", "sprang", "mehrfach", "opf", "setzt", "hierdurch", "wehrfah", "herab", "nahm", "kenntnis", "billig", "tathandl", "mittat", "tod", "drogenkauf", "kauf", "landgericht", "jugendstraf", "neb", "schwer", "schuld", "vorlieg", "schadlich", "neigung", "gemass", "abs", "jgg", "begrundet", "hierfur", "ganz", "erheb", "beteil", "angeklagt", "besond", "schwer", "delikt", "treibend", "kraft", "abgestellt", "fern", "ausgefuhrt", "dahin", "geringfug", "strafrecht", "erschein", "getret", "angeklagt", "uberzeug", "kamm", "erkennbar", "defizit", "moglicherweis", "falsch", "erkannt", "handlung", "distanzi", "problem", "abzugrenz", "pragend", "helfertendenz", "fuhrt", "uberzeug", "kamm", "dass", "angeklagt", "falsch", "verstand", "kameradschaft", "bereit", "erheb", "straftat", "beteil", "tat", "schadlich", "neigung", "umfang", "hervorgetret", "lang", "gesamterzieh", "gefahr", "weit", "unerheb", "straftat", "berg", "ua", "erwag", "trag", "annahm", "schadlich", "neigung", "hierfur", "erheb", "anlag", "erziehungsmangel", "erford", "regel", "bejaht", "erheb", "personlichkeitsmangel", "schon", "tat", "verborg", "angelegt", "bghr", "jgg", "abs", "schadlich", "neigung", "bgh", "nstz", "landgericht", "festgestellt", "aa", "jugendstrafkamm", "gutacht", "jugendpsychiatr", "sachverstand", "person", "angeklagt", "gefolgt", "auffall", "sozialverhalt", "angeklagt", "festgestellt", "hilfsbereit", "person", "beschrieb", "gross", "selbstwertgefuhl", "wenig", "selbstvertrau", "verfug", "prufungsang", "leid", "ua", "sei", "bestat", "bemuht", "person", "leicht", "eig", "klar", "position", "defini", "konn", "eher", "tendenz", "zeig", "problem", "erwachs", "anzuvertrau", "verhaltnis", "elt", "deutlich", "emanzipation", "stattgefund", "angeklagt", "sei", "jugendtyp", "anlehnungsbedurft", "ua", "landgericht", "ergebnis", "ledig", "umstand", "festgestellt", "reifeverzoger", "beleg", "vgl", "bghr", "aao", "bb", "soweit", "jugendkamm", "angeklagt", "geubt", "falsch", "verstand", "kameradschaft", "schadlich", "neigung", "anerkannt", "fehlt", "hierfur", "gebot", "begrund", "vgl", "bgh", "stv", "annahm", "widerspricht", "zud", "festgestellt", "tatmotivation", "insoweit", "landgericht", "dargelegt", "dass", "angeklagt", "personlichkeitsfremd", "ua", "totungshandl", "mitgewirkt", "anerkannt", "bzw", "anerkenn", "verli", "ua", "jugendkamm", "hatt", "angesicht", "feststell", "erwag", "motivation", "falsch", "verstand", "kameradschaft", "ebenfall", "reifeverzoger", "zuzurechn", "deshalb", "schadlich", "neigung", "begrund", "konnt", "vgl", "bghr", "aao", "cc", "landgericht", "fern", "umstand", "bewert", "einbezog", "dass", "angeklagt", "mittat", "eskalier", "gefuhrt", "tatgescheh", "spontan", "mitwirk", "totung", "entschloss", "wurdig", "annahm", "schadlich", "neigung", "tendenziell", "entgegensteh", "situationsbedingt", "versag", "erfordert", "hatt", "vgl", "eisenberg", "jgg", "aufl", "rdn", "soweit", "landgericht", "weit", "darleg", "schadlich", "neigung", "urteilszeitpunkt", "besteh", "angenomm", "begegnet", "durchgreif", "bedenk", "zusammenhang", "wesent", "gegenlauf", "feststell", "erwog", "zweifel", "fortdau", "schadlich", "neigung", "annahm", "uberwind", "hatt", "begrund", "vgl", "bgh", "bohm", "nstz", "eisenberg", "aao", "rdn", "angeklagt", "bereit", "neun", "tag", "tat", "april", "mittat", "gelobt", "schweig", "gebroch", "ermittlungsbehord", "gestellt", "bereit", "laufend", "ermittlungsmassnahm", "gekannt", "ua", "angeklagt", "eig", "tatbeitrag", "teilweis", "geleugnet", "landgericht", "zutreff", "belast", "mitangeklagt", "todesursach", "stranguli", "angeklagt", "verleg", "atemweg", "mittel", "gewaltsam", "einfuhr", "zwiebel", "angeklagt", "fruh", "aufklarungsbeitrag", "gewurdigt", "ua", "darub", "hinaus", "angeklagt", "zwei", "entlass", "beeindruck", "untersuchungshaft", "ua", "weit", "verfahr", "jeweil", "gestellt", "relativiert", "tatverhalt", "falsch", "erkannt", "entschuldigt", "ua", "weit", "straftat", "mehr", "begang", "aufgezeigt", "mangel", "fuhr", "aufheb", "ausspruch", "hoh", "jugendstraf", "jugendkamm", "beanstand", "weis", "notwend", "verhang", "jugendstraf", "schuldschw", "gestutzt", "auszuschliess", "dass", "bish", "feststell", "getrag", "annahm", "schadlich", "neigung", "bemess", "jugendstraf", "nachteil", "angeklagt", "ausgewirkt", "vgl", "bghr", "jgg", "abs", "schadlich", "neigung", "aufheb", "feststell", "bedurft", "vorlieg", "subsumtionsfehl", "landgericht", "jugendstraf", "grundlag", "bish", "getroff", "feststell", "neu", "bestimm", "wobei", "weit", "feststell", "widerspruch", "bish", "getroff", "tret", "strafausspruch", "zugrund", "gelegt", "braus", "sand", "schneid", "konig", "bellay"], "mitwirkung": "", "aktenzeichen": "5 StR 199/10", "language": "deutsch", "gertyp": "BGH", "leitsatz": "", "gruende": "\n      <div>\n         <dl class=\"RspDL\">\n            <dt>\n               <a name=\"rd_1\">1</a>\n            </dt>\n            <dd>\n               <p>Das Landgericht hat den Angeklagten \u2013 wie auch zwei Mitangeklagte \u2013 wegen Totschlags in Tateinheit mit versuchter r\u00e4uberischer Erpressung schuldig gesprochen und ihn zu einer Jugendstrafe von acht Jahren verurteilt. Die Revision des Angeklagten erzielt lediglich den aus der Beschlussformel ersichtlichen Teilerfolg. Im \u00dcbrigen ist das Rechtsmittel unbegr\u00fcndet im Sinne des \u00a7 349 Abs. 2 StPO.</p>\n            </dd>\n         </dl>\n         <dl class=\"RspDL\">\n            <dt/>\n            <dd>\n               <p/>\n            </dd>\n         </dl>\n         <dl class=\"RspDL\">\n            <dt>\n               <a name=\"rd_2\">2</a>\n            </dt>\n            <dd>\n               <p>1. Der Verurteilung liegt zugrunde, dass der Angeklagte am 15. April 2008 an einer gewaltsamen Eintreibung von Au\u00dfenst\u00e4nden aus Drogenverk\u00e4ufen des Angeklagten B.\u00a0durch diesen und den Nichtrevidenten L.\u00a0mitgewirkt hat, die zur T\u00f6tung des Drogenk\u00e4ufers f\u00fchrte. Der Angeklagte hatte zun\u00e4chst eine Mitwirkung an der T\u00f6tung abgelehnt und sich lediglich mit der Erteilung einer Lektion einverstanden erkl\u00e4rt. Nach Beginn der T\u00f6tungshandlungen der Mitt\u00e4ter sprang er mehrfach auf das Opfer, setzte hierdurch dessen Wehrf\u00e4higkeit herab und nahm in Kenntnis und Billigung der Tathandlungen der Mitt\u00e4ter den Tod des Drogenk\u00e4ufers in Kauf.</p>\n            </dd>\n         </dl>\n         <dl class=\"RspDL\">\n            <dt/>\n            <dd>\n               <p/>\n            </dd>\n         </dl>\n         <dl class=\"RspDL\">\n            <dt>\n               <a name=\"rd_3\">3</a>\n            </dt>\n            <dd>\n               <p>2. Das Landgericht hat die Jugendstrafe neben der Schwere der Schuld auch mit dem Vorliegen sch\u00e4dlicher Neigungen gem\u00e4\u00df \u00a7 17 Abs. 2 JGG begr\u00fcndet und hierf\u00fcr auf die ganz erhebliche Beteiligung des Angeklagten an einem besonders schweren Delikt, wenn auch nicht als treibende Kraft, abgestellt. Es hat ferner ausgef\u00fchrt: \u201eDer bis dahin nur geringf\u00fcgig strafrechtlich in Erscheinung getretene Angeklagte M.\u00a0hat zur \u00dcberzeugung der Kammer erkennbare Defizite, sich von m\u00f6glicherweise als falsch erkannten Handlungen zu distanzieren. Die Probleme, sich abzugrenzen, und die ihn pr\u00e4genden Helfertendenzen f\u00fchrten zur \u00dcberzeugung der Kammer dazu, dass der Angeklagte M.\u00a0aus falsch verstandener Kameradschaft auch bereit war, sich an erheblichsten Straftaten zu beteiligen. In der Tat sind sch\u00e4dliche Neigungen in einem Umfang hervorgetreten, die ohne eine l\u00e4ngere Gesamterziehung die Gefahr weiterer nicht nur unerheblicher Straftaten in sich bergen\u201c (UA S. 188).</p>\n            </dd>\n         </dl>\n         <dl class=\"RspDL\">\n            <dt/>\n            <dd>\n               <p/>\n            </dd>\n         </dl>\n         <dl class=\"RspDL\">\n            <dt>\n               <a name=\"rd_4\">4</a>\n            </dt>\n            <dd>\n               <p>3. Diese Erw\u00e4gungen tragen die Annahme sch\u00e4dlicher Neigungen nicht.</p>\n            </dd>\n         </dl>\n         <dl class=\"RspDL\">\n            <dt/>\n            <dd>\n               <p/>\n            </dd>\n         </dl>\n         <dl class=\"RspDL\">\n            <dt>\n               <a name=\"rd_5\">5</a>\n            </dt>\n            <dd>\n               <p>a) Hierf\u00fcr sind erhebliche Anlage- und Erziehungsm\u00e4ngel erforderlich, die in aller Regel nur bejaht werden k\u00f6nnen, wenn erhebliche Pers\u00f6nlichkeitsm\u00e4ngel schon vor der Tat, wenn auch verborgen, angelegt waren (BGHR JGG \u00a7 17 Abs. 2 sch\u00e4dliche Neigungen 5 m.w.N.; BGH NStZ 2010, 280, 281). Solche hat das Landgericht aber nicht festgestellt.</p>\n            </dd>\n         </dl>\n         <dl class=\"RspDL\">\n            <dt/>\n            <dd>\n               <p/>\n            </dd>\n         </dl>\n         <dl class=\"RspDL\">\n            <dt>\n               <a name=\"rd_6\">6</a>\n            </dt>\n            <dd>\n               <p>aa) Die Jugendstrafkammer ist dem Gutachten des jugendpsychiatrischen Sachverst\u00e4ndigen zur Pers\u00f6nlichkeit des Angeklagten gefolgt, das keine Auff\u00e4lligkeiten im Sozialverhalten des Angeklagten festgestellt und ihn als hilfsbereite Pers\u00f6nlichkeit beschrieben hat, die \u00fcber kein gro\u00dfes Selbstwertgef\u00fchl und wenig Selbstvertrauen verf\u00fcge und unter Pr\u00fcfungsangst leide (UA S. 165). Er sei eine um Best\u00e4tigung bem\u00fchte Person, die nicht leicht eine eigene klare Position definieren k\u00f6nne und eher Tendenzen zeige, sich mit seinen Problemen einem Erwachsenen anzuvertrauen. Im Verh\u00e4ltnis zu den Eltern habe noch keine deutliche Emanzipation stattgefunden, der Angeklagte sei \u201ejugendtypisch anlehnungsbed\u00fcrftig\u201c (UA S. 187). Damit hat das Landgericht im Ergebnis lediglich Umst\u00e4nde festgestellt, die eine Reifeverz\u00f6gerung belegen (vgl. BGHR aaO).</p>\n            </dd>\n         </dl>\n         <dl class=\"RspDL\">\n            <dt/>\n            <dd>\n               <p/>\n            </dd>\n         </dl>\n         <dl class=\"RspDL\">\n            <dt>\n               <a name=\"rd_7\">7</a>\n            </dt>\n            <dd>\n               <p>bb) Soweit die Jugendkammer eine vom Angeklagten ge\u00fcbte falsch verstandene Kameradschaft als sch\u00e4dliche Neigung anerkannt hat, fehlt es hierf\u00fcr an der gebotenen Begr\u00fcndung (vgl. BGH StV 1985, 419, 420). Deren Annahme widerspricht zudem der festgestellten Tatmotivation. Insoweit hat das Landgericht dargelegt, dass der Angeklagte bei der \u2013 ihm pers\u00f6nlichkeitsfremden (UA S. 168) \u2013 T\u00f6tungshandlung mitgewirkt habe, um anerkannt zu werden bzw. die Anerkennung nicht zu verlieren (UA S. 167). Die Jugendkammer h\u00e4tte angesichts dieser Feststellung erw\u00e4gen m\u00fcssen, ob diese Motivation \u2013 und damit auch die falsch verstandene Kameradschaft \u2013 ebenfalls den Reifeverz\u00f6gerungen zuzurechnen ist und deshalb keine sch\u00e4dlichen Neigungen begr\u00fcnden konnte (vgl. BGHR aaO).</p>\n            </dd>\n         </dl>\n         <dl class=\"RspDL\">\n            <dt/>\n            <dd>\n               <p/>\n            </dd>\n         </dl>\n         <dl class=\"RspDL\">\n            <dt>\n               <a name=\"rd_8\">8</a>\n            </dt>\n            <dd>\n               <p>cc) Das Landgericht hat ferner den Umstand nicht in seine Bewertung einbezogen, dass sich der Angeklagte w\u00e4hrend eines von den Mitt\u00e4tern eskalierend gef\u00fchrten Tatgeschehens spontan zur Mitwirkung an der T\u00f6tung entschlossen hat, was eine W\u00fcrdigung als ein der Annahme sch\u00e4dlicher Neigungen tendenziell entgegenstehendes situationsbedingtes Versagen erfordert h\u00e4tte (vgl. Eisenberg, JGG 14. Aufl. \u00a7 17 Rdn. 19).</p>\n            </dd>\n         </dl>\n         <dl class=\"RspDL\">\n            <dt/>\n            <dd>\n               <p/>\n            </dd>\n         </dl>\n         <dl class=\"RspDL\">\n            <dt>\n               <a name=\"rd_9\">9</a>\n            </dt>\n            <dd>\n               <p>b) Auch soweit das Landgericht \u2013 ohne weitere Darlegung \u2013 sch\u00e4dliche Neigungen noch als zum Urteilszeitpunkt bestehend angenommen hat, begegnet dies durchgreifenden Bedenken. Es hat in diesem Zusammenhang wesentliche gegenl\u00e4ufige Feststellungen nicht erwogen, die Zweifel an der Fortdauer sch\u00e4dlicher Neigungen oder die Annahme von deren \u00dcberwindung h\u00e4tten begr\u00fcnden k\u00f6nnen (vgl. BGH bei B\u00f6hm NStZ 1997, 481; Eisenberg aaO \u00a7 17 Rdn. 23).</p>\n            </dd>\n         </dl>\n         <dl class=\"RspDL\">\n            <dt/>\n            <dd>\n               <p/>\n            </dd>\n         </dl>\n         <dl class=\"RspDL\">\n            <dt>\n               <a name=\"rd_10\">10</a>\n            </dt>\n            <dd>\n               <p>Der Angeklagte hat bereits neun Tage nach der Tat am 24. April 2008 sein den Mitt\u00e4tern gelobtes Schweigen gebrochen und sich den Ermittlungsbeh\u00f6rden gestellt, ohne gegen ihn bereits laufende Ermittlungsma\u00dfnahmen gekannt zu haben (UA S. 34). Auch wenn der Angeklagte seinen eigenen Tatbeitrag teilweise geleugnet hat, hat das Landgericht die zutreffende Belastung der Mitangeklagten (todesurs\u00e4chliches Strangulieren durch den Angeklagten B.\u00a0und Verlegung der Atemwege mittels gewaltsamer Einf\u00fchrung einer Zwiebel durch den Angeklagten L.) als fr\u00fchen Aufkl\u00e4rungsbeitrag gew\u00fcrdigt (UA S. 190). Dar\u00fcber hinaus hat sich der Angeklagte nach zwei Entlassungen aus der ihn beeindruckenden Untersuchungshaft (UA S. 190) dem weiteren Verfahren jeweils gestellt, sein relativiertes Tatverhalten als falsch erkannt, sich entschuldigt (UA S. 190) und keine weitere Straftat mehr begangen.</p>\n            </dd>\n         </dl>\n         <dl class=\"RspDL\">\n            <dt/>\n            <dd>\n               <p/>\n            </dd>\n         </dl>\n         <dl class=\"RspDL\">\n            <dt>\n               <a name=\"rd_11\">11</a>\n            </dt>\n            <dd>\n               <p>4. Die aufgezeigten M\u00e4ngel f\u00fchren zur Aufhebung des Ausspruchs \u00fcber die H\u00f6he der Jugendstrafe. Auch wenn die Jugendkammer in nicht zu beanstandender Weise die Notwendigkeit von Verh\u00e4ngung von Jugendstrafe auch auf die Schuldschwere gest\u00fctzt hat, ist nicht auszuschlie\u00dfen, dass sich die bisher von den Feststellungen nicht getragene Annahme sch\u00e4dlicher Neigungen bei der Bemessung der Jugendstrafe zum Nachteil des Angeklagten ausgewirkt hat (vgl. BGHR JGG \u00a7 17 Abs. 2 sch\u00e4dliche Neigungen 5 m.w.N.).</p>\n            </dd>\n         </dl>\n         <dl class=\"RspDL\">\n            <dt/>\n            <dd>\n               <p/>\n            </dd>\n         </dl>\n         <dl class=\"RspDL\">\n            <dt>\n               <a name=\"rd_12\">12</a>\n            </dt>\n            <dd>\n               <p>Der Aufhebung von Feststellungen bedurfte es bei dem hier vorliegenden Subsumtionsfehler nicht. Das Landgericht wird die Jugendstrafe auf der Grundlage der bisher getroffenen Feststellungen neu zu bestimmen haben, wobei weitere Feststellungen, die nicht in Widerspruch zu den bisher getroffenen treten, dem Strafausspruch zugrunde gelegt werden k\u00f6nnen.</p>\n            </dd>\n         </dl>\n         <dl class=\"RspDL\">\n            <dt/>\n            <dd>\n               <p/>\n            </dd>\n         </dl>\n         <dl class=\"RspDL\">\n            <dt/>\n            <dd>\n               <p>Brause\u00a0\u00a0\u00a0\u00a0\u00a0\u00a0\u00a0\u00a0\u00a0\u00a0\u00a0\u00a0\u00a0\u00a0\u00a0\u00a0\u00a0\u00a0\u00a0\u00a0\u00a0\u00a0\u00a0\u00a0\u00a0\u00a0\u00a0\u00a0\u00a0\u00a0\u00a0\u00a0Sander\u00a0\u00a0\u00a0\u00a0\u00a0\u00a0\u00a0\u00a0\u00a0\u00a0\u00a0\u00a0\u00a0\u00a0\u00a0\u00a0\u00a0\u00a0\u00a0\u00a0\u00a0\u00a0\u00a0\u00a0\u00a0\u00a0\u00a0\u00a0\u00a0\u00a0\u00a0Schneider</p>\n            </dd>\n         </dl>\n         <dl class=\"RspDL\">\n            <dt/>\n            <dd>\n               <p>\u00a0\u00a0\u00a0\u00a0\u00a0\u00a0\u00a0\u00a0\u00a0\u00a0\u00a0\u00a0\u00a0\u00a0\u00a0\u00a0\u00a0\u00a0\u00a0\u00a0\u00a0\u00a0K\u00f6nig\u00a0\u00a0\u00a0\u00a0\u00a0\u00a0\u00a0\u00a0\u00a0\u00a0\u00a0\u00a0\u00a0\u00a0\u00a0\u00a0\u00a0\u00a0\u00a0\u00a0\u00a0\u00a0\u00a0\u00a0\u00a0\u00a0\u00a0\u00a0\u00a0\u00a0\u00a0Bellay</p>\n            </dd>\n         </dl>\n         <dl class=\"RspDL\">\n            <dt/>\n            <dd>\n               <p/>\n            </dd>\n         </dl>\n      </div>\n   ", "accessRights": "public", "gerort": "", "entschDatum": "20100720", "coverage": "Deutschland", "titel": "\n      <dl class=\"RspDL\">\n         <dt/>\n         <dd>\n            <p>Verh\u00e4ngung einer Jugendstrafe: Notwendige Begr\u00fcndung der Annahme sch\u00e4dlicher Neigungen</p>\n         </dd>\n      </dl>\n   ", "ecli": "", "identifier": "http://www.rechtsprechung-im-internet.de/jportal/?quelle=jlink&docid=JURE100069639&psml=bsjrsprod.psml&max=true", "spruchkoerper": "5. Strafsenat", "vorinstanz": "vorgehend LG Hamburg, 7. Oktober 2009, Az: 604 Ks 40/08, Urteil\n   ", "doknr": "JURE100069639", "abweichendeMeinung": "", "tenor": "\n      <div>\n         <dl class=\"RspDL\">\n            <dt/>\n            <dd>\n               <p>Auf die Revision des Angeklagten M.\u00a0wird das Urteil des Landgerichts Hamburg vom 7. Oktober 2009 \u2013 soweit es diesen Angeklagten betrifft \u2013 gem\u00e4\u00df \u00a7 349 Abs. 4 StPO im Ausspruch \u00fcber die H\u00f6he der Jugendstrafe aufgehoben.</p>\n            </dd>\n         </dl>\n         <dl class=\"RspDL\">\n            <dt/>\n            <dd>\n               <p/>\n            </dd>\n         </dl>\n         <dl class=\"RspDL\">\n            <dt/>\n            <dd>\n               <p>Die weitergehende Revision wird nach \u00a7 349 Abs. 2 StPO als unbegr\u00fcndet verworfen.</p>\n            </dd>\n         </dl>\n         <dl class=\"RspDL\">\n            <dt/>\n            <dd>\n               <p/>\n            </dd>\n         </dl>\n         <dl class=\"RspDL\">\n            <dt/>\n            <dd>\n               <p>Im Umfang der Aufhebung wird die Sache zu neuer Verhandlung und Entscheidung, auch \u00fcber die Kosten des Rechtsmittels, an eine andere Jugendkammer des Landgerichts zur\u00fcckverwiesen.</p>\n            </dd>\n         </dl>\n         <dl class=\"RspDL\">\n            <dt/>\n            <dd>\n               <p/>\n            </dd>\n         </dl>\n      </div>\n   ", "regionAbk": "DEU"}