{"publisher": "BMJV", "tatbestand": "", "absaetze": [{"num": "1", "textProcessed": ["landgericht", "angeklagt", "totung", "verlang", "stgb", "freiheitsstraf", "zwei", "jahr", "sech", "monat", "verurteilt", "hiergeg", "wendet", "sachrug", "gestutzt", "revision", "nebenklagerin", "schuldspruch", "mord", "erstrebt", "auffass", "landgericht", "unrecht", "annahm", "gelangt", "dass", "angeklagt", "ausdruck", "ernsthaft", "verlang", "tatopf", "totung", "bestimmt", "wurd", "rechtsmittel", "erfolg"], "text": "Das Landgericht hat den Angeklagten wegen T\u00f6tung auf Verlangen (\u00a7 216 StGB) zu einer Freiheitsstrafe von zwei Jahren und sechs Monaten verurteilt. Hiergegen wendet sich die auf die Sachr\u00fcge gest\u00fctzte Revision der Nebenkl\u00e4gerin, die einen Schuldspruch wegen Mordes erstrebt. Nach ihrer Auffassung ist das Landgericht zu Unrecht zu der Annahme gelangt, dass der Angeklagte durch ein ausdr\u00fcckliches und ernsthaftes Verlangen des Tatopfers zu dessen T\u00f6tung bestimmt wurde. Das Rechtsmittel hat Erfolg."}, {"num": "2", "textProcessed": ["feststell", "tatzeit", "jahr", "alt", "angeklagt", "spat", "tatopf", "jahr", "alt", "geword", "seit", "viert", "ehe", "verheiratet", "frau", "litt", "seit", "mehr", "jahr", "myom", "mass", "gramm", "herangewachs", "fast", "gesamt", "bauchhohl", "ausfullt", "infolg", "verhart", "auss", "bauchdeck", "ertastbar", "verursacht", "zumind", "unbestimmt", "unterleibsschmerz", "sowi", "verdauungsstor", "harndrang", "frau", "tumorerkrank", "erkannt", "verheimlicht", "person", "umfeld", "angeklagt", "offenbart", "erst", "wenig", "tag", "tat", "dass", "unterleibsschmerz", "leid", "nachfrag", "einzugeh", "arztlich", "behandl", "begeb", "konnt", "landgericht", "feststell"], "text": "1. Nach den Feststellungen war der zur Tatzeit 74 Jahre alte Angeklagte mit dem sp\u00e4teren Tatopfer, der 53 Jahre alt gewordenen\u00a0B., seit 1986 in vierter Ehe verheiratet. Frau B.\u00a0litt seit mehreren Jahren an einem Myom, das auf eine Masse von 1.885 Gramm herangewachsen war, fast die gesamte Bauchh\u00f6hle ausf\u00fcllte und infolge seiner Verh\u00e4rtung von au\u00dfen unter der Bauchdecke ertastbar war. Es verursachte zumindest unbestimmte Unterleibsschmerzen sowie Verdauungsst\u00f6rungen und Harndrang. Frau B.\u00a0hatte die Tumorerkrankung erkannt, verheimlichte sie aber vor ihrem pers\u00f6nlichen Umfeld; auch dem Angeklagten offenbarte sie erst wenige Tage vor der Tat, dass sie an Unterleibsschmerzen leide, ohne auf Nachfragen weiter einzugehen. Ob sie sich in \u00e4rztliche Behandlung begeben hatte, konnte das Landgericht nicht feststellen."}, {"num": "3", "textProcessed": ["handwerk", "erwartet", "stand", "eheleut", "juni", "fruh", "entwickelt", "gesprach", "frau", "angeklagt", "eroffnet", "leid", "bosart", "unterleibsgeschwur", "stark", "schmerz", "mehr", "ertrag", "konn", "fuhl", "korp", "end", "zeitpunkt", "lebensmut", "verlor", "sterb", "deshalb", "aussert", "ernsthaft", "eindeut", "wunsch", "leb", "scheid", "bat", "angeklagt", "erschiess", "eheleut", "entspann", "daraufhin", "lang", "diskussion", "verlauf", "angeklagt", "schliesslich", "bereiterklart", "frau", "dringend", "vorgetrag", "wunsch", "entsprech", "tot", "woll", "geh", "versprach", "gemeinsam", "hund", "anschliess", "tot", "frau", "legt", "ordent", "kleidung", "schmuck", "schminkt", "legt", "wohnzimm", "sofa", "angeklagt", "trat", "hint", "heran", "schoss", "scheitelbereich", "aufgesetzt", "revolv", "kopf", "frau", "verstarb", "wenig", "minut", "anschliess", "totet", "angeklagt", "hund", "wenig", "spat", "schoss", "aufgesetzt", "pistol", "link", "brustseit", "uberlebt", "schwer", "verletz"], "text": "Da sie Handwerker erwarteten, standen die Eheleute am 3. Juni 2009 fr\u00fch auf. Zwischen ihnen entwickelte sich ein Gespr\u00e4ch, in dem Frau B.\u00a0dem Angeklagten er\u00f6ffnete, sie leide an einem b\u00f6sartigen Unterleibsgeschw\u00fcr, habe starke Schmerzen, die sie nicht mehr ertragen k\u00f6nne, und f\u00fchle sich k\u00f6rperlich am Ende. Sie hatte \"zu diesem Zeitpunkt\" ihren Lebensmut verloren und wollte sterben. Deshalb \u00e4u\u00dferte sie \"ernsthaft und eindeutig\" den Wunsch, aus dem Leben zu scheiden. Sie bat den Angeklagten sie zu erschie\u00dfen. Zwischen den Eheleuten \"entspann sich daraufhin eine l\u00e4ngere Diskussion\", in deren Verlauf der Angeklagte sich schlie\u00dflich bereiterkl\u00e4rte, Frau B.\u00a0\"ihrem dringend vorgetragenen Wunsch entsprechend\" zu t\u00f6ten; er wolle dann aber \"mit ihr gehen\". Er versprach, auch den gemeinsamen Hund und anschlie\u00dfend sich selbst zu t\u00f6ten. Frau B.\u00a0legte ordentliche Kleidung und Schmuck an, schminkte sich und legte sich im Wohnzimmer auf das Sofa. Der Angeklagte trat von hinten an sie heran und schoss ihr mit einem im Scheitelbereich aufgesetzten Revolver in den Kopf. Frau B.\u00a0verstarb nach wenigen Minuten. Anschlie\u00dfend t\u00f6tete der Angeklagte den Hund; wenig sp\u00e4ter schoss er sich mit einer aufgesetzten Pistole in die linke Brustseite. Er \u00fcberlebte mit schweren Verletzungen."}, {"num": "4", "textProcessed": ["angefocht", "urteil", "halt", "zweifach", "hinsicht", "rechtlich", "uberpruf", "stand", "beweiswurd", "luckenhaft", "darleg", "uberzeugungsbild", "landgericht", "senat", "insgesamt", "nachvollziehbar", "ermog", "getroff", "feststell", "senat", "prufung", "totungsverlang", "tatopf", "ernstlich", "sinn", "abs", "stgb"], "text": "2. Das angefochtene Urteil h\u00e4lt in zweifacher Hinsicht rechtlicher \u00dcberpr\u00fcfung nicht stand. Zum einen ist die Beweisw\u00fcrdigung wegen l\u00fcckenhafter Darlegungen zur \u00dcberzeugungsbildung des Landgerichts f\u00fcr den Senat nicht insgesamt nachvollziehbar, zum anderen erm\u00f6glichen die getroffenen Feststellungen dem Senat nicht die Pr\u00fcfung, ob das T\u00f6tungsverlangen des Tatopfers ernstlich im Sinne des \u00a7 216 Abs. 1 StGB war."}, {"num": "5", "textProcessed": ["feststell", "landgericht", "totungsverlang", "opf", "beruh", "entsprech", "angab", "angeklagt", "hauptverhandl", "verteid", "verles", "liess", "einlass", "bestatigt", "mundlich", "erganzt", "strafkamm", "gesamtbewert", "samtlich", "vorhand", "indizi", "auszuschliess", "vermocht", "dass", "tatgescheh", "abspielt", "angeklagt", "geschildert", "dah", "anwend", "zweifelssatz", "stgb", "schuldig", "gesproch", "landgericht", "zugrund", "liegend", "uberzeugungsbild", "beweisstoff", "gebot", "umfang", "ausgeschopft", "bleibt", "ind", "entscheid", "punkt", "off", "fuhrt", "aufheb", "urteil", "vgl", "mey", "gossn", "stpo", "aufl", "rn", "einzeln"], "text": "a) Die Feststellungen des Landgerichts zum T\u00f6tungsverlangen des Opfers beruhen auf den entsprechenden Angaben des Angeklagten in der Hauptverhandlung, die er durch seinen Verteidiger verlesen lie\u00df, als seine Einlassung best\u00e4tigte und m\u00fcndlich erg\u00e4nzte. Die Strafkammer hat nach einer \"Gesamtbewertung s\u00e4mtlicher vorhandener Indizien\" nicht auszuschlie\u00dfen vermocht, dass sich das Tatgeschehen so abspielte, wie vom Angeklagten geschildert, und hat ihn daher in Anwendung des Zweifelssatzes nach \u00a7 216 StGB schuldig gesprochen. Ob das Landgericht bei der dem zugrunde liegenden \u00dcberzeugungsbildung den Beweisstoff in dem gebotenen Umfang ausgesch\u00f6pft hat, bleibt indes in einem entscheidenden Punkt offen. Dies f\u00fchrt zur Aufhebung des Urteils (vgl. Meyer-Go\u00dfner, StPO, 53. Aufl., \u00a7 337 Rn. 26 f.). Im Einzelnen:"}, {"num": "6", "textProcessed": ["landgericht", "vorgescheh", "tat", "insbesond", "kenntnis", "ehefrau", "angeklagt", "genau", "art", "erkrank", "verheimlich", "person", "umfeld", "feststell", "treff", "vermocht", "unvereinbar", "einlass", "angeklagt", "ansieht", "abweich", "tatmotiv", "angeklagt", "hinreich", "beleg", "geseh", "hintergrund", "richtig", "einlass", "angeklagt", "zunach", "dadurch", "gestutzt", "gefund", "dass", "objektiv", "spurenbild", "angab", "einklang", "bring", "lasst", "einlass", "panikattack", "veranlasst", "verhalt", "tat", "selbstmordversuch", "find", "entsprech", "mehr", "zeug", "geschildert", "auffindesituation", "gartentor", "haustur", "off", "hinzu", "komm", "emotional", "betroff", "angeklagt", "verles", "erklar", "verteid"], "text": "Das Landgericht hat zum Vorgeschehen der Tat, insbesondere zur Kenntnis der Ehefrau des Angeklagten von der genauen Art ihrer Erkrankung und deren Verheimlichung vor ihrem pers\u00f6nlichen Umfeld keine Feststellungen zu treffen vermocht, die es als unvereinbar mit der Einlassung des Angeklagten ansieht. Auch f\u00fcr ein abweichendes Tatmotiv des Angeklagten hat es keine hinreichenden Belege gesehen. Vor diesem Hintergrund hat es die Richtigkeit der Einlassung des Angeklagten zun\u00e4chst dadurch gest\u00fctzt gefunden, dass sich das objektive Spurenbild mit seinen Angaben in Einklang bringen l\u00e4sst. Auch die Einlassung zu seinem - durch eine Panikattacke veranlassten - Verhalten zwischen der Tat und seinem Selbstmordversuch finde eine Entsprechung in der von mehreren Zeugen geschilderten Auffindesituation (Gartentor und Haust\u00fcren offen). Hinzu komme die emotionale Betroffenheit des Angeklagten w\u00e4hrend der Verlesung der Erkl\u00e4rung durch seinen Verteidiger."}, {"num": "7", "textProcessed": ["demgegenub", "landgericht", "mehr", "beweisanzeich", "festgestellt", "richtig", "angab", "angeklagt", "sprech", "wollt", "eheleut", "mitt", "juli", "mutt", "frau", "suddeutschland", "besuch", "anschliess", "feri", "enkelkind", "tatopf", "aufnehm", "zud", "urlaubsreis", "aussicht", "genomm", "zunach", "jedoch", "juni", "tattag", "schon", "lang", "geplant", "renovier", "gemeinsam", "wohnhaus", "beginn", "frau", "freut", "vorgeseh", "umfang", "arbeit", "angst", "macht", "handwerk", "wurd", "morg", "tattag", "erwartet", "nacht", "zuvor", "arbeitet", "frau", "gewohn", "entsprech", "kurz", "uhr", "comput", "las", "aktuell", "nachricht", "bearbeitet", "bild", "gart", "hinzu", "kommt", "dass", "angeklagt", "erstmal", "viert", "hauptverhandlungstag", "totungsverlang", "ehefrau", "behauptet", "nachd", "zuvor", "rechtsmedizin", "gutacht", "obduktionsergebnis", "erstattet", "word"], "text": "Demgegen\u00fcber hat das Landgericht mehrere Beweisanzeichen festgestellt, die gegen die Richtigkeit der Angaben des Angeklagten sprechen k\u00f6nnen. So wollten die Eheleute Mitte Juli 2009 die Mutter von Frau B.\u00a0in S\u00fcddeutschland besuchen und w\u00e4hrend der anschlie\u00dfenden Ferien die Enkelkinder des Tatopfers bei sich aufnehmen. Zudem hatten sie selbst eine Urlaubsreise in Aussicht genommen. Zun\u00e4chst sollte jedoch am 3. Juni 2009, dem Tattag, die schon l\u00e4nger geplante Renovierung des gemeinsamen Wohnhauses beginnen, auf die Frau B.\u00a0sich freute, die ihr wegen des vorgesehenen Umfangs der Arbeiten aber auch Angst machte. Die Handwerker wurden f\u00fcr den Morgen des Tattages erwartet. In der Nacht zuvor arbeitete Frau B.\u00a0ihrer Gewohnheit entsprechend bis kurz vor 1.00 Uhr am Computer, las aktuelle Nachrichten und bearbeitete Bilder von ihrem Garten. Hinzu kommt, dass der Angeklagte erstmals am vierten Hauptverhandlungstag das T\u00f6tungsverlangen seiner Ehefrau behauptete, nachdem zuvor das rechtsmedizinische Gutachten \u00fcber das Obduktionsergebnis erstattet worden war."}, {"num": "8", "textProcessed": ["landgericht", "beweisbedeut", "indizi", "verkannt", "jedoch", "derart", "gewicht", "erachtet", "dass", "geeignet", "richtig", "einlass", "angeklagt", "widerleg", "glaubhaft", "insbesond", "dadurch", "erschuttert", "dass", "wed", "explorationsgesprach", "psychiatr", "sachverstand", "mundlich", "haftpruf", "landgericht", "anschliess", "haftbeschwerdeverfahr", "hauptverhandl", "behauptet", "tatversion", "vorgetrag", "lass", "physisch", "psychisch", "folg", "selbstmordversuch", "erklar", "strafkamm", "geh", "dah", "zugun", "angeklagt", "davon", "dass", "aufgrund", "krankheitszustand", "zunach", "einlass", "uberhaupt", "lag", "sei"], "text": "Das Landgericht hat zwar die Beweisbedeutung dieser Indizien nicht verkannt; es hat sie jedoch nicht f\u00fcr derart gewichtig erachtet, dass sie geeignet w\u00e4ren, die Richtigkeit der Einlassung des Angeklagten zu widerlegen. Deren Glaubhaftigkeit werde insbesondere nicht dadurch ersch\u00fcttert, dass er weder bei den Explorationsgespr\u00e4chen mit dem psychiatrischen Sachverst\u00e4ndigen noch bei der m\u00fcndlichen Haftpr\u00fcfung durch das Landgericht und in dem sich anschlie\u00dfenden Haftbeschwerdeverfahren die in der Hauptverhandlung behauptete Tatversion vorgetragen habe; denn dies lasse sich durch die physischen und psychischen Folgen des Selbstmordversuchs erkl\u00e4ren. Die Strafkammer gehe daher zugunsten des Angeklagten davon aus, dass er aufgrund seines Krankheitszustandes zun\u00e4chst zu einer Einlassung \u00fcberhaupt nicht in der Lage gewesen sei."}, {"num": "9", "textProcessed": ["wurdig", "leidet", "durchgreif", "mangel", "angesicht", "besond", "beweissituation", "landgericht", "genau", "inhalt", "fruh", "einlass", "angeklagt", "verfahr", "einzeln", "auseinandersetz", "urteilsgrund", "ergibt", "dass", "angeklagt", "offensicht", "beginn", "hauptverhandl", "bereit", "mehrfach", "sach", "eingelass", "einlass", "angab", "hauptverhandl", "ubereinstimmt", "ursprung", "tatgescheh", "geaussert", "teilt", "urteil", "hingeg", "nah", "betracht", "fruh", "behaupt", "tatgescheh", "jedoch", "nachvollzog", "schluss", "landgericht", "abweich", "einlassungsverhalt", "angeklagt", "sei", "wechselnd", "gesundheitszustand", "erklarbar", "frei", "rechtsfehl", "schon", "fuhrt", "aufheb", "angefocht", "urteil"], "text": "Diese W\u00fcrdigung leidet an einem durchgreifenden Mangel. Angesichts der besonderen Beweissituation musste sich das Landgericht mit dem genauen Inhalt der fr\u00fcheren Einlassungen des Angeklagten im Verfahren im Einzelnen auseinandersetzen. Aus den Urteilsgr\u00fcnden ergibt sich aber nur, dass sich der Angeklagte offensichtlich vor Beginn der Hauptverhandlung bereits mehrfach zur Sache eingelassen hatte und diese Einlassungen nicht mit seinen Angaben in der Hauptverhandlung \u00fcbereinstimmten. Was er urspr\u00fcnglich zum Tatgeschehen ge\u00e4u\u00dfert hatte, teilt das Urteil hingegen nicht mit. Nur bei n\u00e4herer Betrachtung der fr\u00fcheren Behauptungen zum Tatgeschehen kann jedoch nachvollzogen werden, ob der Schluss des Landgerichts, das abweichende Einlassungsverhalten des Angeklagten sei mit seinem wechselnden Gesundheitszustand erkl\u00e4rbar, frei von Rechtsfehlern ist. Schon dies f\u00fchrt zur Aufhebung des angefochtenen Urteils."}, {"num": "10", "textProcessed": ["gemass", "abs", "stgb", "setzt", "privilegier", "totung", "verlang", "voraus", "dass", "totungsverlang", "opf", "tat", "tat", "bestimmt", "ausdruck", "ernsthaft", "ausdruck", "bestimmt", "anforder", "inhalt", "verlang", "stellt", "grenzt", "ernstlich", "normativ", "gesichtspunkt", "rechtlich", "anzuerkenn", "beweggrund", "tatopf", "totungsverlang", "ab", "rechtsordn", "privilegier", "wirkung", "versagt", "insoweit", "grenz", "zieh", "indess", "streitig"], "text": "b) Gem\u00e4\u00df \u00a7 216 Abs. 1 StGB setzt die Privilegierung der T\u00f6tung auf Verlangen voraus, dass das T\u00f6tungsverlangen des Opfers, das den T\u00e4ter zur Tat bestimmt, ausdr\u00fccklich und ernsthaft ist. W\u00e4hrend die Ausdr\u00fccklichkeit bestimmte Anforderungen an den Inhalt des Verlangens stellt, grenzt die Ernstlichkeit unter normativen Gesichtspunkten rechtlich anzuerkennende Beweggr\u00fcnde des Tatopfers f\u00fcr sein T\u00f6tungsverlangen von solchen ab, denen die Rechtsordnung eine privilegierende Wirkung versagt. Wo insoweit die Grenze zu ziehen ist, ist indessen streitig."}, {"num": "11", "textProcessed": ["aa", "rechtsprech", "bundesgerichtshof", "frag", "anforder", "ernstlich", "totungsverlang", "stell", "abschliess", "geklart"], "text": "aa) In der Rechtsprechung des Bundesgerichtshofs ist die Frage, welche Anforderungen an die Ernstlichkeit eines T\u00f6tungsverlangens zu stellen sind, nicht abschlie\u00dfend gekl\u00e4rt."}, {"num": "12", "textProcessed": ["allerding", "bundesgerichtshof", "urteil", "januar", "str", "njw", "festgehalt", "dass", "ernstlich", "sinn", "stgb", "verlang", "sei", "fehlerfrei", "willensbild", "beruh", "tod", "verlang", "mensch", "urteilskraft", "besitz", "bedeut", "tragweit", "entschluss", "verstandesmass", "uberblick", "abzuwag", "komm", "deshalb", "natur", "einsicht", "urteilsfah", "lebensmud", "sei", "freien", "selbstbestimm", "leb", "entwed", "allgemein", "konkret", "situation", "imstand", "geisteskrank", "jugend", "bgh", "urteil", "august", "str", "bghst", "ernstlich", "voll", "bewusstsein", "tragweit", "ausdruck", "gebracht", "todesverlang", "jahrig", "alt", "hinaus", "gereift", "madch", "entsprech", "verstandesreif", "besitz", "fehl", "ernstlich", "verlang", "entsprech", "urteil", "april", "tragend", "totungsverlang", "anerkenn", "versagt", "tatopf", "krankhaft", "seelisch", "storung", "natur", "einsicht", "willensfah", "beeintrachtigt", "deshalb", "tragweit", "entschluss", "tot", "lass", "rational", "uberblickt", "str", "bghst", "rn"], "text": "Allerdings hat der Bundesgerichtshof in seinem Urteil vom 22. Januar 1981 (4 StR 480/80, NJW 1981, 932) festgehalten, dass ernstlich im Sinne des \u00a7 216 StGB nur ein Verlangen sei, das auf fehlerfreier Willensbildung beruhe. Der seinen Tod verlangende Mensch m\u00fcsse die Urteilskraft besitzen, um Bedeutung und Tragweite seines Entschlusses verstandesm\u00e4\u00dfig zu \u00fcberblicken und abzuw\u00e4gen. Es komme deshalb auf die nat\u00fcrliche Einsichts- und Urteilsf\u00e4higkeit des Lebensm\u00fcden an; sei dieser zu einer freien Selbstbestimmung \u00fcber sein Leben entweder allgemein oder in der konkreten Situation nicht imstande, z.B. als Geisteskranker oder Jugendlicher (s. aber auch BGH, Urteil vom 14. August 1963 - 2 StR 181/63, BGHSt 19, 135, zum \"ernstlichen und in vollem Bewusstsein seiner Tragweite zum Ausdruck gebrachten\" Todesverlangen eines 16-j\u00e4hrigen, \"\u00fcber sein Alter hinaus gereifte(n) M\u00e4dchen(s)\"), der nicht die entsprechende Verstandesreife besitze, so fehle es an einem ernstlichen Verlangen. Dem entsprechend hat er im Urteil vom 22. April 2005 - nicht tragend - einem T\u00f6tungsverlangen die Anerkennung versagt, weil das Tatopfer durch eine krankhafte seelische St\u00f6rung in seiner nat\u00fcrlichen Einsichts- und Willensf\u00e4higkeit beeintr\u00e4chtigt war und deshalb die Tragweite seines Entschlusses, sich t\u00f6ten zu lassen, nicht rational \u00fcberblickte (2 StR 310/04, BGHSt 50, 80, Rn. 5, 37)."}, {"num": "13", "textProcessed": ["indess", "ledig", "grundleg", "voraussetz", "umschrieb", "verzicht", "betroff", "person", "rechtsgut", "ford", "ungeachtet", "dass", "vorlieg", "straflos", "begrund", "rechtfertigungsgrund", "totung", "mensch", "schaff", "vermag", "stgb", "geltung", "beanspruch", "dass", "totungsverlang", "vornherein", "anerkenn", "verdient", "opf", "zureich", "natur", "einsicht", "urteilsfah", "besitzt", "frei", "verantwort", "entscheid", "sowi", "bedeut", "tragweit", "entschluss", "verstandesmass", "uberblick", "abwag", "unumstritt", "schrifttum", "versagt", "totungsverlang", "anerkenn", "opf", "fahig", "etwa", "infolg", "alt", "krankheitsbedingt", "mangel", "einfluss", "alkohol", "drog", "fehlt", "vgl", "fisch", "stgb", "aufl", "rn", "lackn", "kuhl", "stgb", "aufl", "rn", "lk", "jahnk", "stgb", "aufl", "rn", "munchkommstgb", "schneid", "rn", "eser", "stgb", "aufl", "rn", "sk", "stgb", "horn", "aufl", "rn"], "text": "Damit sind indessen lediglich die grundlegenden Voraussetzungen umschrieben, die f\u00fcr jeden Verzicht des Betroffenen auf ein pers\u00f6nliches Rechtsgut zu fordern sind und die ungeachtet dessen, dass ihr Vorliegen keinen die Straflosigkeit begr\u00fcndenden Rechtfertigungsgrund f\u00fcr die T\u00f6tung eines Menschen zu schaffen vermag, auch f\u00fcr \u00a7 216 StGB Geltung beanspruchen. Dass ein T\u00f6tungsverlangen von vornherein nur dann Anerkennung verdient, wenn das Opfer die zureichende nat\u00fcrliche Einsichts- und Urteilsf\u00e4higkeit besitzt, um frei verantwortlich entscheiden sowie die Bedeutung und die Tragweite seines Entschlusses verstandesm\u00e4\u00dfig \u00fcberblicken und abw\u00e4gen zu k\u00f6nnen, ist unumstritten. Auch das Schrifttum versagt einem T\u00f6tungsverlangen dann die Anerkennung, wenn dem Opfer diese F\u00e4higkeit - etwa infolge alters- oder krankheitsbedingter M\u00e4ngel oder unter dem Einfluss von Alkohol oder Drogen - fehlt (vgl. Fischer, StGB, 57. Aufl., \u00a7 216 Rn. 7; Lackner/K\u00fchl, StGB, 27. Aufl., \u00a7 216 Rn. 2; LK-J\u00e4hnke, StGB, 11. Aufl., \u00a7 216 Rn. 7; M\u00fcnchKommStGB/Schneider \u00a7 216 Rn. 21; S/S-Eser, StGB, 26. Aufl., \u00a7 216 Rn. 8; SK-StGB/Horn, 6. Aufl., \u00a7 216 Rn. 8)."}, {"num": "14", "textProcessed": ["gleich", "gilt", "todeswunsch", "deshalb", "freier", "eigenverantwort", "gefasst", "entschluss", "beruht", "tat", "zwang", "drohung", "arglist", "tauschung", "hervorrief", "etwa", "vorspiegel", "eig", "suizidabsicht", "fisch", "aao", "jahnk", "aao", "eser", "aao", "schneid", "aao", "rn", "vgl", "bgh", "urteil", "dezemb", "str", "jz"], "text": "Gleiches gilt f\u00fcr einen Todeswunsch, der deshalb nicht auf einem in freier Eigenverantwortung gefassten Entschluss beruht, weil der T\u00e4ter ihn durch Zwang, Drohung oder arglistige T\u00e4uschung hervorrief, etwa durch Vorspiegelung eigener Suizidabsicht (Fischer aaO; J\u00e4hnke aaO; Eser aaO; Schneider aaO Rn. 22; vgl. auch BGH, Urteil vom 3. Dezember 1985 - 5 StR 637/85, JZ 1987, 474)."}, {"num": "15", "textProcessed": ["bb", "inhalt", "anforder", "normativ", "tatbestandsmerkmal", "ernstlich", "privilegier", "wirkung", "totungsverlang", "voraussetzt", "jedoch", "abschliess", "umschrieb", "fehl", "willensmangeln", "genannt", "art", "notwend", "hinreich", "voraussetz", "ernstlich", "totungsverlang", "senat", "stimmt", "insoweit", "grundsatz", "strafrecht", "schrifttum", "einhell", "geaussert", "auffass", "dass", "todesbegehr", "privilegier", "wirkung", "mangel", "ernstlich", "versag", "entschluss", "opf", "beruht", "obig", "massstab", "frei", "willensmangeln"], "text": "bb) Damit sind die inhaltlichen Anforderungen, die das normative Tatbestandsmerkmal der Ernstlichkeit f\u00fcr die privilegierende Wirkung des T\u00f6tungsverlangens voraussetzt, jedoch nicht abschlie\u00dfend umschrieben. Das Fehlen von Willensm\u00e4ngeln der genannten Art ist zwar notwendige, nicht aber auch hinreichende Voraussetzung der Ernstlichkeit des T\u00f6tungsverlangens. Der Senat stimmt insoweit im Grundsatz der im strafrechtlichen Schrifttum einhellig ge\u00e4u\u00dferten Auffassung zu, dass einem Todesbegehren die privilegierende Wirkung mangels Ernstlichkeit auch dann zu versagen sein kann, wenn es auf einem Entschluss des Opfers beruhte, der nach obigen Ma\u00dfst\u00e4ben frei von Willensm\u00e4ngeln war."}, {"num": "16", "textProcessed": ["weit", "eingrenz", "tatbestandsmerkmal", "danach", "gebot", "literatur", "einheit", "beantwortet", "teil", "todeswunsch", "ernstlich", "schon", "abgesproch", "unuberlegt", "anzuseh", "kuhl", "aao", "begriff", "allerding", "scharf", "kontur", "geb", "uberwieg", "verlang", "anerkenn", "versagt", "augenblicksstimm", "vorubergeh", "depression", "entsprang", "fisch", "jahnk", "eser", "horn", "jeweil", "aao", "gelegent", "wunsch", "opf", "sterb", "darub", "hinaus", "unbeacht", "gehalt", "entschluss", "unzutreff", "voraussetz", "ausging", "wesent", "motivirrtum", "unterlag", "etwa", "irrig", "annahm", "unheilbar", "erkrank", "eser", "horn", "jeweil", "aao", "weit", "geht", "auffass", "totungsverlang", "sei", "unterfall", "einwill", "weshalb", "grundsatz", "schon", "anzuerkenn", "sei", "tatopf", "einwilligungsrelevant", "willensmangeln", "unterlag", "ansicht", "verlangt", "einschrank", "willensfest", "zielstreb", "gezeichnet", "inn", "haltung", "lebensmud", "beilauf", "leichthin", "artikuliert", "totungsverlang", "fehl", "schneid", "aao", "rn"], "text": "Welche weiteren Eingrenzungen des Tatbestandsmerkmals danach geboten sind, wird aber in der Literatur nicht einheitlich beantwortet. Teils wird einem Todeswunsch die Ernstlichkeit schon dann abgesprochen, wenn er als un\u00fcberlegt anzusehen ist (K\u00fchl aaO), ohne diesem Begriff allerdings sch\u00e4rfere Konturen zu geben. \u00dcberwiegend wird einem Verlangen die Anerkennung dann versagt, wenn es einer Augenblicksstimmung oder einer vor\u00fcbergehenden Depression entsprang (Fischer; J\u00e4hnke; Eser; Horn; jeweils aaO). Gelegentlich wird der Wunsch des Opfers, sterben zu wollen, dar\u00fcber hinaus auch dann f\u00fcr unbeachtlich gehalten, wenn es bei seinem Entschluss von unzutreffenden Voraussetzungen ausging oder einem wesentlichen Motivirrtum unterlag, so etwa bei irriger Annahme einer unheilbaren Erkrankung (Eser; Horn; jeweils aaO). Am weitesten geht die Auffassung, das T\u00f6tungsverlangen sei ein Unterfall der Einwilligung, weshalb es grunds\u00e4tzlich schon dann anzuerkennen sei, wenn das Tatopfer keinen einwilligungsrelevanten Willensm\u00e4ngeln unterlag; auch diese Ansicht verlangt aber einschr\u00e4nkend eine durch Willensfestigkeit und Zielstrebigkeit gezeichnete innere Haltung des Lebensm\u00fcden, die einem beil\u00e4ufig oder leichthin artikulierten T\u00f6tungsverlangen fehle (Schneider aaO Rn. 19 f.)."}, {"num": "17", "textProcessed": ["senat", "einzeln", "festleg", "ansicht", "folg", "auffass", "frei", "willensmangeln", "geaussert", "todeswunsch", "weitestgeh", "anerkenn", "verdient", "lasst", "verlang", "depressiv", "augenblicksstimm", "jedenfall", "genug", "inn", "festig", "zielstreb", "getrag", "schneid", "aao", "schliesst", "senat", "insoweit", "voraussetz", "umschrieb", "totungsverlang", "mindest", "genug", "ernstlich", "gelt", "bereit", "anleg", "massstab", "reich", "feststell", "ind", "beurteil", "verlang", "getotet", "ernstlich", "urteil", "beschrankt", "insoweit", "wesent", "darauf", "gesetzeswortlaut", "wiederhol", "teilt", "wed", "inhalt", "gesprach", "wenig", "tag", "tat", "insbesond", "inhalt", "lang", "diskussion", "angeklagt", "ehefrau", "unmittelbar", "tat", "ebenso", "wenig", "setzt", "genannt", "weit", "beweisanzeich", "auseinand", "inn", "festig", "zielstreb", "getrag", "todeswunsch", "sprech", "insbesond", "dass", "tatopf", "bereit", "seit", "geraum", "zeit", "erkrank", "litt", "hindert", "konkret", "planung", "nah", "zukunft", "anzustell", "kurz", "tat", "gewohnt", "alltagsbeschaft", "nachzugeh"], "text": "Der Senat muss sich nicht im Einzelnen festlegen, welcher dieser Ansichten zu folgen ist. Selbst die Auffassung, nach der ein frei von Willensm\u00e4ngeln ge\u00e4u\u00dferter Todeswunsch die weitestgehende Anerkennung verdient, l\u00e4sst ein Verlangen in depressiver Augenblicksstimmung jedenfalls dann nicht gen\u00fcgen, wenn es nicht von innerer Festigkeit und Zielstrebigkeit getragen wird (Schneider aaO). Dem schlie\u00dft sich der Senat insoweit an, als damit eine Voraussetzung umschrieben ist, welcher ein T\u00f6tungsverlangen mindestens zu gen\u00fcgen hat, um als ernstlich zu gelten. Bereits bei Anlegung eines solchen Ma\u00dfstabs reichen die Feststellungen indes nicht aus, um beurteilen zu k\u00f6nnen, ob das Verlangen der Get\u00f6teten ernstlich war; denn das Urteil beschr\u00e4nkt sich insoweit im Wesentlichen darauf, den Gesetzeswortlaut zu wiederholen. Es teilt weder den Inhalt des Gespr\u00e4chs wenige Tage vor der Tat noch insbesondere den Inhalt der l\u00e4ngeren Diskussion zwischen dem Angeklagtem und seiner Ehefrau unmittelbar vor der Tat mit. Ebenso wenig setzt es sich mit den genannten weiteren Beweisanzeichen auseinander, die gegen einen von innerer Festigkeit und Zielstrebigkeit getragenen Todeswunsch sprechen, insbesondere dass das Tatopfer bereits seit geraumer Zeit an seiner Erkrankung litt, was es aber nicht hinderte, konkrete Planungen f\u00fcr die n\u00e4here Zukunft anzustellen und bis kurz vor der Tat seinen gewohnten Alltagsbesch\u00e4ftigungen nachzugehen."}], "norm": ["\u00a7 216 StGB"], "doktyp": "Urteil", "regionLong": "Bundesrepublik Deutschland", "sonstlt": "", "gruendeProcessed": ["landgericht", "angeklagt", "totung", "verlang", "stgb", "freiheitsstraf", "zwei", "jahr", "sech", "monat", "verurteilt", "hiergeg", "wendet", "sachrug", "gestutzt", "revision", "nebenklagerin", "schuldspruch", "mord", "erstrebt", "auffass", "landgericht", "unrecht", "annahm", "gelangt", "dass", "angeklagt", "ausdruck", "ernsthaft", "verlang", "tatopf", "totung", "bestimmt", "wurd", "rechtsmittel", "erfolg", "feststell", "tatzeit", "jahr", "alt", "angeklagt", "spat", "tatopf", "jahr", "alt", "geword", "seit", "viert", "ehe", "verheiratet", "frau", "litt", "seit", "mehr", "jahr", "myom", "mass", "gramm", "herangewachs", "fast", "gesamt", "bauchhohl", "ausfullt", "infolg", "verhart", "auss", "bauchdeck", "ertastbar", "verursacht", "zumind", "unbestimmt", "unterleibsschmerz", "sowi", "verdauungsstor", "harndrang", "frau", "tumorerkrank", "erkannt", "verheimlicht", "person", "umfeld", "angeklagt", "offenbart", "erst", "wenig", "tag", "tat", "dass", "unterleibsschmerz", "leid", "nachfrag", "einzugeh", "arztlich", "behandl", "begeb", "konnt", "landgericht", "feststell", "handwerk", "erwartet", "stand", "eheleut", "juni", "fruh", "entwickelt", "gesprach", "frau", "angeklagt", "eroffnet", "leid", "bosart", "unterleibsgeschwur", "stark", "schmerz", "mehr", "ertrag", "konn", "fuhl", "korp", "end", "zeitpunkt", "lebensmut", "verlor", "sterb", "deshalb", "aussert", "ernsthaft", "eindeut", "wunsch", "leb", "scheid", "bat", "angeklagt", "erschiess", "eheleut", "entspann", "daraufhin", "lang", "diskussion", "verlauf", "angeklagt", "schliesslich", "bereiterklart", "frau", "dringend", "vorgetrag", "wunsch", "entsprech", "tot", "woll", "geh", "versprach", "gemeinsam", "hund", "anschliess", "tot", "frau", "legt", "ordent", "kleidung", "schmuck", "schminkt", "legt", "wohnzimm", "sofa", "angeklagt", "trat", "hint", "heran", "schoss", "scheitelbereich", "aufgesetzt", "revolv", "kopf", "frau", "verstarb", "wenig", "minut", "anschliess", "totet", "angeklagt", "hund", "wenig", "spat", "schoss", "aufgesetzt", "pistol", "link", "brustseit", "uberlebt", "schwer", "verletz", "angefocht", "urteil", "halt", "zweifach", "hinsicht", "rechtlich", "uberpruf", "stand", "beweiswurd", "luckenhaft", "darleg", "uberzeugungsbild", "landgericht", "senat", "insgesamt", "nachvollziehbar", "ermog", "getroff", "feststell", "senat", "prufung", "totungsverlang", "tatopf", "ernstlich", "sinn", "abs", "stgb", "feststell", "landgericht", "totungsverlang", "opf", "beruh", "entsprech", "angab", "angeklagt", "hauptverhandl", "verteid", "verles", "liess", "einlass", "bestatigt", "mundlich", "erganzt", "strafkamm", "gesamtbewert", "samtlich", "vorhand", "indizi", "auszuschliess", "vermocht", "dass", "tatgescheh", "abspielt", "angeklagt", "geschildert", "dah", "anwend", "zweifelssatz", "stgb", "schuldig", "gesproch", "landgericht", "zugrund", "liegend", "uberzeugungsbild", "beweisstoff", "gebot", "umfang", "ausgeschopft", "bleibt", "ind", "entscheid", "punkt", "off", "fuhrt", "aufheb", "urteil", "vgl", "mey", "gossn", "stpo", "aufl", "rn", "einzeln", "landgericht", "vorgescheh", "tat", "insbesond", "kenntnis", "ehefrau", "angeklagt", "genau", "art", "erkrank", "verheimlich", "person", "umfeld", "feststell", "treff", "vermocht", "unvereinbar", "einlass", "angeklagt", "ansieht", "abweich", "tatmotiv", "angeklagt", "hinreich", "beleg", "geseh", "hintergrund", "richtig", "einlass", "angeklagt", "zunach", "dadurch", "gestutzt", "gefund", "dass", "objektiv", "spurenbild", "angab", "einklang", "bring", "lasst", "einlass", "panikattack", "veranlasst", "verhalt", "tat", "selbstmordversuch", "find", "entsprech", "mehr", "zeug", "geschildert", "auffindesituation", "gartentor", "haustur", "off", "hinzu", "komm", "emotional", "betroff", "angeklagt", "verles", "erklar", "verteid", "demgegenub", "landgericht", "mehr", "beweisanzeich", "festgestellt", "richtig", "angab", "angeklagt", "sprech", "wollt", "eheleut", "mitt", "juli", "mutt", "frau", "suddeutschland", "besuch", "anschliess", "feri", "enkelkind", "tatopf", "aufnehm", "zud", "urlaubsreis", "aussicht", "genomm", "zunach", "jedoch", "juni", "tattag", "schon", "lang", "geplant", "renovier", "gemeinsam", "wohnhaus", "beginn", "frau", "freut", "vorgeseh", "umfang", "arbeit", "angst", "macht", "handwerk", "wurd", "morg", "tattag", "erwartet", "nacht", "zuvor", "arbeitet", "frau", "gewohn", "entsprech", "kurz", "uhr", "comput", "las", "aktuell", "nachricht", "bearbeitet", "bild", "gart", "hinzu", "kommt", "dass", "angeklagt", "erstmal", "viert", "hauptverhandlungstag", "totungsverlang", "ehefrau", "behauptet", "nachd", "zuvor", "rechtsmedizin", "gutacht", "obduktionsergebnis", "erstattet", "word", "landgericht", "beweisbedeut", "indizi", "verkannt", "jedoch", "derart", "gewicht", "erachtet", "dass", "geeignet", "richtig", "einlass", "angeklagt", "widerleg", "glaubhaft", "insbesond", "dadurch", "erschuttert", "dass", "wed", "explorationsgesprach", "psychiatr", "sachverstand", "mundlich", "haftpruf", "landgericht", "anschliess", "haftbeschwerdeverfahr", "hauptverhandl", "behauptet", "tatversion", "vorgetrag", "lass", "physisch", "psychisch", "folg", "selbstmordversuch", "erklar", "strafkamm", "geh", "dah", "zugun", "angeklagt", "davon", "dass", "aufgrund", "krankheitszustand", "zunach", "einlass", "uberhaupt", "lag", "sei", "wurdig", "leidet", "durchgreif", "mangel", "angesicht", "besond", "beweissituation", "landgericht", "genau", "inhalt", "fruh", "einlass", "angeklagt", "verfahr", "einzeln", "auseinandersetz", "urteilsgrund", "ergibt", "dass", "angeklagt", "offensicht", "beginn", "hauptverhandl", "bereit", "mehrfach", "sach", "eingelass", "einlass", "angab", "hauptverhandl", "ubereinstimmt", "ursprung", "tatgescheh", "geaussert", "teilt", "urteil", "hingeg", "nah", "betracht", "fruh", "behaupt", "tatgescheh", "jedoch", "nachvollzog", "schluss", "landgericht", "abweich", "einlassungsverhalt", "angeklagt", "sei", "wechselnd", "gesundheitszustand", "erklarbar", "frei", "rechtsfehl", "schon", "fuhrt", "aufheb", "angefocht", "urteil", "gemass", "abs", "stgb", "setzt", "privilegier", "totung", "verlang", "voraus", "dass", "totungsverlang", "opf", "tat", "tat", "bestimmt", "ausdruck", "ernsthaft", "ausdruck", "bestimmt", "anforder", "inhalt", "verlang", "stellt", "grenzt", "ernstlich", "normativ", "gesichtspunkt", "rechtlich", "anzuerkenn", "beweggrund", "tatopf", "totungsverlang", "ab", "rechtsordn", "privilegier", "wirkung", "versagt", "insoweit", "grenz", "zieh", "indess", "streitig", "aa", "rechtsprech", "bundesgerichtshof", "frag", "anforder", "ernstlich", "totungsverlang", "stell", "abschliess", "geklart", "allerding", "bundesgerichtshof", "urteil", "januar", "str", "njw", "festgehalt", "dass", "ernstlich", "sinn", "stgb", "verlang", "sei", "fehlerfrei", "willensbild", "beruh", "tod", "verlang", "mensch", "urteilskraft", "besitz", "bedeut", "tragweit", "entschluss", "verstandesmass", "uberblick", "abzuwag", "komm", "deshalb", "natur", "einsicht", "urteilsfah", "lebensmud", "sei", "freien", "selbstbestimm", "leb", "entwed", "allgemein", "konkret", "situation", "imstand", "geisteskrank", "jugend", "bgh", "urteil", "august", "str", "bghst", "ernstlich", "voll", "bewusstsein", "tragweit", "ausdruck", "gebracht", "todesverlang", "jahrig", "alt", "hinaus", "gereift", "madch", "entsprech", "verstandesreif", "besitz", "fehl", "ernstlich", "verlang", "entsprech", "urteil", "april", "tragend", "totungsverlang", "anerkenn", "versagt", "tatopf", "krankhaft", "seelisch", "storung", "natur", "einsicht", "willensfah", "beeintrachtigt", "deshalb", "tragweit", "entschluss", "tot", "lass", "rational", "uberblickt", "str", "bghst", "rn", "indess", "ledig", "grundleg", "voraussetz", "umschrieb", "verzicht", "betroff", "person", "rechtsgut", "ford", "ungeachtet", "dass", "vorlieg", "straflos", "begrund", "rechtfertigungsgrund", "totung", "mensch", "schaff", "vermag", "stgb", "geltung", "beanspruch", "dass", "totungsverlang", "vornherein", "anerkenn", "verdient", "opf", "zureich", "natur", "einsicht", "urteilsfah", "besitzt", "frei", "verantwort", "entscheid", "sowi", "bedeut", "tragweit", "entschluss", "verstandesmass", "uberblick", "abwag", "unumstritt", "schrifttum", "versagt", "totungsverlang", "anerkenn", "opf", "fahig", "etwa", "infolg", "alt", "krankheitsbedingt", "mangel", "einfluss", "alkohol", "drog", "fehlt", "vgl", "fisch", "stgb", "aufl", "rn", "lackn", "kuhl", "stgb", "aufl", "rn", "lk", "jahnk", "stgb", "aufl", "rn", "munchkommstgb", "schneid", "rn", "eser", "stgb", "aufl", "rn", "sk", "stgb", "horn", "aufl", "rn", "gleich", "gilt", "todeswunsch", "deshalb", "freier", "eigenverantwort", "gefasst", "entschluss", "beruht", "tat", "zwang", "drohung", "arglist", "tauschung", "hervorrief", "etwa", "vorspiegel", "eig", "suizidabsicht", "fisch", "aao", "jahnk", "aao", "eser", "aao", "schneid", "aao", "rn", "vgl", "bgh", "urteil", "dezemb", "str", "jz", "bb", "inhalt", "anforder", "normativ", "tatbestandsmerkmal", "ernstlich", "privilegier", "wirkung", "totungsverlang", "voraussetzt", "jedoch", "abschliess", "umschrieb", "fehl", "willensmangeln", "genannt", "art", "notwend", "hinreich", "voraussetz", "ernstlich", "totungsverlang", "senat", "stimmt", "insoweit", "grundsatz", "strafrecht", "schrifttum", "einhell", "geaussert", "auffass", "dass", "todesbegehr", "privilegier", "wirkung", "mangel", "ernstlich", "versag", "entschluss", "opf", "beruht", "obig", "massstab", "frei", "willensmangeln", "weit", "eingrenz", "tatbestandsmerkmal", "danach", "gebot", "literatur", "einheit", "beantwortet", "teil", "todeswunsch", "ernstlich", "schon", "abgesproch", "unuberlegt", "anzuseh", "kuhl", "aao", "begriff", "allerding", "scharf", "kontur", "geb", "uberwieg", "verlang", "anerkenn", "versagt", "augenblicksstimm", "vorubergeh", "depression", "entsprang", "fisch", "jahnk", "eser", "horn", "jeweil", "aao", "gelegent", "wunsch", "opf", "sterb", "darub", "hinaus", "unbeacht", "gehalt", "entschluss", "unzutreff", "voraussetz", "ausging", "wesent", "motivirrtum", "unterlag", "etwa", "irrig", "annahm", "unheilbar", "erkrank", "eser", "horn", "jeweil", "aao", "weit", "geht", "auffass", "totungsverlang", "sei", "unterfall", "einwill", "weshalb", "grundsatz", "schon", "anzuerkenn", "sei", "tatopf", "einwilligungsrelevant", "willensmangeln", "unterlag", "ansicht", "verlangt", "einschrank", "willensfest", "zielstreb", "gezeichnet", "inn", "haltung", "lebensmud", "beilauf", "leichthin", "artikuliert", "totungsverlang", "fehl", "schneid", "aao", "rn", "senat", "einzeln", "festleg", "ansicht", "folg", "auffass", "frei", "willensmangeln", "geaussert", "todeswunsch", "weitestgeh", "anerkenn", "verdient", "lasst", "verlang", "depressiv", "augenblicksstimm", "jedenfall", "genug", "inn", "festig", "zielstreb", "getrag", "schneid", "aao", "schliesst", "senat", "insoweit", "voraussetz", "umschrieb", "totungsverlang", "mindest", "genug", "ernstlich", "gelt", "bereit", "anleg", "massstab", "reich", "feststell", "ind", "beurteil", "verlang", "getotet", "ernstlich", "urteil", "beschrankt", "insoweit", "wesent", "darauf", "gesetzeswortlaut", "wiederhol", "teilt", "wed", "inhalt", "gesprach", "wenig", "tag", "tat", "insbesond", "inhalt", "lang", "diskussion", "angeklagt", "ehefrau", "unmittelbar", "tat", "ebenso", "wenig", "setzt", "genannt", "weit", "beweisanzeich", "auseinand", "inn", "festig", "zielstreb", "getrag", "todeswunsch", "sprech", "insbesond", "dass", "tatopf", "bereit", "seit", "geraum", "zeit", "erkrank", "litt", "hindert", "konkret", "planung", "nah", "zukunft", "anzustell", "kurz", "tat", "gewohnt", "alltagsbeschaft", "nachzugeh", "beck", "lien", "sost", "scheibl", "schaf", "may"], "mitwirkung": "", "aktenzeichen": "3 StR 168/10", "language": "deutsch", "gertyp": "BGH", "leitsatz": "", "gruende": "\n      <div>\n         <dl class=\"RspDL\">\n            <dt>\n               <a name=\"rd_1\">1</a>\n            </dt>\n            <dd>\n               <p>Das Landgericht hat den Angeklagten wegen T\u00f6tung auf Verlangen (\u00a7 216 StGB) zu einer Freiheitsstrafe von zwei Jahren und sechs Monaten verurteilt. Hiergegen wendet sich die auf die Sachr\u00fcge gest\u00fctzte Revision der Nebenkl\u00e4gerin, die einen Schuldspruch wegen Mordes erstrebt. Nach ihrer Auffassung ist das Landgericht zu Unrecht zu der Annahme gelangt, dass der Angeklagte durch ein ausdr\u00fcckliches und ernsthaftes Verlangen des Tatopfers zu dessen T\u00f6tung bestimmt wurde. Das Rechtsmittel hat Erfolg.</p>\n            </dd>\n         </dl>\n         <dl class=\"RspDL\">\n            <dt/>\n            <dd>\n               <p/>\n            </dd>\n         </dl>\n         <dl class=\"RspDL\">\n            <dt>\n               <a name=\"rd_2\">2</a>\n            </dt>\n            <dd>\n               <p>1. Nach den Feststellungen war der zur Tatzeit 74 Jahre alte Angeklagte mit dem sp\u00e4teren Tatopfer, der 53 Jahre alt gewordenen\u00a0B., seit 1986 in vierter Ehe verheiratet. Frau B.\u00a0litt seit mehreren Jahren an einem Myom, das auf eine Masse von 1.885 Gramm herangewachsen war, fast die gesamte Bauchh\u00f6hle ausf\u00fcllte und infolge seiner Verh\u00e4rtung von au\u00dfen unter der Bauchdecke ertastbar war. Es verursachte zumindest unbestimmte Unterleibsschmerzen sowie Verdauungsst\u00f6rungen und Harndrang. Frau B.\u00a0hatte die Tumorerkrankung erkannt, verheimlichte sie aber vor ihrem pers\u00f6nlichen Umfeld; auch dem Angeklagten offenbarte sie erst wenige Tage vor der Tat, dass sie an Unterleibsschmerzen leide, ohne auf Nachfragen weiter einzugehen. Ob sie sich in \u00e4rztliche Behandlung begeben hatte, konnte das Landgericht nicht feststellen.</p>\n            </dd>\n         </dl>\n         <dl class=\"RspDL\">\n            <dt/>\n            <dd>\n               <p/>\n            </dd>\n         </dl>\n         <dl class=\"RspDL\">\n            <dt>\n               <a name=\"rd_3\">3</a>\n            </dt>\n            <dd>\n               <p>Da sie Handwerker erwarteten, standen die Eheleute am 3. Juni 2009 fr\u00fch auf. Zwischen ihnen entwickelte sich ein Gespr\u00e4ch, in dem Frau B.\u00a0dem Angeklagten er\u00f6ffnete, sie leide an einem b\u00f6sartigen Unterleibsgeschw\u00fcr, habe starke Schmerzen, die sie nicht mehr ertragen k\u00f6nne, und f\u00fchle sich k\u00f6rperlich am Ende. Sie hatte \"zu diesem Zeitpunkt\" ihren Lebensmut verloren und wollte sterben. Deshalb \u00e4u\u00dferte sie \"ernsthaft und eindeutig\" den Wunsch, aus dem Leben zu scheiden. Sie bat den Angeklagten sie zu erschie\u00dfen. Zwischen den Eheleuten \"entspann sich daraufhin eine l\u00e4ngere Diskussion\", in deren Verlauf der Angeklagte sich schlie\u00dflich bereiterkl\u00e4rte, Frau B.\u00a0\"ihrem dringend vorgetragenen Wunsch entsprechend\" zu t\u00f6ten; er wolle dann aber \"mit ihr gehen\". Er versprach, auch den gemeinsamen Hund und anschlie\u00dfend sich selbst zu t\u00f6ten. Frau B.\u00a0legte ordentliche Kleidung und Schmuck an, schminkte sich und legte sich im Wohnzimmer auf das Sofa. Der Angeklagte trat von hinten an sie heran und schoss ihr mit einem im Scheitelbereich aufgesetzten Revolver in den Kopf. Frau B.\u00a0verstarb nach wenigen Minuten. Anschlie\u00dfend t\u00f6tete der Angeklagte den Hund; wenig sp\u00e4ter schoss er sich mit einer aufgesetzten Pistole in die linke Brustseite. Er \u00fcberlebte mit schweren Verletzungen.</p>\n            </dd>\n         </dl>\n         <dl class=\"RspDL\">\n            <dt/>\n            <dd>\n               <p/>\n            </dd>\n         </dl>\n         <dl class=\"RspDL\">\n            <dt>\n               <a name=\"rd_4\">4</a>\n            </dt>\n            <dd>\n               <p>2. Das angefochtene Urteil h\u00e4lt in zweifacher Hinsicht rechtlicher \u00dcberpr\u00fcfung nicht stand. Zum einen ist die Beweisw\u00fcrdigung wegen l\u00fcckenhafter Darlegungen zur \u00dcberzeugungsbildung des Landgerichts f\u00fcr den Senat nicht insgesamt nachvollziehbar, zum anderen erm\u00f6glichen die getroffenen Feststellungen dem Senat nicht die Pr\u00fcfung, ob das T\u00f6tungsverlangen des Tatopfers ernstlich im Sinne des \u00a7 216 Abs. 1 StGB war.</p>\n            </dd>\n         </dl>\n         <dl class=\"RspDL\">\n            <dt/>\n            <dd>\n               <p/>\n            </dd>\n         </dl>\n         <dl class=\"RspDL\">\n            <dt>\n               <a name=\"rd_5\">5</a>\n            </dt>\n            <dd>\n               <p>a) Die Feststellungen des Landgerichts zum T\u00f6tungsverlangen des Opfers beruhen auf den entsprechenden Angaben des Angeklagten in der Hauptverhandlung, die er durch seinen Verteidiger verlesen lie\u00df, als seine Einlassung best\u00e4tigte und m\u00fcndlich erg\u00e4nzte. Die Strafkammer hat nach einer \"Gesamtbewertung s\u00e4mtlicher vorhandener Indizien\" nicht auszuschlie\u00dfen vermocht, dass sich das Tatgeschehen so abspielte, wie vom Angeklagten geschildert, und hat ihn daher in Anwendung des Zweifelssatzes nach \u00a7 216 StGB schuldig gesprochen. Ob das Landgericht bei der dem zugrunde liegenden \u00dcberzeugungsbildung den Beweisstoff in dem gebotenen Umfang ausgesch\u00f6pft hat, bleibt indes in einem entscheidenden Punkt offen. Dies f\u00fchrt zur Aufhebung des Urteils (vgl. Meyer-Go\u00dfner, StPO, 53. Aufl., \u00a7 337 Rn. 26 f.). Im Einzelnen:</p>\n            </dd>\n         </dl>\n         <dl class=\"RspDL\">\n            <dt/>\n            <dd>\n               <p/>\n            </dd>\n         </dl>\n         <dl class=\"RspDL\">\n            <dt>\n               <a name=\"rd_6\">6</a>\n            </dt>\n            <dd>\n               <p>Das Landgericht hat zum Vorgeschehen der Tat, insbesondere zur Kenntnis der Ehefrau des Angeklagten von der genauen Art ihrer Erkrankung und deren Verheimlichung vor ihrem pers\u00f6nlichen Umfeld keine Feststellungen zu treffen vermocht, die es als unvereinbar mit der Einlassung des Angeklagten ansieht. Auch f\u00fcr ein abweichendes Tatmotiv des Angeklagten hat es keine hinreichenden Belege gesehen. Vor diesem Hintergrund hat es die Richtigkeit der Einlassung des Angeklagten zun\u00e4chst dadurch gest\u00fctzt gefunden, dass sich das objektive Spurenbild mit seinen Angaben in Einklang bringen l\u00e4sst. Auch die Einlassung zu seinem - durch eine Panikattacke veranlassten - Verhalten zwischen der Tat und seinem Selbstmordversuch finde eine Entsprechung in der von mehreren Zeugen geschilderten Auffindesituation (Gartentor und Haust\u00fcren offen). Hinzu komme die emotionale Betroffenheit des Angeklagten w\u00e4hrend der Verlesung der Erkl\u00e4rung durch seinen Verteidiger.</p>\n            </dd>\n         </dl>\n         <dl class=\"RspDL\">\n            <dt/>\n            <dd>\n               <p/>\n            </dd>\n         </dl>\n         <dl class=\"RspDL\">\n            <dt>\n               <a name=\"rd_7\">7</a>\n            </dt>\n            <dd>\n               <p>Demgegen\u00fcber hat das Landgericht mehrere Beweisanzeichen festgestellt, die gegen die Richtigkeit der Angaben des Angeklagten sprechen k\u00f6nnen. So wollten die Eheleute Mitte Juli 2009 die Mutter von Frau B.\u00a0in S\u00fcddeutschland besuchen und w\u00e4hrend der anschlie\u00dfenden Ferien die Enkelkinder des Tatopfers bei sich aufnehmen. Zudem hatten sie selbst eine Urlaubsreise in Aussicht genommen. Zun\u00e4chst sollte jedoch am 3. Juni 2009, dem Tattag, die schon l\u00e4nger geplante Renovierung des gemeinsamen Wohnhauses beginnen, auf die Frau B.\u00a0sich freute, die ihr wegen des vorgesehenen Umfangs der Arbeiten aber auch Angst machte. Die Handwerker wurden f\u00fcr den Morgen des Tattages erwartet. In der Nacht zuvor arbeitete Frau B.\u00a0ihrer Gewohnheit entsprechend bis kurz vor 1.00 Uhr am Computer, las aktuelle Nachrichten und bearbeitete Bilder von ihrem Garten. Hinzu kommt, dass der Angeklagte erstmals am vierten Hauptverhandlungstag das T\u00f6tungsverlangen seiner Ehefrau behauptete, nachdem zuvor das rechtsmedizinische Gutachten \u00fcber das Obduktionsergebnis erstattet worden war.</p>\n            </dd>\n         </dl>\n         <dl class=\"RspDL\">\n            <dt/>\n            <dd>\n               <p/>\n            </dd>\n         </dl>\n         <dl class=\"RspDL\">\n            <dt>\n               <a name=\"rd_8\">8</a>\n            </dt>\n            <dd>\n               <p>Das Landgericht hat zwar die Beweisbedeutung dieser Indizien nicht verkannt; es hat sie jedoch nicht f\u00fcr derart gewichtig erachtet, dass sie geeignet w\u00e4ren, die Richtigkeit der Einlassung des Angeklagten zu widerlegen. Deren Glaubhaftigkeit werde insbesondere nicht dadurch ersch\u00fcttert, dass er weder bei den Explorationsgespr\u00e4chen mit dem psychiatrischen Sachverst\u00e4ndigen noch bei der m\u00fcndlichen Haftpr\u00fcfung durch das Landgericht und in dem sich anschlie\u00dfenden Haftbeschwerdeverfahren die in der Hauptverhandlung behauptete Tatversion vorgetragen habe; denn dies lasse sich durch die physischen und psychischen Folgen des Selbstmordversuchs erkl\u00e4ren. Die Strafkammer gehe daher zugunsten des Angeklagten davon aus, dass er aufgrund seines Krankheitszustandes zun\u00e4chst zu einer Einlassung \u00fcberhaupt nicht in der Lage gewesen sei.</p>\n            </dd>\n         </dl>\n         <dl class=\"RspDL\">\n            <dt/>\n            <dd>\n               <p/>\n            </dd>\n         </dl>\n         <dl class=\"RspDL\">\n            <dt>\n               <a name=\"rd_9\">9</a>\n            </dt>\n            <dd>\n               <p>Diese W\u00fcrdigung leidet an einem durchgreifenden Mangel. Angesichts der besonderen Beweissituation musste sich das Landgericht mit dem genauen Inhalt der fr\u00fcheren Einlassungen des Angeklagten im Verfahren im Einzelnen auseinandersetzen. Aus den Urteilsgr\u00fcnden ergibt sich aber nur, dass sich der Angeklagte offensichtlich vor Beginn der Hauptverhandlung bereits mehrfach zur Sache eingelassen hatte und diese Einlassungen nicht mit seinen Angaben in der Hauptverhandlung \u00fcbereinstimmten. Was er urspr\u00fcnglich zum Tatgeschehen ge\u00e4u\u00dfert hatte, teilt das Urteil hingegen nicht mit. Nur bei n\u00e4herer Betrachtung der fr\u00fcheren Behauptungen zum Tatgeschehen kann jedoch nachvollzogen werden, ob der Schluss des Landgerichts, das abweichende Einlassungsverhalten des Angeklagten sei mit seinem wechselnden Gesundheitszustand erkl\u00e4rbar, frei von Rechtsfehlern ist. Schon dies f\u00fchrt zur Aufhebung des angefochtenen Urteils.</p>\n            </dd>\n         </dl>\n         <dl class=\"RspDL\">\n            <dt/>\n            <dd>\n               <p/>\n            </dd>\n         </dl>\n         <dl class=\"RspDL\">\n            <dt>\n               <a name=\"rd_10\">10</a>\n            </dt>\n            <dd>\n               <p>b) Gem\u00e4\u00df \u00a7 216 Abs. 1 StGB setzt die Privilegierung der T\u00f6tung auf Verlangen voraus, dass das T\u00f6tungsverlangen des Opfers, das den T\u00e4ter zur Tat bestimmt, ausdr\u00fccklich und ernsthaft ist. W\u00e4hrend die Ausdr\u00fccklichkeit bestimmte Anforderungen an den Inhalt des Verlangens stellt, grenzt die Ernstlichkeit unter normativen Gesichtspunkten rechtlich anzuerkennende Beweggr\u00fcnde des Tatopfers f\u00fcr sein T\u00f6tungsverlangen von solchen ab, denen die Rechtsordnung eine privilegierende Wirkung versagt. Wo insoweit die Grenze zu ziehen ist, ist indessen streitig.</p>\n            </dd>\n         </dl>\n         <dl class=\"RspDL\">\n            <dt/>\n            <dd>\n               <p/>\n            </dd>\n         </dl>\n         <dl class=\"RspDL\">\n            <dt>\n               <a name=\"rd_11\">11</a>\n            </dt>\n            <dd>\n               <p>aa) In der Rechtsprechung des Bundesgerichtshofs ist die Frage, welche Anforderungen an die Ernstlichkeit eines T\u00f6tungsverlangens zu stellen sind, nicht abschlie\u00dfend gekl\u00e4rt.</p>\n            </dd>\n         </dl>\n         <dl class=\"RspDL\">\n            <dt/>\n            <dd>\n               <p/>\n            </dd>\n         </dl>\n         <dl class=\"RspDL\">\n            <dt>\n               <a name=\"rd_12\">12</a>\n            </dt>\n            <dd>\n               <p>Allerdings hat der Bundesgerichtshof in seinem Urteil vom 22. Januar 1981 (4 StR 480/80, NJW 1981, 932) festgehalten, dass ernstlich im Sinne des \u00a7 216 StGB nur ein Verlangen sei, das auf fehlerfreier Willensbildung beruhe. Der seinen Tod verlangende Mensch m\u00fcsse die Urteilskraft besitzen, um Bedeutung und Tragweite seines Entschlusses verstandesm\u00e4\u00dfig zu \u00fcberblicken und abzuw\u00e4gen. Es komme deshalb auf die nat\u00fcrliche Einsichts- und Urteilsf\u00e4higkeit des Lebensm\u00fcden an; sei dieser zu einer freien Selbstbestimmung \u00fcber sein Leben entweder allgemein oder in der konkreten Situation nicht imstande, z.B. als Geisteskranker oder Jugendlicher (s. aber auch BGH, Urteil vom 14. August 1963 - 2 StR 181/63, BGHSt 19, 135, zum \"ernstlichen und in vollem Bewusstsein seiner Tragweite zum Ausdruck gebrachten\" Todesverlangen eines 16-j\u00e4hrigen, \"\u00fcber sein Alter hinaus gereifte(n) M\u00e4dchen(s)\"), der nicht die entsprechende Verstandesreife besitze, so fehle es an einem ernstlichen Verlangen. Dem entsprechend hat er im Urteil vom 22. April 2005 - nicht tragend - einem T\u00f6tungsverlangen die Anerkennung versagt, weil das Tatopfer durch eine krankhafte seelische St\u00f6rung in seiner nat\u00fcrlichen Einsichts- und Willensf\u00e4higkeit beeintr\u00e4chtigt war und deshalb die Tragweite seines Entschlusses, sich t\u00f6ten zu lassen, nicht rational \u00fcberblickte (2 StR 310/04, BGHSt 50, 80, Rn. 5, 37).</p>\n            </dd>\n         </dl>\n         <dl class=\"RspDL\">\n            <dt/>\n            <dd>\n               <p/>\n            </dd>\n         </dl>\n         <dl class=\"RspDL\">\n            <dt>\n               <a name=\"rd_13\">13</a>\n            </dt>\n            <dd>\n               <p>Damit sind indessen lediglich die grundlegenden Voraussetzungen umschrieben, die f\u00fcr jeden Verzicht des Betroffenen auf ein pers\u00f6nliches Rechtsgut zu fordern sind und die ungeachtet dessen, dass ihr Vorliegen keinen die Straflosigkeit begr\u00fcndenden Rechtfertigungsgrund f\u00fcr die T\u00f6tung eines Menschen zu schaffen vermag, auch f\u00fcr \u00a7 216 StGB Geltung beanspruchen. Dass ein T\u00f6tungsverlangen von vornherein nur dann Anerkennung verdient, wenn das Opfer die zureichende nat\u00fcrliche Einsichts- und Urteilsf\u00e4higkeit besitzt, um frei verantwortlich entscheiden sowie die Bedeutung und die Tragweite seines Entschlusses verstandesm\u00e4\u00dfig \u00fcberblicken und abw\u00e4gen zu k\u00f6nnen, ist unumstritten. Auch das Schrifttum versagt einem T\u00f6tungsverlangen dann die Anerkennung, wenn dem Opfer diese F\u00e4higkeit - etwa infolge alters- oder krankheitsbedingter M\u00e4ngel oder unter dem Einfluss von Alkohol oder Drogen - fehlt (vgl. Fischer, StGB, 57. Aufl., \u00a7 216 Rn. 7; Lackner/K\u00fchl, StGB, 27. Aufl., \u00a7 216 Rn. 2; LK-J\u00e4hnke, StGB, 11. Aufl., \u00a7 216 Rn. 7; M\u00fcnchKommStGB/Schneider \u00a7 216 Rn. 21; S/S-Eser, StGB, 26. Aufl., \u00a7 216 Rn. 8; SK-StGB/Horn, 6. Aufl., \u00a7 216 Rn. 8).</p>\n            </dd>\n         </dl>\n         <dl class=\"RspDL\">\n            <dt/>\n            <dd>\n               <p/>\n            </dd>\n         </dl>\n         <dl class=\"RspDL\">\n            <dt>\n               <a name=\"rd_14\">14</a>\n            </dt>\n            <dd>\n               <p>Gleiches gilt f\u00fcr einen Todeswunsch, der deshalb nicht auf einem in freier Eigenverantwortung gefassten Entschluss beruht, weil der T\u00e4ter ihn durch Zwang, Drohung oder arglistige T\u00e4uschung hervorrief, etwa durch Vorspiegelung eigener Suizidabsicht (Fischer aaO; J\u00e4hnke aaO; Eser aaO; Schneider aaO Rn. 22; vgl. auch BGH, Urteil vom 3. Dezember 1985 - 5 StR 637/85, JZ 1987, 474).</p>\n            </dd>\n         </dl>\n         <dl class=\"RspDL\">\n            <dt/>\n            <dd>\n               <p/>\n            </dd>\n         </dl>\n         <dl class=\"RspDL\">\n            <dt>\n               <a name=\"rd_15\">15</a>\n            </dt>\n            <dd>\n               <p>bb) Damit sind die inhaltlichen Anforderungen, die das normative Tatbestandsmerkmal der Ernstlichkeit f\u00fcr die privilegierende Wirkung des T\u00f6tungsverlangens voraussetzt, jedoch nicht abschlie\u00dfend umschrieben. Das Fehlen von Willensm\u00e4ngeln der genannten Art ist zwar notwendige, nicht aber auch hinreichende Voraussetzung der Ernstlichkeit des T\u00f6tungsverlangens. Der Senat stimmt insoweit im Grundsatz der im strafrechtlichen Schrifttum einhellig ge\u00e4u\u00dferten Auffassung zu, dass einem Todesbegehren die privilegierende Wirkung mangels Ernstlichkeit auch dann zu versagen sein kann, wenn es auf einem Entschluss des Opfers beruhte, der nach obigen Ma\u00dfst\u00e4ben frei von Willensm\u00e4ngeln war.</p>\n            </dd>\n         </dl>\n         <dl class=\"RspDL\">\n            <dt/>\n            <dd>\n               <p/>\n            </dd>\n         </dl>\n         <dl class=\"RspDL\">\n            <dt>\n               <a name=\"rd_16\">16</a>\n            </dt>\n            <dd>\n               <p>Welche weiteren Eingrenzungen des Tatbestandsmerkmals danach geboten sind, wird aber in der Literatur nicht einheitlich beantwortet. Teils wird einem Todeswunsch die Ernstlichkeit schon dann abgesprochen, wenn er als un\u00fcberlegt anzusehen ist (K\u00fchl aaO), ohne diesem Begriff allerdings sch\u00e4rfere Konturen zu geben. \u00dcberwiegend wird einem Verlangen die Anerkennung dann versagt, wenn es einer Augenblicksstimmung oder einer vor\u00fcbergehenden Depression entsprang (Fischer; J\u00e4hnke; Eser; Horn; jeweils aaO). Gelegentlich wird der Wunsch des Opfers, sterben zu wollen, dar\u00fcber hinaus auch dann f\u00fcr unbeachtlich gehalten, wenn es bei seinem Entschluss von unzutreffenden Voraussetzungen ausging oder einem wesentlichen Motivirrtum unterlag, so etwa bei irriger Annahme einer unheilbaren Erkrankung (Eser; Horn; jeweils aaO). Am weitesten geht die Auffassung, das T\u00f6tungsverlangen sei ein Unterfall der Einwilligung, weshalb es grunds\u00e4tzlich schon dann anzuerkennen sei, wenn das Tatopfer keinen einwilligungsrelevanten Willensm\u00e4ngeln unterlag; auch diese Ansicht verlangt aber einschr\u00e4nkend eine durch Willensfestigkeit und Zielstrebigkeit gezeichnete innere Haltung des Lebensm\u00fcden, die einem beil\u00e4ufig oder leichthin artikulierten T\u00f6tungsverlangen fehle (Schneider aaO Rn. 19 f.).</p>\n            </dd>\n         </dl>\n         <dl class=\"RspDL\">\n            <dt/>\n            <dd>\n               <p/>\n            </dd>\n         </dl>\n         <dl class=\"RspDL\">\n            <dt>\n               <a name=\"rd_17\">17</a>\n            </dt>\n            <dd>\n               <p>Der Senat muss sich nicht im Einzelnen festlegen, welcher dieser Ansichten zu folgen ist. Selbst die Auffassung, nach der ein frei von Willensm\u00e4ngeln ge\u00e4u\u00dferter Todeswunsch die weitestgehende Anerkennung verdient, l\u00e4sst ein Verlangen in depressiver Augenblicksstimmung jedenfalls dann nicht gen\u00fcgen, wenn es nicht von innerer Festigkeit und Zielstrebigkeit getragen wird (Schneider aaO). Dem schlie\u00dft sich der Senat insoweit an, als damit eine Voraussetzung umschrieben ist, welcher ein T\u00f6tungsverlangen mindestens zu gen\u00fcgen hat, um als ernstlich zu gelten. Bereits bei Anlegung eines solchen Ma\u00dfstabs reichen die Feststellungen indes nicht aus, um beurteilen zu k\u00f6nnen, ob das Verlangen der Get\u00f6teten ernstlich war; denn das Urteil beschr\u00e4nkt sich insoweit im Wesentlichen darauf, den Gesetzeswortlaut zu wiederholen. Es teilt weder den Inhalt des Gespr\u00e4chs wenige Tage vor der Tat noch insbesondere den Inhalt der l\u00e4ngeren Diskussion zwischen dem Angeklagtem und seiner Ehefrau unmittelbar vor der Tat mit. Ebenso wenig setzt es sich mit den genannten weiteren Beweisanzeichen auseinander, die gegen einen von innerer Festigkeit und Zielstrebigkeit getragenen Todeswunsch sprechen, insbesondere dass das Tatopfer bereits seit geraumer Zeit an seiner Erkrankung litt, was es aber nicht hinderte, konkrete Planungen f\u00fcr die n\u00e4here Zukunft anzustellen und bis kurz vor der Tat seinen gewohnten Alltagsbesch\u00e4ftigungen nachzugehen.</p>\n            </dd>\n         </dl>\n         <dl class=\"RspDL\">\n            <dt/>\n            <dd>\n               <p/>\n            </dd>\n         </dl>\n         <dl class=\"RspDL\">\n            <dt/>\n            <dd>\n               <p>Becker\u00a0\u00a0\u00a0\u00a0\u00a0\u00a0\u00a0\u00a0\u00a0\u00a0\u00a0\u00a0\u00a0\u00a0\u00a0\u00a0\u00a0\u00a0\u00a0\u00a0\u00a0\u00a0\u00a0\u00a0\u00a0\u00a0\u00a0\u00a0\u00a0\u00a0\u00a0\u00a0\u00a0\u00a0\u00a0\u00a0\u00a0\u00a0\u00a0\u00a0\u00a0\u00a0\u00a0\u00a0\u00a0\u00a0\u00a0\u00a0\u00a0\u00a0\u00a0\u00a0\u00a0\u00a0von Lienen\u00a0\u00a0\u00a0\u00a0\u00a0\u00a0\u00a0\u00a0\u00a0\u00a0\u00a0\u00a0\u00a0\u00a0\u00a0\u00a0\u00a0\u00a0\u00a0\u00a0\u00a0\u00a0\u00a0\u00a0\u00a0\u00a0\u00a0\u00a0\u00a0\u00a0\u00a0\u00a0\u00a0\u00a0\u00a0\u00a0\u00a0\u00a0\u00a0\u00a0\u00a0\u00a0\u00a0\u00a0\u00a0\u00a0\u00a0\u00a0\u00a0\u00a0\u00a0\u00a0\u00a0\u00a0\u00a0\u00a0\u00a0Sost-Scheible</p>\n            </dd>\n         </dl>\n         <dl class=\"RspDL\">\n            <dt/>\n            <dd>\n               <p>\u00a0\u00a0\u00a0\u00a0\u00a0\u00a0\u00a0\u00a0\u00a0\u00a0\u00a0\u00a0\u00a0\u00a0\u00a0\u00a0\u00a0\u00a0\u00a0\u00a0\u00a0\u00a0\u00a0\u00a0\u00a0\u00a0\u00a0\u00a0Sch\u00e4fer\u00a0\u00a0\u00a0\u00a0\u00a0\u00a0\u00a0\u00a0\u00a0\u00a0\u00a0\u00a0\u00a0\u00a0\u00a0\u00a0\u00a0\u00a0\u00a0\u00a0\u00a0\u00a0\u00a0\u00a0\u00a0\u00a0\u00a0\u00a0\u00a0\u00a0\u00a0\u00a0\u00a0\u00a0\u00a0\u00a0\u00a0\u00a0\u00a0\u00a0\u00a0\u00a0\u00a0\u00a0\u00a0\u00a0\u00a0\u00a0\u00a0\u00a0\u00a0\u00a0\u00a0\u00a0\u00a0\u00a0\u00a0\u00a0\u00a0\u00a0\u00a0\u00a0\u00a0\u00a0\u00a0\u00a0\u00a0\u00a0Mayer</p>\n            </dd>\n         </dl>\n         <dl class=\"RspDL\">\n            <dt/>\n            <dd>\n               <p/>\n            </dd>\n         </dl>\n      </div>\n   ", "accessRights": "public", "gerort": "", "entschDatum": "20101007", "coverage": "Deutschland", "titel": "\n      <dl class=\"RspDL\">\n         <dt/>\n         <dd>\n            <p>T\u00f6tung auf Verlangen: Ernstlichkeit des T\u00f6tungsverlangens</p>\n         </dd>\n      </dl>\n   ", "ecli": "", "identifier": "http://www.rechtsprechung-im-internet.de/jportal/?quelle=jlink&docid=JURE110002793&psml=bsjrsprod.psml&max=true", "spruchkoerper": "3. Strafsenat", "vorinstanz": "vorgehend LG Verden, 13. November 2009, Az: 1 Ks 16/09, Urteil\n   ", "doknr": "JURE110002793", "abweichendeMeinung": "", "tenor": "\n      <div>\n         <dl class=\"RspDL\">\n            <dt/>\n            <dd>\n               <p>Auf die Revision der Nebenkl\u00e4gerin wird das Urteil des Landgerichts Verden vom 13. November 2009 mit den Feststellungen aufgehoben.</p>\n            </dd>\n         </dl>\n         <dl class=\"RspDL\">\n            <dt/>\n            <dd>\n               <p/>\n            </dd>\n         </dl>\n         <dl class=\"RspDL\">\n            <dt/>\n            <dd>\n               <p>Die Sache wird zu neuer Verhandlung und Entscheidung, auch \u00fcber die Kosten des Rechtsmittels und die dem Angeklagten dadurch entstandenen notwendigen Auslagen, an eine Strafkammer des Landgerichts Stade zur\u00fcckverwiesen.</p>\n            </dd>\n         </dl>\n         <dl class=\"RspDL\">\n            <dt/>\n            <dd>\n               <p/>\n            </dd>\n         </dl>\n         <dl class=\"RspDL\">\n            <dt/>\n            <dd>\n               <p>Von Rechts wegen</p>\n            </dd>\n         </dl>\n      </div>\n   ", "regionAbk": "DEU"}