{"publisher": "BMJV", "tatbestand": "", "absaetze": [], "norm": ["\u00a7 24 StPO", "\u00a7 136a StPO", "\u00a7 202 StPO", "\u00a7 212 StPO", "\u00a7 243 StPO", "\u00a7 273 Abs 1a StPO", "\u00a7 344 S 2 StPO"], "doktyp": "Beschluss", "regionLong": "Bundesrepublik Deutschland", "sonstlt": "", "gruendeProcessed": [], "mitwirkung": "", "aktenzeichen": "4 StR 620/09", "language": "deutsch", "gertyp": "BGH", "leitsatz": "", "gruende": "", "accessRights": "public", "gerort": "", "entschDatum": "20100202", "coverage": "Deutschland", "titel": "\n      <dl class=\"RspDL\">\n         <dt/>\n         <dd>\n            <p>R\u00fcge unzul\u00e4ssiger Einwirkung auf den Angeklagten bei einer Verst\u00e4ndigung: Anforderungen an die Revisionsbegr\u00fcndung des verteidigten Angeklagten</p>\n         </dd>\n      </dl>\n   ", "ecli": "", "identifier": "http://www.rechtsprechung-im-internet.de/jportal/?quelle=jlink&docid=JURE100057830&psml=bsjrsprod.psml&max=true", "spruchkoerper": "4. Strafsenat", "vorinstanz": "vorgehend LG Essen, 14. September 2009, Az: 25 KLs 25/09 - 12 Js 811/09, Urteil\n   ", "doknr": "JURE100057830", "abweichendeMeinung": "", "tenor": "\n      <div>\n         <dl class=\"RspDL\">\n            <dt/>\n            <dd>\n               <p style=\"margin-left:36pt\">Die Revision des Angeklagten gegen das Urteil des Landgerichts Essen vom 14. September 2009 wird als unbegr\u00fcndet verworfen, da die Nachpr\u00fcfung des Urteils auf Grund der Revisionsrechtfertigung keinen Rechtsfehler zum Nachteil des Angeklagten ergeben hat (\u00a7 349 Abs. 2 StPO).</p>\n            </dd>\n         </dl>\n         <dl class=\"RspDL\">\n            <dt/>\n            <dd>\n               <p/>\n            </dd>\n         </dl>\n         <dl class=\"RspDL\">\n            <dt/>\n            <dd>\n               <p style=\"margin-left:36pt\">Der Beschwerdef\u00fchrer hat die Kosten des Rechtsmittels und die den Nebenkl\u00e4gerinnen im Revisionsverfahren entstandenen notwendigen Auslagen zu tragen.</p>\n            </dd>\n         </dl>\n         <dl class=\"RspDL\">\n            <dt/>\n            <dd>\n               <p/>\n            </dd>\n         </dl>\n         <dl class=\"RspDL\">\n            <dt/>\n            <dd>\n               <p>Zu der auf die Verletzung des \u00a7 136 a StPO gest\u00fctzten R\u00fcge, mit der der Angeklagte hinsichtlich seines in der Hauptverhandlung abgelegten umfassenden Gest\u00e4ndnisses ein Verwertungsverbot mit der Behauptung geltend macht, das Gericht habe ihn mit unzul\u00e4ssigem Druck zu dem Gest\u00e4ndnis veranlasst, bemerkt der Senat in Erg\u00e4nzung der Ausf\u00fchrungen in der Antragsschrift des Generalbundesanwalts vom 5. Januar 2010:</p>\n            </dd>\n         </dl>\n         <dl class=\"RspDL\">\n            <dt/>\n            <dd>\n               <p/>\n            </dd>\n         </dl>\n         <dl class=\"RspDL\">\n            <dt/>\n            <dd>\n               <p>Das Vorbringen der Revision gen\u00fcgt auch deshalb nicht den Anforderungen an eine nach Ma\u00dfgabe des \u00a7 344 Abs. 2 Satz 2 StPO zul\u00e4ssige Verfahrensr\u00fcge, weil der Beschwerdef\u00fchrer die n\u00e4heren Umst\u00e4nde des Verst\u00e4ndigungsgespr\u00e4chs, das w\u00e4hrend einer Verhandlungspause stattgefunden haben soll, nicht mitteilt. So fehlt insbesondere bereits die Angabe, wer von den Verfahrensbeteiligten an dem \"Verst\u00e4ndigungsgespr\u00e4ch\" teilgenommen hat und auf wessen konkrete \u00c4u\u00dferung(en) sich das Vorbringen des Beschwerdef\u00fchrers bezieht, \"das Gericht\" habe ihm \u00fcber seinen damaligen Verteidiger die - beanstandeten - \"in Aussicht gestellten\" Rechtsfolgen mit und ohne Gest\u00e4ndnis \"vortragen\" lassen. Ohne diese Angaben ist dem Senat die Pr\u00fcfung verwehrt, ob von Seiten \"des Gerichts\" unzul\u00e4ssiger Druck auf den Angeklagten ausge\u00fcbt worden ist.</p>\n            </dd>\n         </dl>\n         <dl class=\"RspDL\">\n            <dt/>\n            <dd>\n               <p/>\n            </dd>\n         </dl>\n         <dl class=\"RspDL\">\n            <dt/>\n            <dd>\n               <p>Gegen die Zul\u00e4ssigkeit der R\u00fcge bestehen auch deshalb Bedenken, weil das Protokoll \u00fcber die Hauptverhandlung zu den von der Revision beanstandeten Verfahrensvorg\u00e4ngen schweigt, obwohl nach \u00a7 273 Abs. 1 a i.V.m \u00a7 212 i.V.m. \u00a7 202 i.V.m. \u00a7 243 Abs. 4 StPO i.d.F. des mit Wirkung vom 4. August 2009 in Kraft getretenen Gesetzes zur Regelung der Verst\u00e4ndigung im Strafverfahren vom 29. Juli 2009 (BGBl I 2353), das mithin im Zeitpunkt der Hauptverhandlung am 4. September 2009 bereits zu beachten war, das Verfahren der Verst\u00e4ndigung und deren Inhalt ausdr\u00fccklich der Protokollierungspflicht unterworfen wurde. Der Gesetzgeber bezweckte damit sicherzustellen, dass zum einen die vom Gericht im Zusammenhang mit einer Verst\u00e4ndigung zu beachtenden F\u00f6rmlichkeiten auch wirklich beachtet werden, zum anderen aber, dass insbesondere im Revisionsverfahren die erforderliche Kontrolle der Verst\u00e4ndigung im Strafverfahren m\u00f6glich ist und das tats\u00e4chliche prozessuale Geschehen \"mit h\u00f6chstm\u00f6glicher Gewissheit und auch in der Revision \u00fcberpr\u00fcfbar\" erfasst wird (Gesetzentwurf der Bundesregierung, BTDrucks. 16/12310 S. 15; dazu ausf\u00fchrlich Niem\u00f6ller in Niem\u00f6ller/Schlothauer/Weider, Gesetz zur Verst\u00e4ndigung im Strafverfahren, 2010, S. 136 ff.). Zwar kann grunds\u00e4tzlich auch bei einem der Verst\u00e4ndigung entsprechenden Urteil ger\u00fcgt werden, der Angeklagte sei mit unzul\u00e4ssigem Druck dazu veranlasst worden, der Verst\u00e4ndigung zuzustimmen und ein Gest\u00e4ndnis abzulegen (vgl. Weider in Niem\u00f6ller/Schlothauer/Weider aaO S. 164 f.). Doch ist es jedenfalls dem verteidigten Angeklagten im Regelfall zuzumuten, Inhalten der Verst\u00e4ndigung, die er f\u00fcr unzul\u00e4ssig h\u00e4lt, sogleich zu widersprechen und gegebenenfalls - schon im Interesse sp\u00e4terer \u00dcberpr\u00fcfbarkeit - auf ihre Protokollierung hinzuwirken oder solche Umst\u00e4nde zum Gegenstand eines Ablehnungsgesuchs zu machen (vgl. BGH, Beschl. vom 28. Oktober 2008 - 3 StR 431/08, StV 2009, 171 (nur LS); Weider aaO S. 165 a.E.).</p>\n            </dd>\n         </dl>\n         <dl class=\"RspDL\">\n            <dt/>\n            <dd>\n               <p/>\n            </dd>\n         </dl>\n         <dl class=\"RspDL\">\n            <dt/>\n            <dd>\n               <p>Tepperwien\u00a0\u00a0\u00a0\u00a0\u00a0\u00a0\u00a0\u00a0\u00a0\u00a0\u00a0\u00a0\u00a0\u00a0\u00a0\u00a0\u00a0\u00a0\u00a0\u00a0\u00a0\u00a0\u00a0\u00a0\u00a0\u00a0\u00a0\u00a0\u00a0\u00a0\u00a0\u00a0\u00a0\u00a0\u00a0\u00a0\u00a0\u00a0\u00a0\u00a0\u00a0\u00a0\u00a0\u00a0Maatz\u00a0\u00a0\u00a0\u00a0\u00a0\u00a0\u00a0\u00a0\u00a0\u00a0\u00a0\u00a0\u00a0\u00a0\u00a0\u00a0\u00a0\u00a0\u00a0\u00a0\u00a0\u00a0\u00a0\u00a0\u00a0\u00a0\u00a0\u00a0\u00a0\u00a0\u00a0\u00a0\u00a0\u00a0\u00a0\u00a0\u00a0\u00a0\u00a0Solin-Stojanovi\u0107</p>\n            </dd>\n         </dl>\n         <dl class=\"RspDL\">\n            <dt/>\n            <dd>\n               <p>\u00a0\u00a0\u00a0\u00a0\u00a0\u00a0\u00a0\u00a0\u00a0\u00a0\u00a0\u00a0\u00a0\u00a0\u00a0\u00a0\u00a0\u00a0\u00a0\u00a0\u00a0\u00a0\u00a0\u00a0\u00a0\u00a0\u00a0\u00a0\u00a0Ernemann\u00a0\u00a0\u00a0\u00a0\u00a0\u00a0\u00a0\u00a0\u00a0\u00a0\u00a0\u00a0\u00a0\u00a0\u00a0\u00a0\u00a0\u00a0\u00a0\u00a0\u00a0\u00a0\u00a0\u00a0\u00a0\u00a0\u00a0\u00a0\u00a0\u00a0\u00a0\u00a0\u00a0\u00a0\u00a0\u00a0\u00a0\u00a0\u00a0Franke</p>\n            </dd>\n         </dl>\n         <dl class=\"RspDL\">\n            <dt/>\n            <dd>\n               <p/>\n            </dd>\n         </dl>\n      </div>\n   ", "regionAbk": "DEU"}