{"publisher": "BMJV", "tatbestand": "", "absaetze": [{"num": "1", "textProcessed": ["landgericht", "angeklagt", "schwer", "bandendiebstahl", "zwolf", "fall", "davon", "zwei", "fall", "form", "versuch", "sowi", "diebstahl", "funf", "fall", "gesamtfreiheitsstraf", "funf", "jahr", "sech", "monat", "verurteilt", "fern", "erweitert", "verfall", "bargeldbetrag", "angeordnet", "angeklagt", "sichergestellt", "wurd", "angeklagt", "le", "schwer", "bandendiebstahl", "elf", "fall", "davon", "zwei", "fall", "form", "versuch", "schuldig", "gesproch", "gesamtfreiheitsstraf", "vier", "jahr", "sech", "monat", "verhangt", "urteil", "wend", "angeklagt", "revision", "verletz", "sachlich", "recht", "rug", "rechtsmittel", "beschlussformel", "ersicht", "umfang", "erfolg", "gehend", "revision", "angeklagt", "unbegrundet", "sinn", "abs", "stpo"], "text": "Das Landgericht hat den Angeklagten L.\u00a0wegen schweren Bandendiebstahls in zw\u00f6lf F\u00e4llen, davon in zwei F\u00e4llen in Form des Versuchs, sowie wegen Diebstahls in f\u00fcnf F\u00e4llen zu einer Gesamtfreiheitsstrafe von f\u00fcnf Jahren und sechs Monaten verurteilt. Ferner hat es den erweiterten Verfall von Bargeldbetr\u00e4gen angeordnet, die bei diesem Angeklagten sichergestellt wurden. Den Angeklagten Le.\u00a0hat es des schweren Bandendiebstahls in elf F\u00e4llen, davon in zwei F\u00e4llen in Form des Versuchs, schuldig gesprochen und gegen ihn eine Gesamtfreiheitsstrafe von vier Jahren und sechs Monaten verh\u00e4ngt. Gegen dieses Urteil wenden sich die Angeklagten mit ihren Revisionen, mit denen sie die Verletzung sachlichen Rechts r\u00fcgen. Die Rechtsmittel haben in dem aus der Beschlussformel ersichtlichen Umfang Erfolg; die weiter gehende Revision des Angeklagten L.\u00a0ist unbegr\u00fcndet im Sinne des \u00a7 349 Abs. 2 StPO."}, {"num": "2", "textProcessed": ["verurteil", "angeklagt", "schwer", "bzw", "versucht", "schwer", "bandendiebstahl", "halt", "rechtlich", "uberpruf", "stand", "landgericht", "voraussetz", "vorlieg", "band", "urteilsgrund", "hinreich", "belegt"], "text": "Die Verurteilung der Angeklagten wegen schweren bzw. versuchten schweren Bandendiebstahls h\u00e4lt rechtlicher \u00dcberpr\u00fcfung nicht stand. Das Landgericht hat die Voraussetzungen f\u00fcr das Vorliegen einer Bande in den Urteilsgr\u00fcnden nicht hinreichend belegt."}, {"num": "3", "textProcessed": ["rechtsprech", "bundesgerichtshof", "setzt", "band", "sinn", "abs", "nr", "stgb", "zusammenschluss", "mindest", "drei", "person", "voraus", "fortgesetzt", "begeh", "unbestimmt", "zahl", "diebstahl", "verbund", "bghst", "gs", "erford", "fern", "ausdruck", "konkludent", "getroff", "bandenabred", "einzeln", "mitglied", "mindest", "zwei", "person", "begeh", "straftat", "zukunft", "gewiss", "dau", "zusammenzutun", "bghst", "bandenmitglied", "anzuseh", "wer", "organisation", "band", "eingebund", "geltend", "regeln", "akzeptiert", "fortbestand", "band", "beitragt", "straftat", "tat", "teilnehm", "beteiligt", "erford", "hingeg", "dass", "bandenmitglied", "person", "miteinand", "verabred", "einand", "kenn", "bgh", "aao", "vgl", "fisch", "stgb", "aufl", "rdn"], "text": "1. Nach der Rechtsprechung des Bundesgerichtshofs setzt die Bande im Sinne des \u00a7 244 Abs. 1 Nr. 2 StGB den Zusammenschluss von mindestens drei Personen voraus, die sich zur fortgesetzten Begehung einer noch unbestimmten Zahl von Diebst\u00e4hlen verbunden haben (BGHSt [GS] 46, 321, 325). Erforderlich ist ferner eine \u2013 ausdr\u00fccklich oder konkludent getroffene \u2013 Bandenabrede, bei der das einzelne Mitglied den Willen hat, sich mit mindestens zwei anderen Personen zur Begehung von Straftaten in der Zukunft f\u00fcr eine gewisse Dauer zusammenzutun (BGHSt 50, 160, 164). Als Bandenmitglied ist anzusehen, wer in die Organisation der Bande eingebunden ist, die dort geltenden Regeln akzeptiert, zum Fortbestand der Bande beitr\u00e4gt und sich an den Straftaten als T\u00e4ter oder Teilnehmer beteiligt. Nicht erforderlich ist hingegen, dass sich alle Bandenmitglieder pers\u00f6nlich miteinander verabreden oder einander kennen (BGH aaO; vgl. auch Fischer StGB 57. Aufl. \u00a7 244 Rdn. 36)."}, {"num": "4", "textProcessed": ["gemess", "daran", "begegnet", "durchgreif", "rechtlich", "bedenk", "dass", "landgericht", "angeklagt", "gesondert", "verfolgt", "einerseit", "sowi", "mitangeklagt", "bl", "be", "andererseit", "mitgliederein", "band", "sinn", "abs", "nr", "stgb", "angeseh", "insoweit", "urteilsgrund", "ledig", "festgestellt", "dass", "grupp", "untereinand", "kooperiert", "grundlag", "vorgeseh", "arbeitsteil", "beschaff", "kraftfahrzeug", "austauscht", "unterstutzt", "bereich", "jedoch", "jeweil", "eigenstand", "tatig", "nah", "feststell", "art", "kooperation", "insbesond", "einzel", "gegenseit", "unterstutz", "strafkamm", "getroff", "schon", "hinblick", "darauf", "dass", "beid", "landgericht", "grupp", "bezeichnet", "teil", "zusammenschluss", "jeweil", "tatig", "eigenstand", "entfaltet", "unterschied", "fahrzeugart", "spezialisiert", "hatt", "genau", "feststell", "bedurft", "beteiligt", "organisator", "einheit", "band", "eingebund", "bandenmass", "zusammenschluss", "angeklagt", "le", "allein", "gesondert", "verfolgt", "beleg", "urteilsgrund", "ebenfall", "leg", "absprach", "angeklagt", "getroff", "feststell", "ua", "bandenmitgliedschaft", "nah", "steht", "jedoch", "widerspruch", "ausfuhr", "landgericht", "rahm", "rechtlich", "wurdig", "ua", "sach", "bedarf", "dah", "insoweit", "neu", "verhandl", "entscheid"], "text": "a) Gemessen daran begegnet es durchgreifenden rechtlichen Bedenken, dass das Landgericht die Angeklagten und den gesondert verfolgten B.\u00a0einerseits sowie die Mitangeklagten K., Bl.\u00a0und Be.\u00a0andererseits als Mitgliedereiner Bande im Sinne des \u00a7 244 Abs. 1 Nr. 2 StGB angesehen hat. Denn insoweit ist in den Urteilsgr\u00fcnden lediglich festgestellt, dass diese \u201eGruppen\u201c untereinander kooperierten, indem sie sich auf der Grundlage der vorgesehenen arbeitsteiligen Beschaffung von Kraftfahrzeugen \u201eaustauschten und unterst\u00fctzten\u201c, in ihren Bereichen jedoch \u201ejeweils eigenst\u00e4ndig\u201c t\u00e4tig waren. N\u00e4here Feststellungen zur Art der Kooperation, insbesondere zu Einzelheiten der gegenseitigen Unterst\u00fctzung, hat die Strafkammer nicht getroffen. Schon im Hinblick darauf, dass die beiden, vom Landgericht als \u201eGruppen\u201c bezeichneten Teile des Zusammenschlusses ihre jeweilige T\u00e4tigkeit eigenst\u00e4ndig entfalteten und auf unterschiedliche Fahrzeugarten spezialisiert waren, h\u00e4tte es aber genauerer Feststellungen dazu bedurft, ob alle Beteiligten organisatorisch in eine (einheitliche) Bande eingebunden waren. Einen bandenm\u00e4\u00dfigen Zusammenschluss der Angeklagten L.\u00a0und Le.\u00a0allein mit dem gesondert verfolgten B.\u00a0belegen die Urteilsgr\u00fcnde ebenfalls nicht. Zwar legen die zu den Absprachen unter den Angeklagten getroffenen Feststellungen (UA 9) eine Bandenmitgliedschaft des B.\u00a0nahe. Dies steht jedoch im Widerspruch zu den Ausf\u00fchrungen des Landgerichts im Rahmen der rechtlichen W\u00fcrdigung (UA 30). Die Sache bedarf daher insoweit neuer Verhandlung und Entscheidung."}, {"num": "5", "textProcessed": ["erganz", "bemerkt", "senat", "dass", "verurteil", "angeklagt", "schwer", "bandendiebstahl", "fall", "ii", "sowi", "verurteil", "angeklagt", "versucht", "schwer", "bandendiebstahl", "fall", "ii", "urteilsgrund", "grund", "durchgreif", "rechtlich", "bedenk", "begegnet", "fall", "ii", "getroff", "feststell", "beleg", "dass", "angeklagt", "tat", "mitwirk", "bandenmitglied", "beging", "betreff", "fahrzeug", "wurd", "angeklagt", "wiss", "mitglied", "tatergrupp", "entwendet", "danach", "anwend", "zweifelssatz", "gunst", "angeklagt", "alleintaterschaft", "auszugeh", "fall", "ii", "urteilsgrund", "aktivitat", "angeklagt", "sowi", "gesondert", "verfolgt", "abend", "marz", "stadium", "versuch", "diebstahlstat", "gedieh", "soweit", "ledig", "bi", "umherfuhr", "stehlenswert", "fahrzeug", "ausschau", "hielt", "bezug", "anschliess", "tatgescheh", "lasst", "feststell", "zweifelsfrei", "entnehm", "dass", "angeklagt", "le", "konkret", "tatbeitrag", "gleichgult", "tatort", "erbracht", "allein", "bandenmitgliedschaft", "angeklagt", "reicht", "verurteil", "tat", "vorlieg", "fall", "bghst"], "text": "2. Erg\u00e4nzend bemerkt der Senat, dass die Verurteilung des Angeklagten L.\u00a0wegen schweren Bandendiebstahls im Fall II. 3 sowie die Verurteilung der Angeklagten wegen versuchten schweren Bandendiebstahls im Fall II. 17 der Urteilsgr\u00fcnde auch aus anderen Gr\u00fcnden durchgreifenden rechtlichen Bedenken begegnet. Die im Fall II. 3 getroffenen Feststellungen belegen nicht, dass der Angeklagte L.\u00a0die Tat unter Mitwirkung eines anderen Bandenmitglieds beging. Das betreffende Fahrzeug wurde \u201evon dem Angeklagten L.\u00a0selbst oder mit dessen Wissen und Wollen von einem anderen Mitglied seiner T\u00e4tergruppe entwendet\u201c. Danach ist in Anwendung des Zweifelssatzes zu Gunsten des Angeklagten L.\u00a0von dessen Alleint\u00e4terschaft auszugehen. In Fall II. 17 der Urteilsgr\u00fcnde waren die Aktivit\u00e4ten der Angeklagten sowie des gesondert verfolgten B.\u00a0am Abend des 9. M\u00e4rz 2008 noch nicht bis zum Stadium des Versuchs einer Diebstahlstat gediehen, soweit sie lediglich in Bi.\u00a0umherfuhren und nach stehlenswerten Fahrzeugen Ausschau hielten. Bez\u00fcglich des anschlie\u00dfenden Tatgeschehens in P.\u00a0l\u00e4sst sich den Feststellungen nicht zweifelsfrei entnehmen, dass der Angeklagte Le.\u00a0einen konkreten Tatbeitrag \u2013 gleichg\u00fcltig, ob am Tatort oder nicht \u2013 erbracht hat. Allein die Bandenmitgliedschaft des Angeklagten reicht f\u00fcr eine Verurteilung wegen dieser Tat im vorliegenden Fall nicht (BGHSt 46, 321, 333 f.)."}, {"num": "6", "textProcessed": ["anordn", "erweitert", "verfall", "angeklagt", "sichergestellt", "bargeldbetrag", "bestand"], "text": "Die Anordnung des erweiterten Verfalls der bei dem Angeklagten L.\u00a0sichergestellten Bargeldbetr\u00e4ge hat keinen Bestand."}, {"num": "7", "textProcessed": ["zud", "landgericht", "bedacht", "dass", "verletzt", "diebstahl", "erwachs", "anspruch", "anordn", "erweitert", "verfall", "sichergestellt", "geldbetrag", "gemass", "abs", "satz", "abs", "satz", "stgb", "insoweit", "entgegensteh", "erfull", "anspruch", "angeklagt", "wert", "tat", "erlangt", "entzieh", "anordn", "deshalb", "aufzuheb"], "text": "b) Zudem hat das Landgericht nicht bedacht, dass die den Verletzten aus den Diebst\u00e4hlen erwachsenen Anspr\u00fcche der Anordnung des erweiterten Verfalls der sichergestellten Geldbetr\u00e4ge gem\u00e4\u00df \u00a7\u00a7 73d Abs. 1 Satz 3, 73 Abs. 1 Satz 2 StGB insoweit entgegenstehen, als die Erf\u00fcllung der Anspr\u00fcche dem Angeklagten den Wert des aus den Taten Erlangten entziehen w\u00fcrde. Die Anordnung ist deshalb aufzuheben."}, {"num": "8", "textProcessed": ["neu", "hauptverhandl", "weist", "senat", "vorsorg", "darauf", "dass", "vorrang", "klar", "gegebenenfall", "umfang", "voraussetz", "anordn", "verfall", "verfall", "wertersatz", "gegeb", "anordn", "erweitert", "verfall", "stgb", "raum", "bgh", "urteil", "dezemb", "str", "bghr", "stgb", "anwendungsbereich", "fisch", "aao", "rdn", "scheidet", "anordn", "verfall", "vorschrift", "deshalb", "anspruch", "verletzt", "entgegensteh", "landgericht", "abs", "stpo", "pruf"], "text": "c) F\u00fcr die neue Hauptverhandlung weist der Senat vorsorglich darauf hin, dass vorrangig zu kl\u00e4ren ist, ob und gegebenenfalls in welchem Umfang die Voraussetzungen f\u00fcr die Anordnung des Verfalls oder des Verfalls von Wertersatz gegeben sind, weil dann f\u00fcr die Anordnung eines erweiterten Verfalls nach \u00a7 73d StGB kein Raum ist (BGH, Urteil vom 11. Dezember 2008 \u2013 4 StR 386/08, BGHR StGB \u00a7 73a Anwendungsbereich 2; Fischer aaO \u00a7 73d Rdn. 9). Scheidet die Anordnung des Verfalls nach diesen Vorschriften nur deshalb aus, weil Anspr\u00fcche von Verletzten entgegenstehen, wird das Landgericht \u00a7 111i Abs. 2 StPO zu pr\u00fcfen haben."}], "norm": ["\u00a7 244 Nr 2 StGB", "\u00a7 244a StGB"], "doktyp": "Beschluss", "regionLong": "Bundesrepublik Deutschland", "sonstlt": "", "gruendeProcessed": ["landgericht", "angeklagt", "schwer", "bandendiebstahl", "zwolf", "fall", "davon", "zwei", "fall", "form", "versuch", "sowi", "diebstahl", "funf", "fall", "gesamtfreiheitsstraf", "funf", "jahr", "sech", "monat", "verurteilt", "fern", "erweitert", "verfall", "bargeldbetrag", "angeordnet", "angeklagt", "sichergestellt", "wurd", "angeklagt", "le", "schwer", "bandendiebstahl", "elf", "fall", "davon", "zwei", "fall", "form", "versuch", "schuldig", "gesproch", "gesamtfreiheitsstraf", "vier", "jahr", "sech", "monat", "verhangt", "urteil", "wend", "angeklagt", "revision", "verletz", "sachlich", "recht", "rug", "rechtsmittel", "beschlussformel", "ersicht", "umfang", "erfolg", "gehend", "revision", "angeklagt", "unbegrundet", "sinn", "abs", "stpo", "verurteil", "angeklagt", "schwer", "bzw", "versucht", "schwer", "bandendiebstahl", "halt", "rechtlich", "uberpruf", "stand", "landgericht", "voraussetz", "vorlieg", "band", "urteilsgrund", "hinreich", "belegt", "rechtsprech", "bundesgerichtshof", "setzt", "band", "sinn", "abs", "nr", "stgb", "zusammenschluss", "mindest", "drei", "person", "voraus", "fortgesetzt", "begeh", "unbestimmt", "zahl", "diebstahl", "verbund", "bghst", "gs", "erford", "fern", "ausdruck", "konkludent", "getroff", "bandenabred", "einzeln", "mitglied", "mindest", "zwei", "person", "begeh", "straftat", "zukunft", "gewiss", "dau", "zusammenzutun", "bghst", "bandenmitglied", "anzuseh", "wer", "organisation", "band", "eingebund", "geltend", "regeln", "akzeptiert", "fortbestand", "band", "beitragt", "straftat", "tat", "teilnehm", "beteiligt", "erford", "hingeg", "dass", "bandenmitglied", "person", "miteinand", "verabred", "einand", "kenn", "bgh", "aao", "vgl", "fisch", "stgb", "aufl", "rdn", "gemess", "daran", "begegnet", "durchgreif", "rechtlich", "bedenk", "dass", "landgericht", "angeklagt", "gesondert", "verfolgt", "einerseit", "sowi", "mitangeklagt", "bl", "be", "andererseit", "mitgliederein", "band", "sinn", "abs", "nr", "stgb", "angeseh", "insoweit", "urteilsgrund", "ledig", "festgestellt", "dass", "grupp", "untereinand", "kooperiert", "grundlag", "vorgeseh", "arbeitsteil", "beschaff", "kraftfahrzeug", "austauscht", "unterstutzt", "bereich", "jedoch", "jeweil", "eigenstand", "tatig", "nah", "feststell", "art", "kooperation", "insbesond", "einzel", "gegenseit", "unterstutz", "strafkamm", "getroff", "schon", "hinblick", "darauf", "dass", "beid", "landgericht", "grupp", "bezeichnet", "teil", "zusammenschluss", "jeweil", "tatig", "eigenstand", "entfaltet", "unterschied", "fahrzeugart", "spezialisiert", "hatt", "genau", "feststell", "bedurft", "beteiligt", "organisator", "einheit", "band", "eingebund", "bandenmass", "zusammenschluss", "angeklagt", "le", "allein", "gesondert", "verfolgt", "beleg", "urteilsgrund", "ebenfall", "leg", "absprach", "angeklagt", "getroff", "feststell", "ua", "bandenmitgliedschaft", "nah", "steht", "jedoch", "widerspruch", "ausfuhr", "landgericht", "rahm", "rechtlich", "wurdig", "ua", "sach", "bedarf", "dah", "insoweit", "neu", "verhandl", "entscheid", "erganz", "bemerkt", "senat", "dass", "verurteil", "angeklagt", "schwer", "bandendiebstahl", "fall", "ii", "sowi", "verurteil", "angeklagt", "versucht", "schwer", "bandendiebstahl", "fall", "ii", "urteilsgrund", "grund", "durchgreif", "rechtlich", "bedenk", "begegnet", "fall", "ii", "getroff", "feststell", "beleg", "dass", "angeklagt", "tat", "mitwirk", "bandenmitglied", "beging", "betreff", "fahrzeug", "wurd", "angeklagt", "wiss", "mitglied", "tatergrupp", "entwendet", "danach", "anwend", "zweifelssatz", "gunst", "angeklagt", "alleintaterschaft", "auszugeh", "fall", "ii", "urteilsgrund", "aktivitat", "angeklagt", "sowi", "gesondert", "verfolgt", "abend", "marz", "stadium", "versuch", "diebstahlstat", "gedieh", "soweit", "ledig", "bi", "umherfuhr", "stehlenswert", "fahrzeug", "ausschau", "hielt", "bezug", "anschliess", "tatgescheh", "lasst", "feststell", "zweifelsfrei", "entnehm", "dass", "angeklagt", "le", "konkret", "tatbeitrag", "gleichgult", "tatort", "erbracht", "allein", "bandenmitgliedschaft", "angeklagt", "reicht", "verurteil", "tat", "vorlieg", "fall", "bghst", "ii", "anordn", "erweitert", "verfall", "angeklagt", "sichergestellt", "bargeldbetrag", "bestand", "landgericht", "anordn", "darauf", "gestutzt", "dass", "delikt", "herkunft", "verwend", "angeklagt", "sichergestellt", "bargeld", "aufdrang", "belegt", "dass", "geld", "rechtswidr", "tat", "erlangt", "word", "vielmehr", "landgericht", "off", "gelass", "geld", "verausser", "gestohl", "fahrzeug", "erlost", "bzw", "begeh", "diebstahlstat", "bezahlt", "word", "geld", "ledig", "gleichsam", "instrumenta", "sceleris", "dien", "sollt", "bandentat", "ford", "fall", "kommt", "verfallsanordn", "beim", "tat", "gewinn", "abschopf", "betracht", "zud", "landgericht", "bedacht", "dass", "verletzt", "diebstahl", "erwachs", "anspruch", "anordn", "erweitert", "verfall", "sichergestellt", "geldbetrag", "gemass", "abs", "satz", "abs", "satz", "stgb", "insoweit", "entgegensteh", "erfull", "anspruch", "angeklagt", "wert", "tat", "erlangt", "entzieh", "anordn", "deshalb", "aufzuheb", "neu", "hauptverhandl", "weist", "senat", "vorsorg", "darauf", "dass", "vorrang", "klar", "gegebenenfall", "umfang", "voraussetz", "anordn", "verfall", "verfall", "wertersatz", "gegeb", "anordn", "erweitert", "verfall", "stgb", "raum", "bgh", "urteil", "dezemb", "str", "bghr", "stgb", "anwendungsbereich", "fisch", "aao", "rdn", "scheidet", "anordn", "verfall", "vorschrift", "deshalb", "anspruch", "verletzt", "entgegensteh", "landgericht", "abs", "stpo", "pruf", "frau", "vri", "inbgh", "dr", "tepperwienist", "ruhestand", "getret", "unddeshalb", "unterschriftgehindert", "athing", "solin", "stojanovi\u0107", "athing", "ernemann", "frank"], "mitwirkung": "", "aktenzeichen": "4 StR 497/09", "language": "deutsch", "gertyp": "BGH", "leitsatz": "", "gruende": "\n      <div>\n         <dl class=\"RspDL\">\n            <dt>\n               <a name=\"rd_1\">1</a>\n            </dt>\n            <dd>\n               <p>Das Landgericht hat den Angeklagten L.\u00a0wegen schweren Bandendiebstahls in zw\u00f6lf F\u00e4llen, davon in zwei F\u00e4llen in Form des Versuchs, sowie wegen Diebstahls in f\u00fcnf F\u00e4llen zu einer Gesamtfreiheitsstrafe von f\u00fcnf Jahren und sechs Monaten verurteilt. Ferner hat es den erweiterten Verfall von Bargeldbetr\u00e4gen angeordnet, die bei diesem Angeklagten sichergestellt wurden. Den Angeklagten Le.\u00a0hat es des schweren Bandendiebstahls in elf F\u00e4llen, davon in zwei F\u00e4llen in Form des Versuchs, schuldig gesprochen und gegen ihn eine Gesamtfreiheitsstrafe von vier Jahren und sechs Monaten verh\u00e4ngt. Gegen dieses Urteil wenden sich die Angeklagten mit ihren Revisionen, mit denen sie die Verletzung sachlichen Rechts r\u00fcgen. Die Rechtsmittel haben in dem aus der Beschlussformel ersichtlichen Umfang Erfolg; die weiter gehende Revision des Angeklagten L.\u00a0ist unbegr\u00fcndet im Sinne des \u00a7 349 Abs. 2 StPO.</p>\n            </dd>\n         </dl>\n         <dl class=\"RspDL\">\n            <dt/>\n            <dd>\n               <p/>\n            </dd>\n         </dl>\n         <dl class=\"RspDL\">\n            <dt/>\n            <dd>\n               <p>I.</p>\n            </dd>\n         </dl>\n         <dl class=\"RspDL\">\n            <dt/>\n            <dd>\n               <p/>\n            </dd>\n         </dl>\n         <dl class=\"RspDL\">\n            <dt>\n               <a name=\"rd_2\">2</a>\n            </dt>\n            <dd>\n               <p>Die Verurteilung der Angeklagten wegen schweren bzw. versuchten schweren Bandendiebstahls h\u00e4lt rechtlicher \u00dcberpr\u00fcfung nicht stand. Das Landgericht hat die Voraussetzungen f\u00fcr das Vorliegen einer Bande in den Urteilsgr\u00fcnden nicht hinreichend belegt.</p>\n            </dd>\n         </dl>\n         <dl class=\"RspDL\">\n            <dt/>\n            <dd>\n               <p/>\n            </dd>\n         </dl>\n         <dl class=\"RspDL\">\n            <dt>\n               <a name=\"rd_3\">3</a>\n            </dt>\n            <dd>\n               <p>1. Nach der Rechtsprechung des Bundesgerichtshofs setzt die Bande im Sinne des \u00a7 244 Abs. 1 Nr. 2 StGB den Zusammenschluss von mindestens drei Personen voraus, die sich zur fortgesetzten Begehung einer noch unbestimmten Zahl von Diebst\u00e4hlen verbunden haben (BGHSt [GS] 46, 321, 325). Erforderlich ist ferner eine \u2013 ausdr\u00fccklich oder konkludent getroffene \u2013 Bandenabrede, bei der das einzelne Mitglied den Willen hat, sich mit mindestens zwei anderen Personen zur Begehung von Straftaten in der Zukunft f\u00fcr eine gewisse Dauer zusammenzutun (BGHSt 50, 160, 164). Als Bandenmitglied ist anzusehen, wer in die Organisation der Bande eingebunden ist, die dort geltenden Regeln akzeptiert, zum Fortbestand der Bande beitr\u00e4gt und sich an den Straftaten als T\u00e4ter oder Teilnehmer beteiligt. Nicht erforderlich ist hingegen, dass sich alle Bandenmitglieder pers\u00f6nlich miteinander verabreden oder einander kennen (BGH aaO; vgl. auch Fischer StGB 57. Aufl. \u00a7 244 Rdn. 36).</p>\n            </dd>\n         </dl>\n         <dl class=\"RspDL\">\n            <dt/>\n            <dd>\n               <p/>\n            </dd>\n         </dl>\n         <dl class=\"RspDL\">\n            <dt>\n               <a name=\"rd_4\">4</a>\n            </dt>\n            <dd>\n               <p>a) Gemessen daran begegnet es durchgreifenden rechtlichen Bedenken, dass das Landgericht die Angeklagten und den gesondert verfolgten B.\u00a0einerseits sowie die Mitangeklagten K., Bl.\u00a0und Be.\u00a0andererseits als Mitglieder<span style=\"text-decoration:underline\">einer</span> Bande im Sinne des \u00a7 244 Abs. 1 Nr. 2 StGB angesehen hat. Denn insoweit ist in den Urteilsgr\u00fcnden lediglich festgestellt, dass diese \u201eGruppen\u201c untereinander kooperierten, indem sie sich auf der Grundlage der vorgesehenen arbeitsteiligen Beschaffung von Kraftfahrzeugen \u201eaustauschten und unterst\u00fctzten\u201c, in ihren Bereichen jedoch \u201ejeweils eigenst\u00e4ndig\u201c t\u00e4tig waren. N\u00e4here Feststellungen zur Art der Kooperation, insbesondere zu Einzelheiten der gegenseitigen Unterst\u00fctzung, hat die Strafkammer nicht getroffen. Schon im Hinblick darauf, dass die beiden, vom Landgericht als \u201eGruppen\u201c bezeichneten Teile des Zusammenschlusses ihre jeweilige T\u00e4tigkeit eigenst\u00e4ndig entfalteten und auf unterschiedliche Fahrzeugarten spezialisiert waren, h\u00e4tte es aber genauerer Feststellungen dazu bedurft, ob alle Beteiligten organisatorisch in eine (einheitliche) Bande eingebunden waren. Einen bandenm\u00e4\u00dfigen Zusammenschluss der Angeklagten L.\u00a0und Le.\u00a0<span style=\"text-decoration:underline\">allein</span> mit dem gesondert verfolgten B.\u00a0belegen die Urteilsgr\u00fcnde ebenfalls nicht. Zwar legen die zu den Absprachen unter den Angeklagten getroffenen Feststellungen (UA 9) eine Bandenmitgliedschaft des B.\u00a0nahe. Dies steht jedoch im Widerspruch zu den Ausf\u00fchrungen des Landgerichts im Rahmen der rechtlichen W\u00fcrdigung (UA 30). Die Sache bedarf daher insoweit neuer Verhandlung und Entscheidung.</p>\n            </dd>\n         </dl>\n         <dl class=\"RspDL\">\n            <dt/>\n            <dd>\n               <p/>\n            </dd>\n         </dl>\n         <dl class=\"RspDL\">\n            <dt>\n               <a name=\"rd_5\">5</a>\n            </dt>\n            <dd>\n               <p>2. Erg\u00e4nzend bemerkt der Senat, dass die Verurteilung des Angeklagten L.\u00a0wegen schweren Bandendiebstahls im Fall II. 3 sowie die Verurteilung der Angeklagten wegen versuchten schweren Bandendiebstahls im Fall II. 17 der Urteilsgr\u00fcnde auch aus anderen Gr\u00fcnden durchgreifenden rechtlichen Bedenken begegnet. Die im Fall II. 3 getroffenen Feststellungen belegen nicht, dass der Angeklagte L.\u00a0die Tat unter Mitwirkung eines anderen Bandenmitglieds beging. Das betreffende Fahrzeug wurde \u201evon dem Angeklagten L.\u00a0selbst oder mit dessen Wissen und Wollen von einem anderen Mitglied seiner T\u00e4tergruppe entwendet\u201c. Danach ist in Anwendung des Zweifelssatzes zu Gunsten des Angeklagten L.\u00a0von dessen Alleint\u00e4terschaft auszugehen. In Fall II. 17 der Urteilsgr\u00fcnde waren die Aktivit\u00e4ten der Angeklagten sowie des gesondert verfolgten B.\u00a0am Abend des 9. M\u00e4rz 2008 noch nicht bis zum Stadium des Versuchs einer Diebstahlstat gediehen, soweit sie lediglich in Bi.\u00a0umherfuhren und nach stehlenswerten Fahrzeugen Ausschau hielten. Bez\u00fcglich des anschlie\u00dfenden Tatgeschehens in P.\u00a0l\u00e4sst sich den Feststellungen nicht zweifelsfrei entnehmen, dass der Angeklagte Le.\u00a0einen konkreten Tatbeitrag \u2013 gleichg\u00fcltig, ob am Tatort oder nicht \u2013 erbracht hat. Allein die Bandenmitgliedschaft des Angeklagten reicht f\u00fcr eine Verurteilung wegen dieser Tat im vorliegenden Fall nicht (BGHSt 46, 321, 333 f.).</p>\n            </dd>\n         </dl>\n         <dl class=\"RspDL\">\n            <dt/>\n            <dd>\n               <p/>\n            </dd>\n         </dl>\n         <dl class=\"RspDL\">\n            <dt/>\n            <dd>\n               <p>II.</p>\n            </dd>\n         </dl>\n         <dl class=\"RspDL\">\n            <dt/>\n            <dd>\n               <p/>\n            </dd>\n         </dl>\n         <dl class=\"RspDL\">\n            <dt>\n               <a name=\"rd_6\">6</a>\n            </dt>\n            <dd>\n               <p>Die Anordnung des erweiterten Verfalls der bei dem Angeklagten L.\u00a0sichergestellten Bargeldbetr\u00e4ge hat keinen Bestand.</p>\n            </dd>\n         </dl>\n         <dl class=\"RspDL\">\n            <dt/>\n            <dd>\n               <p/>\n            </dd>\n         </dl>\n         <dl class=\"RspDL\">\n            <dt/>\n            <dd>\n               <p>a) Das Landgericht hat die Anordnung darauf gest\u00fctzt, dass \u201csich eine deliktische Herkunft oder Verwendung des bei dem Angeklagten L.\u00a0\u00a0sichergestellten Bargeldes\u201c aufdr\u00e4nge. Damit ist nicht belegt, dass die Gelder f\u00fcr rechtswidrige Taten oder aus ihnen erlangt worden sind. Vielmehr hat das Landgericht offen gelassen, ob die Gelder durch Ver\u00e4u\u00dferung gestohlener Fahrzeuge erl\u00f6st bzw. f\u00fcr die Begehung von Diebstahlstaten bezahlt worden sind oder ob die Gelder lediglich - gleichsam als instrumenta sceleris - dazu dienen sollten, die Bandent\u00e4tigkeit zu f\u00f6rdern. In diesem Falle kommt aber eine Verfallsanordnung, die beim T\u00e4ter \u201cGewinne\u201c absch\u00f6pfen soll, nicht in Betracht.</p>\n            </dd>\n         </dl>\n         <dl class=\"RspDL\">\n            <dt/>\n            <dd>\n               <p/>\n            </dd>\n         </dl>\n         <dl class=\"RspDL\">\n            <dt>\n               <a name=\"rd_7\">7</a>\n            </dt>\n            <dd>\n               <p>b) Zudem hat das Landgericht nicht bedacht, dass die den Verletzten aus den Diebst\u00e4hlen erwachsenen Anspr\u00fcche der Anordnung des erweiterten Verfalls der sichergestellten Geldbetr\u00e4ge gem\u00e4\u00df \u00a7\u00a7 73d Abs. 1 Satz 3, 73 Abs. 1 Satz 2 StGB insoweit entgegenstehen, als die Erf\u00fcllung der Anspr\u00fcche dem Angeklagten den Wert des aus den Taten Erlangten entziehen w\u00fcrde. Die Anordnung ist deshalb aufzuheben.</p>\n            </dd>\n         </dl>\n         <dl class=\"RspDL\">\n            <dt/>\n            <dd>\n               <p/>\n            </dd>\n         </dl>\n         <dl class=\"RspDL\">\n            <dt>\n               <a name=\"rd_8\">8</a>\n            </dt>\n            <dd>\n               <p>c) F\u00fcr die neue Hauptverhandlung weist der Senat vorsorglich darauf hin, dass vorrangig zu kl\u00e4ren ist, ob und gegebenenfalls in welchem Umfang die Voraussetzungen f\u00fcr die Anordnung des Verfalls oder des Verfalls von Wertersatz gegeben sind, weil dann f\u00fcr die Anordnung eines erweiterten Verfalls nach \u00a7 73d StGB kein Raum ist (BGH, Urteil vom 11. Dezember 2008 \u2013 4 StR 386/08, BGHR StGB \u00a7 73a Anwendungsbereich 2; Fischer aaO \u00a7 73d Rdn. 9). Scheidet die Anordnung des Verfalls nach diesen Vorschriften nur deshalb aus, weil Anspr\u00fcche von Verletzten entgegenstehen, wird das Landgericht \u00a7 111i Abs. 2 StPO zu pr\u00fcfen haben.</p>\n            </dd>\n         </dl>\n         <dl class=\"RspDL\">\n            <dt/>\n            <dd>\n               <p/>\n            </dd>\n         </dl>\n         <dl class=\"RspDL\">\n            <dt/>\n            <dd>\n               <table border=\"0\" cellpadding=\"0\" cellspacing=\"0\" class=\"Rsp\">\n                  <tr>\n                     <td colspan=\"1\" rowspan=\"1\" valign=\"top\">\n                        <p>Frau VRi'inBGH Dr. Tepperwien<br/>ist in den Ruhestand getreten und<br/>deshalb an der Unterschrift<br/>gehindert.</p>\n                     </td>\n                     <td colspan=\"1\" rowspan=\"1\" valign=\"top\">\n                        <p/>\n                     </td>\n                     <td colspan=\"1\" rowspan=\"1\" valign=\"top\">\n                        <p>Athing\u00a0\u00a0\u00a0\u00a0\u00a0</p>\n                     </td>\n                     <td colspan=\"1\" rowspan=\"1\" valign=\"top\">\n                        <p/>\n                     </td>\n                     <td colspan=\"1\" rowspan=\"1\" valign=\"top\">\n                        <p>Solin-Stojanovi\u0107</p>\n                     </td>\n                  </tr>\n                  <tr>\n                     <td colspan=\"1\" rowspan=\"1\" valign=\"top\">\n                        <p style=\"text-align:center\">Athing</p>\n                     </td>\n                     <td colspan=\"1\" rowspan=\"1\" valign=\"top\">\n                        <p/>\n                     </td>\n                     <td colspan=\"1\" rowspan=\"1\" valign=\"top\">\n                        <p/>\n                     </td>\n                     <td colspan=\"1\" rowspan=\"1\" valign=\"top\">\n                        <p/>\n                     </td>\n                     <td colspan=\"1\" rowspan=\"1\" valign=\"top\">\n                        <p/>\n                     </td>\n                  </tr>\n                  <tr>\n                     <td colspan=\"1\" rowspan=\"1\" valign=\"top\">\n                        <p/>\n                     </td>\n                     <td colspan=\"1\" rowspan=\"1\" valign=\"top\">\n                        <p>\u00a0\u00a0\u00a0\u00a0\u00a0Ernemann\u00a0\u00a0\u00a0\u00a0\u00a0</p>\n                     </td>\n                     <td colspan=\"1\" rowspan=\"1\" valign=\"top\">\n                        <p/>\n                     </td>\n                     <td colspan=\"1\" rowspan=\"1\" valign=\"top\">\n                        <p>Franke\u00a0\u00a0\u00a0\u00a0</p>\n                     </td>\n                     <td colspan=\"1\" rowspan=\"1\" valign=\"top\">\n                        <p/>\n                     </td>\n                  </tr>\n               </table>\n            </dd>\n         </dl>\n         <dl class=\"RspDL\">\n            <dt/>\n            <dd>\n               <p/>\n            </dd>\n         </dl>\n      </div>\n   ", "accessRights": "public", "gerort": "", "entschDatum": "20100316", "coverage": "Deutschland", "titel": "\n      <dl class=\"RspDL\">\n         <dt/>\n         <dd>\n            <p>Bandendiebstahl: Begriff der Bande</p>\n         </dd>\n      </dl>\n   ", "ecli": "", "identifier": "http://www.rechtsprechung-im-internet.de/jportal/?quelle=jlink&docid=JURE100065125&psml=bsjrsprod.psml&max=true", "spruchkoerper": "4. Strafsenat", "vorinstanz": "vorgehend LG Bielefeld, 19. Februar 2009, Az: 2 KLs 46 Js 54/08 - 35/08, Urteil\n   ", "doknr": "JURE100065125", "abweichendeMeinung": "", "tenor": "\n      <div>\n         <dl class=\"RspDL\">\n            <dt/>\n            <dd>\n               <p>1. Auf die Revisionen der Angeklagten wird das Urteil des Landgerichts Bielefeld vom 19. Februar 2009 mit den Feststellungen aufgehoben,</p>\n            </dd>\n         </dl>\n         <dl class=\"RspDL\">\n            <dt/>\n            <dd>\n               <p/>\n            </dd>\n         </dl>\n         <dl class=\"RspDL\">\n            <dt/>\n            <dd>\n               <p style=\"margin-left:18pt\">a) soweit die Angeklagten wegen schweren Bandendiebstahls und wegen versuchten schweren Bandendiebstahls verurteilt worden sind,</p>\n            </dd>\n         </dl>\n         <dl class=\"RspDL\">\n            <dt/>\n            <dd>\n               <p style=\"margin-left:18pt\"/>\n            </dd>\n         </dl>\n         <dl class=\"RspDL\">\n            <dt/>\n            <dd>\n               <p style=\"margin-left:18pt\">b) bez\u00fcglich des Angeklagten L.\u00a0in den Ausspr\u00fcchen \u00fcber die Gesamtstrafe und die Anordnung des erweiterten Verfalls.</p>\n            </dd>\n         </dl>\n         <dl class=\"RspDL\">\n            <dt/>\n            <dd>\n               <p/>\n            </dd>\n         </dl>\n         <dl class=\"RspDL\">\n            <dt/>\n            <dd>\n               <p>2. Im Umfang der Aufhebung wird die Sache zu neuer Verhandlung und Entscheidung, auch \u00fcber die Kosten der Rechtsmittel, an eine andere Strafkammer des Landgerichts zur\u00fcckverwiesen.</p>\n            </dd>\n         </dl>\n         <dl class=\"RspDL\">\n            <dt/>\n            <dd>\n               <p/>\n            </dd>\n         </dl>\n         <dl class=\"RspDL\">\n            <dt/>\n            <dd>\n               <p>3. Die weiter gehende Revision des Angeklagten L.\u00a0wird verworfen.</p>\n            </dd>\n         </dl>\n      </div>\n   ", "regionAbk": "DEU"}