{"publisher": "BMJV", "tatbestand": "", "absaetze": [{"num": "1", "textProcessed": ["landgericht", "angeklagt", "falschung", "zahlungskart", "kreditfunktion", "gemeint", "falschung", "zahlungskart", "garantiefunktion", "stgb", "freiheitsstraf", "drei", "jahr", "neun", "monat", "revidier", "mitangeklagt", "tat", "freiheitsstraf", "zwei", "jahr", "sech", "monat", "verurteilt", "verurteil", "halt", "rechtlich", "uberpruf", "stand"], "text": "Das Landgericht hat den Angeklagten J.\u00a0wegen \"F\u00e4lschung von Zahlungskarten mit Kreditfunktion\" (gemeint: F\u00e4lschung von Zahlungskarten mit Garantiefunktion, \u00a7 152b StGB) zu einer Freiheitsstrafe von drei Jahren und neun Monaten, den nicht revidierenden Mitangeklagten L.\u00a0wegen derselben Tat zu einer Freiheitsstrafe von zwei Jahren und sechs Monaten verurteilt. Die Verurteilung h\u00e4lt rechtlicher \u00dcberpr\u00fcfung nicht stand."}, {"num": "2", "textProcessed": ["feststell", "landgericht", "beid", "angeklagt", "malaysia", "ansass", "hierarch", "organisiert", "organisation", "tatig", "international", "gefalscht", "kreditkart", "einsetzt", "hochpreis", "kauf", "novemb", "trat", "beid", "angeklagt", "frankfurt", "main", "stuttgart", "setzt", "insgesamt", "festgestellt", "fall", "insgesamt", "acht", "verschied", "gefalscht", "kreditkart", "kauf", "bezahl", "bahnticket", "begleich", "rechnung", "restaurant", "hotel", "angeklagt", "hierarchi", "grupp", "hoh", "angesiedelt", "handigt", "hierbei", "kart", "gab", "jeweil", "zweck", "eingesetzt", "sollt", "einzeln", "schad", "lag", "soweit", "landgericht", "festgestellt", "wurd", "angeklagt", "handelt", "gewerbsmass"], "text": "1. Nach den Feststellungen des Landgerichts waren die beiden Angeklagten f\u00fcr eine in Malaysia ans\u00e4ssige, hierarchisch organisierte Organisation t\u00e4tig, die international gef\u00e4lschte Kreditkarten einsetzte, um hochpreisige Waren zu kaufen. Am 4. und 5. November 2009 traten die beiden Angeklagten in Frankfurt am Main und Stuttgart auf und setzten in insgesamt 13 festgestellten F\u00e4llen insgesamt acht verschiedene gef\u00e4lschte Kreditkarten zum Kauf von Waren, Bezahlung von Bahntickets und Begleichung von Rechnungen in Restaurants und Hotels ein. Der Angeklagte J., der in der Hierarchie der Gruppe h\u00f6her angesiedelt war, h\u00e4ndigte hierbei L. die Karten aus und gab jeweils vor, wo sie f\u00fcr welchen Zweck eingesetzt werden sollten. Die einzelnen Sch\u00e4den lagen, soweit sie vom Landgericht festgestellt wurden, zwischen 11 \u20ac und 4.790 \u20ac. Die Angeklagten handelten gewerbsm\u00e4\u00dfig."}, {"num": "3", "textProcessed": ["landgericht", "weiterhin", "festgestellt", "dass", "besitz", "zahlreich", "gefalscht", "kreditkart", "gesamtvorsatz", "umfasst", "kart", "oft", "moglich", "einzusetz", "ua", "dah", "lieg", "einzig", "tat", "soweit", "bandenmass", "begeh", "fall", "gewerb", "bandenmass", "betrug", "gewerb", "bandenmass", "computerbetrug", "angeklagt", "sei", "verfahr", "gemass", "abs", "abs", "stgb", "dargestellt", "tat", "beschrankt", "word", "ua"], "text": "Das Landgericht hat weiterhin festgestellt, dass \"der Besitz der zahlreichen gef\u00e4lschten Kreditkarten einen Gesamtvorsatz umfasste, die Karten so oft wie m\u00f6glich einzusetzen\" (UA S. 12); daher liege nur eine einzige Tat vor. Soweit auch bandenm\u00e4\u00dfige Begehung in 10 F\u00e4llen, gewerbs- und bandenm\u00e4\u00dfiger Betrug und gewerbs- und bandenm\u00e4\u00dfiger Computerbetrug angeklagt war, sei das Verfahren gem\u00e4\u00df \u00a7 154 Abs. 2, \u00a7 154a Abs. 2 StGB \"auf die dargestellte Tat\" beschr\u00e4nkt worden (UA S. 13)."}, {"num": "4", "textProcessed": ["rechtlich", "wurdig", "offensicht", "fehlerhaft", "annahm", "gesamtvorsatz", "moglich", "haufig", "begeh", "selbstand", "tat", "aufgab", "rechtsfigur", "fortgesetzt", "handlung", "jahr", "bghst", "raum", "mehr", "besitz", "gefalscht", "zahlungskart", "strafbar", "bildet", "entgeg", "ansicht", "landgericht", "anknupfungspunkt", "gesamtvorsatz", "gesichtspunkt", "natur", "handlungsein", "lag", "einheit", "tat", "vielmehr", "handelt", "einzeln", "festgestellt", "tat", "offensicht", "jeweil", "selbstand", "jeweil", "neu", "tatentschluss", "vorgab", "beruh", "tat"], "text": "2. Diese rechtliche W\u00fcrdigung war offensichtlich fehlerhaft. F\u00fcr die Annahme eines \"Gesamtvorsatzes\" auf \"m\u00f6glichst h\u00e4ufige\" Begehung selbst\u00e4ndiger Taten ist nach Aufgabe der Rechtsfigur der fortgesetzten Handlung im Jahr 1994 (BGHSt 40, 138) kein Raum mehr. Da der Besitz von gef\u00e4lschten Zahlungskarten als solcher nicht strafbar ist, bildet er entgegen der Ansicht des Landgerichts auch keinen Ankn\u00fcpfungspunkt f\u00fcr einen solchen \"Gesamtvorsatz\". Auch unter dem Gesichtspunkt der nat\u00fcrlichen Handlungseinheit lag hier keine einheitliche Tat vor; vielmehr handelte es sich bei den 13 im einzelnen festgestellten Taten offensichtlich um jeweils selbst\u00e4ndige, auf jeweils neuen Tatentschl\u00fcssen und Vorgaben beruhende Taten."}, {"num": "5", "textProcessed": ["lasst", "vornherein", "ausschliess", "dass", "verurteil", "einzel", "freiheitsstraf", "drei", "jahr", "neun", "monat", "rechtsfehlerhaft", "bewert", "beruht", "bisher", "feststell", "einzelfall", "ergeb", "dass", "voraussetz", "mind", "schwer", "fall", "zumind", "fall", "fern", "lag", "senat", "ausschliess", "dass", "tatricht", "zutreff", "rechtlich", "wurdig", "angeklagt", "insgesamt", "gunstig", "entscheid", "gelangt", "gilt", "insbesond", "hinblick", "moglich", "hoh", "einzelstraf", "anknupf", "folg"], "text": "Es l\u00e4sst sich nicht von vornherein ausschlie\u00dfen, dass die Verurteilung zu der (Einzel-)Freiheitsstrafe von drei Jahren und neun Monaten auf der rechtsfehlerhaften Bewertung beruht. Die bisherigen Feststellungen zu den Einzelf\u00e4llen ergeben, dass die Voraussetzungen minder schwerer F\u00e4lle zumindest in einigen F\u00e4llen nicht fern lagen. Der Senat kann nicht ausschlie\u00dfen, dass der Tatrichter bei zutreffender rechtlicher W\u00fcrdigung zu einer dem Angeklagten insgesamt g\u00fcnstigeren Entscheidung gelangt w\u00e4re; dies gilt insbesondere auch im Hinblick auf m\u00f6gliche an die H\u00f6he der Einzelstrafe ankn\u00fcpfende Folgen."}, {"num": "6", "textProcessed": ["rechtsfehl", "betrifft", "gleichermass", "revidier", "mitangeklagt", "wurd", "anwend", "stgb", "freiheitsstraf", "zwei", "jahr", "sech", "monat", "verhangt", "senat", "ausschliess", "dass", "entscheid", "rechtsfehl", "beruht", "erstreck", "aufheb", "gemass", "stpo", "angeklagt", "schied", "dah"], "text": "3. Der Rechtsfehler betrifft zwar gleicherma\u00dfen den nicht revidierenden Mitangeklagten L. Gegen ihn wurde aber - in Anwendung von \u00a7 46b StGB - nur eine Freiheitsstrafe von zwei Jahren und sechs Monaten verh\u00e4ngt. Der Senat kann hier sicher ausschlie\u00dfen, dass diese Entscheidung auf dem Rechtsfehler beruht. Eine Erstreckung der Aufhebung gem\u00e4\u00df \u00a7 357 StPO auf den Angeklagten L.\u00a0schied daher aus."}, {"num": "7", "textProcessed": ["feststell", "auss", "tatumstand", "rechtsfehlerfrei", "aufrechterhalt", "bleib", "erganz", "feststell", "zulass"], "text": "4. Die Feststellungen zu den \u00e4u\u00dferen Tatumst\u00e4nden sind rechtsfehlerfrei und k\u00f6nnen aufrechterhalten bleiben. Erg\u00e4nzende Feststellungen sind zul\u00e4ssig."}], "norm": ["\u00a7 52 StGB", "\u00a7 53 StGB", "\u00a7 152b StGB"], "doktyp": "Beschluss", "regionLong": "Bundesrepublik Deutschland", "sonstlt": "", "gruendeProcessed": ["landgericht", "angeklagt", "falschung", "zahlungskart", "kreditfunktion", "gemeint", "falschung", "zahlungskart", "garantiefunktion", "stgb", "freiheitsstraf", "drei", "jahr", "neun", "monat", "revidier", "mitangeklagt", "tat", "freiheitsstraf", "zwei", "jahr", "sech", "monat", "verurteilt", "verurteil", "halt", "rechtlich", "uberpruf", "stand", "feststell", "landgericht", "beid", "angeklagt", "malaysia", "ansass", "hierarch", "organisiert", "organisation", "tatig", "international", "gefalscht", "kreditkart", "einsetzt", "hochpreis", "kauf", "novemb", "trat", "beid", "angeklagt", "frankfurt", "main", "stuttgart", "setzt", "insgesamt", "festgestellt", "fall", "insgesamt", "acht", "verschied", "gefalscht", "kreditkart", "kauf", "bezahl", "bahnticket", "begleich", "rechnung", "restaurant", "hotel", "angeklagt", "hierarchi", "grupp", "hoh", "angesiedelt", "handigt", "hierbei", "kart", "gab", "jeweil", "zweck", "eingesetzt", "sollt", "einzeln", "schad", "lag", "soweit", "landgericht", "festgestellt", "wurd", "angeklagt", "handelt", "gewerbsmass", "landgericht", "weiterhin", "festgestellt", "dass", "besitz", "zahlreich", "gefalscht", "kreditkart", "gesamtvorsatz", "umfasst", "kart", "oft", "moglich", "einzusetz", "ua", "dah", "lieg", "einzig", "tat", "soweit", "bandenmass", "begeh", "fall", "gewerb", "bandenmass", "betrug", "gewerb", "bandenmass", "computerbetrug", "angeklagt", "sei", "verfahr", "gemass", "abs", "abs", "stgb", "dargestellt", "tat", "beschrankt", "word", "ua", "rechtlich", "wurdig", "offensicht", "fehlerhaft", "annahm", "gesamtvorsatz", "moglich", "haufig", "begeh", "selbstand", "tat", "aufgab", "rechtsfigur", "fortgesetzt", "handlung", "jahr", "bghst", "raum", "mehr", "besitz", "gefalscht", "zahlungskart", "strafbar", "bildet", "entgeg", "ansicht", "landgericht", "anknupfungspunkt", "gesamtvorsatz", "gesichtspunkt", "natur", "handlungsein", "lag", "einheit", "tat", "vielmehr", "handelt", "einzeln", "festgestellt", "tat", "offensicht", "jeweil", "selbstand", "jeweil", "neu", "tatentschluss", "vorgab", "beruh", "tat", "lasst", "vornherein", "ausschliess", "dass", "verurteil", "einzel", "freiheitsstraf", "drei", "jahr", "neun", "monat", "rechtsfehlerhaft", "bewert", "beruht", "bisher", "feststell", "einzelfall", "ergeb", "dass", "voraussetz", "mind", "schwer", "fall", "zumind", "fall", "fern", "lag", "senat", "ausschliess", "dass", "tatricht", "zutreff", "rechtlich", "wurdig", "angeklagt", "insgesamt", "gunstig", "entscheid", "gelangt", "gilt", "insbesond", "hinblick", "moglich", "hoh", "einzelstraf", "anknupf", "folg", "rechtsfehl", "betrifft", "gleichermass", "revidier", "mitangeklagt", "wurd", "anwend", "stgb", "freiheitsstraf", "zwei", "jahr", "sech", "monat", "verhangt", "senat", "ausschliess", "dass", "entscheid", "rechtsfehl", "beruht", "erstreck", "aufheb", "gemass", "stpo", "angeklagt", "schied", "dah", "feststell", "auss", "tatumstand", "rechtsfehlerfrei", "aufrechterhalt", "bleib", "erganz", "feststell", "zulass", "fisch", "appl", "schmitt", "krehl", "eschelbach"], "mitwirkung": "", "aktenzeichen": "2 StR 418/10", "language": "deutsch", "gertyp": "BGH", "leitsatz": "", "gruende": "\n      <div>\n         <dl class=\"RspDL\">\n            <dt>\n               <a name=\"rd_1\">1</a>\n            </dt>\n            <dd>\n               <p>Das Landgericht hat den Angeklagten J.\u00a0wegen \"F\u00e4lschung von Zahlungskarten mit Kreditfunktion\" (gemeint: F\u00e4lschung von Zahlungskarten mit Garantiefunktion, \u00a7 152b StGB) zu einer Freiheitsstrafe von drei Jahren und neun Monaten, den nicht revidierenden Mitangeklagten L.\u00a0wegen derselben Tat zu einer Freiheitsstrafe von zwei Jahren und sechs Monaten verurteilt. Die Verurteilung h\u00e4lt rechtlicher \u00dcberpr\u00fcfung nicht stand.</p>\n            </dd>\n         </dl>\n         <dl class=\"RspDL\">\n            <dt/>\n            <dd>\n               <p/>\n            </dd>\n         </dl>\n         <dl class=\"RspDL\">\n            <dt>\n               <a name=\"rd_2\">2</a>\n            </dt>\n            <dd>\n               <p>1. Nach den Feststellungen des Landgerichts waren die beiden Angeklagten f\u00fcr eine in Malaysia ans\u00e4ssige, hierarchisch organisierte Organisation t\u00e4tig, die international gef\u00e4lschte Kreditkarten einsetzte, um hochpreisige Waren zu kaufen. Am 4. und 5. November 2009 traten die beiden Angeklagten in Frankfurt am Main und Stuttgart auf und setzten in insgesamt 13 festgestellten F\u00e4llen insgesamt acht verschiedene gef\u00e4lschte Kreditkarten zum Kauf von Waren, Bezahlung von Bahntickets und Begleichung von Rechnungen in Restaurants und Hotels ein. Der Angeklagte J., der in der Hierarchie der Gruppe h\u00f6her angesiedelt war, h\u00e4ndigte hierbei L. die Karten aus und gab jeweils vor, wo sie f\u00fcr welchen Zweck eingesetzt werden sollten. Die einzelnen Sch\u00e4den lagen, soweit sie vom Landgericht festgestellt wurden, zwischen 11 \u20ac und 4.790 \u20ac. Die Angeklagten handelten gewerbsm\u00e4\u00dfig.</p>\n            </dd>\n         </dl>\n         <dl class=\"RspDL\">\n            <dt/>\n            <dd>\n               <p/>\n            </dd>\n         </dl>\n         <dl class=\"RspDL\">\n            <dt>\n               <a name=\"rd_3\">3</a>\n            </dt>\n            <dd>\n               <p>Das Landgericht hat weiterhin festgestellt, dass \"der Besitz der zahlreichen gef\u00e4lschten Kreditkarten einen Gesamtvorsatz umfasste, die Karten so oft wie m\u00f6glich einzusetzen\" (UA S. 12); daher liege nur eine einzige Tat vor. Soweit auch bandenm\u00e4\u00dfige Begehung in 10 F\u00e4llen, gewerbs- und bandenm\u00e4\u00dfiger Betrug und gewerbs- und bandenm\u00e4\u00dfiger Computerbetrug angeklagt war, sei das Verfahren gem\u00e4\u00df \u00a7 154 Abs. 2, \u00a7 154a Abs. 2 StGB \"auf die dargestellte Tat\" beschr\u00e4nkt worden (UA S. 13).</p>\n            </dd>\n         </dl>\n         <dl class=\"RspDL\">\n            <dt/>\n            <dd>\n               <p/>\n            </dd>\n         </dl>\n         <dl class=\"RspDL\">\n            <dt>\n               <a name=\"rd_4\">4</a>\n            </dt>\n            <dd>\n               <p>2. Diese rechtliche W\u00fcrdigung war offensichtlich fehlerhaft. F\u00fcr die Annahme eines \"Gesamtvorsatzes\" auf \"m\u00f6glichst h\u00e4ufige\" Begehung selbst\u00e4ndiger Taten ist nach Aufgabe der Rechtsfigur der fortgesetzten Handlung im Jahr 1994 (BGHSt 40, 138) kein Raum mehr. Da der Besitz von gef\u00e4lschten Zahlungskarten als solcher nicht strafbar ist, bildet er entgegen der Ansicht des Landgerichts auch keinen Ankn\u00fcpfungspunkt f\u00fcr einen solchen \"Gesamtvorsatz\". Auch unter dem Gesichtspunkt der nat\u00fcrlichen Handlungseinheit lag hier keine einheitliche Tat vor; vielmehr handelte es sich bei den 13 im einzelnen festgestellten Taten offensichtlich um jeweils selbst\u00e4ndige, auf jeweils neuen Tatentschl\u00fcssen und Vorgaben beruhende Taten.</p>\n            </dd>\n         </dl>\n         <dl class=\"RspDL\">\n            <dt/>\n            <dd>\n               <p/>\n            </dd>\n         </dl>\n         <dl class=\"RspDL\">\n            <dt>\n               <a name=\"rd_5\">5</a>\n            </dt>\n            <dd>\n               <p>Es l\u00e4sst sich nicht von vornherein ausschlie\u00dfen, dass die Verurteilung zu der (Einzel-)Freiheitsstrafe von drei Jahren und neun Monaten auf der rechtsfehlerhaften Bewertung beruht. Die bisherigen Feststellungen zu den Einzelf\u00e4llen ergeben, dass die Voraussetzungen minder schwerer F\u00e4lle zumindest in einigen F\u00e4llen nicht fern lagen. Der Senat kann nicht ausschlie\u00dfen, dass der Tatrichter bei zutreffender rechtlicher W\u00fcrdigung zu einer dem Angeklagten insgesamt g\u00fcnstigeren Entscheidung gelangt w\u00e4re; dies gilt insbesondere auch im Hinblick auf m\u00f6gliche an die H\u00f6he der Einzelstrafe ankn\u00fcpfende Folgen.</p>\n            </dd>\n         </dl>\n         <dl class=\"RspDL\">\n            <dt/>\n            <dd>\n               <p/>\n            </dd>\n         </dl>\n         <dl class=\"RspDL\">\n            <dt>\n               <a name=\"rd_6\">6</a>\n            </dt>\n            <dd>\n               <p>3. Der Rechtsfehler betrifft zwar gleicherma\u00dfen den nicht revidierenden Mitangeklagten L. Gegen ihn wurde aber - in Anwendung von \u00a7 46b StGB - nur eine Freiheitsstrafe von zwei Jahren und sechs Monaten verh\u00e4ngt. Der Senat kann hier sicher ausschlie\u00dfen, dass diese Entscheidung auf dem Rechtsfehler beruht. Eine Erstreckung der Aufhebung gem\u00e4\u00df \u00a7 357 StPO auf den Angeklagten L.\u00a0schied daher aus.</p>\n            </dd>\n         </dl>\n         <dl class=\"RspDL\">\n            <dt/>\n            <dd>\n               <p/>\n            </dd>\n         </dl>\n         <dl class=\"RspDL\">\n            <dt>\n               <a name=\"rd_7\">7</a>\n            </dt>\n            <dd>\n               <p>4. Die Feststellungen zu den \u00e4u\u00dferen Tatumst\u00e4nden sind rechtsfehlerfrei und k\u00f6nnen aufrechterhalten bleiben. Erg\u00e4nzende Feststellungen sind zul\u00e4ssig.</p>\n            </dd>\n         </dl>\n         <dl class=\"RspDL\">\n            <dt/>\n            <dd>\n               <p/>\n            </dd>\n         </dl>\n         <dl class=\"RspDL\">\n            <dt/>\n            <dd>\n               <p>Fischer\u00a0\u00a0\u00a0\u00a0\u00a0\u00a0\u00a0\u00a0\u00a0\u00a0\u00a0\u00a0\u00a0\u00a0\u00a0\u00a0\u00a0\u00a0\u00a0\u00a0\u00a0\u00a0\u00a0\u00a0\u00a0\u00a0\u00a0\u00a0\u00a0\u00a0\u00a0\u00a0Appl\u00a0\u00a0\u00a0\u00a0\u00a0\u00a0\u00a0\u00a0\u00a0\u00a0\u00a0\u00a0\u00a0\u00a0\u00a0\u00a0\u00a0\u00a0\u00a0\u00a0\u00a0\u00a0\u00a0\u00a0\u00a0\u00a0\u00a0\u00a0\u00a0\u00a0\u00a0\u00a0\u00a0\u00a0\u00a0\u00a0Schmitt</p>\n            </dd>\n         </dl>\n         <dl class=\"RspDL\">\n            <dt/>\n            <dd>\n               <p>\u00a0\u00a0\u00a0\u00a0\u00a0\u00a0\u00a0\u00a0\u00a0\u00a0\u00a0\u00a0\u00a0\u00a0\u00a0\u00a0\u00a0\u00a0\u00a0\u00a0\u00a0Krehl\u00a0\u00a0\u00a0\u00a0\u00a0\u00a0\u00a0\u00a0\u00a0\u00a0\u00a0\u00a0\u00a0\u00a0\u00a0\u00a0\u00a0\u00a0\u00a0\u00a0\u00a0\u00a0\u00a0\u00a0\u00a0\u00a0\u00a0\u00a0\u00a0\u00a0\u00a0Eschelbach</p>\n            </dd>\n         </dl>\n         <dl class=\"RspDL\">\n            <dt/>\n            <dd>\n               <p/>\n            </dd>\n         </dl>\n      </div>\n   ", "accessRights": "public", "gerort": "", "entschDatum": "20100901", "coverage": "Deutschland", "titel": "\n      <dl class=\"RspDL\">\n         <dt/>\n         <dd>\n            <p>F\u00e4lschung von Zahlungskarten mit Garantiefunktion: Annahme einer einheitlichen Tat mit Gesamtvorsatz bei vielfachem Einsatz gef\u00e4lschter Kreditkarten</p>\n         </dd>\n      </dl>\n   ", "ecli": "", "identifier": "http://www.rechtsprechung-im-internet.de/jportal/?quelle=jlink&docid=JURE100070651&psml=bsjrsprod.psml&max=true", "spruchkoerper": "2. Strafsenat", "vorinstanz": "vorgehend LG Frankfurt, 19. M\u00e4rz 2010, Az: 5/6 KLs 5/10 - 5330 Js 255020/09, Urteil\n   ", "doknr": "JURE100070651", "abweichendeMeinung": "", "tenor": "\n      <div>\n         <dl class=\"RspDL\">\n            <dt/>\n            <dd>\n               <p>1. Auf die Revision des Angeklagten wird das Urteil des Landgerichts Frankfurt am Main vom 19. M\u00e4rz 2010, soweit es ihn betrifft, mit den Feststellungen aufgehoben; jedoch bleiben die Feststellungen zu den \u00e4u\u00dferen Tatsachen aufrechterhalten.</p>\n            </dd>\n         </dl>\n         <dl class=\"RspDL\">\n            <dt/>\n            <dd>\n               <p/>\n            </dd>\n         </dl>\n         <dl class=\"RspDL\">\n            <dt/>\n            <dd>\n               <p>2. Im Umfang der Aufhebung wird die Sache zu neuer Verhandlung und Entscheidung, auch \u00fcber die Kosten des Rechtsmittels, an eine andere Strafkammer des Landgerichts zur\u00fcckverwiesen.</p>\n            </dd>\n         </dl>\n         <dl class=\"RspDL\">\n            <dt/>\n            <dd>\n               <p/>\n            </dd>\n         </dl>\n         <dl class=\"RspDL\">\n            <dt/>\n            <dd>\n               <p>3. Die weitergehende Revision wird verworfen.</p>\n            </dd>\n         </dl>\n      </div>\n   ", "regionAbk": "DEU"}