{"publisher": "BMJV", "tatbestand": "", "absaetze": [], "norm": ["\u00a7 52 StGB", "\u00a7 53 StGB", "\u00a7 250 StGB", "\u00a7 255 StGB"], "doktyp": "Beschluss", "regionLong": "Bundesrepublik Deutschland", "sonstlt": "", "gruendeProcessed": [], "mitwirkung": "", "aktenzeichen": "4 StR 476/10", "language": "deutsch", "gertyp": "BGH", "leitsatz": "", "gruende": "", "accessRights": "public", "gerort": "", "entschDatum": "20101202", "coverage": "Deutschland", "titel": "\n      <dl class=\"RspDL\">\n         <dt/>\n         <dd>\n            <p>Abgrenzung von Raub und r\u00e4uberischer Erpressung; Konkurrenzen</p>\n         </dd>\n      </dl>\n   ", "ecli": "", "identifier": "http://www.rechtsprechung-im-internet.de/jportal/?quelle=jlink&docid=JURE110000480&psml=bsjrsprod.psml&max=true", "spruchkoerper": "4. Strafsenat", "vorinstanz": "vorgehend LG Rostock, 12. M\u00e4rz 2010, Az: 13 KLs 33/09, Urteil\n   ", "doknr": "JURE110000480", "abweichendeMeinung": "", "tenor": "\n      <div>\n         <dl class=\"RspDL\">\n            <dt/>\n            <dd>\n               <p style=\"margin-left:36pt\">Die Revisionen der Angeklagten gegen das Urteil des Landgerichts Rostock vom 12. M\u00e4rz 2010 werden als unbegr\u00fcndet verworfen, da die Nachpr\u00fcfung des Urteils auf Grund der Revisionsrechtfertigungen keinen Rechtsfehler zum Nachteil der Angeklagten ergeben hat (\u00a7 349 Abs. 2 StPO).</p>\n            </dd>\n         </dl>\n         <dl class=\"RspDL\">\n            <dt/>\n            <dd>\n               <p/>\n            </dd>\n         </dl>\n         <dl class=\"RspDL\">\n            <dt/>\n            <dd>\n               <p style=\"margin-left:36pt\">Jedoch werden die Schuldspr\u00fcche dahin ge\u00e4ndert, dass</p>\n            </dd>\n         </dl>\n         <dl class=\"RspDL\">\n            <dt/>\n            <dd>\n               <p/>\n            </dd>\n         </dl>\n         <dl class=\"RspDL\">\n            <dt/>\n            <dd>\n               <p style=\"margin-left:54pt\">a) der Angeklagte <span style=\"text-decoration:underline\">Jan B.</span>\n                  <strong> </strong>der versuchten r\u00e4uberischen Erpressung in Tateinheit mit gef\u00e4hrlicher K\u00f6rperverletzung sowie des schweren Raubes in Tateinheit mit gef\u00e4hrlicher K\u00f6rperverletzung und</p>\n            </dd>\n         </dl>\n         <dl class=\"RspDL\">\n            <dt/>\n            <dd>\n               <p style=\"margin-left:18pt\"/>\n            </dd>\n         </dl>\n         <dl class=\"RspDL\">\n            <dt/>\n            <dd>\n               <p style=\"margin-left:54pt\">b) der Angeklagte <span style=\"text-decoration:underline\">Thomas B.</span> der versuchten r\u00e4uberischen Erpressung in Tateinheit mit gef\u00e4hrlicher K\u00f6rperverletzung, des besonders schweren Raubes in Tateinheit mit r\u00e4uberischer Erpressung und gef\u00e4hrlicher K\u00f6rperverletzung sowie der versuchten besonders schweren r\u00e4uberischen Erpressung in Tateinheit mit versuchter gef\u00e4hrlicher K\u00f6rperverletzung schuldig ist.</p>\n            </dd>\n         </dl>\n         <dl class=\"RspDL\">\n            <dt/>\n            <dd>\n               <p/>\n            </dd>\n         </dl>\n         <dl class=\"RspDL\">\n            <dt/>\n            <dd>\n               <p style=\"margin-left:36pt\">Die Angeklagten tragen die Kosten ihrer Rechtsmittel. Dem Angeklagten Jan B.\u00a0\u00a0\u00a0fallen dar\u00fcber hinaus die dem Nebenkl\u00e4ger im Revisionsverfahren entstandenen notwendigen Auslagen zur Last.</p>\n            </dd>\n         </dl>\n         <dl class=\"RspDL\">\n            <dt/>\n            <dd>\n               <p/>\n            </dd>\n         </dl>\n         <dl class=\"RspDL\">\n            <dt/>\n            <dd>\n               <p>Zu den Schuldspruch\u00e4nderungen bemerkt der Senat:</p>\n            </dd>\n         </dl>\n         <dl class=\"RspDL\">\n            <dt/>\n            <dd>\n               <p/>\n            </dd>\n         </dl>\n         <dl class=\"RspDL\">\n            <dt/>\n            <dd>\n               <p>F\u00fcr die Abgrenzung von Raub und r\u00e4uberischer Erpressung ist nach st\u00e4ndiger Rechtsprechung des Bundesgerichtshofs das \u00e4u\u00dfere Erscheinungsbild des verm\u00f6genssch\u00e4digenden Verhaltens des Verletzten ma\u00dfgebend (BGH, Beschluss vom 19. Januar 1999 - 4 StR 663/98, BGHR StGB \u00a7 255 Konkurrenzen 4; Beschluss vom 27. April 1993 - 4 StR 149/93, BGHR StGB \u00a7 255 Konkurrenzen 3; vgl. auch Beschluss vom 13. Oktober 2005 - 5 StR 366/05, NStZ 2006, 38). Da im Fall II. 4 der Urteilsgr\u00fcnde der Mitt\u00e4ter des Angeklagten Jan B., nachdem das mit einer ungeladenen Schreckschusspistole bedrohte Opfer den Aufbewahrungsort seiner Geldb\u00f6rse offenbart hatte, das in der Geldb\u00f6rse befindliche Geld an sich nahm, um es f\u00fcr sich und den Angeklagten zu behalten, hat sich der Angeklagte nicht der schweren r\u00e4uberischen Erpressung, sondern des schweren Raubes schuldig gemacht. Bei der Tat II. 2 der Urteilsgr\u00fcnde hat der Angeklagte Thomas B., indem er durch zwei wuchtige und gezielte Faustschl\u00e4ge in das Gesicht des Tatopfers zun\u00e4chst die Herausgabe einer vom Opfer um den Hals getragenen goldenen Kette erzwang, eine r\u00e4uberische Erpressung begangen, die zu der unmittelbar anschlie\u00dfend unter Einsatz einer Schere und eines Klappmessers verwirklichten Raubtat in Tateinheit steht (vgl. BGH, Beschluss vom 12. August 1992 - 3 StR 358/92, NStZ 1993, 77; Beschluss vom 27. April 1993 aaO). Der Senat \u00e4ndert die Schuldspr\u00fcche entsprechend. \u00a7 265 StPO steht nicht entgegen.</p>\n            </dd>\n         </dl>\n         <dl class=\"RspDL\">\n            <dt/>\n            <dd>\n               <p/>\n            </dd>\n         </dl>\n         <dl class=\"RspDL\">\n            <dt/>\n            <dd>\n               <p>Die von der Strafkammer zutreffend bejahte vollendete bzw. versuchte Verwirklichung des Qualifikationstatbestands des \u00a7 250 Abs. 2 Nr. 1 StGB in den F\u00e4llen II. 2 und 3 der Urteilsgr\u00fcnde ist in der Urteilsformel durch die Bezeichnung als besonders schwerer Raub sowie als versuchte besonders schwere r\u00e4uberische Erpressung zum Ausdruck zu bringen (vgl. BGH, Beschluss vom 3. September 2009 - 3 StR 297/09, NStZ 2010, 101 m.w.N.).</p>\n            </dd>\n         </dl>\n         <dl class=\"RspDL\">\n            <dt/>\n            <dd>\n               <p/>\n            </dd>\n         </dl>\n         <dl class=\"RspDL\">\n            <dt/>\n            <dd>\n               <p>Ernemann\u00a0\u00a0\u00a0\u00a0\u00a0\u00a0\u00a0\u00a0\u00a0\u00a0\u00a0\u00a0\u00a0\u00a0\u00a0\u00a0\u00a0\u00a0\u00a0\u00a0\u00a0\u00a0\u00a0\u00a0\u00a0\u00a0\u00a0\u00a0\u00a0\u00a0\u00a0\u00a0\u00a0\u00a0\u00a0\u00a0Roggenbuck\u00a0\u00a0\u00a0\u00a0\u00a0\u00a0\u00a0\u00a0\u00a0\u00a0\u00a0\u00a0\u00a0\u00a0\u00a0\u00a0\u00a0\u00a0\u00a0\u00a0\u00a0\u00a0\u00a0\u00a0\u00a0\u00a0\u00a0\u00a0\u00a0\u00a0\u00a0Cierniak</p>\n            </dd>\n         </dl>\n         <dl class=\"RspDL\">\n            <dt/>\n            <dd>\n               <p>\u00a0\u00a0\u00a0\u00a0\u00a0\u00a0\u00a0\u00a0\u00a0\u00a0\u00a0\u00a0\u00a0\u00a0\u00a0\u00a0\u00a0\u00a0\u00a0\u00a0\u00a0\u00a0\u00a0Mutzbauer\u00a0\u00a0\u00a0\u00a0\u00a0\u00a0\u00a0\u00a0\u00a0\u00a0\u00a0\u00a0\u00a0\u00a0\u00a0\u00a0\u00a0\u00a0\u00a0\u00a0\u00a0\u00a0\u00a0\u00a0\u00a0\u00a0\u00a0\u00a0\u00a0\u00a0\u00a0\u00a0\u00a0\u00a0\u00a0\u00a0\u00a0\u00a0Bender</p>\n            </dd>\n         </dl>\n         <dl class=\"RspDL\">\n            <dt/>\n            <dd>\n               <p/>\n            </dd>\n         </dl>\n      </div>\n   ", "regionAbk": "DEU"}