{"publisher": "BMJV", "tatbestand": "", "absaetze": [{"num": "1", "textProcessed": ["landgericht", "angeklagt", "vergewalt", "tatein", "notig", "vorsatz", "korperverletz", "fahr", "fahrerlaubnis", "freiheitsstraf", "vier", "jahr", "verurteilt", "sachrug", "verfahrensrug", "gestutzt", "revision", "erzielt", "beschlussformel", "ersicht", "teilerfolg"], "text": "Das Landgericht hat den Angeklagten wegen \"Vergewaltigung in Tateinheit mit N\u00f6tigung, vors\u00e4tzlicher K\u00f6rperverletzung und Fahrens ohne Fahrerlaubnis\" zu einer Freiheitsstrafe von vier Jahren verurteilt. Die auf die Sachr\u00fcge und eine Verfahrensr\u00fcge gest\u00fctzte Revision erzielt den aus der Beschlussformel ersichtlichen Teilerfolg."}, {"num": "2", "textProcessed": ["schuldspruch", "begegnet", "generalbundesanwalt", "zutreff", "ausgefuhrt", "sachlichrecht", "bedenk", "erhob", "verfahrensrug", "grund", "antragsschrift", "generalbundesanwalt", "erfolg", "ledig", "urteilstenor", "entsprech", "zutreff", "rechtlich", "wurdig", "landgericht", "vorlieg", "tatein", "klarzustell"], "text": "1. Der Schuldspruch begegnet \u2013 wie der Generalbundesanwalt zutreffend ausgef\u00fchrt hat \u2013 keinen sachlichrechtlichen Bedenken. Auch die erhobene Verfahrensr\u00fcge hat aus den Gr\u00fcnden der Antragsschrift des Generalbundesanwalts keinen Erfolg. Lediglich im Urteilstenor ist entsprechend der zutreffenden rechtlichen W\u00fcrdigung durch das Landgericht das Vorliegen von Tateinheit klarzustellen."}, {"num": "3", "textProcessed": ["allerding", "halt", "strafausspruch", "revisionsgericht", "uberpruf", "stand", "angesicht", "konkret", "unrechtsschwerpunkt", "vergewalt", "gepragt", "tatbild", "gleichwohl", "rechtsfehlerfrei", "strafrahm", "abs", "stgb", "entnomm", "straf", "eher", "hoch", "bemess", "rechtlich", "beanstand", "rechtsfolgenausspruch", "jedenfall", "unzureich", "beachtung", "zeitlich", "besond"], "text": "2. Allerdings h\u00e4lt der Strafausspruch revisionsgerichtlicher \u00dcberpr\u00fcfung nicht stand. Angesichts eines im konkreten Unrechtsschwerpunkt nicht durch die Vergewaltigung gepr\u00e4gten Tatbildes ist die gleichwohl rechtsfehlerfrei aus dem Strafrahmen des \u00a7 177 Abs. 2 StGB entnommene Strafe eher hoch bemessen. Rechtlich zu beanstanden ist der Rechtsfolgenausspruch jedenfalls wegen unzureichender Beachtung zeitlicher Besonderheiten."}, {"num": "4", "textProcessed": ["bedenk", "bereit", "dass", "strafkamm", "bildung", "nachtrag", "gesamtstraf", "abgeseh", "nachtrag", "gesamtstrafenbild", "grundsatz", "sach", "tatgericht", "regelmass", "beschlussverfahr", "stpo", "uberlass", "darf", "bghr", "stgb", "abs", "satz", "anwendungspflicht", "vgl", "fisch", "stgb", "aufl", "rdn", "ledig", "ausnahmsweis", "entscheid", "hauptverhandl", "abgeseh", "grund", "verfug", "stehend", "unterlag", "trotz", "sorgfalt", "vorbereit", "darub", "entscheid", "getroff", "bghr", "stgb", "abs", "satz", "anwendungspflicht", "dass", "voraussetz", "vorlag", "liegt", "hand", "gilt", "zumal", "hintergrund", "dass", "hauptverhandl", "drei", "monat", "eroffnungsentscheid", "etwa", "jahr", "anklageerheb", "begonn", "letzt", "mehr", "jahr", "vier", "monat", "begeh", "ersicht", "alsbald", "ausermittelt", "schon", "end", "begang", "tat", "erfolgt", "danach", "gesamtstrafvoraussetz", "vorab", "klar", "entscheid", "durft", "beschlussverfahr", "stpo", "allein", "deshalb", "uberlass", "erst", "kurz", "schluss", "zweitag", "beweisaufnahm", "angeklagt", "aufgestellt", "behaupt", "zuvor", "zasurbegrund", "vorverurteil", "sei", "vollstreckt", "mehr", "verzoger", "hauptverhandl", "hatt", "uberpruft", "freilich", "zweifelhaft", "vorbring", "beschwerdefuhr", "vortragspflicht", "grundsatz", "erford", "verfahrensrug", "vgl", "bghr", "stgb", "abs", "satz", "anwendungspflicht", "vollstand", "genugt"], "text": "a) Bedenklich ist bereits, dass die Strafkammer von der Bildung einer nachtr\u00e4glichen Gesamtstrafe abgesehen hat. Die nachtr\u00e4gliche Gesamtstrafenbildung ist grunds\u00e4tzlich Sache des Tatgerichts, die es regelm\u00e4\u00dfig nicht dem Beschlussverfahren nach \u00a7\u00a7 460, 462 StPO \u00fcberlassen darf (BGHR StGB \u00a7 55 Abs. 1 Satz 1 Anwendungspflicht 3, 4; vgl. Fischer, StGB 57. Aufl. \u00a7 55 Rdn. 35). Lediglich ausnahmsweise kann von der Entscheidung in der Hauptverhandlung abgesehen werden, wenn auf Grund der zur Verf\u00fcgung stehenden Unterlagen trotz sorgf\u00e4ltiger Vorbereitung dar\u00fcber keine Entscheidung getroffen werden kann (BGHR StGB \u00a7 55 Abs. 1 Satz 1 Anwendungspflicht 2). Dass diese Voraussetzungen hier nicht vorlagen, liegt auf der Hand. Dies gilt zumal vor dem Hintergrund, dass die Hauptverhandlung drei Monate nach der Er\u00f6ffnungsentscheidung und etwa ein Jahr nach Anklageerhebung begonnen hat; Letztere ist mehr als ein Jahr und vier Monate nach Begehung der ersichtlich alsbald ausermittelten, schon Ende 2007 begangenen Tat erfolgt. Danach waren die Gesamtstrafvoraussetzungen vorab zu kl\u00e4ren; die Entscheidung durfte dem Beschlussverfahren nach \u00a7\u00a7 460, 462 StPO nicht allein deshalb \u00fcberlassen werden, weil die erst kurz vor Schluss der zweit\u00e4gigen Beweisaufnahme vom Angeklagten aufgestellte Behauptung, eine zuvor z\u00e4surbegr\u00fcndende Vorverurteilung sei vollstreckt, nicht mehr \"ohne Verz\u00f6gerung der Hauptverhandlung\" h\u00e4tte \u00fcberpr\u00fcft werden k\u00f6nnen. Freilich ist zweifelhaft, ob das Vorbringen des Beschwerdef\u00fchrers der Vortragspflicht f\u00fcr eine grunds\u00e4tzlich erforderliche Verfahrensr\u00fcge (vgl. BGHR StGB \u00a7 55 Abs. 1 Satz 1 Anwendungspflicht 2, 4) vollst\u00e4ndig gen\u00fcgt."}, {"num": "5", "textProcessed": ["strafzumess", "zusammenhang", "jedenfall", "deshalb", "sachlichrecht", "fehlerhaft", "landgericht", "versaumt", "rucksicht", "wirkung", "straf", "kunftig", "leb", "angeklagt", "erwart", "abs", "satz", "stgb", "verurteil", "angeklagt", "verbund", "gesamtstrafubel", "ausdruck", "erort", "tatgericht", "grundsatz", "gesamt", "gewicht", "verhangt", "straf", "folg", "entscheid", "einzustell", "vgl", "bghst", "bghr", "stgb", "abs", "satz", "harteausgleich", "schaf", "sand", "van", "gemm", "praxis", "strafzumess", "aufl", "rdn", "ff", "nachteil", "angeklagt", "dadurch", "ergibt", "dass", "bildung", "mehr", "straf", "hoh", "gesamtstrafenubel", "fuhrt", "gegebenenfall", "ausgleich", "rechtlich", "massstab", "angefocht", "urteil", "gerecht"], "text": "b) Die Strafzumessung ist in diesem Zusammenhang jedenfalls deshalb sachlichrechtlich fehlerhaft, weil das Landgericht es vers\u00e4umt hat, mit R\u00fccksicht auf die Wirkungen der Strafe, die f\u00fcr das k\u00fcnftige Leben des Angeklagten zu erwarten sind (\u00a7 46 Abs. 1 Satz 2 StGB), das mit der Verurteilung des Angeklagten verbundene Gesamtstraf\u00fcbel ausdr\u00fccklich zu er\u00f6rtern. Das Tatgericht hat grunds\u00e4tzlich das gesamte Gewicht der verh\u00e4ngten Strafe und ihrer Folgen in seine Entscheidung einzustellen (vgl. BGHSt 41, 310, 314; BGHR StGB \u00a7 55 Abs. 1 Satz 1 H\u00e4rteausgleich 19; Sch\u00e4fer/Sander/van Gemmeren, Praxis der Strafzumessung 4. Aufl. Rdn. 415 ff.). Einen Nachteil, der sich f\u00fcr einen Angeklagten dadurch ergibt, dass die Bildung mehrerer Strafen zu einem zu hohen Gesamtstrafen\u00fcbel f\u00fchrt, muss es gegebenenfalls ausgleichen. Diesem rechtlichen Ma\u00dfstab wird das angefochtene Urteil nicht gerecht."}, {"num": "6", "textProcessed": ["landgericht", "erkennbar", "bedacht", "dass", "ungeklart", "zasurwirk", "neb", "verhangt", "freiheitsstraf", "vier", "jahr", "urteil", "amtsgericht", "neustrelitz", "mai", "erkannt", "freiheitsstraf", "zwei", "jahr", "vier", "monat", "angeklagt", "moglicherweis", "ebenfall", "vollstand", "vollstreckt", "urteilsgrund", "uberdi", "ersicht", "dass", "gegenwart", "weit", "freiheitsstraf", "jahr", "sieb", "monat", "sieb", "monat", "vollstreck", "weit", "gesamtstrafbild", "unterlieg", "angeklagt", "ersicht", "verbund", "gesamtstrafubel", "landgericht", "vollstand", "aufzuklar", "innerhalb", "strafzumess", "bewert", "nichtssag", "hinweis", "harteausgleich", "eventuell", "mehr", "einzubezieh", "geldstraf", "hierfur", "ganzlich", "unzureich", "liegt", "fern", "dass", "verhang", "straf", "jedenfall", "notwend", "gesamt", "vollstreck", "zuletzt", "verhangt", "weit", "freiheitsstraf", "niedrig", "bemess"], "text": "Das Landgericht hat nicht erkennbar bedacht, dass wegen der ungekl\u00e4rten Z\u00e4surwirkung neben der hier verh\u00e4ngten Freiheitsstrafe von vier Jahren die durch Urteil des Amtsgerichts Neustrelitz vom 12. Mai 2009 erkannte Freiheitsstrafe von zwei Jahren und vier Monaten gegen den Angeklagten m\u00f6glicherweise ebenfalls vollst\u00e4ndig vollstreckt werden muss. Aus den Urteilsgr\u00fcnden ist \u00fcberdies ersichtlich, dass gegenw\u00e4rtig weitere Freiheitsstrafen von einem Jahr und sieben Monaten und von sieben Monaten zu vollstrecken sind, die keiner weiteren Gesamtstrafbildung unterliegen. Das damit f\u00fcr den Angeklagten ersichtlich verbundene Gesamtstraf\u00fcbel war vom Landgericht vollst\u00e4ndig aufzukl\u00e4ren und innerhalb der Strafzumessung zu bewerten. Der nichtssagende Hinweis auf einen H\u00e4rteausgleich wegen eventuell nicht mehr einzubeziehender Geldstrafen ist hierf\u00fcr g\u00e4nzlich unzureichend. Es liegt nicht fern, dass die zu verh\u00e4ngende Strafe jedenfalls bei notwendiger gesamter Vollstreckung der zuletzt verh\u00e4ngten weiteren Freiheitsstrafe niedriger zu bemessen gewesen w\u00e4re."}, {"num": "7", "textProcessed": ["aufheb", "begrund", "wertungsfehl", "erfolgt", "feststell", "insgesamt", "besteh", "bleib", "neu", "tatgericht", "gehindert", "weitergeh", "feststell", "treff", "sof", "bisher", "widersprech"], "text": "Da die Aufhebung wegen Begr\u00fcndungs- und Wertungsfehlern erfolgt, k\u00f6nnen die Feststellungen insgesamt bestehen bleiben. Das neue Tatgericht ist nicht gehindert, weitergehende Feststellungen zu treffen, sofern sie den bisherigen nicht widersprechen."}, {"num": "8", "textProcessed": ["neu", "tatgericht", "notwend", "dat", "fakt", "nachtrag", "gesamtstrafbild", "bisher", "zeitablauf", "besond", "zugig", "anzuberaum", "neu", "hauptverhandl", "klar", "massgeb", "vollstreckungsstand", "zeitpunkt", "erst", "urteil", "vgl", "fisch", "aao", "rdn"], "text": "c) Das neue Tatgericht wird die notwendigen Daten und Fakten zur nachtr\u00e4glichen Gesamtstrafbildung vor der nach dem bisherigen Zeitablauf besonders z\u00fcgig anzuberaumenden neuen Hauptverhandlung zu kl\u00e4ren haben. Ma\u00dfgeblich ist der Vollstreckungsstand zum Zeitpunkt des ersten Urteils (vgl. Fischer aaO \u00a7 55 Rdn. 37)."}, {"num": "9", "textProcessed": ["beim", "rechtsfolgenausspruch", "revision", "angesproch", "moglich", "rechtsstaatswidr", "verfahrensverzoger", "aufdrangt", "vgl", "bghst", "pruf", "gegebenenfall", "sof", "sogar", "ihrerseit", "anlass", "strafreduzier", "biet", "massgab", "bghst", "kompensi"], "text": "Beim Rechtsfolgenausspruch wird die von der Revision angesprochene M\u00f6glichkeit einer rechtsstaatswidrigen Verfahrensverz\u00f6gerung, die sich hier aufdr\u00e4ngt (vgl. BGHSt 49, 342), zu pr\u00fcfen sein. Sie wird gegebenenfalls, sofern sie nicht hier sogar ihrerseits Anlass f\u00fcr eine Strafreduzierung bieten sollte, nach Ma\u00dfgabe von BGHSt 52, 124 zu kompensieren sein."}], "norm": ["\u00a7 46 S 2 StGB", "\u00a7 55 StGB", "\u00a7 267 StPO"], "doktyp": "Beschluss", "regionLong": "Bundesrepublik Deutschland", "sonstlt": "", "gruendeProcessed": ["landgericht", "angeklagt", "vergewalt", "tatein", "notig", "vorsatz", "korperverletz", "fahr", "fahrerlaubnis", "freiheitsstraf", "vier", "jahr", "verurteilt", "sachrug", "verfahrensrug", "gestutzt", "revision", "erzielt", "beschlussformel", "ersicht", "teilerfolg", "schuldspruch", "begegnet", "generalbundesanwalt", "zutreff", "ausgefuhrt", "sachlichrecht", "bedenk", "erhob", "verfahrensrug", "grund", "antragsschrift", "generalbundesanwalt", "erfolg", "ledig", "urteilstenor", "entsprech", "zutreff", "rechtlich", "wurdig", "landgericht", "vorlieg", "tatein", "klarzustell", "allerding", "halt", "strafausspruch", "revisionsgericht", "uberpruf", "stand", "angesicht", "konkret", "unrechtsschwerpunkt", "vergewalt", "gepragt", "tatbild", "gleichwohl", "rechtsfehlerfrei", "strafrahm", "abs", "stgb", "entnomm", "straf", "eher", "hoch", "bemess", "rechtlich", "beanstand", "rechtsfolgenausspruch", "jedenfall", "unzureich", "beachtung", "zeitlich", "besond", "bedenk", "bereit", "dass", "strafkamm", "bildung", "nachtrag", "gesamtstraf", "abgeseh", "nachtrag", "gesamtstrafenbild", "grundsatz", "sach", "tatgericht", "regelmass", "beschlussverfahr", "stpo", "uberlass", "darf", "bghr", "stgb", "abs", "satz", "anwendungspflicht", "vgl", "fisch", "stgb", "aufl", "rdn", "ledig", "ausnahmsweis", "entscheid", "hauptverhandl", "abgeseh", "grund", "verfug", "stehend", "unterlag", "trotz", "sorgfalt", "vorbereit", "darub", "entscheid", "getroff", "bghr", "stgb", "abs", "satz", "anwendungspflicht", "dass", "voraussetz", "vorlag", "liegt", "hand", "gilt", "zumal", "hintergrund", "dass", "hauptverhandl", "drei", "monat", "eroffnungsentscheid", "etwa", "jahr", "anklageerheb", "begonn", "letzt", "mehr", "jahr", "vier", "monat", "begeh", "ersicht", "alsbald", "ausermittelt", "schon", "end", "begang", "tat", "erfolgt", "danach", "gesamtstrafvoraussetz", "vorab", "klar", "entscheid", "durft", "beschlussverfahr", "stpo", "allein", "deshalb", "uberlass", "erst", "kurz", "schluss", "zweitag", "beweisaufnahm", "angeklagt", "aufgestellt", "behaupt", "zuvor", "zasurbegrund", "vorverurteil", "sei", "vollstreckt", "mehr", "verzoger", "hauptverhandl", "hatt", "uberpruft", "freilich", "zweifelhaft", "vorbring", "beschwerdefuhr", "vortragspflicht", "grundsatz", "erford", "verfahrensrug", "vgl", "bghr", "stgb", "abs", "satz", "anwendungspflicht", "vollstand", "genugt", "strafzumess", "zusammenhang", "jedenfall", "deshalb", "sachlichrecht", "fehlerhaft", "landgericht", "versaumt", "rucksicht", "wirkung", "straf", "kunftig", "leb", "angeklagt", "erwart", "abs", "satz", "stgb", "verurteil", "angeklagt", "verbund", "gesamtstrafubel", "ausdruck", "erort", "tatgericht", "grundsatz", "gesamt", "gewicht", "verhangt", "straf", "folg", "entscheid", "einzustell", "vgl", "bghst", "bghr", "stgb", "abs", "satz", "harteausgleich", "schaf", "sand", "van", "gemm", "praxis", "strafzumess", "aufl", "rdn", "ff", "nachteil", "angeklagt", "dadurch", "ergibt", "dass", "bildung", "mehr", "straf", "hoh", "gesamtstrafenubel", "fuhrt", "gegebenenfall", "ausgleich", "rechtlich", "massstab", "angefocht", "urteil", "gerecht", "landgericht", "erkennbar", "bedacht", "dass", "ungeklart", "zasurwirk", "neb", "verhangt", "freiheitsstraf", "vier", "jahr", "urteil", "amtsgericht", "neustrelitz", "mai", "erkannt", "freiheitsstraf", "zwei", "jahr", "vier", "monat", "angeklagt", "moglicherweis", "ebenfall", "vollstand", "vollstreckt", "urteilsgrund", "uberdi", "ersicht", "dass", "gegenwart", "weit", "freiheitsstraf", "jahr", "sieb", "monat", "sieb", "monat", "vollstreck", "weit", "gesamtstrafbild", "unterlieg", "angeklagt", "ersicht", "verbund", "gesamtstrafubel", "landgericht", "vollstand", "aufzuklar", "innerhalb", "strafzumess", "bewert", "nichtssag", "hinweis", "harteausgleich", "eventuell", "mehr", "einzubezieh", "geldstraf", "hierfur", "ganzlich", "unzureich", "liegt", "fern", "dass", "verhang", "straf", "jedenfall", "notwend", "gesamt", "vollstreck", "zuletzt", "verhangt", "weit", "freiheitsstraf", "niedrig", "bemess", "aufheb", "begrund", "wertungsfehl", "erfolgt", "feststell", "insgesamt", "besteh", "bleib", "neu", "tatgericht", "gehindert", "weitergeh", "feststell", "treff", "sof", "bisher", "widersprech", "neu", "tatgericht", "notwend", "dat", "fakt", "nachtrag", "gesamtstrafbild", "bisher", "zeitablauf", "besond", "zugig", "anzuberaum", "neu", "hauptverhandl", "klar", "massgeb", "vollstreckungsstand", "zeitpunkt", "erst", "urteil", "vgl", "fisch", "aao", "rdn", "beim", "rechtsfolgenausspruch", "revision", "angesproch", "moglich", "rechtsstaatswidr", "verfahrensverzoger", "aufdrangt", "vgl", "bghst", "pruf", "gegebenenfall", "sof", "sogar", "ihrerseit", "anlass", "strafreduzier", "biet", "massgab", "bghst", "kompensi", "basdorf", "schaal", "schneid", "konig", "bellay"], "mitwirkung": "", "aktenzeichen": "5 StR 456/10", "language": "deutsch", "gertyp": "BGH", "leitsatz": "", "gruende": "\n      <div>\n         <dl class=\"RspDL\">\n            <dt>\n               <a name=\"rd_1\">1</a>\n            </dt>\n            <dd>\n               <p>Das Landgericht hat den Angeklagten wegen \"Vergewaltigung in Tateinheit mit N\u00f6tigung, vors\u00e4tzlicher K\u00f6rperverletzung und Fahrens ohne Fahrerlaubnis\" zu einer Freiheitsstrafe von vier Jahren verurteilt. Die auf die Sachr\u00fcge und eine Verfahrensr\u00fcge gest\u00fctzte Revision erzielt den aus der Beschlussformel ersichtlichen Teilerfolg.</p>\n            </dd>\n         </dl>\n         <dl class=\"RspDL\">\n            <dt/>\n            <dd>\n               <p/>\n            </dd>\n         </dl>\n         <dl class=\"RspDL\">\n            <dt>\n               <a name=\"rd_2\">2</a>\n            </dt>\n            <dd>\n               <p>1. Der Schuldspruch begegnet \u2013 wie der Generalbundesanwalt zutreffend ausgef\u00fchrt hat \u2013 keinen sachlichrechtlichen Bedenken. Auch die erhobene Verfahrensr\u00fcge hat aus den Gr\u00fcnden der Antragsschrift des Generalbundesanwalts keinen Erfolg. Lediglich im Urteilstenor ist entsprechend der zutreffenden rechtlichen W\u00fcrdigung durch das Landgericht das Vorliegen von Tateinheit klarzustellen.</p>\n            </dd>\n         </dl>\n         <dl class=\"RspDL\">\n            <dt/>\n            <dd>\n               <p/>\n            </dd>\n         </dl>\n         <dl class=\"RspDL\">\n            <dt>\n               <a name=\"rd_3\">3</a>\n            </dt>\n            <dd>\n               <p>2. Allerdings h\u00e4lt der Strafausspruch revisionsgerichtlicher \u00dcberpr\u00fcfung nicht stand. Angesichts eines im konkreten Unrechtsschwerpunkt nicht durch die Vergewaltigung gepr\u00e4gten Tatbildes ist die gleichwohl rechtsfehlerfrei aus dem Strafrahmen des \u00a7 177 Abs. 2 StGB entnommene Strafe eher hoch bemessen. Rechtlich zu beanstanden ist der Rechtsfolgenausspruch jedenfalls wegen unzureichender Beachtung zeitlicher Besonderheiten.</p>\n            </dd>\n         </dl>\n         <dl class=\"RspDL\">\n            <dt/>\n            <dd>\n               <p/>\n            </dd>\n         </dl>\n         <dl class=\"RspDL\">\n            <dt>\n               <a name=\"rd_4\">4</a>\n            </dt>\n            <dd>\n               <p>a) Bedenklich ist bereits, dass die Strafkammer von der Bildung einer nachtr\u00e4glichen Gesamtstrafe abgesehen hat. Die nachtr\u00e4gliche Gesamtstrafenbildung ist grunds\u00e4tzlich Sache des Tatgerichts, die es regelm\u00e4\u00dfig nicht dem Beschlussverfahren nach \u00a7\u00a7 460, 462 StPO \u00fcberlassen darf (BGHR StGB \u00a7 55 Abs. 1 Satz 1 Anwendungspflicht 3, 4; vgl. Fischer, StGB 57. Aufl. \u00a7 55 Rdn. 35). Lediglich ausnahmsweise kann von der Entscheidung in der Hauptverhandlung abgesehen werden, wenn auf Grund der zur Verf\u00fcgung stehenden Unterlagen trotz sorgf\u00e4ltiger Vorbereitung dar\u00fcber keine Entscheidung getroffen werden kann (BGHR StGB \u00a7 55 Abs. 1 Satz 1 Anwendungspflicht 2). Dass diese Voraussetzungen hier nicht vorlagen, liegt auf der Hand. Dies gilt zumal vor dem Hintergrund, dass die Hauptverhandlung drei Monate nach der Er\u00f6ffnungsentscheidung und etwa ein Jahr nach Anklageerhebung begonnen hat; Letztere ist mehr als ein Jahr und vier Monate nach Begehung der ersichtlich alsbald ausermittelten, schon Ende 2007 begangenen Tat erfolgt. Danach waren die Gesamtstrafvoraussetzungen vorab zu kl\u00e4ren; die Entscheidung durfte dem Beschlussverfahren nach \u00a7\u00a7 460, 462 StPO nicht allein deshalb \u00fcberlassen werden, weil die erst kurz vor Schluss der zweit\u00e4gigen Beweisaufnahme vom Angeklagten aufgestellte Behauptung, eine zuvor z\u00e4surbegr\u00fcndende Vorverurteilung sei vollstreckt, nicht mehr \"ohne Verz\u00f6gerung der Hauptverhandlung\" h\u00e4tte \u00fcberpr\u00fcft werden k\u00f6nnen. Freilich ist zweifelhaft, ob das Vorbringen des Beschwerdef\u00fchrers der Vortragspflicht f\u00fcr eine grunds\u00e4tzlich erforderliche Verfahrensr\u00fcge (vgl. BGHR StGB \u00a7 55 Abs. 1 Satz 1 Anwendungspflicht 2, 4) vollst\u00e4ndig gen\u00fcgt.</p>\n            </dd>\n         </dl>\n         <dl class=\"RspDL\">\n            <dt/>\n            <dd>\n               <p/>\n            </dd>\n         </dl>\n         <dl class=\"RspDL\">\n            <dt>\n               <a name=\"rd_5\">5</a>\n            </dt>\n            <dd>\n               <p>b) Die Strafzumessung ist in diesem Zusammenhang jedenfalls deshalb sachlichrechtlich fehlerhaft, weil das Landgericht es vers\u00e4umt hat, mit R\u00fccksicht auf die Wirkungen der Strafe, die f\u00fcr das k\u00fcnftige Leben des Angeklagten zu erwarten sind (\u00a7 46 Abs. 1 Satz 2 StGB), das mit der Verurteilung des Angeklagten verbundene Gesamtstraf\u00fcbel ausdr\u00fccklich zu er\u00f6rtern. Das Tatgericht hat grunds\u00e4tzlich das gesamte Gewicht der verh\u00e4ngten Strafe und ihrer Folgen in seine Entscheidung einzustellen (vgl. BGHSt 41, 310, 314; BGHR StGB \u00a7 55 Abs. 1 Satz 1 H\u00e4rteausgleich 19; Sch\u00e4fer/Sander/van Gemmeren, Praxis der Strafzumessung 4. Aufl. Rdn. 415 ff.). Einen Nachteil, der sich f\u00fcr einen Angeklagten dadurch ergibt, dass die Bildung mehrerer Strafen zu einem zu hohen Gesamtstrafen\u00fcbel f\u00fchrt, muss es gegebenenfalls ausgleichen. Diesem rechtlichen Ma\u00dfstab wird das angefochtene Urteil nicht gerecht.</p>\n            </dd>\n         </dl>\n         <dl class=\"RspDL\">\n            <dt/>\n            <dd>\n               <p/>\n            </dd>\n         </dl>\n         <dl class=\"RspDL\">\n            <dt>\n               <a name=\"rd_6\">6</a>\n            </dt>\n            <dd>\n               <p>Das Landgericht hat nicht erkennbar bedacht, dass wegen der ungekl\u00e4rten Z\u00e4surwirkung neben der hier verh\u00e4ngten Freiheitsstrafe von vier Jahren die durch Urteil des Amtsgerichts Neustrelitz vom 12. Mai 2009 erkannte Freiheitsstrafe von zwei Jahren und vier Monaten gegen den Angeklagten m\u00f6glicherweise ebenfalls vollst\u00e4ndig vollstreckt werden muss. Aus den Urteilsgr\u00fcnden ist \u00fcberdies ersichtlich, dass gegenw\u00e4rtig weitere Freiheitsstrafen von einem Jahr und sieben Monaten und von sieben Monaten zu vollstrecken sind, die keiner weiteren Gesamtstrafbildung unterliegen. Das damit f\u00fcr den Angeklagten ersichtlich verbundene Gesamtstraf\u00fcbel war vom Landgericht vollst\u00e4ndig aufzukl\u00e4ren und innerhalb der Strafzumessung zu bewerten. Der nichtssagende Hinweis auf einen H\u00e4rteausgleich wegen eventuell nicht mehr einzubeziehender Geldstrafen ist hierf\u00fcr g\u00e4nzlich unzureichend. Es liegt nicht fern, dass die zu verh\u00e4ngende Strafe jedenfalls bei notwendiger gesamter Vollstreckung der zuletzt verh\u00e4ngten weiteren Freiheitsstrafe niedriger zu bemessen gewesen w\u00e4re.</p>\n            </dd>\n         </dl>\n         <dl class=\"RspDL\">\n            <dt/>\n            <dd>\n               <p/>\n            </dd>\n         </dl>\n         <dl class=\"RspDL\">\n            <dt>\n               <a name=\"rd_7\">7</a>\n            </dt>\n            <dd>\n               <p>Da die Aufhebung wegen Begr\u00fcndungs- und Wertungsfehlern erfolgt, k\u00f6nnen die Feststellungen insgesamt bestehen bleiben. Das neue Tatgericht ist nicht gehindert, weitergehende Feststellungen zu treffen, sofern sie den bisherigen nicht widersprechen.</p>\n            </dd>\n         </dl>\n         <dl class=\"RspDL\">\n            <dt/>\n            <dd>\n               <p/>\n            </dd>\n         </dl>\n         <dl class=\"RspDL\">\n            <dt>\n               <a name=\"rd_8\">8</a>\n            </dt>\n            <dd>\n               <p>c) Das neue Tatgericht wird die notwendigen Daten und Fakten zur nachtr\u00e4glichen Gesamtstrafbildung vor der nach dem bisherigen Zeitablauf besonders z\u00fcgig anzuberaumenden neuen Hauptverhandlung zu kl\u00e4ren haben. Ma\u00dfgeblich ist der Vollstreckungsstand zum Zeitpunkt des ersten Urteils (vgl. Fischer aaO \u00a7 55 Rdn. 37).</p>\n            </dd>\n         </dl>\n         <dl class=\"RspDL\">\n            <dt/>\n            <dd>\n               <p/>\n            </dd>\n         </dl>\n         <dl class=\"RspDL\">\n            <dt>\n               <a name=\"rd_9\">9</a>\n            </dt>\n            <dd>\n               <p>Beim Rechtsfolgenausspruch wird die von der Revision angesprochene M\u00f6glichkeit einer rechtsstaatswidrigen Verfahrensverz\u00f6gerung, die sich hier aufdr\u00e4ngt (vgl. BGHSt 49, 342), zu pr\u00fcfen sein. Sie wird gegebenenfalls, sofern sie nicht hier sogar ihrerseits Anlass f\u00fcr eine Strafreduzierung bieten sollte, nach Ma\u00dfgabe von BGHSt 52, 124 zu kompensieren sein.</p>\n            </dd>\n         </dl>\n         <dl class=\"RspDL\">\n            <dt/>\n            <dd>\n               <p/>\n            </dd>\n         </dl>\n         <dl class=\"RspDL\">\n            <dt/>\n            <dd>\n               <p>Basdorf\u00a0\u00a0\u00a0\u00a0\u00a0\u00a0\u00a0\u00a0\u00a0\u00a0\u00a0\u00a0\u00a0\u00a0\u00a0\u00a0\u00a0\u00a0\u00a0\u00a0\u00a0\u00a0\u00a0\u00a0\u00a0\u00a0\u00a0\u00a0\u00a0\u00a0Schaal\u00a0\u00a0\u00a0\u00a0\u00a0\u00a0\u00a0\u00a0\u00a0\u00a0\u00a0\u00a0\u00a0\u00a0\u00a0\u00a0\u00a0\u00a0\u00a0\u00a0\u00a0\u00a0\u00a0\u00a0\u00a0\u00a0\u00a0\u00a0\u00a0\u00a0\u00a0Schneider</p>\n            </dd>\n         </dl>\n         <dl class=\"RspDL\">\n            <dt/>\n            <dd>\n               <p>\u00a0\u00a0\u00a0\u00a0\u00a0\u00a0\u00a0\u00a0\u00a0\u00a0\u00a0\u00a0\u00a0\u00a0\u00a0\u00a0\u00a0\u00a0\u00a0\u00a0\u00a0\u00a0K\u00f6nig\u00a0\u00a0\u00a0\u00a0\u00a0\u00a0\u00a0\u00a0\u00a0\u00a0\u00a0\u00a0\u00a0\u00a0\u00a0\u00a0\u00a0\u00a0\u00a0\u00a0\u00a0\u00a0\u00a0\u00a0\u00a0\u00a0\u00a0\u00a0\u00a0\u00a0\u00a0Bellay</p>\n            </dd>\n         </dl>\n         <dl class=\"RspDL\">\n            <dt/>\n            <dd>\n               <p/>\n            </dd>\n         </dl>\n      </div>\n   ", "accessRights": "public", "gerort": "", "entschDatum": "20101110", "coverage": "Deutschland", "titel": "\n      <dl class=\"RspDL\">\n         <dt/>\n         <dd>\n            <p>Begr\u00fcndung der Strafzumessung im Urteil: Notwendige Er\u00f6rterung des Gesamtstraf\u00fcbels</p>\n         </dd>\n      </dl>\n   ", "ecli": "", "identifier": "http://www.rechtsprechung-im-internet.de/jportal/?quelle=jlink&docid=JURE100076491&psml=bsjrsprod.psml&max=true", "spruchkoerper": "5. Strafsenat", "vorinstanz": "vorgehend LG Neuruppin, 27. Mai 2010, Az: 16 KLs 6/10, Urteil\n   ", "doknr": "JURE100076491", "abweichendeMeinung": "", "tenor": "\n      <div>\n         <dl class=\"RspDL\">\n            <dt/>\n            <dd>\n               <p>1. Auf die Revision des Angeklagten wird das Urteil des Landgerichts Neuruppin vom 27. Mai 2010 nach \u00a7 349 Abs. 4 StPO im Rechtsfolgenausspruch aufgehoben.</p>\n            </dd>\n         </dl>\n         <dl class=\"RspDL\">\n            <dt/>\n            <dd>\n               <p/>\n            </dd>\n         </dl>\n         <dl class=\"RspDL\">\n            <dt/>\n            <dd>\n               <p>2. Die weitergehende Revision wird nach \u00a7 349 Abs. 2 StPO verworfen; der Schuldspruch wird dahin klargestellt, dass der Angeklagte der Vergewaltigung in Tateinheit mit N\u00f6tigung, mit vors\u00e4tzlicher K\u00f6rperverletzung und mit Fahren ohne Fahrerlaubnis schuldig ist.</p>\n            </dd>\n         </dl>\n         <dl class=\"RspDL\">\n            <dt/>\n            <dd>\n               <p/>\n            </dd>\n         </dl>\n         <dl class=\"RspDL\">\n            <dt/>\n            <dd>\n               <p/>\n            </dd>\n         </dl>\n         <dl class=\"RspDL\">\n            <dt/>\n            <dd>\n               <p>3. Im Umfang der Aufhebung wird die Sache zu neuer Verhandlung und Entscheidung, auch \u00fcber die Kosten des Rechtsmittels, an eine andere Strafkammer des Landgerichts zur\u00fcckverwiesen.</p>\n            </dd>\n         </dl>\n         <dl class=\"RspDL\">\n            <dt/>\n            <dd>\n               <p/>\n            </dd>\n         </dl>\n      </div>\n   ", "regionAbk": "DEU"}