{"publisher": "BMJV", "tatbestand": "", "absaetze": [{"num": "1", "textProcessed": ["landgericht", "angeklagt", "beihilf", "unerlaubt", "handeltreib", "betaubungsmitteln", "gering", "meng", "freiheitsstraf", "drei", "jahr", "verurteilt", "staatsanwaltschaft", "ungun", "angeklagt", "eingelegt", "revision", "wirksam", "nichtanordn", "erweitert", "verfall", "beschrankt", "generalbundesanwalt", "vertret", "rechtsmittel", "erfolg"], "text": "Das Landgericht hat den Angeklagten G. wegen Beihilfe zum unerlaubten Handeltreiben mit Bet\u00e4ubungsmitteln in nicht geringer Menge zu einer Freiheitsstrafe von drei Jahren verurteilt. Die Staatsanwaltschaft hat ihre zu Ungunsten des Angeklagten eingelegte Revision wirksam auf die Nichtanordnung des erweiterten Verfalls beschr\u00e4nkt. Das vom Generalbundesanwalt vertretene Rechtsmittel hat Erfolg."}, {"num": "2", "textProcessed": ["landgericht", "wesent", "folgend", "feststell", "getroff"], "text": "Das Landgericht hat im Wesentlichen folgende Feststellungen getroffen:"}, {"num": "3", "textProcessed": ["angeklagt", "stellt", "juli", "kenntnis", "umsatz", "mehr", "kilogramm", "marihuana", "gerichtet", "geschaft", "nichtrevident", "pkw", "transport", "betaubungsmittel", "ubergabeort", "verfug", "uberwacht", "ubergabeort", "sowi", "geschaftspartn", "nichtrevident", "herbeischaff", "rauschgift", "vorubergeh", "ortsabwes"], "text": "Der Angeklagte stellte am 28. Juli 2009 in Kenntnis eines auf den Umsatz von mehreren Kilogramm Marihuana gerichteten Gesch\u00e4fts des Nichtrevidenten R. diesem seinen Pkw f\u00fcr den Transport der Bet\u00e4ubungsmittel zum \u00dcbergabeort zur Verf\u00fcgung und \u00fcberwachte den \u00dcbergabeort sowie die \"Gesch\u00e4ftspartner\" des Nichtrevidenten, als dieser wegen des Herbeischaffens des Rauschgifts vor\u00fcbergehend ortsabwesend war."}, {"num": "4", "textProcessed": ["anlass", "april", "erfolgt", "durchsuch", "wohnung", "angeklagt", "neb", "kleinstmeng", "marihuana", "insgesamt", "teilweis", "versteckt", "euro", "aufgefund", "beschlagnahmt", "word", "zugrundelieg", "ermittlungsverfahr", "angeklagt", "wurd", "juni", "btmg", "eingestellt", "geldbetrag", "wurd", "septemb", "anschlussbeschlagnahm", "moglich", "einziehungsgegenstand", "vorlieg", "verfahr", "beschlagnahmt"], "text": "Anl\u00e4sslich einer im April 2009 erfolgten Durchsuchung der Wohnung des Angeklagten waren neben Kleinstmengen Marihuana auch insgesamt \u2013 teilweise versteckt \u2013 70.750 Euro aufgefunden und beschlagnahmt worden. Das zugrundeliegende (andere) Ermittlungsverfahren gegen den Angeklagten wurde am 22. Juni 2009 nach \u00a7 31a BtMG eingestellt. Der Geldbetrag wurde am 2. September 2009 im Wege der Anschlussbeschlagnahme als m\u00f6glicher Einziehungsgegenstand f\u00fcr das vorliegende Verfahren beschlagnahmt."}, {"num": "5", "textProcessed": ["einkomm", "vermogensverhaltnis", "landgericht", "festgestellt", "dass", "angeklagt", "seit", "jahr", "zunach", "beschaft", "vollzug", "freiheitsstraf", "urteil", "landgericht", "berlin", "novemb", "fand", "tatig", "lagerarbeit", "grosshandel", "vorzeit", "entlass", "haft", "dezemb", "ausubt", "zuletzt", "erzielt", "beschaft", "monat", "einkunft", "hoh", "etwa", "euro", "pkw", "handelt", "opel", "corsa"], "text": "Zu den Einkommens- und Verm\u00f6gensverh\u00e4ltnissen hat das Landgericht festgestellt, dass der Angeklagte seit dem Jahr 2002 zun\u00e4chst ohne Besch\u00e4ftigung war. W\u00e4hrend des Vollzugs einer Freiheitsstrafe aus dem Urteil des Landgerichts Berlin vom 21. November 2006 fand er eine T\u00e4tigkeit als Lagerarbeiter in einem Gro\u00dfhandel, die er auch nach der vorzeitigen Entlassung aus der Haft im Dezember 2008 weiter aus\u00fcbte. Zuletzt erzielte er aus dieser Besch\u00e4ftigung monatliche Eink\u00fcnfte in H\u00f6he von etwa 780 Euro. Bei seinem Pkw handelte es sich um einen Opel Corsa."}, {"num": "6", "textProcessed": ["frag", "verfallsanordn", "landgericht", "aufgrund", "rechtsfehlerfrei", "getroff", "feststell", "zutreff", "ausgefuhrt", "dass", "stgb", "anwend", "find", "april", "aufgefund", "geldbetrag", "zusammenhang", "betaubungsmittelgeschaft", "juli", "steh", "ua", "dass", "stgb", "vernein", "sei", "angeklagt", "geldbetrag", "wed", "tat", "erlangt", "ua"], "text": "Zur Frage der Verfallsanordnung hat das Landgericht aufgrund der rechtsfehlerfrei getroffenen Feststellungen zutreffend ausgef\u00fchrt, dass \u00a7 73 StGB keine Anwendung finde, weil der im April 2009 aufgefundene Geldbetrag in keinem Zusammenhang mit dem Bet\u00e4ubungsmittelgesch\u00e4ft im Juli 2009 stehe (UA S. 10), und dass \u00a7 74 StGB zu verneinen sei, da der Angeklagte den Geldbetrag weder f\u00fcr die Tat noch aus ihr erlangt habe (UA S. 18)."}, {"num": "7", "textProcessed": ["anordn", "erweitert", "verfall", "stgb", "bleibt", "jedoch", "urteil", "unerortert", "halt", "rechtlich", "nachpruf", "stand", "angeklagt", "begang", "beihilf", "unerlaubt", "handeltreib", "betaubungsmitteln", "gering", "meng", "gemass", "abs", "nr", "btmg", "stgb", "kommt", "erweitert", "verfall", "betracht", "abs", "nr", "btmg", "stgb", "verweist", "regel", "gegenstand", "rechtswidr", "tat", "beteiligt", "gebot", "verfassungskonform", "ausleg", "vorschrift", "verfall", "erklart", "tatgericht", "beweiserheb", "beweiswurd", "davon", "uberzeugt", "dass", "verfallsanordn", "erfasst", "gegenstand", "rechtswidr", "tat", "unmittelbar", "erlangt", "word", "dass", "einzeln", "festgestellt", "vgl", "bghst", "bghr", "stgb", "gegenstand", "fisch", "stgb", "aufl", "rdn", "dass", "anknupfungstat", "abgeurteilt", "tat", "begang", "word", "steht", "anordn", "stgb", "entgeg", "vgl", "bgh", "nstz", "rr", "eser", "schonk", "schrod", "stgb", "aufl", "rdn"], "text": "Die Anordnung des erweiterten Verfalls nach \u00a7 73d StGB bleibt jedoch im Urteil uner\u00f6rtert. Das h\u00e4lt rechtlicher Nachpr\u00fcfung nicht stand. Bei der vom Angeklagten begangenen Beihilfe zum unerlaubten Handeltreiben mit Bet\u00e4ubungsmitteln in nicht geringer Menge gem\u00e4\u00df \u00a7 29a Abs. 1 Nr. 2 BtMG, \u00a7 27 StGB kommt der erweiterte Verfall in Betracht, weil \u00a7 33 Abs. 1 Nr. 2 BtMG auf \u00a7 73d StGB verweist. Nach dieser Regelung k\u00f6nnen Gegenst\u00e4nde eines an der rechtswidrigen Tat Beteiligten bei der gebotenen verfassungskonformen Auslegung der Vorschrift f\u00fcr verfallen erkl\u00e4rt werden, wenn das Tatgericht nach Beweiserhebung und Beweisw\u00fcrdigung davon \u00fcberzeugt ist, dass die von der Verfallsanordnung erfassten Gegenst\u00e4nde f\u00fcr rechtswidrige Taten oder aus ihnen unmittelbar erlangt worden sind, ohne dass diese im Einzelnen festgestellt werden m\u00fcssen (vgl. BGHSt 40, 371, 373; BGHR StGB \u00a7 73d Gegenst\u00e4nde 4; Fischer, StGB 57. Aufl. \u00a7 73d Rdn. 5 m.w.N.). Dass die Ankn\u00fcpfungstat vor der hier abgeurteilten Tat begangen worden ist, steht einer Anordnung nach \u00a7 73d StGB nicht entgegen (vgl. BGH NStZ-RR 2009, 384; Eser in Sch\u00f6nke/Schr\u00f6der, StGB 27. Aufl. \u00a7 73d Rdn. 14 m.w.N.)."}, {"num": "8", "textProcessed": ["landgericht", "hatt", "einzeln", "auseinandersetz", "angeklagt", "beschlagnahmt", "euro", "rechtswidr", "tat", "herruhr", "hierfur", "besteh", "lag", "fall", "gewicht", "anhaltspunkt", "geld", "teilweis", "versteckt", "wurd", "zusamm", "betaubungsmitteln", "aufgefund", "person", "verhaltnis", "angeklagt", "insbesond", "einkommensverhaltnis", "eher", "bescheid", "vermogenslag", "legal", "einkunftsquell", "besteht", "deutlich", "diskrepanz"], "text": "Das Landgericht h\u00e4tte sich im Einzelnen damit auseinandersetzen m\u00fcssen, ob die bei dem Angeklagten beschlagnahmten 70.750 Euro aus anderen rechtswidrigen Taten herr\u00fchren. Hierf\u00fcr bestehen nach Lage des Falls gewichtige Anhaltspunkte. Das Geld war teilweise versteckt und wurde zusammen mit Bet\u00e4ubungsmitteln aufgefunden. Die pers\u00f6nlichen Verh\u00e4ltnisse des Angeklagten, insbesondere seine Einkommensverh\u00e4ltnisse, sind eher bescheiden. Zwischen seiner Verm\u00f6genslage und seiner legalen Einkunftsquelle besteht eine deutliche Diskrepanz."}, {"num": "9", "textProcessed": ["fehl", "gebot", "erorter", "stellt", "hintergrund", "sachmangel", "dar", "aufheb", "urteil", "fuhrt", "soweit", "anordn", "erweitert", "verfall", "unterblieb"], "text": "Das Fehlen der gebotenen Er\u00f6rterung stellt vor diesem Hintergrund einen Sachmangel dar, der zur Aufhebung des Urteils f\u00fchrt, soweit die Anordnung des erweiterten Verfalls unterblieben ist."}], "norm": ["\u00a7 29a Nr 2  BtMG", "\u00a7 33 Nr 2 BtMG", "\u00a7 27 StGB", "\u00a7 73d StGB"], "doktyp": "Urteil", "regionLong": "Bundesrepublik Deutschland", "sonstlt": "", "gruendeProcessed": ["landgericht", "angeklagt", "beihilf", "unerlaubt", "handeltreib", "betaubungsmitteln", "gering", "meng", "freiheitsstraf", "drei", "jahr", "verurteilt", "staatsanwaltschaft", "ungun", "angeklagt", "eingelegt", "revision", "wirksam", "nichtanordn", "erweitert", "verfall", "beschrankt", "generalbundesanwalt", "vertret", "rechtsmittel", "erfolg", "landgericht", "wesent", "folgend", "feststell", "getroff", "angeklagt", "stellt", "juli", "kenntnis", "umsatz", "mehr", "kilogramm", "marihuana", "gerichtet", "geschaft", "nichtrevident", "pkw", "transport", "betaubungsmittel", "ubergabeort", "verfug", "uberwacht", "ubergabeort", "sowi", "geschaftspartn", "nichtrevident", "herbeischaff", "rauschgift", "vorubergeh", "ortsabwes", "anlass", "april", "erfolgt", "durchsuch", "wohnung", "angeklagt", "neb", "kleinstmeng", "marihuana", "insgesamt", "teilweis", "versteckt", "euro", "aufgefund", "beschlagnahmt", "word", "zugrundelieg", "ermittlungsverfahr", "angeklagt", "wurd", "juni", "btmg", "eingestellt", "geldbetrag", "wurd", "septemb", "anschlussbeschlagnahm", "moglich", "einziehungsgegenstand", "vorlieg", "verfahr", "beschlagnahmt", "einkomm", "vermogensverhaltnis", "landgericht", "festgestellt", "dass", "angeklagt", "seit", "jahr", "zunach", "beschaft", "vollzug", "freiheitsstraf", "urteil", "landgericht", "berlin", "novemb", "fand", "tatig", "lagerarbeit", "grosshandel", "vorzeit", "entlass", "haft", "dezemb", "ausubt", "zuletzt", "erzielt", "beschaft", "monat", "einkunft", "hoh", "etwa", "euro", "pkw", "handelt", "opel", "corsa", "ii", "frag", "verfallsanordn", "landgericht", "aufgrund", "rechtsfehlerfrei", "getroff", "feststell", "zutreff", "ausgefuhrt", "dass", "stgb", "anwend", "find", "april", "aufgefund", "geldbetrag", "zusammenhang", "betaubungsmittelgeschaft", "juli", "steh", "ua", "dass", "stgb", "vernein", "sei", "angeklagt", "geldbetrag", "wed", "tat", "erlangt", "ua", "anordn", "erweitert", "verfall", "stgb", "bleibt", "jedoch", "urteil", "unerortert", "halt", "rechtlich", "nachpruf", "stand", "angeklagt", "begang", "beihilf", "unerlaubt", "handeltreib", "betaubungsmitteln", "gering", "meng", "gemass", "abs", "nr", "btmg", "stgb", "kommt", "erweitert", "verfall", "betracht", "abs", "nr", "btmg", "stgb", "verweist", "regel", "gegenstand", "rechtswidr", "tat", "beteiligt", "gebot", "verfassungskonform", "ausleg", "vorschrift", "verfall", "erklart", "tatgericht", "beweiserheb", "beweiswurd", "davon", "uberzeugt", "dass", "verfallsanordn", "erfasst", "gegenstand", "rechtswidr", "tat", "unmittelbar", "erlangt", "word", "dass", "einzeln", "festgestellt", "vgl", "bghst", "bghr", "stgb", "gegenstand", "fisch", "stgb", "aufl", "rdn", "dass", "anknupfungstat", "abgeurteilt", "tat", "begang", "word", "steht", "anordn", "stgb", "entgeg", "vgl", "bgh", "nstz", "rr", "eser", "schonk", "schrod", "stgb", "aufl", "rdn", "landgericht", "hatt", "einzeln", "auseinandersetz", "angeklagt", "beschlagnahmt", "euro", "rechtswidr", "tat", "herruhr", "hierfur", "besteh", "lag", "fall", "gewicht", "anhaltspunkt", "geld", "teilweis", "versteckt", "wurd", "zusamm", "betaubungsmitteln", "aufgefund", "person", "verhaltnis", "angeklagt", "insbesond", "einkommensverhaltnis", "eher", "bescheid", "vermogenslag", "legal", "einkunftsquell", "besteht", "deutlich", "diskrepanz", "fehl", "gebot", "erorter", "stellt", "hintergrund", "sachmangel", "dar", "aufheb", "urteil", "fuhrt", "soweit", "anordn", "erweitert", "verfall", "unterblieb", "braus", "solin", "stojanovi\u0107", "schaal", "jag", "konig"], "mitwirkung": "", "aktenzeichen": "5 StR 184/10", "language": "deutsch", "gertyp": "BGH", "leitsatz": "", "gruende": "\n      <div>\n         <dl class=\"RspDL\">\n            <dt>\n               <a name=\"rd_1\">1</a>\n            </dt>\n            <dd>\n               <p>Das Landgericht hat den Angeklagten G. wegen Beihilfe zum unerlaubten Handeltreiben mit Bet\u00e4ubungsmitteln in nicht geringer Menge zu einer Freiheitsstrafe von drei Jahren verurteilt. Die Staatsanwaltschaft hat ihre zu Ungunsten des Angeklagten eingelegte Revision wirksam auf die Nichtanordnung des erweiterten Verfalls beschr\u00e4nkt. Das vom Generalbundesanwalt vertretene Rechtsmittel hat Erfolg.</p>\n            </dd>\n         </dl>\n         <dl class=\"RspDL\">\n            <dt/>\n            <dd>\n               <p/>\n            </dd>\n         </dl>\n         <dl class=\"RspDL\">\n            <dt/>\n            <dd>\n               <p>I.</p>\n            </dd>\n         </dl>\n         <dl class=\"RspDL\">\n            <dt/>\n            <dd>\n               <p/>\n            </dd>\n         </dl>\n         <dl class=\"RspDL\">\n            <dt>\n               <a name=\"rd_2\">2</a>\n            </dt>\n            <dd>\n               <p>Das Landgericht hat im Wesentlichen folgende Feststellungen getroffen:</p>\n            </dd>\n         </dl>\n         <dl class=\"RspDL\">\n            <dt/>\n            <dd>\n               <p/>\n            </dd>\n         </dl>\n         <dl class=\"RspDL\">\n            <dt>\n               <a name=\"rd_3\">3</a>\n            </dt>\n            <dd>\n               <p>Der Angeklagte stellte am 28. Juli 2009 in Kenntnis eines auf den Umsatz von mehreren Kilogramm Marihuana gerichteten Gesch\u00e4fts des Nichtrevidenten R. diesem seinen Pkw f\u00fcr den Transport der Bet\u00e4ubungsmittel zum \u00dcbergabeort zur Verf\u00fcgung und \u00fcberwachte den \u00dcbergabeort sowie die \"Gesch\u00e4ftspartner\" des Nichtrevidenten, als dieser wegen des Herbeischaffens des Rauschgifts vor\u00fcbergehend ortsabwesend war.</p>\n            </dd>\n         </dl>\n         <dl class=\"RspDL\">\n            <dt/>\n            <dd>\n               <p/>\n            </dd>\n         </dl>\n         <dl class=\"RspDL\">\n            <dt>\n               <a name=\"rd_4\">4</a>\n            </dt>\n            <dd>\n               <p>Anl\u00e4sslich einer im April 2009 erfolgten Durchsuchung der Wohnung des Angeklagten waren neben Kleinstmengen Marihuana auch insgesamt \u2013 teilweise versteckt \u2013 70.750 Euro aufgefunden und beschlagnahmt worden. Das zugrundeliegende (andere) Ermittlungsverfahren gegen den Angeklagten wurde am 22. Juni 2009 nach \u00a7 31a BtMG eingestellt. Der Geldbetrag wurde am 2. September 2009 im Wege der Anschlussbeschlagnahme als m\u00f6glicher Einziehungsgegenstand f\u00fcr das vorliegende Verfahren beschlagnahmt.</p>\n            </dd>\n         </dl>\n         <dl class=\"RspDL\">\n            <dt/>\n            <dd>\n               <p/>\n            </dd>\n         </dl>\n         <dl class=\"RspDL\">\n            <dt>\n               <a name=\"rd_5\">5</a>\n            </dt>\n            <dd>\n               <p>Zu den Einkommens- und Verm\u00f6gensverh\u00e4ltnissen hat das Landgericht festgestellt, dass der Angeklagte seit dem Jahr 2002 zun\u00e4chst ohne Besch\u00e4ftigung war. W\u00e4hrend des Vollzugs einer Freiheitsstrafe aus dem Urteil des Landgerichts Berlin vom 21. November 2006 fand er eine T\u00e4tigkeit als Lagerarbeiter in einem Gro\u00dfhandel, die er auch nach der vorzeitigen Entlassung aus der Haft im Dezember 2008 weiter aus\u00fcbte. Zuletzt erzielte er aus dieser Besch\u00e4ftigung monatliche Eink\u00fcnfte in H\u00f6he von etwa 780 Euro. Bei seinem Pkw handelte es sich um einen Opel Corsa.</p>\n            </dd>\n         </dl>\n         <dl class=\"RspDL\">\n            <dt/>\n            <dd>\n               <p/>\n            </dd>\n         </dl>\n         <dl class=\"RspDL\">\n            <dt/>\n            <dd>\n               <p>II.</p>\n            </dd>\n         </dl>\n         <dl class=\"RspDL\">\n            <dt/>\n            <dd>\n               <p/>\n            </dd>\n         </dl>\n         <dl class=\"RspDL\">\n            <dt>\n               <a name=\"rd_6\">6</a>\n            </dt>\n            <dd>\n               <p>Zur Frage der Verfallsanordnung hat das Landgericht aufgrund der rechtsfehlerfrei getroffenen Feststellungen zutreffend ausgef\u00fchrt, dass \u00a7 73 StGB keine Anwendung finde, weil der im April 2009 aufgefundene Geldbetrag in keinem Zusammenhang mit dem Bet\u00e4ubungsmittelgesch\u00e4ft im Juli 2009 stehe (UA S. 10), und dass \u00a7 74 StGB zu verneinen sei, da der Angeklagte den Geldbetrag weder f\u00fcr die Tat noch aus ihr erlangt habe (UA S. 18).</p>\n            </dd>\n         </dl>\n         <dl class=\"RspDL\">\n            <dt/>\n            <dd>\n               <p/>\n            </dd>\n         </dl>\n         <dl class=\"RspDL\">\n            <dt>\n               <a name=\"rd_7\">7</a>\n            </dt>\n            <dd>\n               <p>Die Anordnung des erweiterten Verfalls nach \u00a7 73d StGB bleibt jedoch im Urteil uner\u00f6rtert. Das h\u00e4lt rechtlicher Nachpr\u00fcfung nicht stand. Bei der vom Angeklagten begangenen Beihilfe zum unerlaubten Handeltreiben mit Bet\u00e4ubungsmitteln in nicht geringer Menge gem\u00e4\u00df \u00a7 29a Abs. 1 Nr. 2 BtMG, \u00a7 27 StGB kommt der erweiterte Verfall in Betracht, weil \u00a7 33 Abs. 1 Nr. 2 BtMG auf \u00a7 73d StGB verweist. Nach dieser Regelung k\u00f6nnen Gegenst\u00e4nde eines an der rechtswidrigen Tat Beteiligten bei der gebotenen verfassungskonformen Auslegung der Vorschrift f\u00fcr verfallen erkl\u00e4rt werden, wenn das Tatgericht nach Beweiserhebung und Beweisw\u00fcrdigung davon \u00fcberzeugt ist, dass die von der Verfallsanordnung erfassten Gegenst\u00e4nde f\u00fcr rechtswidrige Taten oder aus ihnen unmittelbar erlangt worden sind, ohne dass diese im Einzelnen festgestellt werden m\u00fcssen (vgl. BGHSt 40, 371, 373; BGHR StGB \u00a7 73d Gegenst\u00e4nde 4; Fischer, StGB 57. Aufl. \u00a7 73d Rdn. 5 m.w.N.). Dass die Ankn\u00fcpfungstat vor der hier abgeurteilten Tat begangen worden ist, steht einer Anordnung nach \u00a7 73d StGB nicht entgegen (vgl. BGH NStZ-RR 2009, 384; Eser in Sch\u00f6nke/Schr\u00f6der, StGB 27. Aufl. \u00a7 73d Rdn. 14 m.w.N.).</p>\n            </dd>\n         </dl>\n         <dl class=\"RspDL\">\n            <dt/>\n            <dd>\n               <p/>\n            </dd>\n         </dl>\n         <dl class=\"RspDL\">\n            <dt>\n               <a name=\"rd_8\">8</a>\n            </dt>\n            <dd>\n               <p>Das Landgericht h\u00e4tte sich im Einzelnen damit auseinandersetzen m\u00fcssen, ob die bei dem Angeklagten beschlagnahmten 70.750 Euro aus anderen rechtswidrigen Taten herr\u00fchren. Hierf\u00fcr bestehen nach Lage des Falls gewichtige Anhaltspunkte. Das Geld war teilweise versteckt und wurde zusammen mit Bet\u00e4ubungsmitteln aufgefunden. Die pers\u00f6nlichen Verh\u00e4ltnisse des Angeklagten, insbesondere seine Einkommensverh\u00e4ltnisse, sind eher bescheiden. Zwischen seiner Verm\u00f6genslage und seiner legalen Einkunftsquelle besteht eine deutliche Diskrepanz.</p>\n            </dd>\n         </dl>\n         <dl class=\"RspDL\">\n            <dt/>\n            <dd>\n               <p/>\n            </dd>\n         </dl>\n         <dl class=\"RspDL\">\n            <dt>\n               <a name=\"rd_9\">9</a>\n            </dt>\n            <dd>\n               <p>Das Fehlen der gebotenen Er\u00f6rterung stellt vor diesem Hintergrund einen Sachmangel dar, der zur Aufhebung des Urteils f\u00fchrt, soweit die Anordnung des erweiterten Verfalls unterblieben ist.</p>\n            </dd>\n         </dl>\n         <dl class=\"RspDL\">\n            <dt/>\n            <dd>\n               <p/>\n            </dd>\n         </dl>\n         <dl class=\"RspDL\">\n            <dt/>\n            <dd>\n               <p>Brause\u00a0\u00a0\u00a0\u00a0\u00a0\u00a0\u00a0\u00a0\u00a0\u00a0\u00a0\u00a0\u00a0\u00a0\u00a0\u00a0\u00a0\u00a0\u00a0\u00a0\u00a0\u00a0\u00a0\u00a0\u00a0\u00a0\u00a0\u00a0\u00a0\u00a0\u00a0Solin-Stojanovi\u0107\u00a0\u00a0\u00a0\u00a0\u00a0\u00a0\u00a0\u00a0\u00a0\u00a0\u00a0\u00a0\u00a0\u00a0\u00a0\u00a0\u00a0\u00a0\u00a0\u00a0\u00a0\u00a0\u00a0\u00a0\u00a0\u00a0\u00a0\u00a0\u00a0\u00a0\u00a0\u00a0Schaal</p>\n            </dd>\n         </dl>\n         <dl class=\"RspDL\">\n            <dt/>\n            <dd>\n               <p>\u00a0\u00a0\u00a0\u00a0\u00a0\u00a0\u00a0\u00a0\u00a0\u00a0\u00a0\u00a0\u00a0\u00a0\u00a0\u00a0\u00a0\u00a0\u00a0\u00a0\u00a0\u00a0J\u00e4ger\u00a0\u00a0\u00a0\u00a0\u00a0\u00a0\u00a0\u00a0\u00a0\u00a0\u00a0\u00a0\u00a0\u00a0\u00a0\u00a0\u00a0\u00a0\u00a0\u00a0\u00a0\u00a0\u00a0\u00a0\u00a0\u00a0\u00a0\u00a0\u00a0\u00a0\u00a0\u00a0\u00a0\u00a0\u00a0\u00a0\u00a0\u00a0\u00a0\u00a0\u00a0\u00a0\u00a0\u00a0\u00a0\u00a0K\u00f6nig</p>\n            </dd>\n         </dl>\n         <dl class=\"RspDL\">\n            <dt/>\n            <dd>\n               <p/>\n            </dd>\n         </dl>\n      </div>\n   ", "accessRights": "public", "gerort": "", "entschDatum": "20100804", "coverage": "Deutschland", "titel": "\n      <dl class=\"RspDL\">\n         <dt/>\n         <dd>\n            <p>Anordnung des erweiterten Verfalls bei Beihilfe zum unerlaubten Handeltreiben mit Bet\u00e4ubungsmitteln in nicht geringer Menge</p>\n         </dd>\n      </dl>\n   ", "ecli": "", "identifier": "http://www.rechtsprechung-im-internet.de/jportal/?quelle=jlink&docid=JURE100069034&psml=bsjrsprod.psml&max=true", "spruchkoerper": "5. Strafsenat", "vorinstanz": "vorgehend LG Berlin, 17. Dezember 2009, Az: (502) 69 Js 160/09 KLs (38/09), Urteil\n   ", "doknr": "JURE100069034", "abweichendeMeinung": "", "tenor": "\n      <div>\n         <dl class=\"RspDL\">\n            <dt/>\n            <dd>\n               <p>1. Auf die Revision der Staatsanwaltschaft wird das Urteil des Landgerichts Berlin vom 17. Dezember 2009 mit den zugeh\u00f6rigen Feststellungen aufgehoben, soweit von der Anordnung des erweiterten Verfalls abgesehen worden ist.</p>\n            </dd>\n         </dl>\n         <dl class=\"RspDL\">\n            <dt/>\n            <dd>\n               <p/>\n            </dd>\n         </dl>\n         <dl class=\"RspDL\">\n            <dt/>\n            <dd>\n               <p>2. Im Umfang der Aufhebung wird die Sache zu neuer Verhandlung und Entscheidung, auch \u00fcber die Kosten des Rechtsmittels, an eine andere Strafkammer des Landgerichts zur\u00fcckverwiesen.</p>\n            </dd>\n         </dl>\n         <dl class=\"RspDL\">\n            <dt/>\n            <dd>\n               <p/>\n            </dd>\n         </dl>\n         <dl class=\"RspDL\">\n            <dt/>\n            <dd>\n               <p>\u2013 Von Rechts wegen \u2013</p>\n            </dd>\n         </dl>\n         <dl class=\"RspDL\">\n            <dt/>\n            <dd>\n               <p/>\n            </dd>\n         </dl>\n      </div>\n   ", "regionAbk": "DEU"}