{"publisher": "BMJV", "tatbestand": "", "absaetze": [{"num": "1", "textProcessed": ["landgericht", "angeklagt", "ch", "ausspah", "dat", "tatein", "gewerb", "bandenmass", "falschung", "zahlungskart", "garantiefunktion", "vier", "fall", "davon", "zwei", "fall", "gewerb", "bandenmass", "computerbetrug", "angeklagt", "ausspah", "dat", "tatein", "gewerb", "bandenmass", "falschung", "zahlungskart", "garantiefunktion", "drei", "fall", "davon", "zwei", "fall", "tatein", "beihilf", "gewerb", "bandenmass", "computerbetrug", "beihilf", "falschung", "zahlungskart", "garantiefunktion", "schuldig", "gesproch", "angeklagt", "jeweil", "gesamtfreiheitsstraf", "funf", "jahr", "angeklagt", "ch", "gesamtfreiheitsstraf", "funf", "jahr", "neun", "monat", "angeklagt", "gesamtfreiheitsstraf", "funf", "jahr", "drei", "monat", "verurteilt", "revision", "rug", "angeklagt", "verletz", "sachlich", "recht", "angeklagt", "ch", "beanstand", "fern", "verfahr"], "text": "Das Landgericht hat die Angeklagten V., Ch.\u00a0und N.\u00a0des Aussp\u00e4hens von Daten in Tateinheit mit gewerbs- und bandenm\u00e4\u00dfiger F\u00e4lschung von Zahlungskarten mit Garantiefunktion in vier F\u00e4llen, davon in zwei F\u00e4llen mit gewerbs- und bandenm\u00e4\u00dfigem Computerbetrug, und den Angeklagten P.\u00a0des Aussp\u00e4hens von Daten in Tateinheit mit gewerbs- und bandenm\u00e4\u00dfiger F\u00e4lschung von Zahlungskarten mit Garantiefunktion in drei F\u00e4llen, davon in zwei F\u00e4llen in Tateinheit mit Beihilfe zum gewerbs- und bandenm\u00e4\u00dfigen Computerbetrug, und der Beihilfe zur F\u00e4lschung von Zahlungskarten mit Garantiefunktion schuldig gesprochen. Es hat die Angeklagten V.\u00a0und N.\u00a0jeweils zu einer Gesamtfreiheitsstrafe von f\u00fcnf Jahren, den Angeklagten Ch.\u00a0zu einer Gesamtfreiheitsstrafe von f\u00fcnf Jahren und neun Monaten und den Angeklagten P.\u00a0zu einer Gesamtfreiheitsstrafe von f\u00fcnf Jahren und drei Monaten verurteilt. Mit ihren Revisionen r\u00fcgen die Angeklagten die Verletzung sachlichen Rechts; die Angeklagten P., Ch.\u00a0und N.\u00a0beanstanden ferner das Verfahren."}, {"num": "2", "textProcessed": ["revision", "beschlussformel", "ersicht", "umfang", "erfolg", "ubrig", "unbegrundet", "sinn", "abs", "stpo"], "text": "Die Revisionen haben in dem aus der Beschlussformel ersichtlichen Umfang Erfolg; im \u00dcbrigen sind sie unbegr\u00fcndet im Sinne des \u00a7 349 Abs. 2 StPO."}, {"num": "3", "textProcessed": ["vorwurf", "jeweil", "tateinheit", "begang", "ausspah", "dat", "zustimm", "generalbundesanwalt", "verfahrensokonom", "grund", "gemass", "abs", "nr", "abs", "stpo", "verfolg", "ausgenomm", "auffass", "senat", "erfullt", "bloss", "ausles", "magnetstreif", "zahlungskart", "gespeichert", "dat", "dat", "kartendublett", "herzustell", "tatbestand", "ausspah", "dat", "abs", "stgb", "setzt", "voraus", "dass", "tat", "zugang", "dat", "unberechtigt", "zugang", "besond", "gesichert", "uberwind", "zugangssicher", "verschafft", "uberwind", "zugangssicher", "bedarf", "ledig", "ausgeles", "weit", "mittel", "handelsub", "lesegerat", "ebenfall", "handel", "erhalt", "softwar", "moglich", "dass", "dat", "magnet", "unmittelbar", "wahrnehmbar", "gespeichert", "stellt", "besond", "sicher", "unberechtigt", "zugang", "dar", "vielmehr", "handelt", "gemass", "abs", "stgb", "dat", "weis", "gespeichert", "dat", "sinn", "abs", "vorschrift", "schon", "daraus", "ergibt", "dass", "schon", "art", "speicher", "besond", "sicher", "sinn", "abs", "stgb", "darstellt", "dass", "darub", "hinaus", "vorkehr", "getroff", "unbefugt", "zugriff", "dat", "ausschliess", "zumind", "erheb", "erschw", "vgl", "fisch", "stgb", "aufl", "rdn", "senat", "sieht", "schuldspruch", "urteil", "strafsenat", "mai", "str", "nstz", "gehindert", "rucksicht", "darauf", "dass", "abschluss", "revisionsverfahr", "durchfuhr", "klarung", "rechtsfrag", "erford", "anfrageverfahr", "moglicherweis", "danach", "gebot", "anruf", "gross", "senat", "strafsach", "erheb", "verzog", "sieht", "senat", "klarung", "rechtsfrag", "verfahr", "ab", "zud", "fallt", "freiheitsstraf", "drei", "jahr", "geldstraf", "bedroht", "vergeh", "ausspah", "dat", "gegenub", "verbrech", "falschung", "zahlungskart", "garantiefunktion", "betracht", "gewicht"], "text": "1. Der Vorwurf des jeweils tateinheitlich begangenen Aussp\u00e4hens von Daten wird mit Zustimmung des Generalbundesanwalts aus verfahrens\u00f6konomischen Gr\u00fcnden gem\u00e4\u00df \u00a7 154 a Abs. 1 Nr. 1, Abs. 2 StPO von der Verfolgung ausgenommen. Nach Auffassung des Senats erf\u00fcllt das blo\u00dfe Auslesen von auf dem Magnetstreifen einer Zahlungskarte gespeicherten Daten, um mit diesen Daten Kartendubletten herzustellen, nicht den Tatbestand des Aussp\u00e4hens von Daten. \u00a7 202 a Abs. 1 StGB setzt u.a. voraus, dass der T\u00e4ter sich oder einem anderen den Zugang zu Daten, die gegen unberechtigten Zugang besonders gesichert sind, unter \u00dcberwindung der Zugangssicherung verschafft. Der \u00dcberwindung einer solchen Zugangssicherung bedarf es aber nicht, wenn diese lediglich ausgelesen werden sollen. Dies ist ohne Weiteres mittels eines handels\u00fcblichen Leseger\u00e4ts und der ebenfalls im Handel erh\u00e4ltlichen Software m\u00f6glich. Dass Daten magnetisch und damit nicht unmittelbar wahrnehmbar gespeichert sind, stellt keine besondere Sicherung gegen unberechtigten Zugang dar. Vielmehr handelt es sich gem\u00e4\u00df \u00a7 202 a Abs. 2 StGB nur bei Daten, die auf diese Weise gespeichert sind, um Daten im Sinne des Abs. 1 dieser Vorschrift. Schon daraus ergibt sich, dass nicht schon diese Art der Speicherung eine besondere Sicherung im Sinne des \u00a7 202 a Abs. 1 StGB darstellt, sondern dass dar\u00fcber hinaus Vorkehrungen getroffen sein m\u00fcssen, die den unbefugten Zugriff auf Daten ausschlie\u00dfen oder zumindest erheblich erschweren (vgl. Fischer StGB 57. Aufl. \u00a7 202 a Rdn. 8). Der Senat sieht sich an einer \u00c4nderung des Schuldspruchs durch das Urteil des 3. Strafsenats vom 10. Mai 2005 - 3 StR 425/04 (NStZ 2005, 566) gehindert. Mit R\u00fccksicht darauf, dass sich der Abschluss des Revisionsverfahrens durch die Durchf\u00fchrung des zur Kl\u00e4rung der Rechtsfrage erforderlichen Anfrageverfahrens und die m\u00f6glicherweise danach gebotene Anrufung des Gro\u00dfen Senats f\u00fcr Strafsachen erheblich verz\u00f6gern w\u00fcrde, sieht der Senat von der Kl\u00e4rung dieser Rechtsfrage in diesem Verfahren ab. Zudem f\u00e4llt das mit Freiheitsstrafe bis zu drei Jahren oder mit Geldstrafe bedrohte Vergehen des Aussp\u00e4hens von Daten gegen\u00fcber dem Verbrechen der F\u00e4lschung von Zahlungskarten mit Garantiefunktion nicht betr\u00e4chtlich ins Gewicht."}, {"num": "4", "textProcessed": ["beschrank", "strafverfolg", "fuhrt", "entsprech", "schuldspruch"], "text": "2. Die Beschr\u00e4nkung der Strafverfolgung f\u00fchrt zu entsprechenden \u00c4nderungen der Schuldspr\u00fcche."}, {"num": "5", "textProcessed": ["fallt", "verwirklich", "straftatbestand", "stgb", "neb", "falschung", "zahlungskart", "garantiefunktion", "betracht", "gewicht", "senat", "gleichwohl", "ausschliess", "dass", "verurteil", "angeklagt", "ausspah", "dat", "bemess", "einzelstraf", "beeinflusst", "landgericht", "tateinheit", "verwirklich", "straftatbestand", "angeklagt", "ausdruck", "strafscharf", "gewurdigt", "notigt", "hinsicht", "angeklagt", "ch", "jeweil", "aufheb", "gesamt", "strafausspruch", "hinsicht", "angeklagt", "vorgenannt", "grund", "fall", "iii", "anklag", "verhangt", "einzelstraf", "sowi", "ausspruch", "gesamtstraf", "bestand", "dageg", "weist", "zumess", "fall", "vi", "anklag", "beihilf", "falschung", "zahlungskart", "garantiefunktion", "verhangt", "einzelstraf", "jahr", "sech", "monat", "rechtsfehl", "nachteil", "angeklagt"], "text": "Zwar f\u00e4llt die Verwirklichung des Straftatbestandes des \u00a7 202 a StGB neben der F\u00e4lschung von Zahlungskarten mit Garantiefunktion nicht betr\u00e4chtlich ins Gewicht. Der Senat kann aber gleichwohl nicht ausschlie\u00dfen, dass die Verurteilung der Angeklagten auch wegen Aussp\u00e4hens von Daten die Bemessung der Einzelstrafen beeinflusst hat, weil\u00a0das Landgericht die tateinheitliche Verwirklichung auch dieses Straftatbestandes bei allen Angeklagten ausdr\u00fccklich strafsch\u00e4rfend gew\u00fcrdigt hat. Dies n\u00f6tigt hinsichtlich der Angeklagten V., Ch.\u00a0und N.\u00a0jeweils zur Aufhebung des gesamten Strafausspruchs. Hinsichtlich des Angeklagten P.\u00a0haben aus dem vorgenannten Grund die in den F\u00e4llen I. bis III. der Anklage verh\u00e4ngten Einzelstrafen sowie der Ausspruch \u00fcber die Gesamtstrafe keinen Bestand. Dagegen weist die Zumessung der gegen ihn im Fall VI. der Anklage wegen Beihilfe zur F\u00e4lschung von Zahlungskarten mit Garantiefunktion verh\u00e4ngte Einzelstrafe von einem Jahr und sechs Monaten keinen Rechtsfehler zum Nachteil des Angeklagten auf."}, {"num": "6", "textProcessed": ["grund", "liegend", "feststell", "rechtsfehlerfrei", "getroff", "deshalb", "besteh", "bleib", "erganz", "feststell", "hierzu", "widerspruch", "steh", "moglich"], "text": "Die zu Grunde liegenden Feststellungen sind rechtsfehlerfrei getroffen und k\u00f6nnen deshalb bestehen bleiben. Erg\u00e4nzende Feststellungen, die hierzu nicht in Widerspruch stehen, sind m\u00f6glich."}], "norm": ["\u00a7 202a StGB", "\u00a7 202a StGB"], "doktyp": "Beschluss", "regionLong": "Bundesrepublik Deutschland", "sonstlt": "", "gruendeProcessed": ["landgericht", "angeklagt", "ch", "ausspah", "dat", "tatein", "gewerb", "bandenmass", "falschung", "zahlungskart", "garantiefunktion", "vier", "fall", "davon", "zwei", "fall", "gewerb", "bandenmass", "computerbetrug", "angeklagt", "ausspah", "dat", "tatein", "gewerb", "bandenmass", "falschung", "zahlungskart", "garantiefunktion", "drei", "fall", "davon", "zwei", "fall", "tatein", "beihilf", "gewerb", "bandenmass", "computerbetrug", "beihilf", "falschung", "zahlungskart", "garantiefunktion", "schuldig", "gesproch", "angeklagt", "jeweil", "gesamtfreiheitsstraf", "funf", "jahr", "angeklagt", "ch", "gesamtfreiheitsstraf", "funf", "jahr", "neun", "monat", "angeklagt", "gesamtfreiheitsstraf", "funf", "jahr", "drei", "monat", "verurteilt", "revision", "rug", "angeklagt", "verletz", "sachlich", "recht", "angeklagt", "ch", "beanstand", "fern", "verfahr", "revision", "beschlussformel", "ersicht", "umfang", "erfolg", "ubrig", "unbegrundet", "sinn", "abs", "stpo", "vorwurf", "jeweil", "tateinheit", "begang", "ausspah", "dat", "zustimm", "generalbundesanwalt", "verfahrensokonom", "grund", "gemass", "abs", "nr", "abs", "stpo", "verfolg", "ausgenomm", "auffass", "senat", "erfullt", "bloss", "ausles", "magnetstreif", "zahlungskart", "gespeichert", "dat", "dat", "kartendublett", "herzustell", "tatbestand", "ausspah", "dat", "abs", "stgb", "setzt", "voraus", "dass", "tat", "zugang", "dat", "unberechtigt", "zugang", "besond", "gesichert", "uberwind", "zugangssicher", "verschafft", "uberwind", "zugangssicher", "bedarf", "ledig", "ausgeles", "weit", "mittel", "handelsub", "lesegerat", "ebenfall", "handel", "erhalt", "softwar", "moglich", "dass", "dat", "magnet", "unmittelbar", "wahrnehmbar", "gespeichert", "stellt", "besond", "sicher", "unberechtigt", "zugang", "dar", "vielmehr", "handelt", "gemass", "abs", "stgb", "dat", "weis", "gespeichert", "dat", "sinn", "abs", "vorschrift", "schon", "daraus", "ergibt", "dass", "schon", "art", "speicher", "besond", "sicher", "sinn", "abs", "stgb", "darstellt", "dass", "darub", "hinaus", "vorkehr", "getroff", "unbefugt", "zugriff", "dat", "ausschliess", "zumind", "erheb", "erschw", "vgl", "fisch", "stgb", "aufl", "rdn", "senat", "sieht", "schuldspruch", "urteil", "strafsenat", "mai", "str", "nstz", "gehindert", "rucksicht", "darauf", "dass", "abschluss", "revisionsverfahr", "durchfuhr", "klarung", "rechtsfrag", "erford", "anfrageverfahr", "moglicherweis", "danach", "gebot", "anruf", "gross", "senat", "strafsach", "erheb", "verzog", "sieht", "senat", "klarung", "rechtsfrag", "verfahr", "ab", "zud", "fallt", "freiheitsstraf", "drei", "jahr", "geldstraf", "bedroht", "vergeh", "ausspah", "dat", "gegenub", "verbrech", "falschung", "zahlungskart", "garantiefunktion", "betracht", "gewicht", "beschrank", "strafverfolg", "fuhrt", "entsprech", "schuldspruch", "fallt", "verwirklich", "straftatbestand", "stgb", "neb", "falschung", "zahlungskart", "garantiefunktion", "betracht", "gewicht", "senat", "gleichwohl", "ausschliess", "dass", "verurteil", "angeklagt", "ausspah", "dat", "bemess", "einzelstraf", "beeinflusst", "landgericht", "tateinheit", "verwirklich", "straftatbestand", "angeklagt", "ausdruck", "strafscharf", "gewurdigt", "notigt", "hinsicht", "angeklagt", "ch", "jeweil", "aufheb", "gesamt", "strafausspruch", "hinsicht", "angeklagt", "vorgenannt", "grund", "fall", "iii", "anklag", "verhangt", "einzelstraf", "sowi", "ausspruch", "gesamtstraf", "bestand", "dageg", "weist", "zumess", "fall", "vi", "anklag", "beihilf", "falschung", "zahlungskart", "garantiefunktion", "verhangt", "einzelstraf", "jahr", "sech", "monat", "rechtsfehl", "nachteil", "angeklagt", "grund", "liegend", "feststell", "rechtsfehlerfrei", "getroff", "deshalb", "besteh", "bleib", "erganz", "feststell", "hierzu", "widerspruch", "steh", "moglich", "tepperwi", "athing", "solin", "stojanovi\u0107", "ernemann", "ribgh", "dr", "mutzbau", "istinfolg", "urlaub", "gehindertzu", "unterschreib", "tepperwi"], "mitwirkung": "", "aktenzeichen": "4 StR 93/09", "language": "deutsch", "gertyp": "BGH", "leitsatz": "", "gruende": "\n      <div>\n         <dl class=\"RspDL\">\n            <dt>\n               <a name=\"rd_1\">1</a>\n            </dt>\n            <dd>\n               <p>Das Landgericht hat die Angeklagten V., Ch.\u00a0und N.\u00a0des Aussp\u00e4hens von Daten in Tateinheit mit gewerbs- und bandenm\u00e4\u00dfiger F\u00e4lschung von Zahlungskarten mit Garantiefunktion in vier F\u00e4llen, davon in zwei F\u00e4llen mit gewerbs- und bandenm\u00e4\u00dfigem Computerbetrug, und den Angeklagten P.\u00a0des Aussp\u00e4hens von Daten in Tateinheit mit gewerbs- und bandenm\u00e4\u00dfiger F\u00e4lschung von Zahlungskarten mit Garantiefunktion in drei F\u00e4llen, davon in zwei F\u00e4llen in Tateinheit mit Beihilfe zum gewerbs- und bandenm\u00e4\u00dfigen Computerbetrug, und der Beihilfe zur F\u00e4lschung von Zahlungskarten mit Garantiefunktion schuldig gesprochen. Es hat die Angeklagten V.\u00a0und N.\u00a0jeweils zu einer Gesamtfreiheitsstrafe von f\u00fcnf Jahren, den Angeklagten Ch.\u00a0zu einer Gesamtfreiheitsstrafe von f\u00fcnf Jahren und neun Monaten und den Angeklagten P.\u00a0zu einer Gesamtfreiheitsstrafe von f\u00fcnf Jahren und drei Monaten verurteilt. Mit ihren Revisionen r\u00fcgen die Angeklagten die Verletzung sachlichen Rechts; die Angeklagten P., Ch.\u00a0und N.\u00a0beanstanden ferner das Verfahren.</p>\n            </dd>\n         </dl>\n         <dl class=\"RspDL\">\n            <dt/>\n            <dd>\n               <p/>\n            </dd>\n         </dl>\n         <dl class=\"RspDL\">\n            <dt>\n               <a name=\"rd_2\">2</a>\n            </dt>\n            <dd>\n               <p>Die Revisionen haben in dem aus der Beschlussformel ersichtlichen Umfang Erfolg; im \u00dcbrigen sind sie unbegr\u00fcndet im Sinne des \u00a7 349 Abs. 2 StPO.</p>\n            </dd>\n         </dl>\n         <dl class=\"RspDL\">\n            <dt/>\n            <dd>\n               <p/>\n            </dd>\n         </dl>\n         <dl class=\"RspDL\">\n            <dt>\n               <a name=\"rd_3\">3</a>\n            </dt>\n            <dd>\n               <p>1. Der Vorwurf des jeweils tateinheitlich begangenen Aussp\u00e4hens von Daten wird mit Zustimmung des Generalbundesanwalts aus verfahrens\u00f6konomischen Gr\u00fcnden gem\u00e4\u00df \u00a7 154 a Abs. 1 Nr. 1, Abs. 2 StPO von der Verfolgung ausgenommen. Nach Auffassung des Senats erf\u00fcllt das blo\u00dfe Auslesen von auf dem Magnetstreifen einer Zahlungskarte gespeicherten Daten, um mit diesen Daten Kartendubletten herzustellen, nicht den Tatbestand des Aussp\u00e4hens von Daten. \u00a7 202 a Abs. 1 StGB setzt u.a. voraus, dass der T\u00e4ter sich oder einem anderen den Zugang zu Daten, die gegen unberechtigten Zugang besonders gesichert sind, unter \u00dcberwindung der Zugangssicherung verschafft. Der \u00dcberwindung einer solchen Zugangssicherung bedarf es aber nicht, wenn diese lediglich ausgelesen werden sollen. Dies ist ohne Weiteres mittels eines handels\u00fcblichen Leseger\u00e4ts und der ebenfalls im Handel erh\u00e4ltlichen Software m\u00f6glich. Dass Daten magnetisch und damit nicht unmittelbar wahrnehmbar gespeichert sind, stellt keine besondere Sicherung gegen unberechtigten Zugang dar. Vielmehr handelt es sich gem\u00e4\u00df \u00a7 202 a Abs. 2 StGB nur bei Daten, die auf diese Weise gespeichert sind, um Daten im Sinne des Abs. 1 dieser Vorschrift. Schon daraus ergibt sich, dass nicht schon diese Art der Speicherung eine besondere Sicherung im Sinne des \u00a7 202 a Abs. 1 StGB darstellt, sondern dass dar\u00fcber hinaus Vorkehrungen getroffen sein m\u00fcssen, die den unbefugten Zugriff auf Daten ausschlie\u00dfen oder zumindest erheblich erschweren (vgl. Fischer StGB 57. Aufl. \u00a7 202 a Rdn. 8). Der Senat sieht sich an einer \u00c4nderung des Schuldspruchs durch das Urteil des 3. Strafsenats vom 10. Mai 2005 - 3 StR 425/04 (NStZ 2005, 566) gehindert. Mit R\u00fccksicht darauf, dass sich der Abschluss des Revisionsverfahrens durch die Durchf\u00fchrung des zur Kl\u00e4rung der Rechtsfrage erforderlichen Anfrageverfahrens und die m\u00f6glicherweise danach gebotene Anrufung des Gro\u00dfen Senats f\u00fcr Strafsachen erheblich verz\u00f6gern w\u00fcrde, sieht der Senat von der Kl\u00e4rung dieser Rechtsfrage in diesem Verfahren ab. Zudem f\u00e4llt das mit Freiheitsstrafe bis zu drei Jahren oder mit Geldstrafe bedrohte Vergehen des Aussp\u00e4hens von Daten gegen\u00fcber dem Verbrechen der F\u00e4lschung von Zahlungskarten mit Garantiefunktion nicht betr\u00e4chtlich ins Gewicht.</p>\n            </dd>\n         </dl>\n         <dl class=\"RspDL\">\n            <dt/>\n            <dd>\n               <p/>\n            </dd>\n         </dl>\n         <dl class=\"RspDL\">\n            <dt>\n               <a name=\"rd_4\">4</a>\n            </dt>\n            <dd>\n               <p>2. Die Beschr\u00e4nkung der Strafverfolgung f\u00fchrt zu entsprechenden \u00c4nderungen der Schuldspr\u00fcche.</p>\n            </dd>\n         </dl>\n         <dl class=\"RspDL\">\n            <dt/>\n            <dd>\n               <p/>\n            </dd>\n         </dl>\n         <dl class=\"RspDL\">\n            <dt>\n               <a name=\"rd_5\">5</a>\n            </dt>\n            <dd>\n               <p>Zwar f\u00e4llt die Verwirklichung des Straftatbestandes des \u00a7 202 a StGB neben der F\u00e4lschung von Zahlungskarten mit Garantiefunktion nicht betr\u00e4chtlich ins Gewicht. Der Senat kann aber gleichwohl nicht ausschlie\u00dfen, dass die Verurteilung der Angeklagten auch wegen Aussp\u00e4hens von Daten die Bemessung der Einzelstrafen beeinflusst hat, weil\u00a0das Landgericht die tateinheitliche Verwirklichung auch dieses Straftatbestandes bei allen Angeklagten ausdr\u00fccklich strafsch\u00e4rfend gew\u00fcrdigt hat. Dies n\u00f6tigt hinsichtlich der Angeklagten V., Ch.\u00a0und N.\u00a0jeweils zur Aufhebung des gesamten Strafausspruchs. Hinsichtlich des Angeklagten P.\u00a0haben aus dem vorgenannten Grund die in den F\u00e4llen I. bis III. der Anklage verh\u00e4ngten Einzelstrafen sowie der Ausspruch \u00fcber die Gesamtstrafe keinen Bestand. Dagegen weist die Zumessung der gegen ihn im Fall VI. der Anklage wegen Beihilfe zur F\u00e4lschung von Zahlungskarten mit Garantiefunktion verh\u00e4ngte Einzelstrafe von einem Jahr und sechs Monaten keinen Rechtsfehler zum Nachteil des Angeklagten auf.</p>\n            </dd>\n         </dl>\n         <dl class=\"RspDL\">\n            <dt/>\n            <dd>\n               <p/>\n            </dd>\n         </dl>\n         <dl class=\"RspDL\">\n            <dt>\n               <a name=\"rd_6\">6</a>\n            </dt>\n            <dd>\n               <p>Die zu Grunde liegenden Feststellungen sind rechtsfehlerfrei getroffen und k\u00f6nnen deshalb bestehen bleiben. Erg\u00e4nzende Feststellungen, die hierzu nicht in Widerspruch stehen, sind m\u00f6glich.</p>\n            </dd>\n         </dl>\n         <dl class=\"RspDL\">\n            <dt/>\n            <dd>\n               <p/>\n            </dd>\n         </dl>\n         <dl class=\"RspDL\">\n            <dt/>\n            <dd>\n               <table border=\"0\" cellpadding=\"0\" cellspacing=\"0\" class=\"Rsp\">\n                  <tr>\n                     <td colspan=\"1\" rowspan=\"1\" valign=\"top\">Tepperwien\u00a0\u00a0\u00a0\u00a0\u00a0</td>\n                     <td colspan=\"1\" rowspan=\"1\" valign=\"top\"/>\n                     <td colspan=\"1\" rowspan=\"1\" valign=\"top\">Athing\u00a0\u00a0\u00a0\u00a0\u00a0</td>\n                     <td colspan=\"1\" rowspan=\"1\" valign=\"top\"/>\n                     <td colspan=\"1\" rowspan=\"1\" valign=\"top\">\u00a0\u00a0\u00a0\u00a0\u00a0\u00a0Solin-Stojanovi\u0107</td>\n                  </tr>\n                  <tr>\n                     <td colspan=\"1\" rowspan=\"1\" valign=\"top\"/>\n                     <td colspan=\"1\" rowspan=\"1\" valign=\"top\">Ernemann\u00a0\u00a0\u00a0\u00a0\u00a0</td>\n                     <td colspan=\"1\" rowspan=\"1\" valign=\"top\"/>\n                     <td colspan=\"1\" rowspan=\"1\" valign=\"top\">RiBGH Dr. Mutzbauer ist<br/>infolge Urlaubs gehindert<br/>zu unterschreiben</td>\n                     <td colspan=\"1\" rowspan=\"1\" valign=\"top\"/>\n                  </tr>\n                  <tr>\n                     <td colspan=\"1\" rowspan=\"1\" valign=\"top\"/>\n                     <td colspan=\"1\" rowspan=\"1\" valign=\"top\"/>\n                     <td colspan=\"1\" rowspan=\"1\" valign=\"top\"/>\n                     <td colspan=\"1\" rowspan=\"1\" valign=\"top\">\n                        <p style=\"text-align:center\">Tepperwien</p>\n                     </td>\n                     <td colspan=\"1\" rowspan=\"1\" valign=\"top\"/>\n                  </tr>\n               </table>\n            </dd>\n         </dl>\n         <dl class=\"RspDL\">\n            <dt/>\n            <dd>\n               <p/>\n            </dd>\n         </dl>\n      </div>\n   ", "accessRights": "public", "gerort": "", "entschDatum": "20100114", "coverage": "Deutschland", "titel": "\n      <dl class=\"RspDL\">\n         <dt/>\n         <dd>\n            <p>Aussp\u00e4hen von Daten durch Auslesen von auf dem Magnetstreifen einer Zahlungskarte gespeicherten Daten</p>\n         </dd>\n      </dl>\n   ", "ecli": "", "identifier": "http://www.rechtsprechung-im-internet.de/jportal/?quelle=jlink&docid=JURE100055492&psml=bsjrsprod.psml&max=true", "spruchkoerper": "4. Strafsenat", "vorinstanz": "vorgehend LG M\u00fcnster, 20. November 2008, Az: 9 KLs 210 Js 223/07 - 8/08, Urteil\n   ", "doknr": "JURE100055492", "abweichendeMeinung": "", "tenor": "\n      <div>\n         <dl class=\"RspDL\">\n            <dt/>\n            <dd>\n               <p>1. Auf die Revisionen der Angeklagten wird</p>\n            </dd>\n         </dl>\n         <dl class=\"RspDL\">\n            <dt/>\n            <dd>\n               <p/>\n            </dd>\n         </dl>\n         <dl class=\"RspDL\">\n            <dt/>\n            <dd>\n               <p style=\"margin-left:18pt\">a) mit Zustimmung des Generalbundesanwalts der Vorwurf des jeweils tateinheitlich begangenen Aussp\u00e4hens von Daten gem\u00e4\u00df \u00a7 154 a Abs. 1 Nr. 1, Abs. 2 StPO von der Verfolgung ausgenommen;</p>\n            </dd>\n         </dl>\n         <dl class=\"RspDL\">\n            <dt/>\n            <dd>\n               <p style=\"margin-left:18pt\"/>\n            </dd>\n         </dl>\n         <dl class=\"RspDL\">\n            <dt/>\n            <dd>\n               <p style=\"margin-left:18pt\">b) das angefochtene Urteil des Landgerichts M\u00fcnster vom 20. November 2008, soweit es die Angeklagten betrifft,</p>\n            </dd>\n         </dl>\n         <dl class=\"RspDL\">\n            <dt/>\n            <dd>\n               <p/>\n            </dd>\n         </dl>\n         <dl class=\"RspDL\">\n            <dt/>\n            <dd>\n               <p style=\"margin-left:36pt\">aa) in den Schuldspr\u00fcchen dahin ge\u00e4ndert, dass die Verurteilungen wegen tateinheitlich begangenen Aussp\u00e4hens von Daten entfallen;</p>\n            </dd>\n         </dl>\n         <dl class=\"RspDL\">\n            <dt/>\n            <dd>\n               <p style=\"margin-left:36pt\"/>\n            </dd>\n         </dl>\n         <dl class=\"RspDL\">\n            <dt/>\n            <dd>\n               <p style=\"margin-left:36pt\">bb) hinsichtlich der Angeklagten V., Ch.\u00a0und N.\u00a0jeweils im gesamten Strafausspruch und hinsichtlich des Angeklagten P.\u00a0in den Ausspr\u00fcchen \u00fcber die in den F\u00e4llen I. bis III. der Anklage verh\u00e4ngten Einzelstrafen und \u00fcber die Gesamtstrafe aufgehoben.</p>\n            </dd>\n         </dl>\n         <dl class=\"RspDL\">\n            <dt/>\n            <dd>\n               <p/>\n            </dd>\n         </dl>\n         <dl class=\"RspDL\">\n            <dt/>\n            <dd>\n               <p>2. Die weiter gehenden Revisionen werden verworfen.</p>\n            </dd>\n         </dl>\n         <dl class=\"RspDL\">\n            <dt/>\n            <dd>\n               <p/>\n            </dd>\n         </dl>\n         <dl class=\"RspDL\">\n            <dt/>\n            <dd>\n               <p>3. Im Umfang der Aufhebung wird die Sache zu neuer Verhandlung und Entscheidung, auch \u00fcber die Kosten der Rechtsmittel, an eine andere Strafkammer des Landgerichts zur\u00fcckverwiesen.</p>\n            </dd>\n         </dl>\n         <dl class=\"RspDL\">\n            <dt/>\n            <dd>\n               <p/>\n            </dd>\n         </dl>\n      </div>\n   ", "regionAbk": "DEU"}