{"publisher": "BMJV", "tatbestand": "", "absaetze": [{"num": "1", "textProcessed": ["landgericht", "angeklagt", "menschenhandel", "zweck", "ausbeut", "arbeitskraft", "acht", "fall", "gewerbsmass", "einschleus", "ausland", "fall", "gesamtfreiheitsstraf", "drei", "jahr", "sech", "monat", "verurteilt", "dau", "drei", "jahr", "verbot", "selbstand", "leitend", "angestellt", "tatig", "organisation", "durchfuhr", "sowi", "vermittl", "veranstalt", "folklorist", "kulturell", "kunstler", "art", "auszuub", "hiergeg", "gerichtet", "revision", "rugt", "angeklagt", "verletz", "formell", "materiell", "recht", "rechtsmittel", "besetzungsrug", "erfolg", "weit", "verfahrensrug", "sachrug", "kommt", "dah"], "text": "Das Landgericht hat den Angeklagten wegen Menschenhandels (zum Zweck der Ausbeutung der Arbeitskraft) in acht F\u00e4llen und wegen gewerbsm\u00e4\u00dfigen Einschleusens von Ausl\u00e4ndern in 25 F\u00e4llen zu der Gesamtfreiheitsstrafe von drei Jahren und sechs Monaten verurteilt; weiter hat es ihm f\u00fcr die Dauer von drei Jahren verboten, \"eine selbst\u00e4ndige, leitende oder angestellte T\u00e4tigkeit von Organisation und Durchf\u00fchrung sowie Vermittlung von Veranstaltungen folkloristischer, kultureller und k\u00fcnstlerischer Art\" auszu\u00fcben. Mit der hiergegen gerichteten Revision r\u00fcgt der Angeklagte die Verletzung formellen und materiellen Rechts. Das Rechtsmittel hat mit der Besetzungsr\u00fcge Erfolg; auf die weiteren Verfahrensr\u00fcgen und auf die Sachr\u00fcge kommt es daher nicht an."}, {"num": "2", "textProcessed": ["recht", "beanstandet", "beschwerdefuhr", "vorschriftsmass", "besetz", "erkenn", "gericht", "nr", "stpo", "beschluss", "prasidium", "landgericht", "oktob", "zustand", "verhandl", "entscheid", "zunach", "strafkamm", "eingegang", "sach", "nachtrag", "hilfsstrafkamm", "zugewies", "genugt", "anforder", "ubertrag", "ausschliess", "bereit", "anhang", "verfahr", "geschaftsverteil", "stell", "generalbundesanwalt", "hierzu", "antragsschrift", "ausgefuhrt"], "text": "Mit Recht beanstandet der Beschwerdef\u00fchrer die nicht vorschriftsm\u00e4\u00dfige Besetzung des erkennenden Gerichts (\u00a7 338 Nr. 1 StPO). Der Beschluss des Pr\u00e4sidiums des Landgerichts vom 10. Oktober 2007, der die Zust\u00e4ndigkeit f\u00fcr die Verhandlung und Entscheidung der zun\u00e4chst bei der Strafkammer 3 eingegangenen Sache nachtr\u00e4glich der Hilfsstrafkammer 3 c zugewiesen hat, gen\u00fcgt nicht den Anforderungen, die an eine \u00dcbertragung (ausschlie\u00dflich) bereits anh\u00e4ngiger Verfahren im Wege der \u00c4nderung der Gesch\u00e4ftsverteilung zu stellen sind. Der Generalbundesanwalt hat hierzu in seiner Antragsschrift ausgef\u00fchrt:"}, {"num": "3", "textProcessed": ["schliesst", "senat"], "text": "Dem schlie\u00dft sich der Senat an."}, {"num": "4", "textProcessed": ["neu", "hauptverhandl", "geb", "urteilsgrund", "anlass", "folgend", "hinweis"], "text": "F\u00fcr die neue Hauptverhandlung geben die Urteilsgr\u00fcnde Anlass zu folgenden Hinweisen:"}, {"num": "5", "textProcessed": ["bisher", "feststell", "vermog", "schuldspruch", "menschenhandel", "zweck", "ausbeut", "arbeitskraft", "abs", "satz", "stgb", "kraft", "getret", "februar", "art", "nr", "art", "strandg", "februar", "bgbl", "trag"], "text": "1. Die bisherigen Feststellungen verm\u00f6gen den Schuldspruch wegen Menschenhandels zum Zweck der Ausbeutung der Arbeitskraft nach \u00a7 233 Abs. 1 Satz 1 StGB, in Kraft getreten am 19. Februar 2005 (Art. 1 Nr. 10, Art. 4 des 37. Str\u00c4ndG vom 11. Februar 2005; BGBl I 239), nicht zu tragen."}, {"num": "6", "textProcessed": ["menschenhandel", "sinn", "abs", "satz", "stgb", "begeht", "tat", "bereit", "zwangslag", "zustand", "auslandsspezif", "hilflos", "befind", "person", "ausbeuter", "beurteil", "beschaftigungsverhaltnis", "ubernimmt", "vorschrift", "setzt", "vielmehr", "voraus", "dass", "tat", "person", "ausnutz", "zwangslag", "hilflos", "aufnahm", "fortsetz", "beschaft", "bringt"], "text": "a) Menschenhandel im Sinne des \u00a7 233 Abs. 1 Satz 1 StGB begeht der T\u00e4ter nicht bereits dann, wenn er eine sich in einer Zwangslage oder in einem Zustand der auslandsspezifischen Hilflosigkeit befindliche Person in ein als ausbeuterisch zu beurteilendes Besch\u00e4ftigungsverh\u00e4ltnis \u00fcbernimmt. Die Vorschrift setzt vielmehr voraus, dass der T\u00e4ter die Person unter Ausnutzung der Zwangslage oder der Hilflosigkeit zur Aufnahme oder Fortsetzung der Besch\u00e4ftigung bringt."}, {"num": "7", "textProcessed": ["aa", "allerding", "verlangt", "begriff", "bring", "sinn", "stgb", "ausleg", "stgb", "februar", "geltend", "fassung", "herangezog", "schroed", "njw", "wed", "einflussnahm", "gesteigert", "intensitat", "einwirk", "af", "willensbeeinfluss", "kommunikation", "bestimm", "af", "vgl", "renzikowski", "munchkomm", "stgb", "rdn", "rdn", "merkmal", "ausnutz", "erfullt", "genugt", "ursach", "herbeifuhr", "erfolg", "gleichgult", "art", "weis", "sei", "schaff", "gunstig", "geleg", "schlicht", "angebot", "bgh", "nstz", "rr", "schroed", "aao", "eisel", "schonk", "schrod", "stgb", "aufl", "rdn", "rdn", "fisch", "stgb", "aufl", "rdn", "lackn", "kuhl", "stgb", "aufl", "rdn", "eng", "renzikowski", "aao", "rdn", "rdn"], "text": "aa) Allerdings verlangt der Begriff des \"dazu Bringens\" im Sinne der \u00a7\u00a7 232, 233 StGB, zu dessen Auslegung auch die \u00a7\u00a7 180 b, 181 StGB in der bis 18. Februar 2005 geltenden Fassung herangezogen werden k\u00f6nnen (Schroeder NJW 2005, 1393, 1395), weder eine Einflussnahme von gesteigerter Intensit\u00e4t wie das \"Einwirken\" (\u00a7 180 b aF) noch eine Willensbeeinflussung im Wege der Kommunikation wie das \"dazu Bestimmen\" (\u00a7 181 aF; vgl. Renzikowski in M\u00fcnchKomm-StGB \u00a7 180 b Rdn. 25; \u00a7 181 Rdn. 13). Ist das Merkmal des Ausnutzens erf\u00fcllt, gen\u00fcgt jede urs\u00e4chliche Herbeif\u00fchrung des Erfolges, gleichg\u00fcltig auf welche Art und Weise, sei es auch nur durch das Schaffen einer g\u00fcnstigen Gelegenheit oder durch ein schlichtes Angebot (BGH NStZ-RR 2005, 234; Schroeder aaO; Eisele in Sch\u00f6nke/Schr\u00f6der, StGB 27. Aufl. \u00a7 233 Rdn. 12; \u00a7 232 Rdn. 18; Fischer, StGB 57. Aufl. \u00a7 232 Rdn. 12; Lackner/K\u00fchl, StGB 26. Aufl. \u00a7 232 Rdn. 2; enger Renzikowski aaO \u00a7 233 Rdn. 18; \u00a7 232 Rdn. 24 f.)."}, {"num": "8", "textProcessed": ["bb", "ind", "schutzt", "stgb", "freiheit", "person", "einsatz", "verwert", "arbeitskraft", "verfug", "fisch", "aao", "rdn", "tatbestandsmass", "deshalb", "handeln", "gerichtet", "ziel", "bereit", "freiheit", "willensentschliess", "beeintrachtigt", "opf", "beeinfluss", "aufnahm", "fortsetz", "ausbeuter", "beschaft", "besteh", "erfolg", "herbeizufuhr", "vgl", "renzikowski", "aao", "rdn", "btdruck", "tat", "bislang", "vorhand", "entschluss", "opf", "beschaftigungsverhaltnis", "einzugeh", "hervorruf", "opf", "entschluss", "beschaft", "aufzugeb", "abbring", "vgl", "bgh", "strafo", "nstz", "rr", "hieran", "fehlt", "erfolg", "opf", "unabhang", "lag", "getroff", "eigenverantwort", "entscheid", "massgeb", "eisel", "aao", "rdn", "renzikowski", "aao", "rdn", "rdn"], "text": "bb) Indes sch\u00fctzt \u00a7 233 StGB die Freiheit der Person, \u00fcber den Einsatz und die Verwertung ihrer Arbeitskraft zu verf\u00fcgen (Fischer aaO \u00a7 233 Rdn. 2). Tatbestandsm\u00e4\u00dfig ist deshalb nur ein Handeln, das gerichtet ist auf das Ziel, den Willen des - bereits in der Freiheit der Willensentschlie\u00dfung beeintr\u00e4chtigten - Opfers zu beeinflussen und so den in der Aufnahme oder in der Fortsetzung der ausbeuterischen Besch\u00e4ftigung bestehenden Erfolg herbeizuf\u00fchren (vgl. Renzikowski aaO \u00a7 180 b Rdn. 51 f.; BTDrucks. 15/3045 S. 8). Der T\u00e4ter muss einen bislang nicht vorhandenen Entschluss des Opfers, ein solches Besch\u00e4ftigungsverh\u00e4ltnis einzugehen, hervorrufen oder das Opfer von seinem Entschluss, die Besch\u00e4ftigung aufzugeben, abbringen (vgl. BGH StraFo 2009, 429, 430; NStZ-RR 2004, 233, 234). Hieran fehlt es, wenn f\u00fcr den Erfolg eine vom Opfer unabh\u00e4ngig von seiner Lage getroffene eigenverantwortliche Entscheidung ma\u00dfgeblich war (Eisele aaO \u00a7 232 Rdn. 18; Renzikowski aaO \u00a7 233 Rdn. 19; \u00a7 232 Rdn. 26)."}, {"num": "9", "textProcessed": ["erst", "entsprech", "angebot", "angeklagt", "entschluss", "geschadigt", "hervorgeruf", "ab", "somm", "eingegang", "soweit", "ersicht", "jeweil", "jahr", "befristet", "engagement", "durchgefuhrt", "folkloreveranstalt", "zeit", "februar", "erneu", "lasst", "mangel", "ausreich", "feststell", "willensricht", "geschadigt", "beurteil", "festgestellt", "ledig", "dass", "vertrag", "weiterhin", "unterschrieb", "marokkan", "staatsangehor", "unbefristet", "aufenthaltserlaubnis", "bundesrepubl", "deutschland", "anstrebt", "deshalb", "funf", "jahr", "ununterbroch", "aufhalt", "musst", "ziel", "weis", "erreich", "konnt", "interessenlag", "darauf", "hindeut", "dass", "geschadigt", "vornherein", "entschloss", "erwartet", "angebot", "angeklagt", "anzunehm", "ungeachtet", "dass", "absehbar", "misserfolg", "veranstalt", "versproch", "bezahl", "zukunft", "weithin", "ausbleib"], "text": "b) Ob erst die entsprechenden Angebote des Angeklagten den Entschluss der Gesch\u00e4digten hervorgerufen haben, die ab Sommer 2003 eingegangenen, soweit ersichtlich jeweils auf ein Jahr befristeten Engagements f\u00fcr die von ihm durchgef\u00fchrten Folkloreveranstaltungen auch in der Zeit nach dem 19. Februar 2005 zu erneuern, l\u00e4sst sich mangels ausreichender Feststellungen zur Willensrichtung der Gesch\u00e4digten nicht beurteilen. Festgestellt ist lediglich, dass sie die Vertr\u00e4ge weiterhin unterschrieben, weil sie als marokkanische Staatsangeh\u00f6rige eine unbefristete Aufenthaltserlaubnis f\u00fcr die Bundesrepublik Deutschland anstrebten, sich deshalb f\u00fcnf Jahre ununterbrochen hier aufhalten mussten und dieses Ziel auf andere Weise nicht erreichen konnten. Diese Interessenlage kann darauf hindeuten, dass die Gesch\u00e4digten von vornherein entschlossen waren, erwartete Angebote des Angeklagten anzunehmen, ungeachtet dessen, dass wegen des absehbaren Misserfolgs der Veranstaltungen die versprochene Bezahlung auch in Zukunft weithin ausbleiben w\u00fcrde."}, {"num": "10", "textProcessed": ["einschleus", "ausland", "abs", "aufenthg", "abs", "auslg", "af", "taterschaft", "verselbstandigt", "beteil", "fremd", "tat", "gerick", "munchkomm", "stgb", "aufenthg", "rdn", "unterstutzt", "tat", "mehr", "ausland", "beschaff", "aufenthaltstiteln", "materiellrecht", "tat", "anzunehm", "soweit", "handeln", "einheit", "gescheh", "darstellt", "hierzu", "teil", "urteilsgrund", "worauf", "annahm", "fall", "einschleus", "beruht", "deshalb", "ersicht"], "text": "2. Das Einschleusen von Ausl\u00e4ndern nach \u00a7 96 Abs. 1 AufenthG, \u00a7 92 a Abs. 1 AuslG aF ist eine zur T\u00e4terschaft verselbst\u00e4ndigte Beteiligung an einer fremden Tat (Gericke in M\u00fcnchKomm-StGB \u00a7 96 AufenthG Rdn. 2). Unterst\u00fctzt der T\u00e4ter mehrere Ausl\u00e4nder bei der Beschaffung von Aufenthaltstiteln, ist materiellrechtlich eine Tat anzunehmen, soweit sich sein Handeln als einheitliches Geschehen darstellt. Hierzu teilen die Urteilsgr\u00fcnde nichts mit. Worauf die Annahme von 25 F\u00e4llen des Einschleusens beruht, wird deshalb nicht ersichtlich."}], "norm": ["\u00a7 222b StPO", "\u00a7 338 Nr 1 StPO", "\u00a7 21e GVG", "\u00a7 233 StGB", "Art 101 S 2 GG"], "doktyp": "Beschluss", "regionLong": "Bundesrepublik Deutschland", "sonstlt": "", "gruendeProcessed": ["landgericht", "angeklagt", "menschenhandel", "zweck", "ausbeut", "arbeitskraft", "acht", "fall", "gewerbsmass", "einschleus", "ausland", "fall", "gesamtfreiheitsstraf", "drei", "jahr", "sech", "monat", "verurteilt", "dau", "drei", "jahr", "verbot", "selbstand", "leitend", "angestellt", "tatig", "organisation", "durchfuhr", "sowi", "vermittl", "veranstalt", "folklorist", "kulturell", "kunstler", "art", "auszuub", "hiergeg", "gerichtet", "revision", "rugt", "angeklagt", "verletz", "formell", "materiell", "recht", "rechtsmittel", "besetzungsrug", "erfolg", "weit", "verfahrensrug", "sachrug", "kommt", "dah", "recht", "beanstandet", "beschwerdefuhr", "vorschriftsmass", "besetz", "erkenn", "gericht", "nr", "stpo", "beschluss", "prasidium", "landgericht", "oktob", "zustand", "verhandl", "entscheid", "zunach", "strafkamm", "eingegang", "sach", "nachtrag", "hilfsstrafkamm", "zugewies", "genugt", "anforder", "ubertrag", "ausschliess", "bereit", "anhang", "verfahr", "geschaftsverteil", "stell", "generalbundesanwalt", "hierzu", "antragsschrift", "ausgefuhrt", "abs", "satz", "gvg", "erlaubt", "prasidium", "geschaftsverteil", "laufend", "geschaftsjahr", "uberlast", "spruchkorp", "erford", "zweck", "hilfsstrafkamm", "eingerichtet", "verfahr", "allgemein", "sachlich", "objektiv", "kriteri", "zugewies", "zuweis", "bereit", "anhang", "verfahr", "grundsatz", "moglich", "neuregel", "generell", "gilt", "unbestimmt", "vielzahl", "kunftig", "gleichart", "fall", "erfasst", "vgl", "bverfg", "njw", "ausnahmefall", "allein", "beschleunigungsgebot", "rechnung", "getrag", "beschrankt", "zuweis", "allein", "bereit", "eingegang", "verfahr", "zulass", "vgl", "bverfg", "njw", "anbetracht", "ausnahmecharakt", "fall", "gewicht", "grundsatz", "gesetz", "richt", "gemass", "art", "abs", "satz", "gg", "detailliert", "dokumentation", "grund", "derart", "umverteil", "erford", "notig", "vgl", "bgh", "urteil", "april", "str", "rdnr", "beschluss", "august", "str", "rdnr", "mangel", "begrund", "beschluss", "prasidium", "entscheid", "stpo", "erhob", "besetzungseinwand", "erganz", "grund", "umverteil", "dokumentier", "beschluss", "ausraum", "vgl", "bgh", "urteil", "april", "str", "rdnr", "beschluss", "august", "str", "rdnr", "anforder", "wurd", "vorlieg", "rechnung", "getrag", "prasidiumsbeschluss", "oktob", "beschrankt", "darauf", "strafkamm", "uberlastet", "bezeichn", "begrund", "hierfur", "enthalt", "liegt", "hinweis", "beschluss", "bundesverfassungsgericht", "septemb", "erlautert", "beschluss", "gesamtbelast", "gross", "strafkamm", "auswirkt", "heilung", "dienstlich", "ausser", "prasident", "landgericht", "eingetret", "dabei", "vorlieg", "dahinsteh", "ausser", "neu", "rechtsprech", "bundesgerichtshof", "erford", "erganz", "beschluss", "prasidium", "beruht", "fall", "begrundungsanforder", "genugt", "ausser", "namlich", "dargelegt", "dass", "strafkamm", "verfassungsgericht", "entscheid", "monat", "oktob", "dezemb", "zusatz", "verhandlungstag", "anberaum", "beschleunigungsgebot", "genug", "tun", "verfahr", "umfang", "strafkamm", "anhang", "insgesamt", "uberlast", "eingetret", "lasst", "entnehm", "zud", "erschliesst", "zusammenhang", "verstarkt", "terminier", "dezemb", "vorlieg", "verfahr", "erst", "end", "septemb", "gross", "strafkamm", "eingegang", "hinsicht", "kaum", "beginn", "hauptverhandl", "januar", "rechn", "dienstlich", "erklar", "neu", "rechtsprech", "bundesgerichtshof", "somit", "prasidiumsentscheid", "bereit", "grund", "mangelhaft", "begrund", "rechtmass", "anzuseh", "tatsach", "uberlast", "gross", "strafkamm", "bestand", "erfolg", "besetzungsrug", "belang", "schliesst", "senat", "ii", "neu", "hauptverhandl", "geb", "urteilsgrund", "anlass", "folgend", "hinweis", "bisher", "feststell", "vermog", "schuldspruch", "menschenhandel", "zweck", "ausbeut", "arbeitskraft", "abs", "satz", "stgb", "kraft", "getret", "februar", "art", "nr", "art", "strandg", "februar", "bgbl", "trag", "menschenhandel", "sinn", "abs", "satz", "stgb", "begeht", "tat", "bereit", "zwangslag", "zustand", "auslandsspezif", "hilflos", "befind", "person", "ausbeuter", "beurteil", "beschaftigungsverhaltnis", "ubernimmt", "vorschrift", "setzt", "vielmehr", "voraus", "dass", "tat", "person", "ausnutz", "zwangslag", "hilflos", "aufnahm", "fortsetz", "beschaft", "bringt", "aa", "allerding", "verlangt", "begriff", "bring", "sinn", "stgb", "ausleg", "stgb", "februar", "geltend", "fassung", "herangezog", "schroed", "njw", "wed", "einflussnahm", "gesteigert", "intensitat", "einwirk", "af", "willensbeeinfluss", "kommunikation", "bestimm", "af", "vgl", "renzikowski", "munchkomm", "stgb", "rdn", "rdn", "merkmal", "ausnutz", "erfullt", "genugt", "ursach", "herbeifuhr", "erfolg", "gleichgult", "art", "weis", "sei", "schaff", "gunstig", "geleg", "schlicht", "angebot", "bgh", "nstz", "rr", "schroed", "aao", "eisel", "schonk", "schrod", "stgb", "aufl", "rdn", "rdn", "fisch", "stgb", "aufl", "rdn", "lackn", "kuhl", "stgb", "aufl", "rdn", "eng", "renzikowski", "aao", "rdn", "rdn", "bb", "ind", "schutzt", "stgb", "freiheit", "person", "einsatz", "verwert", "arbeitskraft", "verfug", "fisch", "aao", "rdn", "tatbestandsmass", "deshalb", "handeln", "gerichtet", "ziel", "bereit", "freiheit", "willensentschliess", "beeintrachtigt", "opf", "beeinfluss", "aufnahm", "fortsetz", "ausbeuter", "beschaft", "besteh", "erfolg", "herbeizufuhr", "vgl", "renzikowski", "aao", "rdn", "btdruck", "tat", "bislang", "vorhand", "entschluss", "opf", "beschaftigungsverhaltnis", "einzugeh", "hervorruf", "opf", "entschluss", "beschaft", "aufzugeb", "abbring", "vgl", "bgh", "strafo", "nstz", "rr", "hieran", "fehlt", "erfolg", "opf", "unabhang", "lag", "getroff", "eigenverantwort", "entscheid", "massgeb", "eisel", "aao", "rdn", "renzikowski", "aao", "rdn", "rdn", "erst", "entsprech", "angebot", "angeklagt", "entschluss", "geschadigt", "hervorgeruf", "ab", "somm", "eingegang", "soweit", "ersicht", "jeweil", "jahr", "befristet", "engagement", "durchgefuhrt", "folkloreveranstalt", "zeit", "februar", "erneu", "lasst", "mangel", "ausreich", "feststell", "willensricht", "geschadigt", "beurteil", "festgestellt", "ledig", "dass", "vertrag", "weiterhin", "unterschrieb", "marokkan", "staatsangehor", "unbefristet", "aufenthaltserlaubnis", "bundesrepubl", "deutschland", "anstrebt", "deshalb", "funf", "jahr", "ununterbroch", "aufhalt", "musst", "ziel", "weis", "erreich", "konnt", "interessenlag", "darauf", "hindeut", "dass", "geschadigt", "vornherein", "entschloss", "erwartet", "angebot", "angeklagt", "anzunehm", "ungeachtet", "dass", "absehbar", "misserfolg", "veranstalt", "versproch", "bezahl", "zukunft", "weithin", "ausbleib", "einschleus", "ausland", "abs", "aufenthg", "abs", "auslg", "af", "taterschaft", "verselbstandigt", "beteil", "fremd", "tat", "gerick", "munchkomm", "stgb", "aufenthg", "rdn", "unterstutzt", "tat", "mehr", "ausland", "beschaff", "aufenthaltstiteln", "materiellrecht", "tat", "anzunehm", "soweit", "handeln", "einheit", "gescheh", "darstellt", "hierzu", "teil", "urteilsgrund", "worauf", "annahm", "fall", "einschleus", "beruht", "deshalb", "ersicht", "beck", "lien", "sost", "scheibl", "schaf", "may"], "mitwirkung": "", "aktenzeichen": "3 StR 507/09", "language": "deutsch", "gertyp": "BGH", "leitsatz": "", "gruende": "\n      <div>\n         <dl class=\"RspDL\">\n            <dt>\n               <a name=\"rd_1\">1</a>\n            </dt>\n            <dd>\n               <p>Das Landgericht hat den Angeklagten wegen Menschenhandels (zum Zweck der Ausbeutung der Arbeitskraft) in acht F\u00e4llen und wegen gewerbsm\u00e4\u00dfigen Einschleusens von Ausl\u00e4ndern in 25 F\u00e4llen zu der Gesamtfreiheitsstrafe von drei Jahren und sechs Monaten verurteilt; weiter hat es ihm f\u00fcr die Dauer von drei Jahren verboten, \"eine selbst\u00e4ndige, leitende oder angestellte T\u00e4tigkeit von Organisation und Durchf\u00fchrung sowie Vermittlung von Veranstaltungen folkloristischer, kultureller und k\u00fcnstlerischer Art\" auszu\u00fcben. Mit der hiergegen gerichteten Revision r\u00fcgt der Angeklagte die Verletzung formellen und materiellen Rechts. Das Rechtsmittel hat mit der Besetzungsr\u00fcge Erfolg; auf die weiteren Verfahrensr\u00fcgen und auf die Sachr\u00fcge kommt es daher nicht an.</p>\n            </dd>\n         </dl>\n         <dl class=\"RspDL\">\n            <dt/>\n            <dd>\n               <p/>\n            </dd>\n         </dl>\n         <dl class=\"RspDL\">\n            <dt/>\n            <dd>\n               <p>I.</p>\n            </dd>\n         </dl>\n         <dl class=\"RspDL\">\n            <dt/>\n            <dd>\n               <p/>\n            </dd>\n         </dl>\n         <dl class=\"RspDL\">\n            <dt>\n               <a name=\"rd_2\">2</a>\n            </dt>\n            <dd>\n               <p>Mit Recht beanstandet der Beschwerdef\u00fchrer die nicht vorschriftsm\u00e4\u00dfige Besetzung des erkennenden Gerichts (\u00a7 338 Nr. 1 StPO). Der Beschluss des Pr\u00e4sidiums des Landgerichts vom 10. Oktober 2007, der die Zust\u00e4ndigkeit f\u00fcr die Verhandlung und Entscheidung der zun\u00e4chst bei der Strafkammer 3 eingegangenen Sache nachtr\u00e4glich der Hilfsstrafkammer 3 c zugewiesen hat, gen\u00fcgt nicht den Anforderungen, die an eine \u00dcbertragung (ausschlie\u00dflich) bereits anh\u00e4ngiger Verfahren im Wege der \u00c4nderung der Gesch\u00e4ftsverteilung zu stellen sind. Der Generalbundesanwalt hat hierzu in seiner Antragsschrift ausgef\u00fchrt:</p>\n            </dd>\n         </dl>\n         <dl class=\"RspDL\">\n            <dt/>\n            <dd>\n               <p/>\n            </dd>\n         </dl>\n         <dl class=\"RspDL\">\n            <dt/>\n            <dd>\n               <p style=\"margin-left:36pt\">\"\u00a7 21e Abs. 3 Satz 1 GVG erlaubt dem Pr\u00e4sidium die \u00c4nderung der Gesch\u00e4ftsverteilung w\u00e4hrend eines laufenden Gesch\u00e4ftsjahres, wenn dies wegen \u00dcberlastung eines Spruchk\u00f6rpers erforderlich wird. Zu diesem Zweck kann auch eine Hilfsstrafkammer eingerichtet werden, der Verfahren nach allgemeinen sachlich-objektiven Kriterien zugewiesen werden. Die Zuweisung bereits anh\u00e4ngiger Verfahren ist grunds\u00e4tzlich nur m\u00f6glich, wenn die Neuregelung generell gilt, also auch eine unbestimmte Vielzahl k\u00fcnftiger gleichartiger F\u00e4lle erfasst (vgl. BVerfG NJW 2003, 345; 2005, 2689 f. m.w.N.). Nur in Ausnahmef\u00e4llen, wenn allein so dem Beschleunigungsgebot Rechnung getragen werden kann, ist eine beschr\u00e4nkte Zuweisung allein bereits eingegangener Verfahren zul\u00e4ssig (vgl. BVerfG NJW 2009, 1734 f.). In Anbetracht des Ausnahmecharakters solcher F\u00e4lle und des Gewichts des Grundsatzes des gesetzlichen Richters gem\u00e4\u00df Art. 101 Abs. 1 Satz 2 GG ist dann eine detaillierte Dokumentation der Gr\u00fcnde, die eine derartige Umverteilung erfordern, n\u00f6tig (vgl. BGH Urteil vom 9. April 2009 - 3 StR 376/08 - Rdnr. 17; Beschluss vom 4. August 2009 - 3 StR 174/09 - Rdnr. 18). M\u00e4ngel in der Begr\u00fcndung des Beschlusses kann das Pr\u00e4sidium bis zur Entscheidung \u00fcber einen nach \u00a7 222b StPO erhobenen Besetzungseinwand durch einen erg\u00e4nzenden, die Gr\u00fcnde f\u00fcr die Umverteilung dokumentierenden Beschluss ausr\u00e4umen (vgl. BGH Urteil vom 9. April 2009 - 3 StR 376/08 - Rdnr. 20; Beschluss vom 4. August 2009 - 3 StR 174/09 - Rdnr. 22).</p>\n            </dd>\n         </dl>\n         <dl class=\"RspDL\">\n            <dt/>\n            <dd>\n               <p/>\n            </dd>\n         </dl>\n         <dl class=\"RspDL\">\n            <dt/>\n            <dd>\n               <p style=\"margin-left:36pt\">Diesen Anforderungen wurde vorliegend nicht Rechnung getragen. Der Pr\u00e4sidiumsbeschluss vom 10. Oktober 2007 beschr\u00e4nkt sich darauf, die 3. Strafkammer als \u00fcberlastet zu bezeichnen, eine Begr\u00fcndung hierf\u00fcr enth\u00e4lt er nicht. Diese liegt auch nicht in dem Hinweis auf den Beschluss des Bundesverfassungsgerichts vom 19. September 2007, denn es wird nicht erl\u00e4utert, wie sich dieser Beschluss auf die Gesamtbelastung der 3. Gro\u00dfen Strafkammer auswirkte. Eine Heilung durch die dienstliche \u00c4u\u00dferung des Pr\u00e4sidenten des Landgerichts ist nicht eingetreten. Dabei kann vorliegend dahinstehen, ob diese \u00c4u\u00dferung auf einem - nach der neueren Rechtsprechung des Bundesgerichtshofs erforderlichen - erg\u00e4nzenden Beschluss des Pr\u00e4sidiums beruht, denn auch in diesem Fall w\u00e4re den Begr\u00fcndungsanforderungen nicht gen\u00fcgt. Mit der \u00c4u\u00dferung wird n\u00e4mlich nur dargelegt, dass die Strafkammer 3 nach der verfassungsgerichtlichen Entscheidung in den Monaten Oktober bis Dezember 2007 zus\u00e4tzliche Verhandlungstage anberaumen musste, um dem Beschleunigungsgebot Gen\u00fcge zu tun. Wie viele Verfahren welchen Umfangs bei der 3. Strafkammer anh\u00e4ngig waren, ob also insgesamt eine \u00dcberlastung eingetreten war, l\u00e4sst sich dem nicht entnehmen. Zudem erschlie\u00dft sich der Zusammenhang zwischen einer verst\u00e4rkten Terminierung bis Dezember 2007 und dem vorliegenden Verfahren, das erst Ende September 2007 bei der 3. Gro\u00dfen Strafkammer eingegangen war und hinsichtlich dessen kaum mit dem Beginn der Hauptverhandlung vor Januar 2008 zu rechnen war, aus der dienstlichen Erkl\u00e4rung nicht. Nach der neueren Rechtsprechung des Bundesgerichtshofs ist somit die Pr\u00e4sidiumsentscheidung bereits auf Grund mangelhafter Begr\u00fcndung nicht als rechtm\u00e4\u00dfig anzusehen; ob tats\u00e4chlich eine \u00dcberlastung der 3. Gro\u00dfen Strafkammer bestand, ist f\u00fcr den Erfolg der Besetzungsr\u00fcge ohne Belang.\"</p>\n            </dd>\n         </dl>\n         <dl class=\"RspDL\">\n            <dt/>\n            <dd>\n               <p/>\n            </dd>\n         </dl>\n         <dl class=\"RspDL\">\n            <dt>\n               <a name=\"rd_3\">3</a>\n            </dt>\n            <dd>\n               <p>Dem schlie\u00dft sich der Senat an.</p>\n            </dd>\n         </dl>\n         <dl class=\"RspDL\">\n            <dt/>\n            <dd>\n               <p/>\n            </dd>\n         </dl>\n         <dl class=\"RspDL\">\n            <dt/>\n            <dd>\n               <p>II.</p>\n            </dd>\n         </dl>\n         <dl class=\"RspDL\">\n            <dt/>\n            <dd>\n               <p/>\n            </dd>\n         </dl>\n         <dl class=\"RspDL\">\n            <dt>\n               <a name=\"rd_4\">4</a>\n            </dt>\n            <dd>\n               <p>F\u00fcr die neue Hauptverhandlung geben die Urteilsgr\u00fcnde Anlass zu folgenden Hinweisen:</p>\n            </dd>\n         </dl>\n         <dl class=\"RspDL\">\n            <dt/>\n            <dd>\n               <p/>\n            </dd>\n         </dl>\n         <dl class=\"RspDL\">\n            <dt>\n               <a name=\"rd_5\">5</a>\n            </dt>\n            <dd>\n               <p>1. Die bisherigen Feststellungen verm\u00f6gen den Schuldspruch wegen Menschenhandels zum Zweck der Ausbeutung der Arbeitskraft nach \u00a7 233 Abs. 1 Satz 1 StGB, in Kraft getreten am 19. Februar 2005 (Art. 1 Nr. 10, Art. 4 des 37. Str\u00c4ndG vom 11. Februar 2005; BGBl I 239), nicht zu tragen.</p>\n            </dd>\n         </dl>\n         <dl class=\"RspDL\">\n            <dt/>\n            <dd>\n               <p/>\n            </dd>\n         </dl>\n         <dl class=\"RspDL\">\n            <dt>\n               <a name=\"rd_6\">6</a>\n            </dt>\n            <dd>\n               <p>a) Menschenhandel im Sinne des \u00a7 233 Abs. 1 Satz 1 StGB begeht der T\u00e4ter nicht bereits dann, wenn er eine sich in einer Zwangslage oder in einem Zustand der auslandsspezifischen Hilflosigkeit befindliche Person in ein als ausbeuterisch zu beurteilendes Besch\u00e4ftigungsverh\u00e4ltnis \u00fcbernimmt. Die Vorschrift setzt vielmehr voraus, dass der T\u00e4ter die Person unter Ausnutzung der Zwangslage oder der Hilflosigkeit zur Aufnahme oder Fortsetzung der Besch\u00e4ftigung bringt.</p>\n            </dd>\n         </dl>\n         <dl class=\"RspDL\">\n            <dt/>\n            <dd>\n               <p/>\n            </dd>\n         </dl>\n         <dl class=\"RspDL\">\n            <dt>\n               <a name=\"rd_7\">7</a>\n            </dt>\n            <dd>\n               <p>aa) Allerdings verlangt der Begriff des \"dazu Bringens\" im Sinne der \u00a7\u00a7 232, 233 StGB, zu dessen Auslegung auch die \u00a7\u00a7 180 b, 181 StGB in der bis 18. Februar 2005 geltenden Fassung herangezogen werden k\u00f6nnen (Schroeder NJW 2005, 1393, 1395), weder eine Einflussnahme von gesteigerter Intensit\u00e4t wie das \"Einwirken\" (\u00a7 180 b aF) noch eine Willensbeeinflussung im Wege der Kommunikation wie das \"dazu Bestimmen\" (\u00a7 181 aF; vgl. Renzikowski in M\u00fcnchKomm-StGB \u00a7 180 b Rdn. 25; \u00a7 181 Rdn. 13). Ist das Merkmal des Ausnutzens erf\u00fcllt, gen\u00fcgt jede urs\u00e4chliche Herbeif\u00fchrung des Erfolges, gleichg\u00fcltig auf welche Art und Weise, sei es auch nur durch das Schaffen einer g\u00fcnstigen Gelegenheit oder durch ein schlichtes Angebot (BGH NStZ-RR 2005, 234; Schroeder aaO; Eisele in Sch\u00f6nke/Schr\u00f6der, StGB 27. Aufl. \u00a7 233 Rdn. 12; \u00a7 232 Rdn. 18; Fischer, StGB 57. Aufl. \u00a7 232 Rdn. 12; Lackner/K\u00fchl, StGB 26. Aufl. \u00a7 232 Rdn. 2; enger Renzikowski aaO \u00a7 233 Rdn. 18; \u00a7 232 Rdn. 24 f.).</p>\n            </dd>\n         </dl>\n         <dl class=\"RspDL\">\n            <dt/>\n            <dd>\n               <p/>\n            </dd>\n         </dl>\n         <dl class=\"RspDL\">\n            <dt>\n               <a name=\"rd_8\">8</a>\n            </dt>\n            <dd>\n               <p>bb) Indes sch\u00fctzt \u00a7 233 StGB die Freiheit der Person, \u00fcber den Einsatz und die Verwertung ihrer Arbeitskraft zu verf\u00fcgen (Fischer aaO \u00a7 233 Rdn. 2). Tatbestandsm\u00e4\u00dfig ist deshalb nur ein Handeln, das gerichtet ist auf das Ziel, den Willen des - bereits in der Freiheit der Willensentschlie\u00dfung beeintr\u00e4chtigten - Opfers zu beeinflussen und so den in der Aufnahme oder in der Fortsetzung der ausbeuterischen Besch\u00e4ftigung bestehenden Erfolg herbeizuf\u00fchren (vgl. Renzikowski aaO \u00a7 180 b Rdn. 51 f.; BTDrucks. 15/3045 S. 8). Der T\u00e4ter muss einen bislang nicht vorhandenen Entschluss des Opfers, ein solches Besch\u00e4ftigungsverh\u00e4ltnis einzugehen, hervorrufen oder das Opfer von seinem Entschluss, die Besch\u00e4ftigung aufzugeben, abbringen (vgl. BGH StraFo 2009, 429, 430; NStZ-RR 2004, 233, 234). Hieran fehlt es, wenn f\u00fcr den Erfolg eine vom Opfer unabh\u00e4ngig von seiner Lage getroffene eigenverantwortliche Entscheidung ma\u00dfgeblich war (Eisele aaO \u00a7 232 Rdn. 18; Renzikowski aaO \u00a7 233 Rdn. 19; \u00a7 232 Rdn. 26).</p>\n            </dd>\n         </dl>\n         <dl class=\"RspDL\">\n            <dt/>\n            <dd>\n               <p/>\n            </dd>\n         </dl>\n         <dl class=\"RspDL\">\n            <dt>\n               <a name=\"rd_9\">9</a>\n            </dt>\n            <dd>\n               <p>b) Ob erst die entsprechenden Angebote des Angeklagten den Entschluss der Gesch\u00e4digten hervorgerufen haben, die ab Sommer 2003 eingegangenen, soweit ersichtlich jeweils auf ein Jahr befristeten Engagements f\u00fcr die von ihm durchgef\u00fchrten Folkloreveranstaltungen auch in der Zeit nach dem 19. Februar 2005 zu erneuern, l\u00e4sst sich mangels ausreichender Feststellungen zur Willensrichtung der Gesch\u00e4digten nicht beurteilen. Festgestellt ist lediglich, dass sie die Vertr\u00e4ge weiterhin unterschrieben, weil sie als marokkanische Staatsangeh\u00f6rige eine unbefristete Aufenthaltserlaubnis f\u00fcr die Bundesrepublik Deutschland anstrebten, sich deshalb f\u00fcnf Jahre ununterbrochen hier aufhalten mussten und dieses Ziel auf andere Weise nicht erreichen konnten. Diese Interessenlage kann darauf hindeuten, dass die Gesch\u00e4digten von vornherein entschlossen waren, erwartete Angebote des Angeklagten anzunehmen, ungeachtet dessen, dass wegen des absehbaren Misserfolgs der Veranstaltungen die versprochene Bezahlung auch in Zukunft weithin ausbleiben w\u00fcrde.</p>\n            </dd>\n         </dl>\n         <dl class=\"RspDL\">\n            <dt/>\n            <dd>\n               <p/>\n            </dd>\n         </dl>\n         <dl class=\"RspDL\">\n            <dt>\n               <a name=\"rd_10\">10</a>\n            </dt>\n            <dd>\n               <p>2. Das Einschleusen von Ausl\u00e4ndern nach \u00a7 96 Abs. 1 AufenthG, \u00a7 92 a Abs. 1 AuslG aF ist eine zur T\u00e4terschaft verselbst\u00e4ndigte Beteiligung an einer fremden Tat (Gericke in M\u00fcnchKomm-StGB \u00a7 96 AufenthG Rdn. 2). Unterst\u00fctzt der T\u00e4ter mehrere Ausl\u00e4nder bei der Beschaffung von Aufenthaltstiteln, ist materiellrechtlich eine Tat anzunehmen, soweit sich sein Handeln als einheitliches Geschehen darstellt. Hierzu teilen die Urteilsgr\u00fcnde nichts mit. Worauf die Annahme von 25 F\u00e4llen des Einschleusens beruht, wird deshalb nicht ersichtlich.</p>\n            </dd>\n         </dl>\n         <dl class=\"RspDL\">\n            <dt/>\n            <dd>\n               <p/>\n            </dd>\n         </dl>\n         <dl class=\"RspDL\">\n            <dt/>\n            <dd>\n               <p>Becker\u00a0\u00a0\u00a0\u00a0\u00a0\u00a0\u00a0\u00a0\u00a0\u00a0\u00a0\u00a0\u00a0\u00a0\u00a0\u00a0\u00a0\u00a0\u00a0\u00a0\u00a0\u00a0\u00a0\u00a0\u00a0\u00a0\u00a0\u00a0\u00a0\u00a0\u00a0\u00a0\u00a0\u00a0\u00a0\u00a0\u00a0von Lienen\u00a0\u00a0\u00a0\u00a0\u00a0\u00a0\u00a0\u00a0\u00a0\u00a0\u00a0\u00a0\u00a0\u00a0\u00a0\u00a0\u00a0\u00a0\u00a0\u00a0\u00a0\u00a0\u00a0\u00a0\u00a0\u00a0\u00a0\u00a0\u00a0\u00a0\u00a0\u00a0\u00a0\u00a0\u00a0\u00a0Sost-Scheible</p>\n            </dd>\n         </dl>\n         <dl class=\"RspDL\">\n            <dt/>\n            <dd>\n               <p>\u00a0\u00a0\u00a0\u00a0\u00a0\u00a0\u00a0\u00a0\u00a0\u00a0\u00a0\u00a0\u00a0\u00a0\u00a0\u00a0\u00a0\u00a0\u00a0\u00a0\u00a0Sch\u00e4fer\u00a0\u00a0\u00a0\u00a0\u00a0\u00a0\u00a0\u00a0\u00a0\u00a0\u00a0\u00a0\u00a0\u00a0\u00a0\u00a0\u00a0\u00a0\u00a0\u00a0\u00a0\u00a0\u00a0\u00a0\u00a0\u00a0\u00a0\u00a0\u00a0\u00a0\u00a0\u00a0\u00a0\u00a0\u00a0\u00a0\u00a0\u00a0\u00a0\u00a0\u00a0\u00a0\u00a0\u00a0\u00a0\u00a0Mayer</p>\n            </dd>\n         </dl>\n         <dl class=\"RspDL\">\n            <dt/>\n            <dd>\n               <p/>\n            </dd>\n         </dl>\n      </div>\n   ", "accessRights": "public", "gerort": "", "entschDatum": "20100113", "coverage": "Deutschland", "titel": "\n      <dl class=\"RspDL\">\n         <dt/>\n         <dd>\n            <p>Strafverfahren: \u00dcbertragung anh\u00e4ngiger Verfahren auf eine nachtr\u00e4glich eingerichtete Hilfsstrafkammer im Wege einer \u00c4nderung der Gesch\u00e4ftsverteilung; Voraussetzungen des Menschenhandels</p>\n         </dd>\n      </dl>\n   ", "ecli": "", "identifier": "http://www.rechtsprechung-im-internet.de/jportal/?quelle=jlink&docid=JURE100057368&psml=bsjrsprod.psml&max=true", "spruchkoerper": "3. Strafsenat", "vorinstanz": "vorgehend LG Hannover, 4. M\u00e4rz 2009, Az: 89 KLs 2/07 - 6413 Js 12278/07, Urteil\n   ", "doknr": "JURE100057368", "abweichendeMeinung": "", "tenor": "\n      <div>\n         <dl class=\"RspDL\">\n            <dt/>\n            <dd>\n               <p>Auf die Revision des Angeklagten wird das Urteil des Landgerichts Hannover vom 4. M\u00e4rz 2009, soweit es ihn betrifft, mit den Feststellungen aufgehoben.</p>\n            </dd>\n         </dl>\n         <dl class=\"RspDL\">\n            <dt/>\n            <dd>\n               <p/>\n            </dd>\n         </dl>\n         <dl class=\"RspDL\">\n            <dt/>\n            <dd>\n               <p>Im Umfang der Aufhebung wird die Sache zu neuer Verhandlung und Entscheidung, auch \u00fcber die Kosten des Rechtsmittels, an eine andere Strafkammer des Landgerichts zur\u00fcckverwiesen.</p>\n            </dd>\n         </dl>\n         <dl class=\"RspDL\">\n            <dt/>\n            <dd>\n               <p/>\n            </dd>\n         </dl>\n      </div>\n   ", "regionAbk": "DEU"}