{"publisher": "BMJV", "tatbestand": "", "absaetze": [], "norm": ["\u00a7 169 GVG"], "doktyp": "Beschluss", "regionLong": "Bundesrepublik Deutschland", "sonstlt": "", "gruendeProcessed": [], "mitwirkung": "", "aktenzeichen": "3 StR 32/10", "language": "deutsch", "gertyp": "BGH", "leitsatz": "", "gruende": "", "accessRights": "public", "gerort": "", "entschDatum": "20100427", "coverage": "Deutschland", "titel": "\n      <dl class=\"RspDL\">\n         <dt/>\n         <dd>\n            <p>Sitzungspolizei: Ermessensentscheidung bez\u00fcglich des Abweichens von einer sitzungspolizeilichen Verf\u00fcgung des Vorsitzenden im Einzelfall</p>\n         </dd>\n      </dl>\n   ", "ecli": "", "identifier": "http://www.rechtsprechung-im-internet.de/jportal/?quelle=jlink&docid=JURE100062447&psml=bsjrsprod.psml&max=true", "spruchkoerper": "3. Strafsenat", "vorinstanz": "vorgehend LG Hannover, 26. Mai 2009, Az: 89 KLs 6413 Js 18563/07 (1/07), Urteil\n   ", "doknr": "JURE100062447", "abweichendeMeinung": "", "tenor": "\n      <div>\n         <dl class=\"RspDL\">\n            <dt/>\n            <dd>\n               <p>Die Revisionen der Angeklagten gegen das Urteil des Landgerichts Hannover vom 26. Mai 2009 werden als unbegr\u00fcndet verworfen, da die Nachpr\u00fcfung des Urteils auf Grund der Revisionsrechtfertigungen keinen Rechtsfehler zum Nachteil der Angeklagten ergeben hat (\u00a7 349 Abs. 2 StPO).</p>\n            </dd>\n         </dl>\n         <dl class=\"RspDL\">\n            <dt/>\n            <dd>\n               <p/>\n            </dd>\n         </dl>\n         <dl class=\"RspDL\">\n            <dt/>\n            <dd>\n               <p>Jeder Beschwerdef\u00fchrer hat die Kosten seines Rechtsmittels und die dem Nebenkl\u00e4ger im Revisionsverfahren entstandenen notwendigen Auslagen zu tragen.</p>\n            </dd>\n         </dl>\n         <dl class=\"RspDL\">\n            <dt/>\n            <dd>\n               <p/>\n            </dd>\n         </dl>\n         <dl class=\"RspDL\">\n            <dt/>\n            <dd>\n               <p>Erg\u00e4nzend bemerkt der Senat zur Revision des Angeklagten:</p>\n            </dd>\n         </dl>\n         <dl class=\"RspDL\">\n            <dt/>\n            <dd>\n               <p/>\n            </dd>\n         </dl>\n         <dl class=\"RspDL\">\n            <dt/>\n            <dd>\n               <p>Die R\u00fcge, das Landgericht habe gegen den \u00d6ffentlichkeitsgrundsatz (\u00a7 169 GVG) versto\u00dfen, ist unbegr\u00fcndet. Das Landgericht war rechtlich nicht verpflichtet, auf der Grundlage einer Einzelfallpr\u00fcfung eine Ermessensentscheidung dar\u00fcber zu treffen, ob die vier erschienenen und Einlass in den Sitzungssaal begehrenden Personen (drei Mitglieder der Familie und eine Freundin des Angeklagten \u00d6.), die entgegen der bestehenden - von der Revision nicht beanstandeten - Sicherheitsanordnung keinen amtlichen Ausweis, sondern (lediglich) einen F\u00fchrerschein vorweisen konnten, gleichwohl einzulassen waren. Daher hat die Strafkammer entgegen der Ansicht der Revision bei ihrer Entscheidung, die Sicherheitsanordnung nicht zu \u00e4ndern, so dass der Einlass (auch) dieser Personen weiterhin allein danach zu beurteilen war, ob sie die Bedingungen der sitzungspolizeilichen Verf\u00fcgung des Vorsitzenden erf\u00fcllten, auch angesichts der vorgetragenen, bei diesen Personen vorliegenden besonderen Umst\u00e4nde nicht fehlerhaft gehandelt.</p>\n            </dd>\n         </dl>\n         <dl class=\"RspDL\">\n            <dt/>\n            <dd>\n               <p/>\n            </dd>\n         </dl>\n         <dl class=\"RspDL\">\n            <dt/>\n            <dd>\n               <p>Entgegen der Ansicht des Generalbundesanwalts ist die von der Revision des Angeklagten A. erhobene R\u00fcge der Mitwirkung eines befangenen Sch\u00f6ffen (\u00a7 338 Nr. 3 StPO) nicht unzul\u00e4ssig, weil der Beschwerdef\u00fchrer bei der Darlegung des vermeintlich prozessrechtswidrigen Vorgangs durch Wiedergabe lediglich des Protokollinhalts offen gelassen habe, ob der abgelehnte Sch\u00f6ffe sich in der Hauptverhandlung tats\u00e4chlich so wie behauptet ge\u00e4u\u00dfert hat (\u00a7 344 Abs. 2 Satz 2 StPO). Hieran kann n\u00e4mlich angesichts des Inhalts der vom Beschwerdef\u00fchrer vorgetragenen dienstlichen \u00c4u\u00dferung des abgelehnten Sch\u00f6ffen, der Stellungnahme der Staatsanwaltschaft zum Ablehnungsgesuch sowie der Entscheidung \u00fcber dieses, keinerlei Zweifel bestehen. Die R\u00fcge bleibt allerdings aus den vom Generalbundesanwalt in seiner Antragsschrift im \u00dcbrigen dargelegten Gr\u00fcnden ohne Erfolg.</p>\n            </dd>\n         </dl>\n         <dl class=\"RspDL\">\n            <dt/>\n            <dd>\n               <p style=\"text-align:left\"/>\n            </dd>\n         </dl>\n         <dl class=\"RspDL\">\n            <dt/>\n            <dd>\n               <p style=\"text-align:left\">Becker\u00a0\u00a0\u00a0\u00a0\u00a0\u00a0\u00a0\u00a0\u00a0\u00a0\u00a0\u00a0\u00a0\u00a0\u00a0\u00a0\u00a0\u00a0\u00a0\u00a0\u00a0\u00a0\u00a0\u00a0\u00a0\u00a0\u00a0\u00a0\u00a0\u00a0\u00a0\u00a0\u00a0\u00a0\u00a0\u00a0\u00a0\u00a0\u00a0\u00a0\u00a0\u00a0\u00a0Pfister\u00a0\u00a0\u00a0\u00a0\u00a0\u00a0\u00a0\u00a0\u00a0\u00a0\u00a0\u00a0\u00a0\u00a0\u00a0\u00a0\u00a0\u00a0\u00a0\u00a0\u00a0\u00a0\u00a0\u00a0\u00a0\u00a0\u00a0\u00a0\u00a0\u00a0\u00a0\u00a0\u00a0\u00a0\u00a0Sost-Scheible</p>\n            </dd>\n         </dl>\n         <dl class=\"RspDL\">\n            <dt/>\n            <dd>\n               <p style=\"text-align:left\">\u00a0\u00a0\u00a0\u00a0\u00a0\u00a0\u00a0\u00a0\u00a0\u00a0\u00a0\u00a0\u00a0\u00a0\u00a0\u00a0\u00a0\u00a0\u00a0\u00a0\u00a0\u00a0\u00a0\u00a0\u00a0\u00a0Hubert\u00a0\u00a0\u00a0\u00a0\u00a0\u00a0\u00a0\u00a0\u00a0\u00a0\u00a0\u00a0\u00a0\u00a0\u00a0\u00a0\u00a0\u00a0\u00a0\u00a0\u00a0\u00a0\u00a0\u00a0\u00a0\u00a0\u00a0\u00a0\u00a0\u00a0\u00a0\u00a0\u00a0\u00a0\u00a0\u00a0\u00a0\u00a0\u00a0\u00a0\u00a0Mayer</p>\n            </dd>\n         </dl>\n         <dl class=\"RspDL\">\n            <dt/>\n            <dd>\n               <p/>\n            </dd>\n         </dl>\n      </div>\n   ", "regionAbk": "DEU"}