{"publisher": "BMJV", "tatbestand": "", "absaetze": [{"num": "1", "textProcessed": ["landgericht", "sicherungsverfahr", "unterbring", "beschuldigt", "psychiatr", "krankenhaus", "angeordnet", "vollstreck", "massregel", "bewahr", "ausgesetzt", "ausserd", "massregelanordn", "stgb", "getroff", "urteil", "eingelegt", "revision", "beanstandet", "beschuldigt", "verfahr", "rugt", "verletz", "materiell", "recht", "rechtsmittel", "sachrug", "erfolg", "dass", "erorter", "verfahrensrug", "bedarf"], "text": "Das Landgericht hat im Sicherungsverfahren die Unterbringung des Beschuldigten in einem psychiatrischen Krankenhaus angeordnet und die Vollstreckung der Ma\u00dfregel zur Bew\u00e4hrung ausgesetzt; au\u00dferdem hat es eine Ma\u00dfregelanordnung nach \u00a7\u00a7 69, 69 a StGB getroffen. Mit seiner gegen dieses Urteil eingelegten Revision beanstandet der Beschuldigte das Verfahren und r\u00fcgt die Verletzung materiellen Rechts. Das Rechtsmittel hat mit der Sachr\u00fcge Erfolg, so dass es einer Er\u00f6rterung der Verfahrensr\u00fcge nicht bedarf."}, {"num": "2", "textProcessed": ["anlasstat", "landgericht", "wesent", "folgend", "festgestellt"], "text": "1. Zu den Anlasstaten hat das Landgericht im Wesentlichen Folgendes festgestellt:"}, {"num": "3", "textProcessed": ["fruh", "morgenstund", "februar", "entwendet", "beschuldigt", "verkaufsraum", "tankstell", "packung", "zigarett", "aug", "kassiererin", "legt", "beifahrersitz", "autos", "besitz", "beut", "erhalt", "fuhr", "beschuldigt", "schnell", "dass", "kassiererin", "nachgeeilt", "zigarett", "bereit", "ergriff", "holm", "fahrzeug", "getroff", "wurd", "wodurch", "prellung", "erlitt", "fall", "ii"], "text": "In den fr\u00fchen Morgenstunden des 2. Februar 2008 entwendete der Beschuldigte im Verkaufsraum einer Tankstelle 10 Packungen Zigaretten vor den Augen der Kassiererin und legte sie auf den Beifahrersitz seines Autos. Um sich den Besitz der Beute zu erhalten, fuhr der Beschuldigte sehr schnell an, so dass die Kassiererin, die ihm nachgeeilt und die Zigaretten bereits ergriffen hatte, vom Holm des Fahrzeugs getroffen wurde, wodurch sie Prellungen erlitt (Fall II. 1)."}, {"num": "4", "textProcessed": ["unmittelbar", "danach", "fuhr", "beschuldigt", "tankstell", "kauft", "vorlag", "kreditkart", "zigarett", "zufall", "anwes", "polizeibeamt", "bemerkt", "dass", "beschuldigt", "kreditkart", "verkaufsraum", "zuruckgelass", "bereit", "fahrzeug", "sitzend", "beschuldigt", "ubergeb", "bevor", "ansprech", "konnt", "fuhr", "beschuldigt", "vollgas", "ruckart", "wobei", "aussenspiegel", "pkw", "lederjack", "polizeibeamt", "streift", "beamt", "setzt", "daraufhin", "streifenwag", "weit", "beamtin", "sass", "pkw", "beschuldigt", "weiterfahrt", "hind", "beschuldigt", "fuhr", "nunmehr", "gleichmass", "gemassigt", "tempo", "gezielt", "streifenwag", "ua", "rammt", "hint", "recht", "beifahrertur", "fluchtweg", "eroffn", "unmittelbar", "danach", "wurd", "festgenomm", "fall", "ii"], "text": "Unmittelbar danach fuhr der Beschuldigten zu einer anderen Tankstelle und kaufte dort unter Vorlage seiner Kreditkarte Zigaretten. Ein zuf\u00e4llig anwesender Polizeibeamter bemerkte, dass der Beschuldigte die Kreditkarte im Verkaufsraum zur\u00fcckgelassen hatte und wollte sie dem bereits wieder im Fahrzeug sitzenden Beschuldigten \u00fcbergeben. Noch bevor er ihn ansprechen konnte, fuhr der Beschuldigte mit Vollgas ruckartig an, wobei der Au\u00dfenspiegel des PKW die Lederjacke des Polizeibeamten streifte. Der Beamte setzte daraufhin den Streifenwagen, in dem eine weitere Beamtin sa\u00df, vor den PKW des Beschuldigten, um ihn an der Weiterfahrt zu hindern. Der Beschuldigte fuhr nunmehr in \"gleichm\u00e4\u00dfigem gem\u00e4\u00dfigtem Tempo gezielt auf den Streifenwagen zu\" [UA 5] und rammte diesen an der hinteren rechten Beifahrert\u00fcr, um sich einen Fluchtweg zu er\u00f6ffnen. Unmittelbar danach wurde er festgenommen (Fall II. 2)."}, {"num": "5", "textProcessed": ["wenig", "spat", "gewahrsamszell", "weitertransport", "handschell", "angelegt", "sollt", "wehrt", "dageg", "schlug", "diensthab", "polizeibeamt", "unvermittelt", "gesicht", "wodurch", "blutend", "verletz", "erlitt", "fall", "ii"], "text": "Als ihm wenig sp\u00e4ter in der Gewahrsamszelle vor dem Weitertransport Handschellen angelegt werden sollten, wehrte er sich dagegen und schlug dem diensthabenden Polizeibeamten unvermittelt ins Gesicht, wodurch dieser eine blutende Verletzung erlitt (Fall II. 3)."}, {"num": "6", "textProcessed": ["begeh", "tat", "einsichtsfah", "beschuldigt", "grund", "akut", "episod", "paranoid", "schizophreni", "aufgehob"], "text": "Bei Begehung dieser Taten war die Einsichtsf\u00e4higkeit des Beschuldigten auf Grund einer akuten Episode einer paranoiden Schizophrenie aufgehoben."}, {"num": "7", "textProcessed": ["anordn", "unterbring", "beschuldigt", "psychiatr", "krankenhaus", "halt", "rechtlich", "prufung", "stand"], "text": "2. Die Anordnung der Unterbringung des Beschuldigten in einem psychiatrischen Krankenhaus h\u00e4lt rechtlicher Pr\u00fcfung nicht stand."}, {"num": "8", "textProcessed": ["standig", "rechtsprech", "setzt", "anordn", "neb", "positiv", "feststell", "lang", "andauernd", "vorubergeh", "defekt", "zumind", "erheb", "einschrank", "schuldfah", "sinn", "stgb", "begrundet", "feststell", "voraus", "dass", "tat", "zustand", "rechtswidr", "tat", "begang", "annahm", "stgb", "rechtfert", "dauerhaft", "defekt", "zuruckzufuhr", "vgl", "bghst"], "text": "Nach st\u00e4ndiger Rechtsprechung setzt eine solche Anordnung neben der positiven Feststellung eines l\u00e4nger andauernden, nicht nur vor\u00fcbergehenden Defekts, der zumindest eine erhebliche Einschr\u00e4nkung der Schuldf\u00e4higkeit im Sinne des \u00a7 21 StGB begr\u00fcndet, auch die Feststellung voraus, dass der T\u00e4ter in diesem Zustand eine rechtswidrige Tat begangen hat, die auf den die Annahme der \u00a7\u00a7 20, 21 StGB rechtfertigenden dauerhaften Defekt zur\u00fcckzuf\u00fchren ist (vgl. nur BGHSt 34, 22, 27)."}, {"num": "9", "textProcessed": ["soweit", "landgericht", "fall", "ii", "rauber", "diebstahl", "tatein", "gefahr", "korperverletz", "fall", "ii", "vorsatz", "korperverletz", "tatein", "widerstand", "vollstreckungsbeamt", "angenomm", "rechtsgrund", "beanstand", "dageg", "beleg", "urteilsfeststell", "dass", "beschuldigt", "fall", "ii", "jeweil", "gefahr", "eingriff", "strassenverkehr", "abs", "nr", "stgb", "fall", "ii", "tateinheit", "sachbeschad", "begang"], "text": "Soweit das Landgericht im Fall II. 1 einen r\u00e4uberischen Diebstahl in Tateinheit mit gef\u00e4hrlicher K\u00f6rperverletzung und im Fall II. 3 eine vors\u00e4tzliche K\u00f6rperverletzung in Tateinheit mit Widerstand gegen Vollstreckungsbeamte angenommen hat, ist dies aus Rechtsgr\u00fcnden nicht zu beanstanden. Dagegen belegen die Urteilsfeststellungen nicht, dass der Beschuldigte in den F\u00e4llen II. 1 und 2 jeweils einen gef\u00e4hrlichen Eingriff in den Stra\u00dfenverkehr (\u00a7 315 b Abs. 1 Nr. 3 StGB), im Fall II. 2 tateinheitlich damit auch eine Sachbesch\u00e4digung begangen hat."}, {"num": "10", "textProcessed": ["standig", "rechtsprech", "senat", "erfasst", "stgb", "vorschriftswidr", "verkehrsverhalt", "fahrzeugfuhr", "gesteuert", "kraftfahrzeug", "verkehrsfeind", "einstell", "bewusst", "zweckwidr", "einsetzt", "mithin", "absicht", "handelt", "verkehrsvorgang", "eingriff", "strassenverkehr", "perverti", "dabei", "zumind", "bedingt", "schadigungsvorsatz", "handelt", "vgl", "bghst", "urteilsfeststell", "entnehm", "dass", "beschuldigt", "absicht", "handelt"], "text": "a) Nach st\u00e4ndiger Rechtsprechung des Senats erfasst \u00a7 315 b StGB ein vorschriftswidriges Verkehrsverhalten eines Fahrzeugf\u00fchrers nur dann, wenn dieser das von ihm gesteuerte Kraftfahrzeug in verkehrsfeindlicher Einstellung bewusst zweckwidrig einsetzt, er mithin in der Absicht handelt, den Verkehrsvorgang zu einem Eingriff in den Stra\u00dfenverkehr zu \"pervertieren\" und dabei mit zumindest bedingtem Sch\u00e4digungsvorsatz handelt (vgl. BGHSt 41, 231, 234; 48, 233, 236 f. m.w.N.). Den Urteilsfeststellungen ist nicht zu entnehmen, dass der Beschuldigte in dieser Absicht handelte."}, {"num": "11", "textProcessed": ["fall", "ii", "beschuldigt", "absicht", "fahrzeug", "streifenwag", "versperrt", "gefahr", "angesicht", "beschuldigt", "eingehalt", "massig", "geschwind", "schluss", "landgericht", "beschuldigt", "dadurch", "leib", "leb", "polizeibeamt", "gefahrdet", "ua", "nachvollziehbar"], "text": "b) Im Fall II. 2 ist der Beschuldigte zwar absichtlich mit seinem Fahrzeug gegen den Streifenwagen, der ihm den Weg versperrte, gefahren. Angesichts der vom Beschuldigten eingehaltenen m\u00e4\u00dfigen Geschwindigkeit ist der Schluss des Landgerichts, der Beschuldigte habe dadurch \"Leib oder Leben der Polizeibeamten gef\u00e4hrdet\" (UA 8), aber nicht nachvollziehbar."}, {"num": "12", "textProcessed": ["ebenso", "wenig", "beleg", "bisher", "feststell", "konkret", "gefahrd", "sach", "bedeut", "wert", "hierfur", "reicht", "dass", "sach", "bedeut", "wert", "streifenwag", "wirtschaft", "unbedeut", "mass", "gefahrdet", "vielmehr", "konkret", "drohend", "schad", "bedeut", "umfang", "vgl", "bgh", "beschluss", "septemb", "str", "nstz", "rr", "vgl", "fisch", "stgb", "aufl", "rdn", "wertgrenz", "vgl", "bghst", "fisch", "aao", "rdn", "barnickel", "munchkomm", "stgb", "rdn"], "text": "Ebenso wenig belegen die bisherigen Feststellungen die konkrete Gef\u00e4hrdung einer Sache von bedeutendem Wert. Hierf\u00fcr reicht es nicht aus, dass eine Sache von bedeutendem Wert, wie hier der Streifenwagen, nur in wirtschaftlich unbedeutendem Ma\u00dfe gef\u00e4hrdet wird; vielmehr muss der konkret drohende Schaden bedeutenden Umfangs sein (vgl. BGH, Beschluss vom 27. September 2007 - 4 StR 1/07 = NStZ-RR 2008, 83 m.w.N.; vgl. auch Fischer StGB 57. Aufl. \u00a7 315 b Rdn. 18 m.w.N.; zur Wertgrenze vgl. BGHSt 48, 119, 121; Fischer aaO \u00a7 315 Rdn. 16 a; Barnickel in M\u00fcnchKomm StGB \u00a7 315 Rdn. 69)."}, {"num": "13", "textProcessed": ["tateinheit", "verurteil", "sachbeschad", "ebenfall", "bestand", "urteil", "mitteilt", "gegebenenfall", "weis", "streifenwag", "anfahr", "beschadigt", "word"], "text": "Die tateinheitliche Verurteilung wegen Sachbesch\u00e4digung hat ebenfalls keinen Bestand, weil das Urteil nicht mitteilt, ob und gegebenenfalls in welcher Weise der Streifenwagen durch das Anfahren besch\u00e4digt worden ist."}, {"num": "14", "textProcessed": ["hinsicht", "massregelanordn", "stgb", "bedarf", "sach", "neu", "entscheid"], "text": "3. Auch hinsichtlich der Ma\u00dfregelanordnung nach \u00a7\u00a7 69, 69 a StGB bedarf die Sache damit neuer Entscheidung."}], "norm": ["\u00a7 315b StGB"], "doktyp": "Beschluss", "regionLong": "Bundesrepublik Deutschland", "sonstlt": "", "gruendeProcessed": ["landgericht", "sicherungsverfahr", "unterbring", "beschuldigt", "psychiatr", "krankenhaus", "angeordnet", "vollstreck", "massregel", "bewahr", "ausgesetzt", "ausserd", "massregelanordn", "stgb", "getroff", "urteil", "eingelegt", "revision", "beanstandet", "beschuldigt", "verfahr", "rugt", "verletz", "materiell", "recht", "rechtsmittel", "sachrug", "erfolg", "dass", "erorter", "verfahrensrug", "bedarf", "anlasstat", "landgericht", "wesent", "folgend", "festgestellt", "fruh", "morgenstund", "februar", "entwendet", "beschuldigt", "verkaufsraum", "tankstell", "packung", "zigarett", "aug", "kassiererin", "legt", "beifahrersitz", "autos", "besitz", "beut", "erhalt", "fuhr", "beschuldigt", "schnell", "dass", "kassiererin", "nachgeeilt", "zigarett", "bereit", "ergriff", "holm", "fahrzeug", "getroff", "wurd", "wodurch", "prellung", "erlitt", "fall", "ii", "unmittelbar", "danach", "fuhr", "beschuldigt", "tankstell", "kauft", "vorlag", "kreditkart", "zigarett", "zufall", "anwes", "polizeibeamt", "bemerkt", "dass", "beschuldigt", "kreditkart", "verkaufsraum", "zuruckgelass", "bereit", "fahrzeug", "sitzend", "beschuldigt", "ubergeb", "bevor", "ansprech", "konnt", "fuhr", "beschuldigt", "vollgas", "ruckart", "wobei", "aussenspiegel", "pkw", "lederjack", "polizeibeamt", "streift", "beamt", "setzt", "daraufhin", "streifenwag", "weit", "beamtin", "sass", "pkw", "beschuldigt", "weiterfahrt", "hind", "beschuldigt", "fuhr", "nunmehr", "gleichmass", "gemassigt", "tempo", "gezielt", "streifenwag", "ua", "rammt", "hint", "recht", "beifahrertur", "fluchtweg", "eroffn", "unmittelbar", "danach", "wurd", "festgenomm", "fall", "ii", "wenig", "spat", "gewahrsamszell", "weitertransport", "handschell", "angelegt", "sollt", "wehrt", "dageg", "schlug", "diensthab", "polizeibeamt", "unvermittelt", "gesicht", "wodurch", "blutend", "verletz", "erlitt", "fall", "ii", "begeh", "tat", "einsichtsfah", "beschuldigt", "grund", "akut", "episod", "paranoid", "schizophreni", "aufgehob", "anordn", "unterbring", "beschuldigt", "psychiatr", "krankenhaus", "halt", "rechtlich", "prufung", "stand", "standig", "rechtsprech", "setzt", "anordn", "neb", "positiv", "feststell", "lang", "andauernd", "vorubergeh", "defekt", "zumind", "erheb", "einschrank", "schuldfah", "sinn", "stgb", "begrundet", "feststell", "voraus", "dass", "tat", "zustand", "rechtswidr", "tat", "begang", "annahm", "stgb", "rechtfert", "dauerhaft", "defekt", "zuruckzufuhr", "vgl", "bghst", "soweit", "landgericht", "fall", "ii", "rauber", "diebstahl", "tatein", "gefahr", "korperverletz", "fall", "ii", "vorsatz", "korperverletz", "tatein", "widerstand", "vollstreckungsbeamt", "angenomm", "rechtsgrund", "beanstand", "dageg", "beleg", "urteilsfeststell", "dass", "beschuldigt", "fall", "ii", "jeweil", "gefahr", "eingriff", "strassenverkehr", "abs", "nr", "stgb", "fall", "ii", "tateinheit", "sachbeschad", "begang", "standig", "rechtsprech", "senat", "erfasst", "stgb", "vorschriftswidr", "verkehrsverhalt", "fahrzeugfuhr", "gesteuert", "kraftfahrzeug", "verkehrsfeind", "einstell", "bewusst", "zweckwidr", "einsetzt", "mithin", "absicht", "handelt", "verkehrsvorgang", "eingriff", "strassenverkehr", "perverti", "dabei", "zumind", "bedingt", "schadigungsvorsatz", "handelt", "vgl", "bghst", "urteilsfeststell", "entnehm", "dass", "beschuldigt", "absicht", "handelt", "fall", "ii", "beschuldigt", "absicht", "fahrzeug", "streifenwag", "versperrt", "gefahr", "angesicht", "beschuldigt", "eingehalt", "massig", "geschwind", "schluss", "landgericht", "beschuldigt", "dadurch", "leib", "leb", "polizeibeamt", "gefahrdet", "ua", "nachvollziehbar", "ebenso", "wenig", "beleg", "bisher", "feststell", "konkret", "gefahrd", "sach", "bedeut", "wert", "hierfur", "reicht", "dass", "sach", "bedeut", "wert", "streifenwag", "wirtschaft", "unbedeut", "mass", "gefahrdet", "vielmehr", "konkret", "drohend", "schad", "bedeut", "umfang", "vgl", "bgh", "beschluss", "septemb", "str", "nstz", "rr", "vgl", "fisch", "stgb", "aufl", "rdn", "wertgrenz", "vgl", "bghst", "fisch", "aao", "rdn", "barnickel", "munchkomm", "stgb", "rdn", "tateinheit", "verurteil", "sachbeschad", "ebenfall", "bestand", "urteil", "mitteilt", "gegebenenfall", "weis", "streifenwag", "anfahr", "beschadigt", "word", "hinsicht", "massregelanordn", "stgb", "bedarf", "sach", "neu", "entscheid", "tepperwi", "solin", "stojanovi\u0107", "ernemann", "frank", "mutzbau"], "mitwirkung": "", "aktenzeichen": "4 StR 82/10", "language": "deutsch", "gertyp": "BGH", "leitsatz": "", "gruende": "\n      <div>\n         <dl class=\"RspDL\">\n            <dt>\n               <a name=\"rd_1\">1</a>\n            </dt>\n            <dd>\n               <p>Das Landgericht hat im Sicherungsverfahren die Unterbringung des Beschuldigten in einem psychiatrischen Krankenhaus angeordnet und die Vollstreckung der Ma\u00dfregel zur Bew\u00e4hrung ausgesetzt; au\u00dferdem hat es eine Ma\u00dfregelanordnung nach \u00a7\u00a7 69, 69 a StGB getroffen. Mit seiner gegen dieses Urteil eingelegten Revision beanstandet der Beschuldigte das Verfahren und r\u00fcgt die Verletzung materiellen Rechts. Das Rechtsmittel hat mit der Sachr\u00fcge Erfolg, so dass es einer Er\u00f6rterung der Verfahrensr\u00fcge nicht bedarf.</p>\n            </dd>\n         </dl>\n         <dl class=\"RspDL\">\n            <dt/>\n            <dd>\n               <p/>\n            </dd>\n         </dl>\n         <dl class=\"RspDL\">\n            <dt>\n               <a name=\"rd_2\">2</a>\n            </dt>\n            <dd>\n               <p>1. Zu den Anlasstaten hat das Landgericht im Wesentlichen Folgendes festgestellt:</p>\n            </dd>\n         </dl>\n         <dl class=\"RspDL\">\n            <dt/>\n            <dd>\n               <p/>\n            </dd>\n         </dl>\n         <dl class=\"RspDL\">\n            <dt>\n               <a name=\"rd_3\">3</a>\n            </dt>\n            <dd>\n               <p>In den fr\u00fchen Morgenstunden des 2. Februar 2008 entwendete der Beschuldigte im Verkaufsraum einer Tankstelle 10 Packungen Zigaretten vor den Augen der Kassiererin und legte sie auf den Beifahrersitz seines Autos. Um sich den Besitz der Beute zu erhalten, fuhr der Beschuldigte sehr schnell an, so dass die Kassiererin, die ihm nachgeeilt und die Zigaretten bereits ergriffen hatte, vom Holm des Fahrzeugs getroffen wurde, wodurch sie Prellungen erlitt (Fall II. 1).</p>\n            </dd>\n         </dl>\n         <dl class=\"RspDL\">\n            <dt/>\n            <dd>\n               <p/>\n            </dd>\n         </dl>\n         <dl class=\"RspDL\">\n            <dt>\n               <a name=\"rd_4\">4</a>\n            </dt>\n            <dd>\n               <p>Unmittelbar danach fuhr der Beschuldigten zu einer anderen Tankstelle und kaufte dort unter Vorlage seiner Kreditkarte Zigaretten. Ein zuf\u00e4llig anwesender Polizeibeamter bemerkte, dass der Beschuldigte die Kreditkarte im Verkaufsraum zur\u00fcckgelassen hatte und wollte sie dem bereits wieder im Fahrzeug sitzenden Beschuldigten \u00fcbergeben. Noch bevor er ihn ansprechen konnte, fuhr der Beschuldigte mit Vollgas ruckartig an, wobei der Au\u00dfenspiegel des PKW die Lederjacke des Polizeibeamten streifte. Der Beamte setzte daraufhin den Streifenwagen, in dem eine weitere Beamtin sa\u00df, vor den PKW des Beschuldigten, um ihn an der Weiterfahrt zu hindern. Der Beschuldigte fuhr nunmehr in \"gleichm\u00e4\u00dfigem gem\u00e4\u00dfigtem Tempo gezielt auf den Streifenwagen zu\" [UA 5] und rammte diesen an der hinteren rechten Beifahrert\u00fcr, um sich einen Fluchtweg zu er\u00f6ffnen. Unmittelbar danach wurde er festgenommen (Fall II. 2).</p>\n            </dd>\n         </dl>\n         <dl class=\"RspDL\">\n            <dt/>\n            <dd>\n               <p/>\n            </dd>\n         </dl>\n         <dl class=\"RspDL\">\n            <dt>\n               <a name=\"rd_5\">5</a>\n            </dt>\n            <dd>\n               <p>Als ihm wenig sp\u00e4ter in der Gewahrsamszelle vor dem Weitertransport Handschellen angelegt werden sollten, wehrte er sich dagegen und schlug dem diensthabenden Polizeibeamten unvermittelt ins Gesicht, wodurch dieser eine blutende Verletzung erlitt (Fall II. 3).</p>\n            </dd>\n         </dl>\n         <dl class=\"RspDL\">\n            <dt/>\n            <dd>\n               <p/>\n            </dd>\n         </dl>\n         <dl class=\"RspDL\">\n            <dt>\n               <a name=\"rd_6\">6</a>\n            </dt>\n            <dd>\n               <p>Bei Begehung dieser Taten war die Einsichtsf\u00e4higkeit des Beschuldigten auf Grund einer akuten Episode einer paranoiden Schizophrenie aufgehoben.</p>\n            </dd>\n         </dl>\n         <dl class=\"RspDL\">\n            <dt/>\n            <dd>\n               <p/>\n            </dd>\n         </dl>\n         <dl class=\"RspDL\">\n            <dt>\n               <a name=\"rd_7\">7</a>\n            </dt>\n            <dd>\n               <p>2. Die Anordnung der Unterbringung des Beschuldigten in einem psychiatrischen Krankenhaus h\u00e4lt rechtlicher Pr\u00fcfung nicht stand.</p>\n            </dd>\n         </dl>\n         <dl class=\"RspDL\">\n            <dt/>\n            <dd>\n               <p/>\n            </dd>\n         </dl>\n         <dl class=\"RspDL\">\n            <dt>\n               <a name=\"rd_8\">8</a>\n            </dt>\n            <dd>\n               <p>Nach st\u00e4ndiger Rechtsprechung setzt eine solche Anordnung neben der positiven Feststellung eines l\u00e4nger andauernden, nicht nur vor\u00fcbergehenden Defekts, der zumindest eine erhebliche Einschr\u00e4nkung der Schuldf\u00e4higkeit im Sinne des \u00a7 21 StGB begr\u00fcndet, auch die Feststellung voraus, dass der T\u00e4ter in diesem Zustand eine rechtswidrige Tat begangen hat, die auf den die Annahme der \u00a7\u00a7 20, 21 StGB rechtfertigenden dauerhaften Defekt zur\u00fcckzuf\u00fchren ist (vgl. nur BGHSt 34, 22, 27).</p>\n            </dd>\n         </dl>\n         <dl class=\"RspDL\">\n            <dt/>\n            <dd>\n               <p/>\n            </dd>\n         </dl>\n         <dl class=\"RspDL\">\n            <dt>\n               <a name=\"rd_9\">9</a>\n            </dt>\n            <dd>\n               <p>Soweit das Landgericht im Fall II. 1 einen r\u00e4uberischen Diebstahl in Tateinheit mit gef\u00e4hrlicher K\u00f6rperverletzung und im Fall II. 3 eine vors\u00e4tzliche K\u00f6rperverletzung in Tateinheit mit Widerstand gegen Vollstreckungsbeamte angenommen hat, ist dies aus Rechtsgr\u00fcnden nicht zu beanstanden. Dagegen belegen die Urteilsfeststellungen nicht, dass der Beschuldigte in den F\u00e4llen II. 1 und 2 jeweils einen gef\u00e4hrlichen Eingriff in den Stra\u00dfenverkehr (\u00a7 315 b Abs. 1 Nr. 3 StGB), im Fall II. 2 tateinheitlich damit auch eine Sachbesch\u00e4digung begangen hat.</p>\n            </dd>\n         </dl>\n         <dl class=\"RspDL\">\n            <dt/>\n            <dd>\n               <p/>\n            </dd>\n         </dl>\n         <dl class=\"RspDL\">\n            <dt>\n               <a name=\"rd_10\">10</a>\n            </dt>\n            <dd>\n               <p>a) Nach st\u00e4ndiger Rechtsprechung des Senats erfasst \u00a7 315 b StGB ein vorschriftswidriges Verkehrsverhalten eines Fahrzeugf\u00fchrers nur dann, wenn dieser das von ihm gesteuerte Kraftfahrzeug in verkehrsfeindlicher Einstellung bewusst zweckwidrig einsetzt, er mithin in der Absicht handelt, den Verkehrsvorgang zu einem Eingriff in den Stra\u00dfenverkehr zu \"pervertieren\" und dabei mit zumindest bedingtem Sch\u00e4digungsvorsatz handelt (vgl. BGHSt 41, 231, 234; 48, 233, 236 f. m.w.N.). Den Urteilsfeststellungen ist nicht zu entnehmen, dass der Beschuldigte in dieser Absicht handelte.</p>\n            </dd>\n         </dl>\n         <dl class=\"RspDL\">\n            <dt/>\n            <dd>\n               <p/>\n            </dd>\n         </dl>\n         <dl class=\"RspDL\">\n            <dt>\n               <a name=\"rd_11\">11</a>\n            </dt>\n            <dd>\n               <p>b) Im Fall II. 2 ist der Beschuldigte zwar absichtlich mit seinem Fahrzeug gegen den Streifenwagen, der ihm den Weg versperrte, gefahren. Angesichts der vom Beschuldigten eingehaltenen m\u00e4\u00dfigen Geschwindigkeit ist der Schluss des Landgerichts, der Beschuldigte habe dadurch \"Leib oder Leben der Polizeibeamten gef\u00e4hrdet\" (UA 8), aber nicht nachvollziehbar.</p>\n            </dd>\n         </dl>\n         <dl class=\"RspDL\">\n            <dt/>\n            <dd>\n               <p/>\n            </dd>\n         </dl>\n         <dl class=\"RspDL\">\n            <dt>\n               <a name=\"rd_12\">12</a>\n            </dt>\n            <dd>\n               <p>Ebenso wenig belegen die bisherigen Feststellungen die konkrete Gef\u00e4hrdung einer Sache von bedeutendem Wert. Hierf\u00fcr reicht es nicht aus, dass eine Sache von bedeutendem Wert, wie hier der Streifenwagen, nur in wirtschaftlich unbedeutendem Ma\u00dfe gef\u00e4hrdet wird; vielmehr muss der konkret drohende Schaden bedeutenden Umfangs sein (vgl. BGH, Beschluss vom 27. September 2007 - 4 StR 1/07 = NStZ-RR 2008, 83 m.w.N.; vgl. auch Fischer StGB 57. Aufl. \u00a7 315 b Rdn. 18 m.w.N.; zur Wertgrenze vgl. BGHSt 48, 119, 121; Fischer aaO \u00a7 315 Rdn. 16 a; Barnickel in M\u00fcnchKomm StGB \u00a7 315 Rdn. 69).</p>\n            </dd>\n         </dl>\n         <dl class=\"RspDL\">\n            <dt/>\n            <dd>\n               <p/>\n            </dd>\n         </dl>\n         <dl class=\"RspDL\">\n            <dt>\n               <a name=\"rd_13\">13</a>\n            </dt>\n            <dd>\n               <p>Die tateinheitliche Verurteilung wegen Sachbesch\u00e4digung hat ebenfalls keinen Bestand, weil das Urteil nicht mitteilt, ob und gegebenenfalls in welcher Weise der Streifenwagen durch das Anfahren besch\u00e4digt worden ist.</p>\n            </dd>\n         </dl>\n         <dl class=\"RspDL\">\n            <dt/>\n            <dd>\n               <p/>\n            </dd>\n         </dl>\n         <dl class=\"RspDL\">\n            <dt>\n               <a name=\"rd_14\">14</a>\n            </dt>\n            <dd>\n               <p>3. Auch hinsichtlich der Ma\u00dfregelanordnung nach \u00a7\u00a7 69, 69 a StGB bedarf die Sache damit neuer Entscheidung.</p>\n            </dd>\n         </dl>\n         <dl class=\"RspDL\">\n            <dt/>\n            <dd>\n               <p/>\n            </dd>\n         </dl>\n         <dl class=\"RspDL\">\n            <dt/>\n            <dd>\n               <p>Tepperwien\u00a0\u00a0\u00a0\u00a0\u00a0\u00a0\u00a0\u00a0\u00a0\u00a0\u00a0\u00a0\u00a0\u00a0\u00a0\u00a0\u00a0\u00a0\u00a0\u00a0\u00a0\u00a0\u00a0\u00a0\u00a0\u00a0\u00a0\u00a0\u00a0\u00a0\u00a0\u00a0\u00a0\u00a0\u00a0\u00a0\u00a0\u00a0\u00a0Solin-Stojanovi\u0107\u00a0\u00a0\u00a0\u00a0\u00a0\u00a0\u00a0\u00a0\u00a0\u00a0\u00a0\u00a0\u00a0\u00a0\u00a0\u00a0\u00a0\u00a0\u00a0\u00a0\u00a0\u00a0\u00a0\u00a0\u00a0\u00a0\u00a0\u00a0\u00a0\u00a0\u00a0\u00a0\u00a0\u00a0\u00a0\u00a0\u00a0\u00a0Ernemann</p>\n            </dd>\n         </dl>\n         <dl class=\"RspDL\">\n            <dt/>\n            <dd>\n               <p>\u00a0\u00a0\u00a0\u00a0\u00a0\u00a0\u00a0\u00a0\u00a0\u00a0\u00a0\u00a0\u00a0\u00a0\u00a0\u00a0\u00a0\u00a0\u00a0\u00a0\u00a0\u00a0\u00a0\u00a0\u00a0\u00a0\u00a0\u00a0\u00a0\u00a0\u00a0Franke\u00a0\u00a0\u00a0\u00a0\u00a0\u00a0\u00a0\u00a0\u00a0\u00a0\u00a0\u00a0\u00a0\u00a0\u00a0\u00a0\u00a0\u00a0\u00a0\u00a0\u00a0\u00a0\u00a0\u00a0\u00a0\u00a0\u00a0\u00a0\u00a0\u00a0\u00a0\u00a0\u00a0\u00a0\u00a0\u00a0\u00a0\u00a0\u00a0\u00a0\u00a0\u00a0\u00a0\u00a0\u00a0\u00a0\u00a0\u00a0\u00a0\u00a0Mutzbauer</p>\n            </dd>\n         </dl>\n         <dl class=\"RspDL\">\n            <dt/>\n            <dd>\n               <p/>\n            </dd>\n         </dl>\n      </div>\n   ", "accessRights": "public", "gerort": "", "entschDatum": "20100316", "coverage": "Deutschland", "titel": "\n      <dl class=\"RspDL\">\n         <dt/>\n         <dd>\n            <p>Tatbestandsvoraussetzungen eines gef\u00e4hrlichen Eingriffs in den Stra\u00dfenverkehr</p>\n         </dd>\n      </dl>\n   ", "ecli": "", "identifier": "http://www.rechtsprechung-im-internet.de/jportal/?quelle=jlink&docid=JURE100062461&psml=bsjrsprod.psml&max=true", "spruchkoerper": "4. Strafsenat", "vorinstanz": "vorgehend LG Hannover, 14. September 2009, Az: 1372 Js 26910/08 - 96 KLs 8/09, Urteil\n   ", "doknr": "JURE100062461", "abweichendeMeinung": "", "tenor": "\n      <div>\n         <dl class=\"RspDL\">\n            <dt/>\n            <dd>\n               <p>1. Auf die Revision des Beschuldigten wird das Urteil des Landgerichts Hannover vom 14. September 2009 mit den Feststellungen aufgehoben.</p>\n            </dd>\n         </dl>\n         <dl class=\"RspDL\">\n            <dt/>\n            <dd>\n               <p/>\n            </dd>\n         </dl>\n         <dl class=\"RspDL\">\n            <dt/>\n            <dd>\n               <p>2. Die Sache wird zu neuer Verhandlung und Entscheidung, auch \u00fcber die Kosten des Rechtsmittels, an eine andere Strafkammer des Landgerichts zur\u00fcckverwiesen.</p>\n            </dd>\n         </dl>\n         <dl class=\"RspDL\">\n            <dt/>\n            <dd>\n               <p/>\n            </dd>\n         </dl>\n      </div>\n   ", "regionAbk": "DEU"}