{"publisher": "BMJV", "tatbestand": "", "absaetze": [{"num": "1", "textProcessed": ["angeklagt", "innerhalb", "drei", "monat", "vier", "bewaffnet", "raubdelikt", "mordversuch", "zwei", "versucht", "totschlagsdelikt", "begang", "landgericht", "deshalb", "einzelfreiheitsstraf", "funf", "jahr", "sech", "monat", "zehn", "jahr", "gebildet", "gesamtfreiheitsstraf", "jahr", "verurteilt", "hiergeg", "gerichtet", "revision", "angeklagt", "verletz", "formell", "materiell", "recht", "geltend", "macht", "bleibt", "erfolglos", "abs", "stpo"], "text": "Der Angeklagte hat innerhalb von drei Monaten vier bewaffnete Raubdelikte, einen Mordversuch und zwei versuchte Totschlagsdelikte begangen. Das Landgericht hat ihn deshalb zu einer aus Einzelfreiheitsstrafen zwischen f\u00fcnf Jahren und sechs Monaten und zehn Jahren gebildeten Gesamtfreiheitsstrafe von 13 Jahren verurteilt. Die hiergegen gerichtete Revision des Angeklagten, mit der er eine Verletzung formellen und materiellen Rechts geltend macht, bleibt erfolglos (\u00a7 349 Abs. 2 StPO)."}, {"num": "2", "textProcessed": ["nah", "ausfuhr", "bedarf", "folgend"], "text": "1. Der n\u00e4heren Ausf\u00fchrungen bedarf nur Folgendes:"}, {"num": "3", "textProcessed": ["revision", "rugt", "dass", "verkund", "urteil", "verstoss", "abs", "stpo", "erneut", "urteilsberat", "stattgefund"], "text": "Die Revision r\u00fcgt, dass vor der Verk\u00fcndung des Urteils unter Versto\u00df gegen \u00a7 260 Abs. 1 StPO keine (erneute) Urteilsberatung stattgefunden habe."}, {"num": "4", "textProcessed": ["rug", "liegt", "folgend", "verfahrensablauf", "zugrund"], "text": "a) Der R\u00fcge liegt folgender Verfahrensablauf zugrunde:"}, {"num": "5", "textProcessed": ["nachd", "strafkamm", "urteil", "umfass", "berat", "wurd", "beweisaufnahm", "eroffnet", "hinweis", "stpo", "erteilt", "anschluss", "daran", "wurd", "beweisaufnahm", "erneut", "geschloss", "verfahrensbeteiligt", "macht", "geleg", "weit", "erklar", "sach", "abzugeb", "gebrauch", "nahm", "ledig", "bereit", "gemacht", "ausfuhr", "bezug", "sodann", "wurd", "urteil", "verkundet", "dass", "erneut", "berat", "stattgefund"], "text": "Nachdem die Strafkammer das Urteil umfassend beraten hatte, wurde die Beweisaufnahme wieder er\u00f6ffnet und ein Hinweis nach \u00a7 265 StPO erteilt. Im Anschluss daran wurde die Beweisaufnahme erneut geschlossen. Die Verfahrensbeteiligten machten von der Gelegenheit, weitere Erkl\u00e4rungen zur Sache abzugeben, keinen Gebrauch, sondern nahmen lediglich auf ihre bereits gemachten Ausf\u00fchrungen Bezug. Sodann wurde das Urteil verk\u00fcndet, ohne dass eine (erneute) Beratung stattgefunden hatte."}, {"num": "6", "textProcessed": ["revision", "generalbundesanwalt", "antragsschrift", "april", "halt", "vorgeh", "zutreff", "rechtsfehlerhaft"], "text": "b) Die Revision und auch der Generalbundesanwalt in seiner Antragsschrift vom 29. April 2010 halten dieses Vorgehen zutreffend f\u00fcr rechtsfehlerhaft."}, {"num": "7", "textProcessed": ["gemass", "abs", "stpo", "urteil", "berat", "ergeh", "urteilsverkund", "unmittelbar", "vorausgeh", "tritt", "gericht", "schlussvortrag", "berat", "verhandl", "verkund", "erneut", "berat", "gilt", "standig", "rechtsprech", "bundesgerichtshof", "grundsatz", "vorlieg", "fall", "wiedereintritt", "verhandl", "neu", "prozessstoff", "ergeb", "bghr", "stpo", "abs", "berat", "bgh", "nstz", "rr", "bgh", "nstz"], "text": "Gem\u00e4\u00df \u00a7 260 Abs. 1 StPO hat das Urteil \u201eauf die Beratung\u201c zu ergehen; diese muss der Urteilsverk\u00fcndung unmittelbar vorausgehen. Tritt das Gericht nach den Schlussvortr\u00e4gen und der Beratung wieder in die Verhandlung ein, so muss es vor der Verk\u00fcndung erneut beraten. Dies gilt nach der st\u00e4ndigen Rechtsprechung des Bundesgerichtshofes grunds\u00e4tzlich auch dann, wenn wie im vorliegenden Fall der Wiedereintritt in die Verhandlung keinen neuen Prozessstoff ergeben hat (BGHR StPO \u00a7 260 Abs. 1 Beratung 2; BGH NStZ-RR 1998, 142; BGH NStZ 2001, 106)."}, {"num": "8", "textProcessed": ["senat", "jedoch", "ausnahmsweis", "beruh", "urteil", "aufgezeigt", "verfahrensmangel", "ausschliess", "bestatigt", "hauptverhandlungsprotokoll", "vorsitz", "strafkamm", "dienstlich", "ausser", "erklart", "dass", "erneut", "berat", "deshalb", "unterblieb", "wiedereintritt", "verhandl", "verfahrensbeteiligt", "ausser", "erfolgt", "gering", "umfang", "bloss", "bezugnahm", "fruh", "ausfuhr", "hinaus", "inhalt", "substanz", "gehabt", "hatt", "zusatz", "erkenntnis", "straf", "rechtsfolgenausspruch", "bedeut", "hatt", "ergab", "somit", "weit", "verlauf", "hauptverhandl", "fall", "dienstlich", "ausser", "vorsitz", "wiedereroffn", "hauptverhandl", "vorangegang", "urteilsberat", "mitglied", "strafkamm", "dahingeh", "erzielt", "word", "dass", "beratungsergebnis", "verurteil", "angeklagt", "entsprech", "erteilt", "rechtlich", "hinweis", "bleib", "berat", "dementsprech", "wed", "berufsricht", "schoff", "urteilsverkund", "wunsch", "erneut", "berat", "geaussert", "erscheint", "dah", "ausgeschloss", "dass", "gerichtsmitglied", "entscheid", "bereit", "umfass", "vorberat", "gelangt", "vgl", "bghr", "stpo", "abs", "berat", "bgh", "nstz"], "text": "c) Der Senat kann jedoch hier ausnahmsweise ein Beruhen des Urteils auf dem aufgezeigten Verfahrensmangel ausschlie\u00dfen. Best\u00e4tigt durch das Hauptverhandlungsprotokoll hat die Vorsitzende der Strafkammer in ihrer dienstlichen \u00c4u\u00dferung erkl\u00e4rt, dass eine erneute Beratung deshalb unterblieben ist, weil nach dem Wiedereintritt in die Verhandlung von keinem der Verfahrensbeteiligten eine \u00c4u\u00dferung erfolgt ist, die - nicht einmal in einem geringen Umfang - \u00fcber die blo\u00dfe Bezugnahme auf fr\u00fchere Ausf\u00fchrungen hinaus inhaltliche Substanz gehabt h\u00e4tte. Zus\u00e4tzliche Erkenntnisse, die f\u00fcr den Straf- oder Rechtsfolgenausspruch von Bedeutung h\u00e4tten sein k\u00f6nnen, ergaben sich somit aus dem weiteren Verlauf der Hauptverhandlung nicht. F\u00fcr diesen Fall war nach der dienstlichen \u00c4u\u00dferung der Vorsitzenden in der vor der Wiederer\u00f6ffnung der Hauptverhandlung vorangegangenen Urteilsberatung zwischen den Mitgliedern der Strafkammer dahingehend Einigkeit erzielt worden, dass es bei dem Beratungsergebnis - einer Verurteilung des Angeklagten entsprechend dem erteilten rechtlichen Hinweis - bleiben sollte, ohne dies noch einmal zu beraten. Dementsprechend haben weder die Berufsrichter noch die Sch\u00f6ffen vor der Urteilsverk\u00fcndung den Wunsch nach einer erneuten Beratung ge\u00e4u\u00dfert. Es erscheint daher ausgeschlossen, dass hier ein Gerichtsmitglied zu einer anderen Entscheidung als zu der bereits umfassend vorberatenen gelangt w\u00e4re (vgl. BGHR StPO \u00a7 260 Abs. 1 Beratung 2 und 6; BGH NStZ 2001, 106)."}, {"num": "9", "textProcessed": ["ubrig", "aufgrund", "revisionsrechtfert", "gebot", "uberpruf", "urteil", "generalbundesanwalt", "zutreff", "dargelegt", "grund", "rechtsfehl", "nachteil", "angeklagt", "ergeb"], "text": "2. Auch im \u00dcbrigen hat die aufgrund der Revisionsrechtfertigung gebotene \u00dcberpr\u00fcfung des Urteils aus den von dem Generalbundesanwalt zutreffend dargelegten Gr\u00fcnden keinen Rechtsfehler zum Nachteil des Angeklagten ergeben."}, {"num": "10", "textProcessed": ["senat", "sieht", "jedoch", "anlass", "folgend", "hinweis"], "text": "3. Der Senat sieht jedoch Anlass zu folgendem Hinweis:"}, {"num": "11", "textProcessed": ["landgericht", "unterbring", "angeklagt", "sicherungsverwahr", "gemass", "abs", "stgb", "abgelehnt", "sachverstand", "berat", "trotz", "ungewohn", "schwerwieg", "tatseri", "kurz", "tatzeitraum", "drei", "monat", "hang", "sinn", "abs", "nr", "stgb", "feststell"], "text": "Das Landgericht hat eine Unterbringung des Angeklagten in der Sicherungsverwahrung gem\u00e4\u00df \u00a7 66 Abs. 2 StGB abgelehnt. Sachverst\u00e4ndig beraten hat es bei diesem trotz der \u201eungew\u00f6hnlich schwerwiegenden Tatserie\u201c wegen des kurzen Tatzeitraumes von drei Monaten einen Hang im Sinne des \u00a7 66 Abs. 1 Nr. 3 StGB \u201enoch\u201c nicht feststellen k\u00f6nnen."}, {"num": "12", "textProcessed": ["begrund", "landgericht", "vorlieg", "hang", "verneint", "zutreff", "lieg", "vorlieg", "fall", "formell", "voraussetz", "abs", "stgb", "gesetz", "wertung", "schon", "allein", "abgeurteilt", "tat", "hang", "ableitbar", "dah", "bereit", "ansatz", "zweifelhaft", "umstand", "dass", "tat", "schon", "fruh", "oft", "straffall", "wurd", "dass", "bestimmt", "zeitlich", "abstand", "anlasstat", "bestand", "massgeb", "vernein", "hang", "herangezog", "vgl", "bgh", "urt", "august", "str", "urt", "septemb", "str", "vielmehr", "gerad", "zeitlich", "dicht", "aufeinand", "folgend", "tat", "haufung", "eingeschliff", "inn", "zustand", "tat", "sprech", "imm", "neu", "straftat", "begeh", "lasst", "dah", "tragfah", "abgelehnt", "anordn", "sicherungsverwahr", "angeklagt", "beschwert"], "text": "Die Begr\u00fcndung, mit der das Landgericht das Vorliegen eines Hanges verneint hat, ist nicht zutreffend. Liegen wie im vorliegenden Fall die formellen Voraussetzungen von \u00a7 66 Abs. 2 StGB vor, kann nach der gesetzlichen Wertung schon allein aus den abgeurteilten Taten ein Hang ableitbar sein. Es ist daher bereits im Ansatz zweifelhaft, ob der Umstand, dass der T\u00e4ter nicht schon fr\u00fcher oder \u00f6fter straff\u00e4llig wurde oder dass nicht ein bestimmter zeitlicher Abstand zwischen den Anlasstaten bestand, ma\u00dfgeblich zur Verneinung eines Hanges herangezogen werden kann (vgl. BGH, Urt. vom 14. August 2007 - 1 StR 201/07; Urt. vom 4. September 2008 - 5 StR 101/08 m.w.N.). Vielmehr k\u00f6nnen gerade zeitlich dicht aufeinander folgende Taten in ihrer H\u00e4ufung f\u00fcr einen eingeschliffenen inneren Zustand des T\u00e4ters sprechen, der ihn immer neue Straftaten begehen l\u00e4sst. Durch die daher nicht tragf\u00e4hig abgelehnte Anordnung von Sicherungsverwahrung ist der Angeklagte aber nicht beschwert."}], "norm": ["\u00a7 260 StPO", "\u00a7 265 StPO", "\u00a7 337 StPO"], "doktyp": "Beschluss", "regionLong": "Bundesrepublik Deutschland", "sonstlt": "", "gruendeProcessed": ["angeklagt", "innerhalb", "drei", "monat", "vier", "bewaffnet", "raubdelikt", "mordversuch", "zwei", "versucht", "totschlagsdelikt", "begang", "landgericht", "deshalb", "einzelfreiheitsstraf", "funf", "jahr", "sech", "monat", "zehn", "jahr", "gebildet", "gesamtfreiheitsstraf", "jahr", "verurteilt", "hiergeg", "gerichtet", "revision", "angeklagt", "verletz", "formell", "materiell", "recht", "geltend", "macht", "bleibt", "erfolglos", "abs", "stpo", "nah", "ausfuhr", "bedarf", "folgend", "revision", "rugt", "dass", "verkund", "urteil", "verstoss", "abs", "stpo", "erneut", "urteilsberat", "stattgefund", "rug", "liegt", "folgend", "verfahrensablauf", "zugrund", "nachd", "strafkamm", "urteil", "umfass", "berat", "wurd", "beweisaufnahm", "eroffnet", "hinweis", "stpo", "erteilt", "anschluss", "daran", "wurd", "beweisaufnahm", "erneut", "geschloss", "verfahrensbeteiligt", "macht", "geleg", "weit", "erklar", "sach", "abzugeb", "gebrauch", "nahm", "ledig", "bereit", "gemacht", "ausfuhr", "bezug", "sodann", "wurd", "urteil", "verkundet", "dass", "erneut", "berat", "stattgefund", "revision", "generalbundesanwalt", "antragsschrift", "april", "halt", "vorgeh", "zutreff", "rechtsfehlerhaft", "gemass", "abs", "stpo", "urteil", "berat", "ergeh", "urteilsverkund", "unmittelbar", "vorausgeh", "tritt", "gericht", "schlussvortrag", "berat", "verhandl", "verkund", "erneut", "berat", "gilt", "standig", "rechtsprech", "bundesgerichtshof", "grundsatz", "vorlieg", "fall", "wiedereintritt", "verhandl", "neu", "prozessstoff", "ergeb", "bghr", "stpo", "abs", "berat", "bgh", "nstz", "rr", "bgh", "nstz", "senat", "jedoch", "ausnahmsweis", "beruh", "urteil", "aufgezeigt", "verfahrensmangel", "ausschliess", "bestatigt", "hauptverhandlungsprotokoll", "vorsitz", "strafkamm", "dienstlich", "ausser", "erklart", "dass", "erneut", "berat", "deshalb", "unterblieb", "wiedereintritt", "verhandl", "verfahrensbeteiligt", "ausser", "erfolgt", "gering", "umfang", "bloss", "bezugnahm", "fruh", "ausfuhr", "hinaus", "inhalt", "substanz", "gehabt", "hatt", "zusatz", "erkenntnis", "straf", "rechtsfolgenausspruch", "bedeut", "hatt", "ergab", "somit", "weit", "verlauf", "hauptverhandl", "fall", "dienstlich", "ausser", "vorsitz", "wiedereroffn", "hauptverhandl", "vorangegang", "urteilsberat", "mitglied", "strafkamm", "dahingeh", "erzielt", "word", "dass", "beratungsergebnis", "verurteil", "angeklagt", "entsprech", "erteilt", "rechtlich", "hinweis", "bleib", "berat", "dementsprech", "wed", "berufsricht", "schoff", "urteilsverkund", "wunsch", "erneut", "berat", "geaussert", "erscheint", "dah", "ausgeschloss", "dass", "gerichtsmitglied", "entscheid", "bereit", "umfass", "vorberat", "gelangt", "vgl", "bghr", "stpo", "abs", "berat", "bgh", "nstz", "ubrig", "aufgrund", "revisionsrechtfert", "gebot", "uberpruf", "urteil", "generalbundesanwalt", "zutreff", "dargelegt", "grund", "rechtsfehl", "nachteil", "angeklagt", "ergeb", "senat", "sieht", "jedoch", "anlass", "folgend", "hinweis", "landgericht", "unterbring", "angeklagt", "sicherungsverwahr", "gemass", "abs", "stgb", "abgelehnt", "sachverstand", "berat", "trotz", "ungewohn", "schwerwieg", "tatseri", "kurz", "tatzeitraum", "drei", "monat", "hang", "sinn", "abs", "nr", "stgb", "feststell", "begrund", "landgericht", "vorlieg", "hang", "verneint", "zutreff", "lieg", "vorlieg", "fall", "formell", "voraussetz", "abs", "stgb", "gesetz", "wertung", "schon", "allein", "abgeurteilt", "tat", "hang", "ableitbar", "dah", "bereit", "ansatz", "zweifelhaft", "umstand", "dass", "tat", "schon", "fruh", "oft", "straffall", "wurd", "dass", "bestimmt", "zeitlich", "abstand", "anlasstat", "bestand", "massgeb", "vernein", "hang", "herangezog", "vgl", "bgh", "urt", "august", "str", "urt", "septemb", "str", "vielmehr", "gerad", "zeitlich", "dicht", "aufeinand", "folgend", "tat", "haufung", "eingeschliff", "inn", "zustand", "tat", "sprech", "imm", "neu", "straftat", "begeh", "lasst", "dah", "tragfah", "abgelehnt", "anordn", "sicherungsverwahr", "angeklagt", "beschwert", "nack", "wahl", "rothfuss", "graf", "sand"], "mitwirkung": "", "aktenzeichen": "1 StR 187/10", "language": "deutsch", "gertyp": "BGH", "leitsatz": "", "gruende": "\n      <div>\n         <dl class=\"RspDL\">\n            <dt>\n               <a name=\"rd_1\">1</a>\n            </dt>\n            <dd>\n               <p>Der Angeklagte hat innerhalb von drei Monaten vier bewaffnete Raubdelikte, einen Mordversuch und zwei versuchte Totschlagsdelikte begangen. Das Landgericht hat ihn deshalb zu einer aus Einzelfreiheitsstrafen zwischen f\u00fcnf Jahren und sechs Monaten und zehn Jahren gebildeten Gesamtfreiheitsstrafe von 13 Jahren verurteilt. Die hiergegen gerichtete Revision des Angeklagten, mit der er eine Verletzung formellen und materiellen Rechts geltend macht, bleibt erfolglos (\u00a7 349 Abs. 2 StPO).</p>\n            </dd>\n         </dl>\n         <dl class=\"RspDL\">\n            <dt/>\n            <dd>\n               <p/>\n            </dd>\n         </dl>\n         <dl class=\"RspDL\">\n            <dt>\n               <a name=\"rd_2\">2</a>\n            </dt>\n            <dd>\n               <p>1. Der n\u00e4heren Ausf\u00fchrungen bedarf nur Folgendes:</p>\n            </dd>\n         </dl>\n         <dl class=\"RspDL\">\n            <dt/>\n            <dd>\n               <p/>\n            </dd>\n         </dl>\n         <dl class=\"RspDL\">\n            <dt>\n               <a name=\"rd_3\">3</a>\n            </dt>\n            <dd>\n               <p>Die Revision r\u00fcgt, dass vor der Verk\u00fcndung des Urteils unter Versto\u00df gegen \u00a7 260 Abs. 1 StPO keine (erneute) Urteilsberatung stattgefunden habe.</p>\n            </dd>\n         </dl>\n         <dl class=\"RspDL\">\n            <dt/>\n            <dd>\n               <p/>\n            </dd>\n         </dl>\n         <dl class=\"RspDL\">\n            <dt>\n               <a name=\"rd_4\">4</a>\n            </dt>\n            <dd>\n               <p>a) Der R\u00fcge liegt folgender Verfahrensablauf zugrunde:</p>\n            </dd>\n         </dl>\n         <dl class=\"RspDL\">\n            <dt/>\n            <dd>\n               <p/>\n            </dd>\n         </dl>\n         <dl class=\"RspDL\">\n            <dt>\n               <a name=\"rd_5\">5</a>\n            </dt>\n            <dd>\n               <p>Nachdem die Strafkammer das Urteil umfassend beraten hatte, wurde die Beweisaufnahme wieder er\u00f6ffnet und ein Hinweis nach \u00a7 265 StPO erteilt. Im Anschluss daran wurde die Beweisaufnahme erneut geschlossen. Die Verfahrensbeteiligten machten von der Gelegenheit, weitere Erkl\u00e4rungen zur Sache abzugeben, keinen Gebrauch, sondern nahmen lediglich auf ihre bereits gemachten Ausf\u00fchrungen Bezug. Sodann wurde das Urteil verk\u00fcndet, ohne dass eine (erneute) Beratung stattgefunden hatte.</p>\n            </dd>\n         </dl>\n         <dl class=\"RspDL\">\n            <dt/>\n            <dd>\n               <p/>\n            </dd>\n         </dl>\n         <dl class=\"RspDL\">\n            <dt>\n               <a name=\"rd_6\">6</a>\n            </dt>\n            <dd>\n               <p>b) Die Revision und auch der Generalbundesanwalt in seiner Antragsschrift vom 29. April 2010 halten dieses Vorgehen zutreffend f\u00fcr rechtsfehlerhaft.</p>\n            </dd>\n         </dl>\n         <dl class=\"RspDL\">\n            <dt/>\n            <dd>\n               <p/>\n            </dd>\n         </dl>\n         <dl class=\"RspDL\">\n            <dt>\n               <a name=\"rd_7\">7</a>\n            </dt>\n            <dd>\n               <p>Gem\u00e4\u00df \u00a7 260 Abs. 1 StPO hat das Urteil \u201eauf die Beratung\u201c zu ergehen; diese muss der Urteilsverk\u00fcndung unmittelbar vorausgehen. Tritt das Gericht nach den Schlussvortr\u00e4gen und der Beratung wieder in die Verhandlung ein, so muss es vor der Verk\u00fcndung erneut beraten. Dies gilt nach der st\u00e4ndigen Rechtsprechung des Bundesgerichtshofes grunds\u00e4tzlich auch dann, wenn wie im vorliegenden Fall der Wiedereintritt in die Verhandlung keinen neuen Prozessstoff ergeben hat (BGHR StPO \u00a7 260 Abs. 1 Beratung 2; BGH NStZ-RR 1998, 142; BGH NStZ 2001, 106).</p>\n            </dd>\n         </dl>\n         <dl class=\"RspDL\">\n            <dt/>\n            <dd>\n               <p/>\n            </dd>\n         </dl>\n         <dl class=\"RspDL\">\n            <dt>\n               <a name=\"rd_8\">8</a>\n            </dt>\n            <dd>\n               <p>c) Der Senat kann jedoch hier ausnahmsweise ein Beruhen des Urteils auf dem aufgezeigten Verfahrensmangel ausschlie\u00dfen. Best\u00e4tigt durch das Hauptverhandlungsprotokoll hat die Vorsitzende der Strafkammer in ihrer dienstlichen \u00c4u\u00dferung erkl\u00e4rt, dass eine erneute Beratung deshalb unterblieben ist, weil nach dem Wiedereintritt in die Verhandlung von keinem der Verfahrensbeteiligten eine \u00c4u\u00dferung erfolgt ist, die - nicht einmal in einem geringen Umfang - \u00fcber die blo\u00dfe Bezugnahme auf fr\u00fchere Ausf\u00fchrungen hinaus inhaltliche Substanz gehabt h\u00e4tte. Zus\u00e4tzliche Erkenntnisse, die f\u00fcr den Straf- oder Rechtsfolgenausspruch von Bedeutung h\u00e4tten sein k\u00f6nnen, ergaben sich somit aus dem weiteren Verlauf der Hauptverhandlung nicht. F\u00fcr diesen Fall war nach der dienstlichen \u00c4u\u00dferung der Vorsitzenden in der vor der Wiederer\u00f6ffnung der Hauptverhandlung vorangegangenen Urteilsberatung zwischen den Mitgliedern der Strafkammer dahingehend Einigkeit erzielt worden, dass es bei dem Beratungsergebnis - einer Verurteilung des Angeklagten entsprechend dem erteilten rechtlichen Hinweis - bleiben sollte, ohne dies noch einmal zu beraten. Dementsprechend haben weder die Berufsrichter noch die Sch\u00f6ffen vor der Urteilsverk\u00fcndung den Wunsch nach einer erneuten Beratung ge\u00e4u\u00dfert. Es erscheint daher ausgeschlossen, dass hier ein Gerichtsmitglied zu einer anderen Entscheidung als zu der bereits umfassend vorberatenen gelangt w\u00e4re (vgl. BGHR StPO \u00a7 260 Abs. 1 Beratung 2 und 6; BGH NStZ 2001, 106).</p>\n            </dd>\n         </dl>\n         <dl class=\"RspDL\">\n            <dt/>\n            <dd>\n               <p/>\n            </dd>\n         </dl>\n         <dl class=\"RspDL\">\n            <dt>\n               <a name=\"rd_9\">9</a>\n            </dt>\n            <dd>\n               <p>2. Auch im \u00dcbrigen hat die aufgrund der Revisionsrechtfertigung gebotene \u00dcberpr\u00fcfung des Urteils aus den von dem Generalbundesanwalt zutreffend dargelegten Gr\u00fcnden keinen Rechtsfehler zum Nachteil des Angeklagten ergeben.</p>\n            </dd>\n         </dl>\n         <dl class=\"RspDL\">\n            <dt/>\n            <dd>\n               <p/>\n            </dd>\n         </dl>\n         <dl class=\"RspDL\">\n            <dt>\n               <a name=\"rd_10\">10</a>\n            </dt>\n            <dd>\n               <p>3. Der Senat sieht jedoch Anlass zu folgendem Hinweis:</p>\n            </dd>\n         </dl>\n         <dl class=\"RspDL\">\n            <dt/>\n            <dd>\n               <p/>\n            </dd>\n         </dl>\n         <dl class=\"RspDL\">\n            <dt>\n               <a name=\"rd_11\">11</a>\n            </dt>\n            <dd>\n               <p>Das Landgericht hat eine Unterbringung des Angeklagten in der Sicherungsverwahrung gem\u00e4\u00df \u00a7 66 Abs. 2 StGB abgelehnt. Sachverst\u00e4ndig beraten hat es bei diesem trotz der \u201eungew\u00f6hnlich schwerwiegenden Tatserie\u201c wegen des kurzen Tatzeitraumes von drei Monaten einen Hang im Sinne des \u00a7 66 Abs. 1 Nr. 3 StGB \u201enoch\u201c nicht feststellen k\u00f6nnen.</p>\n            </dd>\n         </dl>\n         <dl class=\"RspDL\">\n            <dt/>\n            <dd>\n               <p/>\n            </dd>\n         </dl>\n         <dl class=\"RspDL\">\n            <dt>\n               <a name=\"rd_12\">12</a>\n            </dt>\n            <dd>\n               <p>Die Begr\u00fcndung, mit der das Landgericht das Vorliegen eines Hanges verneint hat, ist nicht zutreffend. Liegen wie im vorliegenden Fall die formellen Voraussetzungen von \u00a7 66 Abs. 2 StGB vor, kann nach der gesetzlichen Wertung schon allein aus den abgeurteilten Taten ein Hang ableitbar sein. Es ist daher bereits im Ansatz zweifelhaft, ob der Umstand, dass der T\u00e4ter nicht schon fr\u00fcher oder \u00f6fter straff\u00e4llig wurde oder dass nicht ein bestimmter zeitlicher Abstand zwischen den Anlasstaten bestand, ma\u00dfgeblich zur Verneinung eines Hanges herangezogen werden kann (vgl. BGH, Urt. vom 14. August 2007 - 1 StR 201/07; Urt. vom 4. September 2008 - 5 StR 101/08 m.w.N.). Vielmehr k\u00f6nnen gerade zeitlich dicht aufeinander folgende Taten in ihrer H\u00e4ufung f\u00fcr einen eingeschliffenen inneren Zustand des T\u00e4ters sprechen, der ihn immer neue Straftaten begehen l\u00e4sst. Durch die daher nicht tragf\u00e4hig abgelehnte Anordnung von Sicherungsverwahrung ist der Angeklagte aber nicht beschwert.</p>\n            </dd>\n         </dl>\n         <dl class=\"RspDL\">\n            <dt/>\n            <dd>\n               <p/>\n            </dd>\n         </dl>\n         <dl class=\"RspDL\">\n            <dt/>\n            <dd>\n               <p>Nack\u00a0\u00a0\u00a0\u00a0\u00a0\u00a0\u00a0\u00a0\u00a0\u00a0\u00a0\u00a0\u00a0\u00a0\u00a0\u00a0\u00a0\u00a0\u00a0\u00a0\u00a0\u00a0\u00a0\u00a0\u00a0\u00a0\u00a0\u00a0\u00a0\u00a0Wahl\u00a0\u00a0\u00a0\u00a0\u00a0\u00a0\u00a0\u00a0\u00a0\u00a0\u00a0\u00a0\u00a0\u00a0\u00a0\u00a0\u00a0\u00a0\u00a0\u00a0\u00a0\u00a0\u00a0\u00a0\u00a0\u00a0\u00a0\u00a0Rothfu\u00df</p>\n            </dd>\n         </dl>\n         <dl class=\"RspDL\">\n            <dt/>\n            <dd>\n               <p>\u00a0\u00a0\u00a0\u00a0\u00a0\u00a0\u00a0\u00a0\u00a0\u00a0\u00a0\u00a0\u00a0\u00a0\u00a0\u00a0\u00a0\u00a0Graf\u00a0\u00a0\u00a0\u00a0\u00a0\u00a0\u00a0\u00a0\u00a0\u00a0\u00a0\u00a0\u00a0\u00a0\u00a0\u00a0\u00a0\u00a0\u00a0\u00a0\u00a0\u00a0\u00a0\u00a0\u00a0\u00a0\u00a0\u00a0\u00a0Sander</p>\n            </dd>\n         </dl>\n         <dl class=\"RspDL\">\n            <dt/>\n            <dd>\n               <p/>\n            </dd>\n         </dl>\n      </div>\n   ", "accessRights": "public", "gerort": "", "entschDatum": "20100609", "coverage": "Deutschland", "titel": "\n      <dl class=\"RspDL\">\n         <dt/>\n         <dd>\n            <p>Hauptverhandlung in Strafsachen. Urteilsberatung nach Wiedereintritt in die Verhandlung</p>\n         </dd>\n      </dl>\n   ", "ecli": "", "identifier": "http://www.rechtsprechung-im-internet.de/jportal/?quelle=jlink&docid=JURE100066303&psml=bsjrsprod.psml&max=true", "spruchkoerper": "1. Strafsenat", "vorinstanz": "vorgehend LG Stuttgart, 8. Dezember 2009, Az: 1 Ks 112 Js 9400/09, Urteil\n   ", "doknr": "JURE100066303", "abweichendeMeinung": "", "tenor": "\n      <div>\n         <dl class=\"RspDL\">\n            <dt/>\n            <dd>\n               <p>Die Revision des Angeklagten gegen das Urteil des Landgerichts Stuttgart vom 8. Dezember 2009 wird als unbegr\u00fcndet verworfen.</p>\n            </dd>\n         </dl>\n         <dl class=\"RspDL\">\n            <dt/>\n            <dd>\n               <p/>\n            </dd>\n         </dl>\n         <dl class=\"RspDL\">\n            <dt/>\n            <dd>\n               <p>Der Beschwerdef\u00fchrer hat die Kosten des Rechtsmittels und die den Nebenkl\u00e4gern im Revisionsverfahren entstandenen notwendigen Auslagen zu tragen.</p>\n            </dd>\n         </dl>\n         <dl class=\"RspDL\">\n            <dt/>\n            <dd>\n               <p/>\n            </dd>\n         </dl>\n      </div>\n   ", "regionAbk": "DEU"}