{"publisher": "BMJV", "tatbestand": "", "absaetze": [{"num": "1", "textProcessed": ["landgericht", "angeklagt", "subventionsbetrug", "untreu", "vier", "fall", "gesamtfreiheitsstraf", "jahr", "acht", "monat", "verurteilt", "vollstreck", "bewahr", "ausgesetzt", "revision", "angeklagt", "tenor", "ersicht", "umfang", "erfolg", "ubrig", "unbegrundet", "sinn", "abs", "stpo"], "text": "Das Landgericht hat den Angeklagten wegen Subventionsbetrugs und Untreue in vier F\u00e4llen zu einer Gesamtfreiheitsstrafe von einem Jahr und acht Monaten verurteilt und deren Vollstreckung zur Bew\u00e4hrung ausgesetzt. Die Revision des Angeklagten hat in dem aus dem Tenor ersichtlichen Umfang Erfolg; im \u00dcbrigen ist sie unbegr\u00fcndet im Sinne des \u00a7 349 Abs. 2 StPO."}, {"num": "2", "textProcessed": ["verurteil", "untreu", "fall", "urteilsgrund", "halt", "rechtlich", "uberpruf", "stand"], "text": "Die Verurteilung wegen Untreue im Fall 5 der Urteilsgr\u00fcnde h\u00e4lt rechtlicher \u00dcberpr\u00fcfung nicht stand."}, {"num": "3", "textProcessed": ["feststell", "landgericht", "angeklagt", "vorstand", "ag", "rechtsvorgang", "gunst", "abgeschloss", "lebensversicher", "ubertrag", "konto", "ehefrau", "auszahl", "lass", "auffass", "landgericht", "stand", "versicherungsleist", "bezugsberechtigt", "versicherungsnehm", "jedoch", "ag", "rahm", "umwandl", "aktiengesellschaft", "sei", "lebensversicher", "laut", "neu", "anstellungsvertrag", "angeklagt", "aktiengesellschaft", "weitergefuhrt", "word"], "text": "1. Nach den Feststellungen des Landgerichts hat der Angeklagte als Vorstand der T. AG die von deren Rechtsvorg\u00e4ngern zu seinen Gunsten abgeschlossene Lebensversicherung bei der A. L. auf sich \u00fcbertragen und auf das Konto seiner Ehefrau auszahlen lassen (184.151,94 \u20ac). Nach Auffassung des Landgerichts stand ihm diese Versicherungsleistung nicht zu, weil er zwar Bezugsberechtigter, Versicherungsnehmer jedoch die T. AG war. Im Rahmen der Umwandlung der T. in eine Aktiengesellschaft sei die Lebensversicherung laut neuem Anstellungsvertrag zwischen dem Angeklagten und der Aktiengesellschaft nicht weitergef\u00fchrt worden."}, {"num": "4", "textProcessed": ["bewert", "landgericht", "erweist", "luckenhaft", "trifft", "dass", "angeklagt", "eig", "personalangeleg", "vertretungsbefugt", "mitwirk", "insoweit", "zustand", "aufsichtsrat", "bedurft", "hatt", "aktg", "landgericht", "hatt", "jedoch", "erwag", "zeitpunkt", "umwandl", "bereit", "entstand", "kapitalwert", "versicher", "schon", "vermog", "angeklagt", "zuzurechn", "bestund", "namlich", "anspruch", "angeklagt", "ubertrag", "kapitalwert", "lebensversicher", "ag", "nachteil", "eingetret", "vgl", "bghr", "stgb", "abs", "nachteil", "hierfur", "sprech", "dass", "sowohl", "sachverstand", "zeugin", "sch", "wirtschaftspruf", "zeug", "bestatigt", "prami", "steu", "bilanziell", "last", "gehaltskontos", "angeklagt", "verrechnet", "wurd", "angeklagt", "leistung", "vergutungsbestandteil", "versteuert", "legt", "nah", "dass", "angeklagt", "jedenfall", "innenverhaltnis", "gegenub", "versicherungsnehmerin", "angespart", "kapitalwert", "versicher", "hatt", "herausverlang"], "text": "2. Diese Bewertung des Landgerichts erweist sich als l\u00fcckenhaft. Zwar trifft zu, dass der Angeklagte in seinen eigenen Personalangelegenheiten nicht vertretungsbefugt war, sondern es einer Mitwirkung des insoweit zust\u00e4ndigen Aufsichtsrats bedurft h\u00e4tte (\u00a7 112 AktG). Das Landgericht h\u00e4tte jedoch erw\u00e4gen m\u00fcssen, ob der zum Zeitpunkt der Umwandlung bereits entstandene Kapitalwert der Versicherung schon dem Verm\u00f6gen des Angeklagten zuzurechnen war. Best\u00fcnde n\u00e4mlich ein Anspruch des Angeklagten auf \u00dcbertragung des Kapitalwerts der Lebensversicherung, w\u00e4re bei der T. AG kein Nachteil eingetreten (vgl. BGHR StGB \u00a7 266 Abs. 1 Nachteil 55). Hierf\u00fcr k\u00f6nnte sprechen, dass \u2013 was sowohl die sachverst\u00e4ndige Zeugin Sch. als auch der Wirtschaftspr\u00fcfer B. als Zeuge best\u00e4tigten \u2013 die Pr\u00e4mien steuerlich und bilanziell zu Lasten des Gehaltskontos des Angeklagten verrechnet wurden und der Angeklagte diese Leistungen (als Verg\u00fctungsbestandteil) auch versteuerte. Dies legt nahe, dass der Angeklagte jedenfalls im Innenverh\u00e4ltnis gegen\u00fcber der T. als Versicherungsnehmerin den von ihm angesparten Kapitalwert der Versicherung h\u00e4tte herausverlangen k\u00f6nnen."}, {"num": "5", "textProcessed": ["genannt", "umstand", "hatt", "jedenfall", "blick", "subjektiv", "tatbestand", "untreu", "stgb", "landgericht", "erortert", "zuordnung", "wert", "vermog", "angeklagt", "spricht", "entgeg", "auffass", "landgericht", "zwangslauf", "dass", "versicherungsleist", "list", "weitergefuhrt", "versicherungsverhaltnis", "erscheint", "ausdruck", "abschliess", "bezeichnet", "denkbar", "vielmehr", "dass", "versicher", "weitergefuhrt", "bislang", "angespart", "kapitalwert", "angeklagt", "andererseit", "entzog", "verstandnis", "rechtslag", "sprech", "dass", "wed", "spat", "insolvenzverwalt", "ruckgewinnungshilf", "sichergestellt", "versicherungsleist", "anspruch", "genomm"], "text": "Die genannten Umst\u00e4nde h\u00e4tten jedenfalls \u2013 auch im Blick auf den subjektiven Tatbestand der Untreue nach \u00a7 266 StGB \u2013 vom Landgericht er\u00f6rtert werden m\u00fcssen. Gegen eine Zuordnung dieses Werts zum Verm\u00f6gen des Angeklagten spricht \u2013 entgegen der Auffassung des Landgerichts \u2013 nicht zwangsl\u00e4ufig, dass die Versicherungsleistung nicht in der Liste der weitergef\u00fchrten Versicherungsverh\u00e4ltnisse erscheint, die ausdr\u00fccklich als abschlie\u00dfend bezeichnet ist. Denkbar ist vielmehr, dass die Versicherung nicht weitergef\u00fchrt, aber der bislang angesparte Kapitalwert dem Angeklagten andererseits auch nicht entzogen werden sollte. F\u00fcr ein solches Verst\u00e4ndnis der Rechtslage k\u00f6nnte sprechen, dass weder die T. noch sp\u00e4ter der Insolvenzverwalter die im Wege der R\u00fcckgewinnungshilfe sichergestellte Versicherungsleistung in Anspruch genommen hat."}, {"num": "6", "textProcessed": ["mangel", "fuhrt", "aufheb", "verurteil", "zugleich", "aufheb", "angeordnet", "wertersatzverfall", "ausschliess", "tat", "bezieht", "insoweit", "entscheid", "stpo", "einziehungsbeteiligt", "erstreck", "hierfur", "zustimm", "erklart", "gesamtstraf", "zugrund", "liegend", "feststell", "ebenso", "ubrig", "straf", "aufrechterhalt", "beid", "ersicht", "verurteil", "aufgehob", "fall", "unbeeinflusst", "aufrechterhalt", "bleibt", "angeklagt", "bislang", "erfolgt", "rechtsstaatswidr", "verfahrensverzoger", "zugebilligt", "kompensation", "anrechn", "sech", "monat", "rechtsfehl", "nachteil", "angeklagt", "enthalt"], "text": "Dieser Mangel f\u00fchrt zur Aufhebung der Verurteilung und zugleich zur Aufhebung des angeordneten Wertersatzverfalls, der sich ausschlie\u00dflich auf diese Tat bezieht; insoweit war die Entscheidung nach \u00a7 357 StPO auf die Einziehungsbeteiligte zu erstrecken, die hierf\u00fcr ihre Zustimmung erkl\u00e4rt hat. Die der Gesamtstrafe zugrunde liegenden Feststellungen k\u00f6nnen ebenso wie die \u00fcbrigen Strafen aufrechterhalten werden, weil beides ersichtlich von der Verurteilung in dem aufgehobenen Fall unbeeinflusst ist. Aufrechterhalten bleibt auch die dem Angeklagten f\u00fcr bislang erfolgte rechtsstaatswidrige Verfahrensverz\u00f6gerung zugebilligte Kompensation (Anrechnung von sechs Monaten), die keinen Rechtsfehler zum Nachteil des Angeklagten enth\u00e4lt."}], "norm": ["\u00a7 266 StGB"], "doktyp": "Beschluss", "regionLong": "Bundesrepublik Deutschland", "sonstlt": "", "gruendeProcessed": ["landgericht", "angeklagt", "subventionsbetrug", "untreu", "vier", "fall", "gesamtfreiheitsstraf", "jahr", "acht", "monat", "verurteilt", "vollstreck", "bewahr", "ausgesetzt", "revision", "angeklagt", "tenor", "ersicht", "umfang", "erfolg", "ubrig", "unbegrundet", "sinn", "abs", "stpo", "verurteil", "untreu", "fall", "urteilsgrund", "halt", "rechtlich", "uberpruf", "stand", "feststell", "landgericht", "angeklagt", "vorstand", "ag", "rechtsvorgang", "gunst", "abgeschloss", "lebensversicher", "ubertrag", "konto", "ehefrau", "auszahl", "lass", "auffass", "landgericht", "stand", "versicherungsleist", "bezugsberechtigt", "versicherungsnehm", "jedoch", "ag", "rahm", "umwandl", "aktiengesellschaft", "sei", "lebensversicher", "laut", "neu", "anstellungsvertrag", "angeklagt", "aktiengesellschaft", "weitergefuhrt", "word", "bewert", "landgericht", "erweist", "luckenhaft", "trifft", "dass", "angeklagt", "eig", "personalangeleg", "vertretungsbefugt", "mitwirk", "insoweit", "zustand", "aufsichtsrat", "bedurft", "hatt", "aktg", "landgericht", "hatt", "jedoch", "erwag", "zeitpunkt", "umwandl", "bereit", "entstand", "kapitalwert", "versicher", "schon", "vermog", "angeklagt", "zuzurechn", "bestund", "namlich", "anspruch", "angeklagt", "ubertrag", "kapitalwert", "lebensversicher", "ag", "nachteil", "eingetret", "vgl", "bghr", "stgb", "abs", "nachteil", "hierfur", "sprech", "dass", "sowohl", "sachverstand", "zeugin", "sch", "wirtschaftspruf", "zeug", "bestatigt", "prami", "steu", "bilanziell", "last", "gehaltskontos", "angeklagt", "verrechnet", "wurd", "angeklagt", "leistung", "vergutungsbestandteil", "versteuert", "legt", "nah", "dass", "angeklagt", "jedenfall", "innenverhaltnis", "gegenub", "versicherungsnehmerin", "angespart", "kapitalwert", "versicher", "hatt", "herausverlang", "genannt", "umstand", "hatt", "jedenfall", "blick", "subjektiv", "tatbestand", "untreu", "stgb", "landgericht", "erortert", "zuordnung", "wert", "vermog", "angeklagt", "spricht", "entgeg", "auffass", "landgericht", "zwangslauf", "dass", "versicherungsleist", "list", "weitergefuhrt", "versicherungsverhaltnis", "erscheint", "ausdruck", "abschliess", "bezeichnet", "denkbar", "vielmehr", "dass", "versicher", "weitergefuhrt", "bislang", "angespart", "kapitalwert", "angeklagt", "andererseit", "entzog", "verstandnis", "rechtslag", "sprech", "dass", "wed", "spat", "insolvenzverwalt", "ruckgewinnungshilf", "sichergestellt", "versicherungsleist", "anspruch", "genomm", "ii", "mangel", "fuhrt", "aufheb", "verurteil", "zugleich", "aufheb", "angeordnet", "wertersatzverfall", "ausschliess", "tat", "bezieht", "insoweit", "entscheid", "stpo", "einziehungsbeteiligt", "erstreck", "hierfur", "zustimm", "erklart", "gesamtstraf", "zugrund", "liegend", "feststell", "ebenso", "ubrig", "straf", "aufrechterhalt", "beid", "ersicht", "verurteil", "aufgehob", "fall", "unbeeinflusst", "aufrechterhalt", "bleibt", "angeklagt", "bislang", "erfolgt", "rechtsstaatswidr", "verfahrensverzoger", "zugebilligt", "kompensation", "anrechn", "sech", "monat", "rechtsfehl", "nachteil", "angeklagt", "enthalt", "basdorf", "raum", "schaal", "konig", "bellay"], "mitwirkung": "", "aktenzeichen": "5 StR 72/10", "language": "deutsch", "gertyp": "BGH", "leitsatz": "", "gruende": "\n      <div>\n         <dl class=\"RspDL\">\n            <dt>\n               <a name=\"rd_1\">1</a>\n            </dt>\n            <dd>\n               <p>Das Landgericht hat den Angeklagten wegen Subventionsbetrugs und Untreue in vier F\u00e4llen zu einer Gesamtfreiheitsstrafe von einem Jahr und acht Monaten verurteilt und deren Vollstreckung zur Bew\u00e4hrung ausgesetzt. Die Revision des Angeklagten hat in dem aus dem Tenor ersichtlichen Umfang Erfolg; im \u00dcbrigen ist sie unbegr\u00fcndet im Sinne des \u00a7 349 Abs. 2 StPO.</p>\n            </dd>\n         </dl>\n         <dl class=\"RspDL\">\n            <dt/>\n            <dd>\n               <p/>\n            </dd>\n         </dl>\n         <dl class=\"RspDL\">\n            <dt/>\n            <dd>\n               <p style=\"margin-left:90pt\">I.</p>\n            </dd>\n         </dl>\n         <dl class=\"RspDL\">\n            <dt/>\n            <dd>\n               <p/>\n            </dd>\n         </dl>\n         <dl class=\"RspDL\">\n            <dt>\n               <a name=\"rd_2\">2</a>\n            </dt>\n            <dd>\n               <p>Die Verurteilung wegen Untreue im Fall 5 der Urteilsgr\u00fcnde h\u00e4lt rechtlicher \u00dcberpr\u00fcfung nicht stand.</p>\n            </dd>\n         </dl>\n         <dl class=\"RspDL\">\n            <dt/>\n            <dd>\n               <p/>\n            </dd>\n         </dl>\n         <dl class=\"RspDL\">\n            <dt>\n               <a name=\"rd_3\">3</a>\n            </dt>\n            <dd>\n               <p>1. Nach den Feststellungen des Landgerichts hat der Angeklagte als Vorstand der T. AG die von deren Rechtsvorg\u00e4ngern zu seinen Gunsten abgeschlossene Lebensversicherung bei der A. L. auf sich \u00fcbertragen und auf das Konto seiner Ehefrau auszahlen lassen (184.151,94 \u20ac). Nach Auffassung des Landgerichts stand ihm diese Versicherungsleistung nicht zu, weil er zwar Bezugsberechtigter, Versicherungsnehmer jedoch die T. AG war. Im Rahmen der Umwandlung der T. in eine Aktiengesellschaft sei die Lebensversicherung laut neuem Anstellungsvertrag zwischen dem Angeklagten und der Aktiengesellschaft nicht weitergef\u00fchrt worden.</p>\n            </dd>\n         </dl>\n         <dl class=\"RspDL\">\n            <dt/>\n            <dd>\n               <p/>\n            </dd>\n         </dl>\n         <dl class=\"RspDL\">\n            <dt>\n               <a name=\"rd_4\">4</a>\n            </dt>\n            <dd>\n               <p>2. Diese Bewertung des Landgerichts erweist sich als l\u00fcckenhaft. Zwar trifft zu, dass der Angeklagte in seinen eigenen Personalangelegenheiten nicht vertretungsbefugt war, sondern es einer Mitwirkung des insoweit zust\u00e4ndigen Aufsichtsrats bedurft h\u00e4tte (\u00a7 112 AktG). Das Landgericht h\u00e4tte jedoch erw\u00e4gen m\u00fcssen, ob der zum Zeitpunkt der Umwandlung bereits entstandene Kapitalwert der Versicherung schon dem Verm\u00f6gen des Angeklagten zuzurechnen war. Best\u00fcnde n\u00e4mlich ein Anspruch des Angeklagten auf \u00dcbertragung des Kapitalwerts der Lebensversicherung, w\u00e4re bei der T. AG kein Nachteil eingetreten (vgl. BGHR StGB \u00a7 266 Abs. 1 Nachteil 55). Hierf\u00fcr k\u00f6nnte sprechen, dass \u2013 was sowohl die sachverst\u00e4ndige Zeugin Sch. als auch der Wirtschaftspr\u00fcfer B. als Zeuge best\u00e4tigten \u2013 die Pr\u00e4mien steuerlich und bilanziell zu Lasten des Gehaltskontos des Angeklagten verrechnet wurden und der Angeklagte diese Leistungen (als Verg\u00fctungsbestandteil) auch versteuerte. Dies legt nahe, dass der Angeklagte jedenfalls im Innenverh\u00e4ltnis gegen\u00fcber der T. als Versicherungsnehmerin den von ihm angesparten Kapitalwert der Versicherung h\u00e4tte herausverlangen k\u00f6nnen.</p>\n            </dd>\n         </dl>\n         <dl class=\"RspDL\">\n            <dt/>\n            <dd>\n               <p/>\n            </dd>\n         </dl>\n         <dl class=\"RspDL\">\n            <dt>\n               <a name=\"rd_5\">5</a>\n            </dt>\n            <dd>\n               <p>Die genannten Umst\u00e4nde h\u00e4tten jedenfalls \u2013 auch im Blick auf den subjektiven Tatbestand der Untreue nach \u00a7 266 StGB \u2013 vom Landgericht er\u00f6rtert werden m\u00fcssen. Gegen eine Zuordnung dieses Werts zum Verm\u00f6gen des Angeklagten spricht \u2013 entgegen der Auffassung des Landgerichts \u2013 nicht zwangsl\u00e4ufig, dass die Versicherungsleistung nicht in der Liste der weitergef\u00fchrten Versicherungsverh\u00e4ltnisse erscheint, die ausdr\u00fccklich als abschlie\u00dfend bezeichnet ist. Denkbar ist vielmehr, dass die Versicherung nicht weitergef\u00fchrt, aber der bislang angesparte Kapitalwert dem Angeklagten andererseits auch nicht entzogen werden sollte. F\u00fcr ein solches Verst\u00e4ndnis der Rechtslage k\u00f6nnte sprechen, dass weder die T. noch sp\u00e4ter der Insolvenzverwalter die im Wege der R\u00fcckgewinnungshilfe sichergestellte Versicherungsleistung in Anspruch genommen hat.</p>\n            </dd>\n         </dl>\n         <dl class=\"RspDL\">\n            <dt/>\n            <dd>\n               <p/>\n            </dd>\n         </dl>\n         <dl class=\"RspDL\">\n            <dt/>\n            <dd>\n               <p style=\"margin-left:90pt\">II.</p>\n            </dd>\n         </dl>\n         <dl class=\"RspDL\">\n            <dt/>\n            <dd>\n               <p/>\n            </dd>\n         </dl>\n         <dl class=\"RspDL\">\n            <dt>\n               <a name=\"rd_6\">6</a>\n            </dt>\n            <dd>\n               <p>Dieser Mangel f\u00fchrt zur Aufhebung der Verurteilung und zugleich zur Aufhebung des angeordneten Wertersatzverfalls, der sich ausschlie\u00dflich auf diese Tat bezieht; insoweit war die Entscheidung nach \u00a7 357 StPO auf die Einziehungsbeteiligte zu erstrecken, die hierf\u00fcr ihre Zustimmung erkl\u00e4rt hat. Die der Gesamtstrafe zugrunde liegenden Feststellungen k\u00f6nnen ebenso wie die \u00fcbrigen Strafen aufrechterhalten werden, weil beides ersichtlich von der Verurteilung in dem aufgehobenen Fall unbeeinflusst ist. Aufrechterhalten bleibt auch die dem Angeklagten f\u00fcr bislang erfolgte rechtsstaatswidrige Verfahrensverz\u00f6gerung zugebilligte Kompensation (Anrechnung von sechs Monaten), die keinen Rechtsfehler zum Nachteil des Angeklagten enth\u00e4lt.</p>\n            </dd>\n         </dl>\n         <dl class=\"RspDL\">\n            <dt/>\n            <dd>\n               <p/>\n            </dd>\n         </dl>\n         <dl class=\"RspDL\">\n            <dt/>\n            <dd>\n               <p style=\"text-align:left\">Basdorf\u00a0\u00a0\u00a0\u00a0\u00a0\u00a0\u00a0\u00a0\u00a0\u00a0\u00a0\u00a0\u00a0\u00a0\u00a0\u00a0\u00a0\u00a0\u00a0\u00a0\u00a0\u00a0\u00a0\u00a0\u00a0\u00a0\u00a0\u00a0\u00a0\u00a0\u00a0\u00a0\u00a0\u00a0\u00a0\u00a0\u00a0\u00a0\u00a0\u00a0Raum\u00a0\u00a0\u00a0\u00a0\u00a0\u00a0\u00a0\u00a0\u00a0\u00a0\u00a0\u00a0\u00a0\u00a0\u00a0\u00a0\u00a0\u00a0\u00a0\u00a0\u00a0\u00a0\u00a0\u00a0\u00a0\u00a0\u00a0\u00a0\u00a0\u00a0\u00a0\u00a0\u00a0\u00a0\u00a0\u00a0\u00a0Schaal</p>\n            </dd>\n         </dl>\n         <dl class=\"RspDL\">\n            <dt/>\n            <dd>\n               <p style=\"text-align:left\">\u00a0\u00a0\u00a0\u00a0\u00a0\u00a0\u00a0\u00a0\u00a0\u00a0\u00a0\u00a0\u00a0\u00a0\u00a0\u00a0\u00a0\u00a0\u00a0\u00a0\u00a0\u00a0\u00a0\u00a0\u00a0K\u00f6nig\u00a0\u00a0\u00a0\u00a0\u00a0\u00a0\u00a0\u00a0\u00a0\u00a0\u00a0\u00a0\u00a0\u00a0\u00a0\u00a0\u00a0\u00a0\u00a0\u00a0\u00a0\u00a0\u00a0\u00a0\u00a0\u00a0\u00a0\u00a0\u00a0\u00a0\u00a0\u00a0\u00a0\u00a0\u00a0\u00a0\u00a0\u00a0\u00a0Bellay</p>\n            </dd>\n         </dl>\n         <dl class=\"RspDL\">\n            <dt/>\n            <dd>\n               <p/>\n            </dd>\n         </dl>\n      </div>\n   ", "accessRights": "public", "gerort": "", "entschDatum": "20100414", "coverage": "Deutschland", "titel": "\n      <dl class=\"RspDL\">\n         <dt/>\n         <dd>\n            <p>Strafbare Untreue: Verm\u00f6gensnachteil f\u00fcr die Aktiengesellschaft bei \u00dcbertragung einer Lebensversicherung auf ein Vorstandsmitglied</p>\n         </dd>\n      </dl>\n   ", "ecli": "", "identifier": "http://www.rechtsprechung-im-internet.de/jportal/?quelle=jlink&docid=JURE100061716&psml=bsjrsprod.psml&max=true", "spruchkoerper": "5. Strafsenat", "vorinstanz": "vorgehend LG Berlin, 8. Mai 2009, Az: (523/514) 5 Wi Js 176/00 KLs (7/04), Urteil\n   ", "doknr": "JURE100061716", "abweichendeMeinung": "", "tenor": "\n      <div>\n         <dl class=\"RspDL\">\n            <dt/>\n            <dd>\n               <p>1. Auf die Revision des Angeklagten wird das Urteil des Landgerichts Berlin vom 8. Mai 2009 nach \u00a7 349 Abs. 4 StPO aufgehoben</p>\n            </dd>\n         </dl>\n         <dl class=\"RspDL\">\n            <dt/>\n            <dd>\n               <p/>\n            </dd>\n         </dl>\n         <dl class=\"RspDL\">\n            <dt/>\n            <dd>\n               <p style=\"margin-left:36pt\">a) mit den zugeh\u00f6rigen Feststellungen, soweit der Angeklagte im Fall 5 der Urteilsgr\u00fcnde (Untreue hinsichtlich der Versicherung bei der A. L.) verurteilt worden ist, einschlie\u00dflich \u2013 gem\u00e4\u00df \u00a7 357 StPO \u2013 die Anordnung des Verfalls gegen\u00fcber der Einziehungsbeteiligten S. T. ,</p>\n            </dd>\n         </dl>\n         <dl class=\"RspDL\">\n            <dt/>\n            <dd>\n               <p style=\"margin-left:36pt\"/>\n            </dd>\n         </dl>\n         <dl class=\"RspDL\">\n            <dt/>\n            <dd>\n               <p style=\"margin-left:36pt\">b) im Ausspruch \u00fcber die Gesamtstrafe.</p>\n            </dd>\n         </dl>\n         <dl class=\"RspDL\">\n            <dt/>\n            <dd>\n               <p/>\n            </dd>\n         </dl>\n         <dl class=\"RspDL\">\n            <dt/>\n            <dd>\n               <p>2. Die weitergehende Revision wird nach \u00a7 349 Abs. 2 StPO als unbegr\u00fcndet verworfen.</p>\n            </dd>\n         </dl>\n         <dl class=\"RspDL\">\n            <dt/>\n            <dd>\n               <p/>\n            </dd>\n         </dl>\n         <dl class=\"RspDL\">\n            <dt/>\n            <dd>\n               <p>3. Im Umfang der Aufhebung wird die Sache zu neuer Verhandlung und Entscheidung, auch \u00fcber die Kosten des Rechtsmittels, an eine andere Wirtschaftsstrafkammer des Landgerichts zur\u00fcckverwiesen.</p>\n            </dd>\n         </dl>\n         <dl class=\"RspDL\">\n            <dt/>\n            <dd>\n               <p/>\n            </dd>\n         </dl>\n      </div>\n   ", "regionAbk": "DEU"}